state,p_marked,error,gate_count,depth
111,0.556640625,0.443359375,202,118
