state,p_marked,error,gate_count,depth
101,0.6337890625,0.3662109375,33,17
