state,p_marked,error,gate_count,depth
101,0.4423828125,0.5576171875,42,20
