state,p_marked,error,gate_count,depth
101,0.5830078125,0.4169921875,32,17
