state,p_marked,error,gate_count,depth
101,0.5498046875,0.4501953125,35,20
