state,p_marked,error,gate_count,depth
101,0.7158203125,0.2841796875,63,41
