state,p_marked,error,gate_count,depth
101,0.9716796875,0.0283203125,42,21
