state,p_marked,error,gate_count,depth
101,0.5322265625,0.4677734375,48,26
