state,p_marked,error,gate_count,depth
101,0.8623046875,0.1376953125,25,11
