state,p_marked,error,gate_count,depth
101,0.4990234375,0.5009765625,26,12
