state,p_marked,error,gate_count,depth
101,0.2294921875,0.7705078125,26,14
