state,p_marked,error,gate_count,depth
101,0.5126953125,0.4873046875,37,22
