state,p_marked,error,gate_count,depth
101,0.2119140625,0.7880859375,84,52
