state,p_marked,error,gate_count,depth
101,0.1865234375,0.8134765625,25,13
