state,p_marked,error,gate_count,depth
101,0.3095703125,0.6904296875,47,24
