state,p_marked,error,gate_count,depth
101,0.0244140625,0.9755859375,43,23
