state,p_marked,error,gate_count,depth
101,0.0732421875,0.9267578125,32,17
