state,p_marked,error,gate_count,depth
101,0.4560546875,0.5439453125,28,14
