state,p_marked,error,gate_count,depth
101,0.3740234375,0.6259765625,41,21
