state,p_marked,error,gate_count,depth
101,0.2509765625,0.7490234375,49,28
