state,p_marked,error,gate_count,depth
101,0.3994140625,0.6005859375,25,12
