state,p_marked,error,gate_count,depth
101,0.3369140625,0.6630859375,42,20
