state,p_marked,error,gate_count,depth
101,0.0751953125,0.9248046875,34,19
