state,p_marked,error,gate_count,depth
101,0.9365234375,0.0634765625,42,20
