state,p_marked,error,gate_count,depth
101,0.7255859375,0.2744140625,43,20
