state,p_marked,error,gate_count,depth
101,0.1455078125,0.8544921875,23,11
