state,p_marked,error,gate_count,depth
101,0.4853515625,0.5146484375,50,25
