state,p_marked,error,gate_count,depth
101,0.3408203125,0.6591796875,57,28
