state,p_marked,error,gate_count,depth
101,0.1572265625,0.8427734375,67,34
