state,p_marked,error,gate_count,depth
101,0.2783203125,0.7216796875,35,18
