state,p_marked,error,gate_count,depth
101,0.3447265625,0.6552734375,24,11
