state,p_marked,error,gate_count,depth
101,0.1396484375,0.8603515625,28,15
