state,p_marked,error,gate_count,depth
101,0.4619140625,0.5380859375,30,16
