state,p_marked,error,gate_count,depth
101,0.7236328125,0.2763671875,63,41
