state,p_marked,error,gate_count,depth
101,0.1005859375,0.8994140625,31,16
