state,p_marked,error,gate_count,depth
101,0.4345703125,0.5654296875,57,38
