state,p_marked,error,gate_count,depth
101,0.9482421875,0.0517578125,41,20
