state,p_marked,error,gate_count,depth
101,0.5439453125,0.4560546875,41,21
