state,p_marked,error,gate_count,depth
101,0.1591796875,0.8408203125,102,52
