state,p_marked,error,gate_count,depth
101,0.9501953125,0.0498046875,43,22
