state,p_marked,error,gate_count,depth
101,0.6376953125,0.3623046875,30,14
