state,p_marked,error,gate_count,depth
101,0.5537109375,0.4462890625,32,17
