state,p_marked,error,gate_count,depth
101,0.4716796875,0.5283203125,27,13
