state,p_marked,error,gate_count,depth
101,0.6123046875,0.3876953125,30,15
