state,p_marked,error,gate_count,depth
101,0.6357421875,0.3642578125,27,14
