state,p_marked,error,gate_count,depth
101,0.5068359375,0.4931640625,30,16
