state,p_marked,error,gate_count,depth
101,0.1142578125,0.8857421875,47,25
