state,p_marked,error,gate_count,depth
101,0.1279296875,0.8720703125,69,37
