state,p_marked,error,gate_count,depth
101,0.8564453125,0.1435546875,69,34
