state,p_marked,error,gate_count,depth
010,0.6220703125,0.3779296875,30,14
