state,p_marked,error,gate_count,depth
010,0.3525390625,0.6474609375,35,18
