state,p_marked,error,gate_count,depth
010,0.3095703125,0.6904296875,33,16
