state,p_marked,error,gate_count,depth
010,0.2607421875,0.7392578125,27,12
