state,p_marked,error,gate_count,depth
010,0.0576171875,0.9423828125,33,18
