state,p_marked,error,gate_count,depth
010,0.9541015625,0.0458984375,61,37
