state,p_marked,error,gate_count,depth
010,0.0517578125,0.9482421875,28,14
