state,p_marked,error,gate_count,depth
010,0.6396484375,0.3603515625,30,14
