state,p_marked,error,gate_count,depth
010,0.6064453125,0.3935546875,28,12
