state,p_marked,error,gate_count,depth
010,0.3017578125,0.6982421875,38,22
