state,p_marked,error,gate_count,depth
010,0.2255859375,0.7744140625,26,14
