state,p_marked,error,gate_count,depth
010,0.4052734375,0.5947265625,29,14
