state,p_marked,error,gate_count,depth
010,0.5126953125,0.4873046875,32,15
