state,p_marked,error,gate_count,depth
010,0.0244140625,0.9755859375,34,18
