state,p_marked,error,gate_count,depth
010,0.6552734375,0.3447265625,27,12
