state,p_marked,error,gate_count,depth
010,0.2275390625,0.7724609375,30,17
