state,p_marked,error,gate_count,depth
010,0.2099609375,0.7900390625,30,15
