state,p_marked,error,gate_count,depth
010,0.7353515625,0.2646484375,28,13
