state,p_marked,error,gate_count,depth
010,0.0107421875,0.9892578125,25,11
