state,p_marked,error,gate_count,depth
010,0.9091796875,0.0908203125,27,13
