state,p_marked,error,gate_count,depth
010,0.5810546875,0.4189453125,30,14
