state,p_marked,error,gate_count,depth
010,0.9072265625,0.0927734375,29,13
