state,p_marked,error,gate_count,depth
010,0.3564453125,0.6435546875,29,15
