state,p_marked,error,gate_count,depth
010,0.4716796875,0.5283203125,30,14
