state,p_marked,error,gate_count,depth
010,0.6630859375,0.3369140625,40,21
