state,p_marked,error,gate_count,depth
010,0.9580078125,0.0419921875,28,12
