state,p_marked,error,gate_count,depth
010,0.6787109375,0.3212890625,28,13
