state,p_marked,error,gate_count,depth
010,0.5634765625,0.4365234375,30,13
