state,p_marked,error,gate_count,depth
010,0.5986328125,0.4013671875,28,12
