state,p_marked,error,gate_count,depth
010,0.6279296875,0.3720703125,28,12
