state,p_marked,error,gate_count,depth
010,0.0888671875,0.9111328125,29,12
