state,p_marked,error,gate_count,depth
010,0.7177734375,0.2822265625,34,15
