state,p_marked,error,gate_count,depth
010,0.1416015625,0.8583984375,26,12
