state,p_marked,error,gate_count,depth
010,0.4775390625,0.5224609375,33,16
