state,p_marked,error,gate_count,depth
010,0.2119140625,0.7880859375,33,18
