state,p_marked,error,gate_count,depth
010,0.0341796875,0.9658203125,26,12
