state,p_marked,error,gate_count,depth
010,0.6533203125,0.3466796875,27,13
