state,p_marked,error,gate_count,depth
010,0.1708984375,0.8291015625,30,16
