state,p_marked,error,gate_count,depth
010,0.5927734375,0.4072265625,30,16
