state,p_marked,error,gate_count,depth
010,0.3662109375,0.6337890625,29,14
