state,p_marked,error,gate_count,depth
010,0.9599609375,0.0400390625,33,16
