state,p_marked,error,gate_count,depth
010,0.5947265625,0.4052734375,27,12
