state,p_marked,error,gate_count,depth
010,0.6181640625,0.3818359375,31,16
