state,p_marked,error,gate_count,depth
010,0.5673828125,0.4326171875,34,17
