state,p_marked,error,gate_count,depth
010,0.4287109375,0.5712890625,42,24
