state,p_marked,error,gate_count,depth
010,0.8037109375,0.1962890625,29,15
