state,p_marked,error,gate_count,depth
010,0.9365234375,0.0634765625,31,16
