state,p_marked,error,gate_count,depth
010,0.4130859375,0.5869140625,27,13
