state,p_marked,error,gate_count,depth
010,0.6767578125,0.3232421875,27,12
