state,p_marked,error,gate_count,depth
010,0.8330078125,0.1669921875,29,16
