state,p_marked,error,gate_count,depth
010,0.6748046875,0.3251953125,31,18
