state,p_marked,error,gate_count,depth
010,0.1767578125,0.8232421875,33,18
