state,p_marked,error,gate_count,depth
010,0.3544921875,0.6455078125,28,14
