state,p_marked,error,gate_count,depth
010,0.2529296875,0.7470703125,27,11
