state,p_marked,error,gate_count,depth
010,0.5380859375,0.4619140625,27,14
