state,p_marked,error,gate_count,depth
010,0.6826171875,0.3173828125,55,35
