state,p_marked,error,gate_count,depth
000,0.8544921875,0.1455078125,32,15
