state,p_marked,error,gate_count,depth
000,0.4326171875,0.5673828125,32,15
