state,p_marked,error,gate_count,depth
000,0.6904296875,0.3095703125,32,17
