state,p_marked,error,gate_count,depth
000,0.5419921875,0.4580078125,32,16
