state,p_marked,error,gate_count,depth
000,0.2509765625,0.7490234375,32,19
