state,p_marked,error,gate_count,depth
000,0.4580078125,0.5419921875,27,13
