state,p_marked,error,gate_count,depth
000,0.0322265625,0.9677734375,49,25
