state,p_marked,error,gate_count,depth
000,0.4404296875,0.5595703125,43,24
