state,p_marked,error,gate_count,depth
000,0.8271484375,0.1728515625,26,11
