state,p_marked,error,gate_count,depth
000,0.1494140625,0.8505859375,36,19
