state,p_marked,error,gate_count,depth
000,0.0341796875,0.9658203125,62,31
