state,p_marked,error,gate_count,depth
000,0.5380859375,0.4619140625,24,10
