state,p_marked,error,gate_count,depth
000,0.0830078125,0.9169921875,43,26
