state,p_marked,error,gate_count,depth
000,0.5029296875,0.4970703125,43,25
