state,p_marked,error,gate_count,depth
000,0.0849609375,0.9150390625,92,46
