state,p_marked,error,gate_count,depth
000,0.3994140625,0.6005859375,34,18
