state,p_marked,error,gate_count,depth
000,0.9833984375,0.0166015625,43,25
