state,p_marked,error,gate_count,depth
000,0.1083984375,0.8916015625,83,45
