state,p_marked,error,gate_count,depth
000,0.5048828125,0.4951171875,27,13
