state,p_marked,error,gate_count,depth
000,0.9599609375,0.0400390625,29,14
