state,p_marked,error,gate_count,depth
000,0.2958984375,0.7041015625,106,54
