state,p_marked,error,gate_count,depth
000,0.7314453125,0.2685546875,53,33
