state,p_marked,error,gate_count,depth
000,0.8173828125,0.1826171875,46,28
