state,p_marked,error,gate_count,depth
000,0.3154296875,0.6845703125,59,40
