state,p_marked,error,gate_count,depth
000,0.1611328125,0.8388671875,24,11
