state,p_marked,error,gate_count,depth
000,0.3466796875,0.6533203125,71,45
