state,p_marked,error,gate_count,depth
000,0.6806640625,0.3193359375,32,16
