state,p_marked,error,gate_count,depth
000,0.9052734375,0.0947265625,29,12
