state,p_marked,error,gate_count,depth
000,0.3681640625,0.6318359375,37,19
