state,p_marked,error,gate_count,depth
000,0.6669921875,0.3330078125,30,16
