state,p_marked,error,gate_count,depth
000,0.5107421875,0.4892578125,27,15
