state,p_marked,error,gate_count,depth
000,0.5224609375,0.4775390625,32,16
