state,p_marked,error,gate_count,depth
000,0.8642578125,0.1357421875,27,11
