state,p_marked,error,gate_count,depth
000,0.4736328125,0.5263671875,26,12
