state,p_marked,error,gate_count,depth
000,0.7509765625,0.2490234375,45,27
