state,p_marked,error,gate_count,depth
000,0.8564453125,0.1435546875,84,54
