state,p_marked,error,gate_count,depth
000,0.3603515625,0.6396484375,31,15
