state,p_marked,error,gate_count,depth
000,0.9404296875,0.0595703125,28,14
