state,p_marked,error,gate_count,depth
000,0.5673828125,0.4326171875,26,13
