state,p_marked,error,gate_count,depth
000,0.4150390625,0.5849609375,32,14
