state,p_marked,error,gate_count,depth
000,0.1240234375,0.8759765625,50,25
