state,p_marked,error,gate_count,depth
000,0.2060546875,0.7939453125,28,14
