state,p_marked,error,gate_count,depth
000,0.6318359375,0.3681640625,28,13
