state,p_marked,error,gate_count,depth
110,0.7998046875,0.2001953125,35,22
