state,p_marked,error,gate_count,depth
110,0.3251953125,0.6748046875,67,37
