state,p_marked,error,gate_count,depth
110,0.4345703125,0.5654296875,30,18
