state,p_marked,error,gate_count,depth
110,0.3056640625,0.6943359375,40,24
