state,p_marked,error,gate_count,depth
110,0.8291015625,0.1708984375,32,18
