state,p_marked,error,gate_count,depth
110,0.2275390625,0.7724609375,79,49
