state,p_marked,error,gate_count,depth
110,0.6826171875,0.3173828125,31,18
