state,p_marked,error,gate_count,depth
110,0.3232421875,0.6767578125,35,22
