state,p_marked,error,gate_count,depth
110,0.2783203125,0.7216796875,26,13
