state,p_marked,error,gate_count,depth
110,0.7216796875,0.2783203125,30,16
