state,p_marked,error,gate_count,depth
110,0.8330078125,0.1669921875,36,23
