state,p_marked,error,gate_count,depth
110,0.7978515625,0.2021484375,31,18
