state,p_marked,error,gate_count,depth
110,0.1748046875,0.8251953125,49,25
