state,p_marked,error,gate_count,depth
110,0.0185546875,0.9814453125,142,77
