state,p_marked,error,gate_count,depth
110,0.5966796875,0.4033203125,32,20
