state,p_marked,error,gate_count,depth
110,0.2216796875,0.7783203125,25,11
