state,p_marked,error,gate_count,depth
110,0.2255859375,0.7744140625,27,14
