state,p_marked,error,gate_count,depth
110,0.4560546875,0.5439453125,31,19
