state,p_marked,error,gate_count,depth
110,0.3095703125,0.6904296875,25,11
