state,p_marked,error,gate_count,depth
110,0.7646484375,0.2353515625,27,12
