state,p_marked,error,gate_count,depth
110,0.7041015625,0.2958984375,31,18
