state,p_marked,error,gate_count,depth
110,0.7392578125,0.2607421875,31,18
