state,p_marked,error,gate_count,depth
110,0.0224609375,0.9775390625,30,18
