state,p_marked,error,gate_count,depth
110,0.3935546875,0.6064453125,33,19
