state,p_marked,error,gate_count,depth
110,0.4599609375,0.5400390625,33,18
