state,p_marked,error,gate_count,depth
110,0.6337890625,0.3662109375,40,26
