state,p_marked,error,gate_count,depth
110,0.6162109375,0.3837890625,41,28
