state,p_marked,error,gate_count,depth
110,0.5302734375,0.4697265625,30,15
