state,p_marked,error,gate_count,depth
110,0.8193359375,0.1806640625,32,19
