state,p_marked,error,gate_count,depth
110,0.6181640625,0.3818359375,29,16
