state,p_marked,error,gate_count,depth
110,0.2451171875,0.7548828125,104,55
