state,p_marked,error,gate_count,depth
110,0.3310546875,0.6689453125,30,16
