state,p_marked,error,gate_count,depth
110,0.033203125,0.966796875,174,118
