state,p_marked,error,gate_count,depth
110,0.3974609375,0.6025390625,31,18
