state,p_marked,error,gate_count,depth
110,0.7236328125,0.2763671875,32,19
