state,p_marked,error,gate_count,depth
110,0.2333984375,0.7666015625,24,11
