state,p_marked,error,gate_count,depth
110,0.3798828125,0.6201171875,30,16
