state,p_marked,error,gate_count,depth
110,0.1611328125,0.8388671875,27,13
