state,p_marked,error,gate_count,depth
110,0.4169921875,0.5830078125,29,17
