state,p_marked,error,gate_count,depth
110,0.0693359375,0.9306640625,64,41
