state,p_marked,error,gate_count,depth
110,0.0029296875,0.9970703125,35,20
