state,p_marked,error,gate_count,depth
110,0.7548828125,0.2451171875,30,17
