state,p_marked,error,gate_count,depth
110,0.2548828125,0.7451171875,51,29
