state,p_marked,error,gate_count,depth
110,0.4423828125,0.5576171875,29,17
