state,p_marked,error,gate_count,depth
110,0.0126953125,0.9873046875,49,26
