state,p_marked,error,gate_count,depth
110,0.1845703125,0.8154296875,70,40
