state,p_marked,error,gate_count,depth
110,0.6787109375,0.3212890625,50,29
