state,p_marked,error,gate_count,depth
110,0.4853515625,0.5146484375,33,20
