state,p_marked,error,gate_count,depth
110,0.0244140625,0.9755859375,33,18
