state,p_marked,error,gate_count,depth
110,0.7080078125,0.2919921875,31,18
