state,p_marked,error,gate_count,depth
110,0.1279296875,0.8720703125,57,40
