state,p_marked,error,gate_count,depth
110,0.8095703125,0.1904296875,33,20
