state,p_marked,error,gate_count,depth
110,0.8154296875,0.1845703125,35,22
