state,p_marked,error,gate_count,depth
110,0.8447265625,0.1552734375,31,17
