state,p_marked,error,gate_count,depth
110,0.6474609375,0.3525390625,32,18
