state,p_marked,error,gate_count,depth
110,0.0986328125,0.9013671875,41,27
