state,p_marked,error,gate_count,depth
110,0.4755859375,0.5244140625,35,21
