state,p_marked,error,gate_count,depth
110,0.2568359375,0.7431640625,142,78
