state,p_marked,error,gate_count,depth
110,0.7666015625,0.2333984375,32,19
