state,p_marked,error,gate_count,depth
110,0.4306640625,0.5693359375,30,17
