state,p_marked,error,gate_count,depth
110,0.5322265625,0.4677734375,31,18
