state,p_marked,error,gate_count,depth
000,0.478515625,0.521484375,33,17
001,0.45703125,0.54296875,31,15
010,0.53515625,0.46484375,31,17
011,0.48046875,0.51953125,29,15
