state,p_marked,error,gate_count,depth
000,0.0,1.0,61,31
001,0.5390625,0.4609375,57,27
010,0.0,1.0,57,31
011,0.5234375,0.4765625,53,27
