state,p_marked,error,gate_count,depth
000,0.140625,0.859375,24,11
001,0.134765625,0.865234375,24,11
010,0.10546875,0.89453125,24,11
011,0.11328125,0.88671875,24,11
