state,p_marked,error,gate_count,depth
000,0.107421875,0.892578125,40,20
001,0.095703125,0.904296875,40,20
010,0.126953125,0.873046875,40,20
011,0.111328125,0.888671875,40,20
