state,p_marked,error,gate_count,depth
000,0.568359375,0.431640625,34,17
001,0.529296875,0.470703125,32,15
010,0.5625,0.4375,32,17
011,0.58984375,0.41015625,30,15
