state,p_marked,error,gate_count,depth
000,0.13671875,0.86328125,42,22
001,0.125,0.875,34,14
010,0.1171875,0.8828125,34,22
011,0.14453125,0.85546875,26,14
