state,p_marked,error,gate_count,depth
000,0.0,1.0,77,39
001,0.0,1.0,69,31
010,0.474609375,0.525390625,69,39
011,0.474609375,0.525390625,61,31
