state,p_marked,error,gate_count,depth
000,0.53125,0.46875,41,21
001,0.5,0.5,37,17
010,0.5,0.5,37,21
011,0.548828125,0.451171875,33,17
