state,p_marked,error,gate_count,depth
000,0.09765625,0.90234375,33,16
001,0.099609375,0.900390625,31,14
010,0.125,0.875,31,16
011,0.130859375,0.869140625,29,14
