state,p_marked,error,gate_count,depth
000,0.544921875,0.455078125,33,16
001,0.572265625,0.427734375,31,14
010,0.580078125,0.419921875,31,16
011,0.60546875,0.39453125,29,14
