state,p_marked,error,gate_count,depth
000,0.123046875,0.876953125,33,15
001,0.12890625,0.87109375,31,13
010,0.091796875,0.908203125,31,15
011,0.125,0.875,29,13
