state,p_marked,error,gate_count,depth
000,0.4921875,0.5078125,33,17
001,0.51171875,0.48828125,31,15
010,0.47265625,0.52734375,31,17
011,0.494140625,0.505859375,29,15
