state,p_marked,error,gate_count,depth
000,0.01953125,0.98046875,69,34
001,0.01953125,0.98046875,67,32
010,0.103515625,0.896484375,67,34
011,0.013671875,0.986328125,65,32
