state,p_marked,error,gate_count,depth
000,0.03515625,0.96484375,58,30
001,0.02734375,0.97265625,54,26
010,0.037109375,0.962890625,54,30
011,0.3203125,0.6796875,50,26
