state,p_marked,error,gate_count,depth
000,0.30859375,0.69140625,32,16
001,0.189453125,0.810546875,30,14
010,0.22265625,0.77734375,30,16
011,0.24609375,0.75390625,28,14
