state,p_marked,error,gate_count,depth
000,0.037109375,0.962890625,111,69
001,0.05078125,0.94921875,109,67
010,0.095703125,0.904296875,109,69
011,0.552734375,0.447265625,107,67
