state,p_marked,error,gate_count,depth
000,0.123046875,0.876953125,42,22
001,0.134765625,0.865234375,34,14
010,0.1328125,0.8671875,34,22
011,0.119140625,0.880859375,26,14
