state,p_marked,error,gate_count,depth
000,0.080078125,0.919921875,61,31
001,0.08203125,0.91796875,53,23
010,0.494140625,0.505859375,53,31
011,0.4921875,0.5078125,45,23
