state,p_marked,error,gate_count,depth
000,0.11328125,0.88671875,32,15
001,0.119140625,0.880859375,30,13
010,0.123046875,0.876953125,30,15
011,0.1171875,0.8828125,28,13
