state,p_marked,error,gate_count,depth
000,0.234375,0.765625,59,31
001,0.259765625,0.740234375,55,27
010,0.02734375,0.97265625,55,31
011,0.03125,0.96875,51,27
