state,p_marked,error,gate_count,depth
000,0.5390625,0.4609375,34,17
001,0.568359375,0.431640625,32,15
010,0.546875,0.453125,32,17
011,0.548828125,0.451171875,30,15
