state,p_marked,error,gate_count,depth
000,0.1328125,0.8671875,97,50
001,0.091796875,0.908203125,89,42
010,0.12890625,0.87109375,89,50
011,0.123046875,0.876953125,81,42
