state,p_marked,error,gate_count,depth
000,0.119140625,0.880859375,50,27
001,0.259765625,0.740234375,46,24
010,0.19140625,0.80859375,46,27
011,0.037109375,0.962890625,42,23
