state,p_marked,error,gate_count,depth
000,0.185546875,0.814453125,51,26
001,0.0078125,0.9921875,49,24
010,0.064453125,0.935546875,49,26
011,0.08203125,0.91796875,47,24
