state,p_marked,error,gate_count,depth
000,0.169921875,0.830078125,24,12
001,0.09375,0.90625,20,8
010,0.10546875,0.89453125,20,12
011,0.14453125,0.85546875,16,8
