state,p_marked,error,gate_count,depth
000,0.529296875,0.470703125,32,16
001,0.4921875,0.5078125,30,14
010,0.486328125,0.513671875,30,16
011,0.474609375,0.525390625,28,14
