state,p_marked,error,gate_count,depth
000,0.138671875,0.861328125,61,33
001,0.123046875,0.876953125,57,29
010,0.138671875,0.861328125,57,33
011,0.126953125,0.873046875,53,29
