state,p_marked,error,gate_count,depth
000,0.001953125,0.998046875,48,30
001,0.318359375,0.681640625,48,30
010,0.166015625,0.833984375,48,30
011,0.001953125,0.998046875,48,30
