state,p_marked,error,gate_count,depth
000,0.140625,0.859375,69,37
001,0.1328125,0.8671875,55,23
010,0.12109375,0.87890625,55,37
011,0.142578125,0.857421875,41,23
