state,p_marked,error,gate_count,depth
000,0.111328125,0.888671875,60,32
001,0.142578125,0.857421875,48,20
010,0.15625,0.84375,48,32
011,0.09375,0.90625,36,20
