state,p_marked,error,gate_count,depth
000,0.486328125,0.513671875,41,21
001,0.52734375,0.47265625,37,17
010,0.505859375,0.494140625,37,21
011,0.513671875,0.486328125,33,17
