state,p_marked,error,gate_count,depth
000,0.099609375,0.900390625,41,21
001,0.09765625,0.90234375,41,21
010,0.0859375,0.9140625,41,21
011,0.134765625,0.865234375,41,21
