state,p_marked,error,gate_count,depth
000,0.13671875,0.86328125,69,37
001,0.13671875,0.86328125,55,23
010,0.1328125,0.8671875,55,37
011,0.11328125,0.88671875,41,23
