state,p_marked,error,gate_count,depth
000,0.140625,0.859375,15,7
001,0.126953125,0.873046875,13,5
010,0.1328125,0.8671875,13,7
011,0.111328125,0.888671875,11,5
