state,p_marked,error,gate_count,depth
000,0.12890625,0.87109375,33,16
001,0.103515625,0.896484375,31,14
010,0.125,0.875,31,16
011,0.134765625,0.865234375,29,14
