state,p_marked,error,gate_count,depth
000,0.060546875,0.939453125,34,17
001,0.060546875,0.939453125,32,15
010,0.064453125,0.935546875,32,17
011,0.083984375,0.916015625,30,15
