state,p_marked,error,gate_count,depth
000,0.5703125,0.4296875,33,16
001,0.58203125,0.41796875,31,14
010,0.5859375,0.4140625,31,16
011,0.572265625,0.427734375,29,14
