state,p_marked,error,gate_count,depth
000,0.12890625,0.87109375,50,25
001,0.115234375,0.884765625,48,23
010,0.150390625,0.849609375,48,25
011,0.11328125,0.88671875,46,23
