state,p_marked,error,gate_count,depth
000,0.48046875,0.51953125,32,16
001,0.505859375,0.494140625,30,14
010,0.466796875,0.533203125,30,16
011,0.52734375,0.47265625,28,14
