state,p_marked,error,gate_count,depth
000,0.57421875,0.42578125,33,16
001,0.529296875,0.470703125,31,14
010,0.564453125,0.435546875,31,16
011,0.556640625,0.443359375,29,14
