state,p_marked,error,gate_count,depth
000,0.578125,0.421875,51,26
001,0.556640625,0.443359375,45,20
010,0.5546875,0.4453125,45,26
011,0.5234375,0.4765625,39,20
