state,p_marked,error,gate_count,depth
000,0.1015625,0.8984375,49,25
001,0.115234375,0.884765625,47,23
010,0.125,0.875,47,25
011,0.109375,0.890625,45,23
