state,p_marked,error,gate_count,depth
000,0.130859375,0.869140625,49,25
001,0.111328125,0.888671875,47,23
010,0.115234375,0.884765625,47,25
011,0.1328125,0.8671875,45,23
