state,p_marked,error,gate_count,depth
000,0.123046875,0.876953125,33,17
001,0.142578125,0.857421875,31,15
010,0.1015625,0.8984375,31,17
011,0.490234375,0.509765625,29,15
