state,p_marked,error,gate_count,depth
000,0.583984375,0.416015625,42,21
001,0.572265625,0.427734375,38,17
010,0.5859375,0.4140625,38,21
011,0.5859375,0.4140625,34,17
