state,p_marked,error,gate_count,depth
000,0.0,1.0,56,30
001,0.13671875,0.86328125,50,24
010,0.107421875,0.892578125,50,30
011,0.0,1.0,44,24
