state,p_marked,error,gate_count,depth
000,0.0,1.0,34,18
001,0.107421875,0.892578125,32,16
010,0.0,1.0,32,18
011,0.12109375,0.87890625,30,16
