state,p_marked,error,gate_count,depth
000,0.529296875,0.470703125,34,18
001,0.5625,0.4375,32,16
010,0.541015625,0.458984375,32,18
011,0.5703125,0.4296875,30,16
