state,p_marked,error,gate_count,depth
000,0.55859375,0.44140625,42,21
001,0.537109375,0.462890625,38,17
010,0.560546875,0.439453125,38,21
011,0.525390625,0.474609375,34,17
