state,p_marked,error,gate_count,depth
000,0.130859375,0.869140625,33,16
001,0.12109375,0.87890625,31,14
010,0.119140625,0.880859375,31,16
011,0.107421875,0.892578125,29,14
