state,p_marked,error,gate_count,depth
000,0.126953125,0.873046875,77,54
001,0.0,1.0,73,50
010,0.119140625,0.880859375,73,54
011,0.0,1.0,69,50
