state,p_marked,error,gate_count,depth
000,0.0,1.0,35,18
001,0.48828125,0.51171875,35,18
010,0.0,1.0,35,18
011,0.0,1.0,35,18
