state,p_marked,error,gate_count,depth
000,0.23828125,0.76171875,33,17
001,0.267578125,0.732421875,31,15
010,0.236328125,0.763671875,31,17
011,0.234375,0.765625,29,15
