state,p_marked,error,gate_count,depth
000,0.572265625,0.427734375,33,16
001,0.57421875,0.42578125,31,14
010,0.55859375,0.44140625,31,16
011,0.560546875,0.439453125,29,14
