state,p_marked,error,gate_count,depth
000,0.55859375,0.44140625,32,16
001,0.515625,0.484375,30,14
010,0.50390625,0.49609375,30,16
011,0.455078125,0.544921875,28,14
