state,p_marked,error,gate_count,depth
000,0.55078125,0.44921875,33,16
001,0.6171875,0.3828125,31,14
010,0.544921875,0.455078125,31,16
011,0.583984375,0.416015625,29,14
