state,p_marked,error,gate_count,depth
000,0.1328125,0.8671875,60,32
001,0.1171875,0.8828125,48,20
010,0.134765625,0.865234375,48,32
011,0.142578125,0.857421875,36,20
