state,p_marked,error,gate_count,depth
000,0.478515625,0.521484375,34,18
001,0.51171875,0.48828125,32,16
010,0.49609375,0.50390625,32,18
011,0.509765625,0.490234375,30,16
