state,p_marked,error,gate_count,depth
000,0.11328125,0.88671875,69,37
001,0.115234375,0.884765625,55,23
010,0.115234375,0.884765625,55,37
011,0.107421875,0.892578125,41,23
