state,p_marked,error,gate_count,depth
000,0.607421875,0.392578125,42,21
001,0.578125,0.421875,38,17
010,0.541015625,0.458984375,38,21
011,0.556640625,0.443359375,34,17
