state,p_marked,error,gate_count,depth
000,0.115234375,0.884765625,49,24
001,0.13671875,0.86328125,47,22
010,0.10546875,0.89453125,47,24
011,0.099609375,0.900390625,45,22
