state,p_marked,error,gate_count,depth
000,0.123046875,0.876953125,51,27
001,0.10546875,0.89453125,41,17
010,0.123046875,0.876953125,41,27
011,0.138671875,0.861328125,31,17
