state,p_marked,error,gate_count,depth
000,0.12109375,0.87890625,47,25
001,0.115234375,0.884765625,43,21
010,0.154296875,0.845703125,43,25
011,0.126953125,0.873046875,39,21
