state,p_marked,error,gate_count,depth
000,0.458984375,0.541015625,33,17
001,0.50390625,0.49609375,31,15
010,0.466796875,0.533203125,31,17
011,0.46875,0.53125,29,15
