state,p_marked,error,gate_count,depth
000,0.10546875,0.89453125,60,32
001,0.154296875,0.845703125,48,20
010,0.12109375,0.87890625,48,32
011,0.123046875,0.876953125,36,20
