state,p_marked,error,gate_count,depth
000,0.240234375,0.759765625,23,11
001,0.0,1.0,23,11
010,0.24609375,0.75390625,23,11
011,0.0,1.0,23,11
