state,p_marked,error,gate_count,depth
000,0.134765625,0.865234375,41,21
001,0.1015625,0.8984375,37,17
010,0.140625,0.859375,37,21
011,0.130859375,0.869140625,33,17
