state,p_marked,error,gate_count,depth
000,0.126953125,0.873046875,33,16
001,0.125,0.875,31,14
010,0.154296875,0.845703125,31,16
011,0.103515625,0.896484375,29,14
