state,p_marked,error,gate_count,depth
000,0.453125,0.546875,33,16
001,0.51953125,0.48046875,31,14
010,0.5546875,0.4453125,31,16
011,0.474609375,0.525390625,29,14
