state,p_marked,error,gate_count,depth
000,0.49609375,0.50390625,54,29
001,0.123046875,0.876953125,48,23
010,0.505859375,0.494140625,48,29
011,0.0,1.0,42,23
