state,p_marked,error,gate_count,depth
000,0.541015625,0.458984375,33,16
001,0.568359375,0.431640625,31,14
010,0.572265625,0.427734375,31,16
011,0.55859375,0.44140625,29,14
