state,p_marked,error,gate_count,depth
000,0.099609375,0.900390625,32,15
001,0.115234375,0.884765625,30,13
010,0.10546875,0.89453125,30,15
011,0.142578125,0.857421875,28,13
