state,p_marked,error,gate_count,depth
000,0.0234375,0.9765625,69,34
001,0.02734375,0.97265625,67,32
010,0.115234375,0.884765625,67,34
011,0.0078125,0.9921875,65,32
