state,p_marked,error,gate_count,depth
000,0.0703125,0.9296875,41,21
001,0.0625,0.9375,37,17
010,0.052734375,0.947265625,37,21
011,0.0625,0.9375,33,17
