state,p_marked,error,gate_count,depth
000,0.13671875,0.86328125,42,22
001,0.12890625,0.87109375,34,14
010,0.109375,0.890625,34,22
011,0.134765625,0.865234375,26,14
