state,p_marked,error,gate_count,depth
000,0.130859375,0.869140625,46,24
001,0.099609375,0.900390625,42,20
010,0.15625,0.84375,42,24
011,0.111328125,0.888671875,38,20
