state,p_marked,error,gate_count,depth
000,0.140625,0.859375,51,27
001,0.09765625,0.90234375,41,17
010,0.111328125,0.888671875,41,27
011,0.14453125,0.85546875,31,17
