state,p_marked,error,gate_count,depth
000,0.119140625,0.880859375,42,22
001,0.11328125,0.88671875,34,14
010,0.119140625,0.880859375,34,22
011,0.146484375,0.853515625,26,14
