state,p_marked,error,gate_count,depth
000,0.1328125,0.8671875,42,22
001,0.14453125,0.85546875,34,14
010,0.130859375,0.869140625,34,22
011,0.138671875,0.861328125,26,14
