state,p_marked,error,gate_count,depth
000,0.484375,0.515625,32,16
001,0.490234375,0.509765625,30,14
010,0.525390625,0.474609375,30,16
011,0.54296875,0.45703125,28,14
