state,p_marked,error,gate_count,depth
000,0.126953125,0.873046875,76,39
001,0.12109375,0.87890625,72,35
010,0.119140625,0.880859375,72,39
011,0.12890625,0.87109375,68,35
