state,p_marked,error,gate_count,depth
000,0.138671875,0.861328125,15,7
001,0.12109375,0.87890625,13,5
010,0.12109375,0.87890625,13,7
011,0.12109375,0.87890625,11,5
