state,p_marked,error,gate_count,depth
000,0.103515625,0.896484375,55,30
001,0.12890625,0.87109375,53,28
010,0.103515625,0.896484375,53,30
011,0.10546875,0.89453125,51,28
