state,p_marked,error,gate_count,depth
000,0.068359375,0.931640625,33,17
001,0.064453125,0.935546875,31,15
010,0.060546875,0.939453125,31,17
011,0.064453125,0.935546875,29,15
