state,p_marked,error,gate_count,depth
000,0.115234375,0.884765625,15,7
001,0.13671875,0.86328125,13,5
010,0.11328125,0.88671875,13,7
011,0.138671875,0.861328125,11,5
