state,p_marked,error,gate_count,depth
000,0.109375,0.890625,15,7
001,0.12109375,0.87890625,13,5
010,0.115234375,0.884765625,13,7
011,0.154296875,0.845703125,11,5
