state,p_marked,error,gate_count,depth
000,0.01171875,0.98828125,34,18
001,0.212890625,0.787109375,32,16
010,0.005859375,0.994140625,32,18
011,0.17578125,0.82421875,30,16
