state,p_marked,error,gate_count,depth
000,0.125,0.875,33,17
001,0.125,0.875,27,11
010,0.14453125,0.85546875,27,17
011,0.13671875,0.86328125,21,11
