state,p_marked,error,gate_count,depth
000,0.142578125,0.857421875,41,21
001,0.115234375,0.884765625,37,17
010,0.109375,0.890625,37,21
011,0.111328125,0.888671875,33,17
