state,p_marked,error,gate_count,depth
000,0.06640625,0.93359375,59,29
001,0.044921875,0.955078125,55,25
010,0.05859375,0.94140625,55,29
011,0.0546875,0.9453125,51,25
