state,p_marked,error,gate_count,depth
000,0.107421875,0.892578125,33,15
001,0.119140625,0.880859375,31,13
010,0.1171875,0.8828125,31,15
011,0.12890625,0.87109375,29,13
