state,p_marked,error,gate_count,depth
000,0.509765625,0.490234375,33,17
001,0.453125,0.546875,31,15
010,0.51953125,0.48046875,31,17
011,0.47265625,0.52734375,29,15
