state,p_marked,error,gate_count,depth
000,0.30859375,0.69140625,60,31
001,0.267578125,0.732421875,56,28
010,0.03125,0.96875,56,31
011,0.037109375,0.962890625,52,28
