state,p_marked,error,gate_count,depth
000,0.126953125,0.873046875,59,31
001,0.126953125,0.873046875,55,27
010,0.134765625,0.865234375,55,31
011,0.126953125,0.873046875,51,27
