state,p_marked,error,gate_count,depth
000,0.123046875,0.876953125,72,38
001,0.138671875,0.861328125,66,32
010,0.125,0.875,66,38
011,0.11328125,0.88671875,60,32
