state,p_marked,error,gate_count,depth
000,0.1328125,0.8671875,24,12
001,0.119140625,0.880859375,20,8
010,0.123046875,0.876953125,20,12
011,0.12109375,0.87890625,16,8
