state,p_marked,error,gate_count,depth
000,0.546875,0.453125,34,17
001,0.5703125,0.4296875,32,15
010,0.509765625,0.490234375,32,17
011,0.576171875,0.423828125,30,15
