state,p_marked,error,gate_count,depth
000,0.13671875,0.86328125,33,17
001,0.115234375,0.884765625,27,11
010,0.12890625,0.87109375,27,17
011,0.12109375,0.87890625,21,11
