state,p_marked,error,gate_count,depth
000,0.22265625,0.77734375,49,25
001,0.0,1.0,47,23
010,0.248046875,0.751953125,47,25
011,0.0,1.0,45,23
