state,p_marked,error,gate_count,depth
000,0.150390625,0.849609375,33,17
001,0.13671875,0.86328125,27,11
010,0.115234375,0.884765625,27,17
011,0.12890625,0.87109375,21,11
