state,p_marked,error,gate_count,depth
000,0.279296875,0.720703125,50,24
001,0.23046875,0.76953125,48,22
010,0.28125,0.71875,48,24
011,0.244140625,0.755859375,46,22
