state,p_marked,error,gate_count,depth
000,0.478515625,0.521484375,33,17
001,0.46875,0.53125,31,15
010,0.48828125,0.51171875,31,17
011,0.521484375,0.478515625,29,15
