state,p_marked,error,gate_count,depth
000,0.080078125,0.919921875,34,17
001,0.048828125,0.951171875,32,15
010,0.048828125,0.951171875,32,17
011,0.05078125,0.94921875,30,15
