state,p_marked,error,gate_count,depth
000,0.12890625,0.87109375,35,18
001,0.09765625,0.90234375,33,16
010,0.12890625,0.87109375,33,18
011,0.138671875,0.861328125,31,16
