state,p_marked,error,gate_count,depth
000,0.236328125,0.763671875,32,16
001,0.25,0.75,30,14
010,0.255859375,0.744140625,30,16
011,0.255859375,0.744140625,28,14
