state,p_marked,error,gate_count,depth
000,0.125,0.875,41,20
001,0.115234375,0.884765625,37,16
010,0.1484375,0.8515625,37,20
011,0.13671875,0.86328125,33,16
