state,p_marked,error,gate_count,depth
000,0.10546875,0.89453125,33,16
001,0.146484375,0.853515625,31,14
010,0.103515625,0.896484375,31,16
011,0.107421875,0.892578125,29,14
