state,p_marked,error,gate_count,depth
000,0.537109375,0.462890625,42,21
001,0.607421875,0.392578125,38,17
010,0.54296875,0.45703125,38,21
011,0.56640625,0.43359375,34,17
