state,p_marked,error,gate_count,depth
000,0.125,0.875,24,12
001,0.16015625,0.83984375,20,8
010,0.12890625,0.87109375,20,12
011,0.107421875,0.892578125,16,8
