state,p_marked,error,gate_count,depth
000,0.111328125,0.888671875,40,20
001,0.12890625,0.87109375,40,20
010,0.134765625,0.865234375,40,20
011,0.119140625,0.880859375,40,20
