state,p_marked,error,gate_count,depth
000,0.5234375,0.4765625,42,22
001,0.474609375,0.525390625,38,18
010,0.509765625,0.490234375,38,22
011,0.48828125,0.51171875,34,18
