state,p_marked,error,gate_count,depth
000,0.123046875,0.876953125,33,17
001,0.119140625,0.880859375,27,11
010,0.111328125,0.888671875,27,17
011,0.12890625,0.87109375,21,11
