state,p_marked,error,gate_count,depth
000,0.49609375,0.50390625,50,26
001,0.494140625,0.505859375,44,20
010,0.51953125,0.48046875,44,26
011,0.521484375,0.478515625,38,20
