state,p_marked,error,gate_count,depth
000,0.015625,0.984375,67,34
001,0.044921875,0.955078125,65,32
010,0.296875,0.703125,65,34
011,0.0234375,0.9765625,63,32
