state,p_marked,error,gate_count,depth
000,0.13671875,0.86328125,41,20
001,0.115234375,0.884765625,37,16
010,0.12890625,0.87109375,37,20
011,0.130859375,0.869140625,33,16
