state,p_marked,error,gate_count,depth
000,0.234375,0.765625,33,17
001,0.224609375,0.775390625,31,15
010,0.244140625,0.755859375,31,17
011,0.234375,0.765625,29,15
