state,p_marked,error,gate_count,depth
000,0.564453125,0.435546875,42,21
001,0.556640625,0.443359375,38,17
010,0.541015625,0.458984375,38,21
011,0.587890625,0.412109375,34,17
