state,p_marked,error,gate_count,depth
000,0.052734375,0.947265625,32,15
001,0.048828125,0.951171875,30,13
010,0.07421875,0.92578125,30,15
011,0.0625,0.9375,28,13
