state,p_marked,error,gate_count,depth
000,0.498046875,0.501953125,32,16
001,0.509765625,0.490234375,30,14
010,0.5,0.5,30,16
011,0.541015625,0.458984375,28,14
