state,p_marked,error,gate_count,depth
000,0.1328125,0.8671875,24,12
001,0.103515625,0.896484375,20,8
010,0.091796875,0.908203125,20,12
011,0.154296875,0.845703125,16,8
