state,p_marked,error,gate_count,depth
000,0.255859375,0.744140625,32,16
001,0.24609375,0.75390625,30,14
010,0.240234375,0.759765625,30,16
011,0.30078125,0.69921875,28,14
