state,p_marked,error,gate_count,depth
000,0.216796875,0.783203125,50,28
001,0.033203125,0.966796875,46,24
010,0.22265625,0.77734375,46,28
011,0.041015625,0.958984375,42,24
