state,p_marked,error,gate_count,depth
000,0.119140625,0.880859375,50,26
001,0.115234375,0.884765625,48,24
010,0.15234375,0.84765625,48,26
011,0.115234375,0.884765625,46,24
