state,p_marked,error,gate_count,depth
000,0.59765625,0.40234375,33,16
001,0.52734375,0.47265625,31,14
010,0.560546875,0.439453125,31,16
011,0.58203125,0.41796875,29,14
