state,p_marked,error,gate_count,depth
000,0.13671875,0.86328125,32,15
001,0.1484375,0.8515625,30,13
010,0.125,0.875,30,15
011,0.11328125,0.88671875,28,13
