state,p_marked,error,gate_count,depth
000,0.07421875,0.92578125,33,15
001,0.08203125,0.91796875,31,13
010,0.068359375,0.931640625,31,15
011,0.052734375,0.947265625,29,13
