state,p_marked,error,gate_count,depth
000,0.056640625,0.943359375,61,31
001,0.072265625,0.927734375,53,23
010,0.505859375,0.494140625,53,31
011,0.4765625,0.5234375,45,23
