state,p_marked,error,gate_count,depth
000,0.328125,0.671875,63,43
001,0.078125,0.921875,61,41
010,0.056640625,0.943359375,61,43
011,0.169921875,0.830078125,59,41
