state,p_marked,error,gate_count,depth
000,0.54296875,0.45703125,33,16
001,0.55078125,0.44921875,31,14
010,0.572265625,0.427734375,31,16
011,0.595703125,0.404296875,29,14
