state,p_marked,error,gate_count,depth
000,0.564453125,0.435546875,33,16
001,0.53125,0.46875,31,14
010,0.599609375,0.400390625,31,16
011,0.51953125,0.48046875,29,14
