state,p_marked,error,gate_count,depth
000,0.5546875,0.4453125,33,17
001,0.51171875,0.48828125,31,15
010,0.490234375,0.509765625,31,17
011,0.5,0.5,29,15
