state,p_marked,error,gate_count,depth
000,0.126953125,0.873046875,50,25
001,0.12890625,0.87109375,44,19
010,0.146484375,0.853515625,44,25
011,0.107421875,0.892578125,38,19
