state,p_marked,error,gate_count,depth
000,0.0625,0.9375,35,18
001,0.05859375,0.94140625,33,16
010,0.052734375,0.947265625,33,18
011,0.0625,0.9375,31,16
