state,p_marked,error,gate_count,depth
000,0.279296875,0.720703125,34,18
001,0.2578125,0.7421875,32,16
010,0.0,1.0,32,18
011,0.236328125,0.763671875,30,16
