state,p_marked,error,gate_count,depth
000,0.5546875,0.4453125,32,16
001,0.5,0.5,30,14
010,0.525390625,0.474609375,30,16
011,0.517578125,0.482421875,28,14
