state,p_marked,error,gate_count,depth
000,0.119140625,0.880859375,56,32
001,0.0,1.0,54,30
010,0.115234375,0.884765625,54,32
011,0.109375,0.890625,52,30
