state,p_marked,error,gate_count,depth
000,0.466796875,0.533203125,68,36
001,0.455078125,0.544921875,58,26
010,0.4765625,0.5234375,58,36
011,0.509765625,0.490234375,48,26
