state,p_marked,error,gate_count,depth
000,0.580078125,0.419921875,33,16
001,0.537109375,0.462890625,31,14
010,0.578125,0.421875,31,16
011,0.572265625,0.427734375,29,14
