state,p_marked,error,gate_count,depth
000,0.111328125,0.888671875,63,32
001,0.123046875,0.876953125,59,28
010,0.119140625,0.880859375,59,32
011,0.12890625,0.87109375,55,28
