state,p_marked,error,gate_count,depth
000,0.0,1.0,66,34
001,0.0,1.0,64,32
010,0.0,1.0,64,34
011,0.123046875,0.876953125,62,32
