state,p_marked,error,gate_count,depth
000,0.119140625,0.880859375,41,21
001,0.146484375,0.853515625,37,17
010,0.10546875,0.89453125,37,21
011,0.103515625,0.896484375,33,17
