state,p_marked,error,gate_count,depth
000,0.55859375,0.44140625,42,21
001,0.53515625,0.46484375,38,17
010,0.59375,0.40625,38,21
011,0.55859375,0.44140625,34,17
