state,p_marked,error,gate_count,depth
000,0.234375,0.765625,55,31
001,0.03515625,0.96484375,53,29
010,0.298828125,0.701171875,53,31
011,0.0390625,0.9609375,51,29
