state,p_marked,error,gate_count,depth
000,0.15234375,0.84765625,51,27
001,0.1171875,0.8828125,41,17
010,0.10546875,0.89453125,41,27
011,0.1328125,0.8671875,31,17
