state,p_marked,error,gate_count,depth
000,0.12890625,0.87109375,73,39
001,0.0,1.0,71,37
010,0.0,1.0,71,39
011,0.119140625,0.880859375,69,37
