state,p_marked,error,gate_count,depth
000,0.509765625,0.490234375,34,16
001,0.50390625,0.49609375,32,14
010,0.48828125,0.51171875,32,16
011,0.490234375,0.509765625,30,14
