state,p_marked,error,gate_count,depth
000,0.23828125,0.76171875,67,35
001,0.267578125,0.732421875,61,29
010,0.25,0.75,61,35
011,0.24609375,0.75390625,55,29
