state,p_marked,error,gate_count,depth
000,0.568359375,0.431640625,33,16
001,0.580078125,0.419921875,31,14
010,0.51953125,0.48046875,31,16
011,0.5703125,0.4296875,29,14
