state,p_marked,error,gate_count,depth
000,0.537109375,0.462890625,32,16
001,0.537109375,0.462890625,30,14
010,0.52734375,0.47265625,30,16
011,0.478515625,0.521484375,28,14
