state,p_marked,error,gate_count,depth
000,0.55078125,0.44921875,42,21
001,0.568359375,0.431640625,38,17
010,0.51953125,0.48046875,38,21
011,0.5546875,0.4453125,34,17
