state,p_marked,error,gate_count,depth
000,0.53125,0.46875,66,33
001,0.5859375,0.4140625,64,31
010,0.576171875,0.423828125,64,33
011,0.541015625,0.458984375,62,31
