state,p_marked,error,gate_count,depth
000,0.126953125,0.873046875,51,26
001,0.119140625,0.880859375,49,24
010,0.126953125,0.873046875,49,26
011,0.12109375,0.87890625,47,24
