state,p_marked,error,gate_count,depth
000,0.146484375,0.853515625,24,12
001,0.09765625,0.90234375,20,8
010,0.138671875,0.861328125,20,12
011,0.111328125,0.888671875,16,8
