state,p_marked,error,gate_count,depth
000,0.107421875,0.892578125,41,21
001,0.16015625,0.83984375,37,17
010,0.13671875,0.86328125,37,21
011,0.142578125,0.857421875,33,17
