state,p_marked,error,gate_count,depth
000,0.078125,0.921875,43,22
001,0.060546875,0.939453125,39,18
010,0.0703125,0.9296875,39,22
011,0.0546875,0.9453125,35,18
