state,p_marked,error,gate_count,depth
000,0.095703125,0.904296875,33,16
001,0.12109375,0.87890625,31,15
010,0.12109375,0.87890625,31,16
011,0.10546875,0.89453125,29,14
