state,p_marked,error,gate_count,depth
000,0.1171875,0.8828125,42,22
001,0.125,0.875,34,14
010,0.111328125,0.888671875,34,22
011,0.1015625,0.8984375,26,14
