state,p_marked,error,gate_count,depth
000,0.4765625,0.5234375,41,21
001,0.48046875,0.51953125,37,17
010,0.47265625,0.52734375,37,21
011,0.5,0.5,33,17
