state,p_marked,error,gate_count,depth
000,0.12109375,0.87890625,15,7
001,0.125,0.875,13,5
010,0.09375,0.90625,13,7
011,0.1015625,0.8984375,11,5
