state,p_marked,error,gate_count,depth
000,0.525390625,0.474609375,33,17
001,0.458984375,0.541015625,31,15
010,0.517578125,0.482421875,31,17
011,0.498046875,0.501953125,29,15
