state,p_marked,error,gate_count,depth
000,0.109375,0.890625,32,16
001,0.115234375,0.884765625,30,14
010,0.130859375,0.869140625,30,16
011,0.125,0.875,28,14
