state,p_marked,error,gate_count,depth
000,0.09765625,0.90234375,37,19
001,0.015625,0.984375,35,17
010,0.12109375,0.87890625,35,19
011,0.017578125,0.982421875,33,17
