state,p_marked,error,gate_count,depth
000,0.1015625,0.8984375,33,16
001,0.12890625,0.87109375,31,14
010,0.107421875,0.892578125,31,16
011,0.15234375,0.84765625,29,14
