state,p_marked,error,gate_count,depth
000,0.54296875,0.45703125,33,17
001,0.501953125,0.498046875,31,15
010,0.505859375,0.494140625,31,17
011,0.48828125,0.51171875,29,15
