state,p_marked,error,gate_count,depth
000,0.125,0.875,38,20
001,0.0,1.0,36,18
010,0.142578125,0.857421875,36,20
011,0.0,1.0,34,18
