state,p_marked,error,gate_count,depth
000,0.52734375,0.47265625,32,16
001,0.5,0.5,30,14
010,0.5390625,0.4609375,30,16
011,0.470703125,0.529296875,28,14
