state,p_marked,error,gate_count,depth
000,0.1171875,0.8828125,33,17
001,0.0,1.0,31,15
010,0.115234375,0.884765625,31,17
011,0.142578125,0.857421875,29,15
