state,p_marked,error,gate_count,depth
000,0.07421875,0.92578125,42,20
001,0.08203125,0.91796875,38,16
010,0.064453125,0.935546875,38,20
011,0.072265625,0.927734375,34,16
