state,p_marked,error,gate_count,depth
000,0.150390625,0.849609375,42,22
001,0.1171875,0.8828125,34,14
010,0.12890625,0.87109375,34,22
011,0.16015625,0.83984375,26,14
