state,p_marked,error,gate_count,depth
000,0.123046875,0.876953125,40,18
001,0.111328125,0.888671875,40,18
010,0.166015625,0.833984375,40,18
011,0.099609375,0.900390625,40,18
