state,p_marked,error,gate_count,depth
000,0.12109375,0.87890625,32,15
001,0.1171875,0.8828125,30,13
010,0.134765625,0.865234375,30,15
011,0.099609375,0.900390625,28,13
