state,p_marked,error,gate_count,depth
000,0.123046875,0.876953125,33,17
001,0.140625,0.859375,27,11
010,0.1171875,0.8828125,27,17
011,0.126953125,0.873046875,21,11
