state,p_marked,error,gate_count,depth
000,0.15234375,0.84765625,59,31
001,0.12109375,0.87890625,55,27
010,0.146484375,0.853515625,55,31
011,0.107421875,0.892578125,51,27
