state,p_marked,error,gate_count,depth
000,0.068359375,0.931640625,85,44
001,0.43359375,0.56640625,83,42
010,0.392578125,0.607421875,83,44
011,0.10546875,0.89453125,81,42
