state,p_marked,error,gate_count,depth
000,0.068359375,0.931640625,32,15
001,0.076171875,0.923828125,30,13
010,0.078125,0.921875,30,15
011,0.060546875,0.939453125,28,13
