state,p_marked,error,gate_count,depth
000,0.55859375,0.44140625,33,16
001,0.576171875,0.423828125,31,14
010,0.0703125,0.9296875,31,16
011,0.046875,0.953125,29,14
