state,p_marked,error,gate_count,depth
000,0.130859375,0.869140625,42,22
001,0.119140625,0.880859375,34,14
010,0.1484375,0.8515625,34,22
011,0.138671875,0.861328125,26,14
