state,p_marked,error,gate_count,depth
000,0.1015625,0.8984375,15,7
001,0.140625,0.859375,13,5
010,0.15234375,0.84765625,13,7
011,0.119140625,0.880859375,11,5
