state,p_marked,error,gate_count,depth
000,0.1171875,0.8828125,32,16
001,0.134765625,0.865234375,30,14
010,0.107421875,0.892578125,30,16
011,0.15625,0.84375,28,14
