state,p_marked,error,gate_count,depth
000,0.14453125,0.85546875,77,41
001,0.130859375,0.869140625,69,33
010,0.103515625,0.896484375,69,41
011,0.1640625,0.8359375,61,33
