state,p_marked,error,gate_count,depth
000,0.0703125,0.9296875,34,18
001,0.056640625,0.943359375,32,16
010,0.05859375,0.94140625,32,18
011,0.0625,0.9375,30,16
