state,p_marked,error,gate_count,depth
000,0.119140625,0.880859375,47,23
001,0.1328125,0.8671875,47,23
010,0.14453125,0.85546875,47,23
011,0.146484375,0.853515625,47,23
