state,p_marked,error,gate_count,depth
000,0.134765625,0.865234375,60,32
001,0.12109375,0.87890625,56,28
010,0.115234375,0.884765625,56,32
011,0.11328125,0.88671875,52,28
