state,p_marked,error,gate_count,depth
000,0.119140625,0.880859375,24,12
001,0.115234375,0.884765625,20,8
010,0.125,0.875,20,12
011,0.1640625,0.8359375,16,8
