state,p_marked,error,gate_count,depth
000,0.0546875,0.9453125,32,15
001,0.033203125,0.966796875,30,13
010,0.052734375,0.947265625,30,15
011,0.044921875,0.955078125,28,13
