state,p_marked,error,gate_count,depth
000,0.1328125,0.8671875,50,26
001,0.115234375,0.884765625,48,24
010,0.13671875,0.86328125,48,26
011,0.119140625,0.880859375,46,24
