state,p_marked,error,gate_count,depth
000,0.0234375,0.9765625,74,39
001,0.0390625,0.9609375,72,37
010,0.314453125,0.685546875,72,39
011,0.107421875,0.892578125,70,37
