state,p_marked,error,gate_count,depth
000,0.556640625,0.443359375,34,17
001,0.580078125,0.419921875,32,15
010,0.541015625,0.458984375,32,17
011,0.572265625,0.427734375,30,15
