state,p_marked,error,gate_count,depth
000,0.501953125,0.498046875,33,17
001,0.490234375,0.509765625,31,15
010,0.4453125,0.5546875,31,17
011,0.54296875,0.45703125,29,15
