state,p_marked,error,gate_count,depth
000,0.248046875,0.751953125,51,27
001,0.28125,0.71875,49,25
010,0.26171875,0.73828125,49,27
011,0.236328125,0.763671875,47,25
