state,p_marked,error,gate_count,depth
000,0.4296875,0.5703125,32,16
001,0.4921875,0.5078125,30,14
010,0.5,0.5,30,16
011,0.484375,0.515625,28,14
