state,p_marked,error,gate_count,depth
000,0.578125,0.421875,51,26
001,0.5546875,0.4453125,45,20
010,0.517578125,0.482421875,45,26
011,0.556640625,0.443359375,39,20
