state,p_marked,error,gate_count,depth
000,0.48828125,0.51171875,32,16
001,0.494140625,0.505859375,30,14
010,0.51171875,0.48828125,30,16
011,0.484375,0.515625,28,14
