state,p_marked,error,gate_count,depth
000,0.072265625,0.927734375,68,35
001,0.0625,0.9375,66,33
010,0.0703125,0.9296875,66,35
011,0.068359375,0.931640625,64,33
