state,p_marked,error,gate_count,depth
000,0.580078125,0.419921875,33,16
001,0.5859375,0.4140625,31,14
010,0.08203125,0.91796875,31,16
011,0.056640625,0.943359375,29,14
