state,p_marked,error,gate_count,depth
000,0.56640625,0.43359375,33,16
001,0.587890625,0.412109375,31,14
010,0.560546875,0.439453125,31,16
011,0.58984375,0.41015625,29,14
