state,p_marked,error,gate_count,depth
000,0.2578125,0.7421875,41,26
001,0.25390625,0.74609375,41,26
010,0.244140625,0.755859375,41,26
011,0.0,1.0,41,26
