state,p_marked,error,gate_count,depth
000,0.12109375,0.87890625,59,30
001,0.125,0.875,55,26
010,0.14453125,0.85546875,55,30
011,0.119140625,0.880859375,51,26
