state,p_marked,error,gate_count,depth
000,0.09765625,0.90234375,15,7
001,0.126953125,0.873046875,13,5
010,0.107421875,0.892578125,13,7
011,0.138671875,0.861328125,11,5
