state,p_marked,error,gate_count,depth
000,0.140625,0.859375,49,24
001,0.103515625,0.896484375,47,22
010,0.1328125,0.8671875,47,24
011,0.14453125,0.85546875,45,22
