state,p_marked,error,gate_count,depth
000,0.0,1.0,41,23
001,0.08984375,0.91015625,39,21
010,0.20703125,0.79296875,39,23
011,0.20703125,0.79296875,37,21
