state,p_marked,error,gate_count,depth
000,0.228515625,0.771484375,98,62
001,0.072265625,0.927734375,96,60
010,0.052734375,0.947265625,96,62
011,0.15234375,0.84765625,94,60
