state,p_marked,error,gate_count,depth
000,0.505859375,0.494140625,42,21
001,0.580078125,0.419921875,38,17
010,0.5390625,0.4609375,38,21
011,0.580078125,0.419921875,34,17
