state,p_marked,error,gate_count,depth
000,0.146484375,0.853515625,42,22
001,0.140625,0.859375,34,14
010,0.123046875,0.876953125,34,22
011,0.138671875,0.861328125,26,14
