state,p_marked,error,gate_count,depth
000,0.56640625,0.43359375,42,21
001,0.580078125,0.419921875,38,17
010,0.55859375,0.44140625,38,21
011,0.541015625,0.458984375,34,17
