state,p_marked,error,gate_count,depth
000,0.013671875,0.986328125,37,19
001,0.3828125,0.6171875,35,17
010,0.013671875,0.986328125,35,19
011,0.35546875,0.64453125,33,17
