state,p_marked,error,gate_count,depth
000,0.58984375,0.41015625,51,26
001,0.568359375,0.431640625,45,20
010,0.599609375,0.400390625,45,26
011,0.52734375,0.47265625,39,20
