state,p_marked,error,gate_count,depth
000,0.541015625,0.458984375,33,17
001,0.501953125,0.498046875,31,15
010,0.451171875,0.548828125,31,17
011,0.5234375,0.4765625,29,15
