state,p_marked,error,gate_count,depth
000,0.09375,0.90625,33,17
001,0.064453125,0.935546875,31,15
010,0.068359375,0.931640625,31,17
011,0.078125,0.921875,29,15
