state,p_marked,error,gate_count,depth
000,0.0,1.0,32,16
001,0.11328125,0.88671875,30,14
010,0.16796875,0.83203125,30,16
011,0.0,1.0,28,14
