state,p_marked,error,gate_count,depth
000,0.494140625,0.505859375,33,17
001,0.4453125,0.5546875,31,15
010,0.458984375,0.541015625,31,17
011,0.46875,0.53125,29,15
