state,p_marked,error,gate_count,depth
000,0.541015625,0.458984375,33,16
001,0.60546875,0.39453125,31,14
010,0.525390625,0.474609375,31,16
011,0.55078125,0.44921875,29,14
