state,p_marked,error,gate_count,depth
000,0.068359375,0.931640625,32,16
001,0.07421875,0.92578125,30,14
010,0.060546875,0.939453125,30,16
011,0.1015625,0.8984375,28,14
