state,p_marked,error,gate_count,depth
000,0.103515625,0.896484375,51,27
001,0.115234375,0.884765625,41,17
010,0.130859375,0.869140625,41,27
011,0.13671875,0.86328125,31,17
