state,p_marked,error,gate_count,depth
000,0.15625,0.84375,50,25
001,0.140625,0.859375,48,23
010,0.123046875,0.876953125,48,25
011,0.12109375,0.87890625,46,23
