state,p_marked,error,gate_count,depth
000,0.11328125,0.88671875,42,22
001,0.119140625,0.880859375,34,14
010,0.140625,0.859375,34,22
011,0.123046875,0.876953125,26,14
