state,p_marked,error,gate_count,depth
000,0.294921875,0.705078125,44,22
001,0.3203125,0.6796875,40,19
010,0.306640625,0.693359375,40,22
011,0.328125,0.671875,36,19
