state,p_marked,error,gate_count,depth
000,0.099609375,0.900390625,33,17
001,0.125,0.875,27,11
010,0.11328125,0.88671875,27,17
011,0.12109375,0.87890625,21,11
