state,p_marked,error,gate_count,depth
000,0.57421875,0.42578125,34,18
001,0.552734375,0.447265625,32,16
010,0.55859375,0.44140625,32,18
011,0.57421875,0.42578125,30,16
