state,p_marked,error,gate_count,depth
000,0.130859375,0.869140625,15,7
001,0.119140625,0.880859375,13,5
010,0.119140625,0.880859375,13,7
011,0.119140625,0.880859375,11,5
