state,p_marked,error,gate_count,depth
000,0.0,1.0,26,13
001,0.466796875,0.533203125,26,13
010,0.0,1.0,26,13
011,0.0,1.0,26,13
