state,p_marked,error,gate_count,depth
000,0.1640625,0.8359375,76,40
001,0.13671875,0.86328125,68,32
010,0.14453125,0.85546875,68,40
011,0.140625,0.859375,60,32
