state,p_marked,error,gate_count,depth
000,0.099609375,0.900390625,41,23
001,0.28125,0.71875,39,21
010,0.591796875,0.408203125,39,23
011,0.119140625,0.880859375,37,21
