state,p_marked,error,gate_count,depth
000,0.130859375,0.869140625,23,11
001,0.119140625,0.880859375,23,11
010,0.126953125,0.873046875,23,11
011,0.142578125,0.857421875,23,11
