state,p_marked,error,gate_count,depth
000,0.1328125,0.8671875,51,27
001,0.115234375,0.884765625,41,17
010,0.16015625,0.83984375,41,27
011,0.16796875,0.83203125,31,17
