state,p_marked,error,gate_count,depth
000,0.501953125,0.498046875,33,16
001,0.478515625,0.521484375,31,14
010,0.5234375,0.4765625,31,16
011,0.513671875,0.486328125,29,14
