state,p_marked,error,gate_count,depth
000,0.015625,0.984375,35,19
001,0.173828125,0.826171875,33,17
010,0.001953125,0.998046875,33,19
011,0.185546875,0.814453125,31,17
