state,p_marked,error,gate_count,depth
000,0.158203125,0.841796875,63,33
001,0.1484375,0.8515625,59,29
010,0.123046875,0.876953125,59,33
011,0.1328125,0.8671875,55,29
