state,p_marked,error,gate_count,depth
000,0.107421875,0.892578125,37,19
001,0.13671875,0.86328125,35,18
010,0.134765625,0.865234375,35,19
011,0.1171875,0.8828125,33,18
