state,p_marked,error,gate_count,depth
000,0.029296875,0.970703125,55,28
001,0.0234375,0.9765625,53,26
010,0.0546875,0.9453125,53,28
011,0.271484375,0.728515625,51,26
