state,p_marked,error,gate_count,depth
000,0.2109375,0.7890625,39,22
001,0.0859375,0.9140625,39,22
010,0.291015625,0.708984375,39,22
011,0.37890625,0.62109375,39,22
