state,p_marked,error,gate_count,depth
000,0.224609375,0.775390625,90,50
001,0.083984375,0.916015625,84,44
010,0.369140625,0.630859375,84,50
011,0.115234375,0.884765625,78,44
