state,p_marked,error,gate_count,depth
000,0.580078125,0.419921875,42,21
001,0.578125,0.421875,38,17
010,0.607421875,0.392578125,38,21
011,0.578125,0.421875,34,17
