state,p_marked,error,gate_count,depth
000,0.15625,0.84375,129,70
001,0.03515625,0.96484375,121,62
010,0.048828125,0.951171875,121,70
011,0.26171875,0.73828125,113,62
