state,p_marked,error,gate_count,depth
000,0.572265625,0.427734375,66,33
001,0.59765625,0.40234375,64,31
010,0.5390625,0.4609375,64,33
011,0.552734375,0.447265625,62,31
