state,p_marked,error,gate_count,depth
000,0.60546875,0.39453125,33,16
001,0.591796875,0.408203125,31,14
010,0.5625,0.4375,31,16
011,0.548828125,0.451171875,29,14
