state,p_marked,error,gate_count,depth
000,0.544921875,0.455078125,42,21
001,0.548828125,0.451171875,38,17
010,0.55078125,0.44921875,38,21
011,0.53125,0.46875,34,17
