state,p_marked,error,gate_count,depth
000,0.279296875,0.720703125,51,27
001,0.275390625,0.724609375,45,21
010,0.25390625,0.74609375,45,27
011,0.23046875,0.76953125,39,21
