state,p_marked,error,gate_count,depth
000,0.119140625,0.880859375,15,7
001,0.111328125,0.888671875,13,5
010,0.123046875,0.876953125,13,7
011,0.12109375,0.87890625,11,5
