state,p_marked,error,gate_count,depth
000,0.125,0.875,24,12
001,0.091796875,0.908203125,20,8
010,0.1171875,0.8828125,20,12
011,0.099609375,0.900390625,16,8
