state,p_marked,error,gate_count,depth
000,0.4609375,0.5390625,32,16
001,0.544921875,0.455078125,30,14
010,0.517578125,0.482421875,30,16
011,0.5,0.5,28,14
