state,p_marked,error,gate_count,depth
000,0.220703125,0.779296875,32,15
001,0.23046875,0.76953125,30,13
010,0.291015625,0.708984375,30,15
011,0.224609375,0.775390625,28,13
