state,p_marked,error,gate_count,depth
000,0.126953125,0.873046875,33,15
001,0.14453125,0.85546875,31,13
010,0.09765625,0.90234375,31,15
011,0.09375,0.90625,29,13
