state,p_marked,error,gate_count,depth
000,0.59375,0.40625,33,16
001,0.55859375,0.44140625,31,14
010,0.591796875,0.408203125,31,16
011,0.55078125,0.44921875,29,14
