state,p_marked,error,gate_count,depth
000,0.109375,0.890625,32,15
001,0.11328125,0.88671875,30,13
010,0.12890625,0.87109375,30,15
011,0.115234375,0.884765625,28,13
