state,p_marked,error,gate_count,depth
000,0.064453125,0.935546875,32,15
001,0.04296875,0.95703125,30,13
010,0.076171875,0.923828125,30,15
011,0.046875,0.953125,28,13
