state,p_marked,error,gate_count,depth
000,0.591796875,0.408203125,51,26
001,0.576171875,0.423828125,45,20
010,0.5546875,0.4453125,45,26
011,0.580078125,0.419921875,39,20
