state,p_marked,error,gate_count,depth
000,0.513671875,0.486328125,34,18
001,0.470703125,0.529296875,32,16
010,0.48828125,0.51171875,32,18
011,0.52734375,0.47265625,30,16
