state,p_marked,error,gate_count,depth
000,0.47265625,0.52734375,53,31
001,0.001953125,0.998046875,53,31
010,0.11328125,0.88671875,53,31
011,0.16015625,0.83984375,53,31
