state,p_marked,error,gate_count,depth
000,0.228515625,0.771484375,33,17
001,0.251953125,0.748046875,31,15
010,0.23828125,0.76171875,31,17
011,0.26171875,0.73828125,29,15
