state,p_marked,error,gate_count,depth
000,0.134765625,0.865234375,39,20
001,0.0,1.0,37,18
010,0.11328125,0.88671875,37,20
011,0.0,1.0,35,18
