state,p_marked,error,gate_count,depth
000,0.171875,0.828125,76,40
001,0.15625,0.84375,68,32
010,0.146484375,0.853515625,68,40
011,0.16796875,0.83203125,60,32
