state,p_marked,error,gate_count,depth
000,0.103515625,0.896484375,24,12
001,0.107421875,0.892578125,20,8
010,0.095703125,0.904296875,20,12
011,0.1171875,0.8828125,16,8
