state,p_marked,error,gate_count,depth
000,0.123046875,0.876953125,15,7
001,0.126953125,0.873046875,13,5
010,0.1328125,0.8671875,13,7
011,0.138671875,0.861328125,11,5
