state,p_marked,error,gate_count,depth
000,0.125,0.875,36,19
001,0.1328125,0.8671875,34,18
010,0.109375,0.890625,34,19
011,0.12890625,0.87109375,32,18
