state,p_marked,error,gate_count,depth
000,0.5078125,0.4921875,33,17
001,0.490234375,0.509765625,31,15
010,0.501953125,0.498046875,31,17
011,0.51953125,0.48046875,29,15
