state,p_marked,error,gate_count,depth
000,0.5390625,0.4609375,85,43
001,0.5546875,0.4453125,79,38
010,0.07421875,0.92578125,79,43
011,0.0546875,0.9453125,73,37
