state,p_marked,error,gate_count,depth
000,0.279296875,0.720703125,33,16
001,0.25,0.75,31,14
010,0.23828125,0.76171875,31,16
011,0.23046875,0.76953125,29,14
