state,p_marked,error,gate_count,depth
000,0.46875,0.53125,33,16
001,0.515625,0.484375,31,14
010,0.51953125,0.48046875,31,16
011,0.515625,0.484375,29,14
