state,p_marked,error,gate_count,depth
000,0.05859375,0.94140625,41,21
001,0.05859375,0.94140625,37,17
010,0.06640625,0.93359375,37,21
011,0.0703125,0.9296875,33,17
