state,p_marked,error,gate_count,depth
000,0.171875,0.828125,76,47
001,0.060546875,0.939453125,72,43
010,0.08203125,0.91796875,72,47
011,0.22265625,0.77734375,68,43
