state,p_marked,error,gate_count,depth
000,0.134765625,0.865234375,115,73
001,0.1015625,0.8984375,113,71
010,0.193359375,0.806640625,113,73
011,0.29296875,0.70703125,111,71
