state,p_marked,error,gate_count,depth
000,0.076171875,0.923828125,38,19
001,0.068359375,0.931640625,36,17
010,0.0625,0.9375,36,19
011,0.056640625,0.943359375,34,17
