state,p_marked,error,gate_count,depth
000,0.560546875,0.439453125,44,22
001,0.5703125,0.4296875,40,18
010,0.517578125,0.482421875,40,22
011,0.564453125,0.435546875,36,18
