state,p_marked,error,gate_count,depth
000,0.134765625,0.865234375,46,24
001,0.125,0.875,42,20
010,0.109375,0.890625,42,24
011,0.13671875,0.86328125,38,20
