state,p_marked,error,gate_count,depth
000,0.099609375,0.900390625,41,20
001,0.11328125,0.88671875,37,16
010,0.09765625,0.90234375,37,20
011,0.13671875,0.86328125,33,16
