state,p_marked,error,gate_count,depth
000,0.134765625,0.865234375,39,21
001,0.10546875,0.89453125,37,19
010,0.09375,0.90625,37,21
011,0.0,1.0,35,19
