state,p_marked,error,gate_count,depth
000,0.05859375,0.94140625,32,16
001,0.087890625,0.912109375,30,14
010,0.064453125,0.935546875,30,16
011,0.0546875,0.9453125,28,14
