state,p_marked,error,gate_count,depth
000,0.126953125,0.873046875,41,20
001,0.109375,0.890625,37,16
010,0.09375,0.90625,37,20
011,0.1328125,0.8671875,33,16
