state,p_marked,error,gate_count,depth
000,0.232421875,0.767578125,33,17
001,0.259765625,0.740234375,31,15
010,0.25,0.75,31,17
011,0.203125,0.796875,29,15
