state,p_marked,error,gate_count,depth
000,0.3671875,0.6328125,63,40
001,0.03515625,0.96484375,63,40
010,0.00390625,0.99609375,63,40
011,0.138671875,0.861328125,63,40
