state,p_marked,error,gate_count,depth
000,0.576171875,0.423828125,34,17
001,0.544921875,0.455078125,32,15
010,0.53515625,0.46484375,32,17
011,0.515625,0.484375,30,15
