state,p_marked,error,gate_count,depth
000,0.1171875,0.8828125,49,25
001,0.12109375,0.87890625,47,23
010,0.119140625,0.880859375,47,25
011,0.12890625,0.87109375,45,23
