state,p_marked,error,gate_count,depth
000,0.0,1.0,51,26
001,0.0,1.0,45,21
010,0.0,1.0,45,26
011,0.134765625,0.865234375,39,21
