state,p_marked,error,gate_count,depth
000,0.115234375,0.884765625,24,12
001,0.123046875,0.876953125,20,8
010,0.103515625,0.896484375,20,12
011,0.09765625,0.90234375,16,8
