state,p_marked,error,gate_count,depth
000,0.126953125,0.873046875,32,15
001,0.087890625,0.912109375,30,13
010,0.103515625,0.896484375,30,15
011,0.126953125,0.873046875,28,13
