state,p_marked,error,gate_count,depth
000,0.138671875,0.861328125,45,24
001,0.130859375,0.869140625,41,20
010,0.123046875,0.876953125,41,24
011,0.11328125,0.88671875,37,20
