state,p_marked,error,gate_count,depth
000,0.0703125,0.9296875,33,15
001,0.072265625,0.927734375,31,13
010,0.052734375,0.947265625,31,15
011,0.07421875,0.92578125,29,13
