state,p_marked,error,gate_count,depth
000,0.119140625,0.880859375,45,23
001,0.09765625,0.90234375,45,23
010,0.12890625,0.87109375,45,23
011,0.11328125,0.88671875,45,23
