state,p_marked,error,gate_count,depth
000,0.072265625,0.927734375,34,17
001,0.056640625,0.943359375,32,15
010,0.080078125,0.919921875,32,17
011,0.068359375,0.931640625,30,15
