state,p_marked,error,gate_count,depth
000,0.19921875,0.80078125,32,16
001,0.181640625,0.818359375,30,14
010,0.16796875,0.83203125,30,16
011,0.16015625,0.83984375,28,14
