state,p_marked,error,gate_count,depth
000,0.0,1.0,44,29
001,0.357421875,0.642578125,44,29
010,0.078125,0.921875,44,29
011,0.43359375,0.56640625,44,29
