state,p_marked,error,gate_count,depth
000,0.064453125,0.935546875,68,35
001,0.07421875,0.92578125,62,29
010,0.06640625,0.93359375,62,35
011,0.052734375,0.947265625,56,29
