state,p_marked,error,gate_count,depth
000,0.212890625,0.787109375,85,46
001,0.05859375,0.94140625,81,42
010,0.052734375,0.947265625,81,46
011,0.2265625,0.7734375,77,42
