state,p_marked,error,gate_count,depth
000,0.251953125,0.748046875,41,20
001,0.2421875,0.7578125,41,20
010,0.25390625,0.74609375,41,20
011,0.2578125,0.7421875,41,20
