state,p_marked,error,gate_count,depth
000,0.05859375,0.94140625,32,15
001,0.046875,0.953125,30,13
010,0.056640625,0.943359375,30,15
011,0.060546875,0.939453125,28,13
