state,p_marked,error,gate_count,depth
000,0.58203125,0.41796875,34,17
001,0.541015625,0.458984375,32,15
010,0.533203125,0.466796875,32,17
011,0.56640625,0.43359375,30,15
