state,p_marked,error,gate_count,depth
000,0.00390625,0.99609375,40,24
001,0.11328125,0.88671875,38,22
010,0.08203125,0.91796875,38,24
011,0.005859375,0.994140625,36,22
