state,p_marked,error,gate_count,depth
000,0.10546875,0.89453125,33,17
001,0.13671875,0.86328125,27,11
010,0.126953125,0.873046875,27,17
011,0.146484375,0.853515625,21,11
