state,p_marked,error,gate_count,depth
000,0.283203125,0.716796875,41,20
001,0.228515625,0.771484375,41,20
010,0.240234375,0.759765625,41,20
011,0.2421875,0.7578125,41,20
