state,p_marked,error,gate_count,depth
000,0.123046875,0.876953125,15,7
001,0.103515625,0.896484375,13,5
010,0.099609375,0.900390625,13,7
011,0.140625,0.859375,11,5
