state,p_marked,error,gate_count,depth
000,0.134765625,0.865234375,24,12
001,0.11328125,0.88671875,20,8
010,0.16015625,0.83984375,20,12
011,0.130859375,0.869140625,16,8
