state,p_marked,error,gate_count,depth
000,0.138671875,0.861328125,63,32
001,0.126953125,0.873046875,59,28
010,0.1328125,0.8671875,59,32
011,0.1171875,0.8828125,55,28
