state,p_marked,error,gate_count,depth
000,0.15625,0.84375,33,16
001,0.1484375,0.8515625,31,14
010,0.146484375,0.853515625,31,16
011,0.12890625,0.87109375,29,14
