state,p_marked,error,gate_count,depth
000,0.140625,0.859375,42,22
001,0.140625,0.859375,34,14
010,0.150390625,0.849609375,34,22
011,0.095703125,0.904296875,26,14
