state,p_marked,error,gate_count,depth
000,0.494140625,0.505859375,60,31
001,0.5078125,0.4921875,52,23
010,0.529296875,0.470703125,52,31
011,0.509765625,0.490234375,44,23
