state,p_marked,error,gate_count,depth
000,0.0,1.0,56,30
001,0.115234375,0.884765625,50,24
010,0.15625,0.84375,50,30
011,0.0,1.0,44,24
