state,p_marked,error,gate_count,depth
000,0.10546875,0.89453125,41,21
001,0.150390625,0.849609375,37,17
010,0.109375,0.890625,37,21
011,0.140625,0.859375,33,17
