state,p_marked,error,gate_count,depth
000,0.09765625,0.90234375,15,7
001,0.10546875,0.89453125,13,5
010,0.12109375,0.87890625,13,7
011,0.099609375,0.900390625,11,5
