state,p_marked,error,gate_count,depth
000,0.55078125,0.44921875,33,16
001,0.546875,0.453125,31,14
010,0.599609375,0.400390625,31,16
011,0.5859375,0.4140625,29,14
