state,p_marked,error,gate_count,depth
000,0.490234375,0.509765625,52,29
001,0.12109375,0.87890625,48,25
010,0.498046875,0.501953125,48,29
011,0.0,1.0,44,25
