state,p_marked,error,gate_count,depth
000,0.0703125,0.9296875,33,15
001,0.056640625,0.943359375,31,13
010,0.078125,0.921875,31,15
011,0.052734375,0.947265625,29,13
