state,p_marked,error,gate_count,depth
000,0.0,1.0,41,23
001,0.111328125,0.888671875,39,21
010,0.1328125,0.8671875,39,23
011,0.0,1.0,37,21
