state,p_marked,error,gate_count,depth
000,0.111328125,0.888671875,33,16
001,0.1171875,0.8828125,31,14
010,0.1484375,0.8515625,31,16
011,0.13671875,0.86328125,29,14
