state,p_marked,error,gate_count,depth
000,0.060546875,0.939453125,33,15
001,0.0859375,0.9140625,31,13
010,0.05078125,0.94921875,31,15
011,0.072265625,0.927734375,29,13
