state,p_marked,error,gate_count,depth
000,0.146484375,0.853515625,23,11
001,0.1171875,0.8828125,23,11
010,0.13671875,0.86328125,23,11
011,0.1328125,0.8671875,23,11
