state,p_marked,error,gate_count,depth
000,0.125,0.875,49,25
001,0.11328125,0.88671875,47,23
010,0.107421875,0.892578125,47,25
011,0.109375,0.890625,45,23
