state,p_marked,error,gate_count,depth
000,0.07421875,0.92578125,34,17
001,0.080078125,0.919921875,32,15
010,0.068359375,0.931640625,32,17
011,0.041015625,0.958984375,30,15
