state,p_marked,error,gate_count,depth
000,0.068359375,0.931640625,35,18
001,0.05078125,0.94921875,33,16
010,0.0546875,0.9453125,33,18
011,0.068359375,0.931640625,31,16
