state,p_marked,error,gate_count,depth
000,0.271484375,0.728515625,38,19
001,0.15625,0.84375,36,17
010,0.2265625,0.7734375,36,19
011,0.1171875,0.8828125,34,17
