state,p_marked,error,gate_count,depth
000,0.09765625,0.90234375,33,16
001,0.134765625,0.865234375,31,14
010,0.13671875,0.86328125,31,16
011,0.13671875,0.86328125,29,14
