state,p_marked,error,gate_count,depth
000,0.099609375,0.900390625,33,16
001,0.107421875,0.892578125,31,14
010,0.162109375,0.837890625,31,16
011,0.125,0.875,29,14
