state,p_marked,error,gate_count,depth
000,0.130859375,0.869140625,25,11
001,0.123046875,0.876953125,25,11
010,0.11328125,0.88671875,25,11
011,0.154296875,0.845703125,25,11
