state,p_marked,error,gate_count,depth
000,0.111328125,0.888671875,60,32
001,0.12109375,0.87890625,48,20
010,0.095703125,0.904296875,48,32
011,0.14453125,0.85546875,36,20
