state,p_marked,error,gate_count,depth
000,0.158203125,0.841796875,33,16
001,0.12890625,0.87109375,31,14
010,0.16796875,0.83203125,31,16
011,0.123046875,0.876953125,29,14
