state,p_marked,error,gate_count,depth
000,0.0390625,0.9609375,92,58
001,0.140625,0.859375,88,54
010,0.02734375,0.97265625,88,58
011,0.2578125,0.7421875,84,54
