state,p_marked,error,gate_count,depth
000,0.1171875,0.8828125,15,7
001,0.16015625,0.83984375,13,5
010,0.11328125,0.88671875,13,7
011,0.126953125,0.873046875,11,5
