state,p_marked,error,gate_count,depth
000,0.146484375,0.853515625,34,16
001,0.1328125,0.8671875,32,14
010,0.11328125,0.88671875,32,16
011,0.115234375,0.884765625,30,14
