state,p_marked,error,gate_count,depth
000,0.509765625,0.490234375,41,21
001,0.482421875,0.517578125,37,17
010,0.541015625,0.458984375,37,21
011,0.486328125,0.513671875,33,17
