state,p_marked,error,gate_count,depth
000,0.12109375,0.87890625,58,30
001,0.130859375,0.869140625,54,26
010,0.1328125,0.8671875,54,30
011,0.111328125,0.888671875,50,26
