state,p_marked,error,gate_count,depth
000,0.576171875,0.423828125,42,21
001,0.5390625,0.4609375,38,17
010,0.578125,0.421875,38,21
011,0.55859375,0.44140625,34,17
