state,p_marked,error,gate_count,depth
000,0.0390625,0.9609375,32,15
001,0.068359375,0.931640625,30,13
010,0.056640625,0.943359375,30,15
011,0.064453125,0.935546875,28,13
