state,p_marked,error,gate_count,depth
000,0.2265625,0.7734375,34,18
001,0.0,1.0,32,16
010,0.255859375,0.744140625,32,18
011,0.0,1.0,30,16
