state,p_marked,error,gate_count,depth
000,0.544921875,0.455078125,33,16
001,0.51953125,0.48046875,31,14
010,0.57421875,0.42578125,31,16
011,0.552734375,0.447265625,29,14
