state,p_marked,error,gate_count,depth
000,0.158203125,0.841796875,23,11
001,0.115234375,0.884765625,23,11
010,0.103515625,0.896484375,23,11
011,0.12109375,0.87890625,23,11
