state,p_marked,error,gate_count,depth
000,0.55078125,0.44921875,42,21
001,0.58203125,0.41796875,38,17
010,0.5703125,0.4296875,38,21
011,0.5390625,0.4609375,34,17
