state,p_marked,error,gate_count,depth
000,0.013671875,0.986328125,41,21
001,0.0078125,0.9921875,39,19
010,0.0625,0.9375,39,21
011,0.0,1.0,37,19
