state,p_marked,error,gate_count,depth
000,0.525390625,0.474609375,42,21
001,0.544921875,0.455078125,38,17
010,0.583984375,0.416015625,38,21
011,0.623046875,0.376953125,34,17
