state,p_marked,error,gate_count,depth
000,0.13671875,0.86328125,42,22
001,0.0859375,0.9140625,34,14
010,0.134765625,0.865234375,34,22
011,0.146484375,0.853515625,26,14
