state,p_marked,error,gate_count,depth
000,0.119140625,0.880859375,33,17
001,0.125,0.875,27,11
010,0.123046875,0.876953125,27,17
011,0.130859375,0.869140625,21,11
