state,p_marked,error,gate_count,depth
000,0.234375,0.765625,58,29
001,0.25,0.75,54,25
010,0.271484375,0.728515625,54,29
011,0.2265625,0.7734375,50,25
