state,p_marked,error,gate_count,depth
000,0.552734375,0.447265625,34,17
001,0.578125,0.421875,32,15
010,0.068359375,0.931640625,32,17
011,0.056640625,0.943359375,30,15
