state,p_marked,error,gate_count,depth
000,0.05078125,0.94921875,33,16
001,0.06640625,0.93359375,31,14
010,0.076171875,0.923828125,31,16
011,0.048828125,0.951171875,29,14
