state,p_marked,error,gate_count,depth
000,0.12890625,0.87109375,41,20
001,0.103515625,0.896484375,41,20
010,0.12109375,0.87890625,41,20
011,0.123046875,0.876953125,41,20
