state,p_marked,error,gate_count,depth
000,0.537109375,0.462890625,89,56
001,0.099609375,0.900390625,85,52
010,0.154296875,0.845703125,85,56
011,0.216796875,0.783203125,81,52
