state,p_marked,error,gate_count,depth
000,0.447265625,0.552734375,33,17
001,0.4765625,0.5234375,31,15
010,0.5078125,0.4921875,31,17
011,0.482421875,0.517578125,29,15
