state,p_marked,error,gate_count,depth
000,0.498046875,0.501953125,33,17
001,0.5703125,0.4296875,31,15
010,0.48828125,0.51171875,31,17
011,0.51171875,0.48828125,29,15
