state,p_marked,error,gate_count,depth
000,0.1171875,0.8828125,15,7
001,0.119140625,0.880859375,13,5
010,0.142578125,0.857421875,13,7
011,0.099609375,0.900390625,11,5
