state,p_marked,error,gate_count,depth
000,0.47265625,0.52734375,41,21
001,0.50390625,0.49609375,37,17
010,0.466796875,0.533203125,37,21
011,0.49609375,0.50390625,33,17
