state,p_marked,error,gate_count,depth
000,0.5859375,0.4140625,42,21
001,0.50390625,0.49609375,38,17
010,0.580078125,0.419921875,38,21
011,0.564453125,0.435546875,34,17
