state,p_marked,error,gate_count,depth
000,0.5859375,0.4140625,33,16
001,0.595703125,0.404296875,31,14
010,0.556640625,0.443359375,31,16
011,0.58203125,0.41796875,29,14
