state,p_marked,error,gate_count,depth
000,0.0859375,0.9140625,32,16
001,0.056640625,0.943359375,30,14
010,0.078125,0.921875,30,16
011,0.056640625,0.943359375,28,14
