state,p_marked,error,gate_count,depth
000,0.607421875,0.392578125,34,17
001,0.5859375,0.4140625,32,15
010,0.572265625,0.427734375,32,17
011,0.060546875,0.939453125,30,15
