state,p_marked,error,gate_count,depth
000,0.126953125,0.873046875,62,32
001,0.11328125,0.88671875,62,32
010,0.166015625,0.833984375,62,32
011,0.125,0.875,62,32
