state,p_marked,error,gate_count,depth
000,0.24609375,0.75390625,37,23
001,0.025390625,0.974609375,37,23
010,0.19140625,0.80859375,37,23
011,0.017578125,0.982421875,37,23
