state,p_marked,error,gate_count,depth
000,0.0625,0.9375,35,17
001,0.048828125,0.951171875,33,15
010,0.048828125,0.951171875,33,17
011,0.0859375,0.9140625,31,15
