state,p_marked,error,gate_count,depth
000,0.220703125,0.779296875,42,21
001,0.248046875,0.751953125,38,17
010,0.23828125,0.76171875,38,21
011,0.244140625,0.755859375,34,17
