state,p_marked,error,gate_count,depth
000,0.197265625,0.802734375,33,17
001,0.25390625,0.74609375,31,15
010,0.283203125,0.716796875,31,17
011,0.21875,0.78125,29,15
