state,p_marked,error,gate_count,depth
000,0.494140625,0.505859375,33,16
001,0.525390625,0.474609375,31,14
010,0.50390625,0.49609375,31,16
011,0.4609375,0.5390625,29,14
