state,p_marked,error,gate_count,depth
000,0.486328125,0.513671875,33,16
001,0.4921875,0.5078125,31,14
010,0.509765625,0.490234375,31,16
011,0.4453125,0.5546875,29,14
