state,p_marked,error,gate_count,depth
000,0.408203125,0.591796875,90,55
001,0.17578125,0.82421875,86,51
010,0.060546875,0.939453125,86,55
011,0.009765625,0.990234375,82,51
