state,p_marked,error,gate_count,depth
000,0.10546875,0.89453125,46,23
001,0.1171875,0.8828125,46,23
010,0.099609375,0.900390625,46,23
011,0.111328125,0.888671875,46,23
