state,p_marked,error,gate_count,depth
000,0.119140625,0.880859375,49,25
001,0.1171875,0.8828125,47,23
010,0.115234375,0.884765625,47,25
011,0.095703125,0.904296875,45,23
