state,p_marked,error,gate_count,depth
000,0.052734375,0.947265625,34,18
001,0.052734375,0.947265625,32,16
010,0.0625,0.9375,32,18
011,0.076171875,0.923828125,30,16
