state,p_marked,error,gate_count,depth
000,0.140625,0.859375,49,24
001,0.142578125,0.857421875,47,22
010,0.12890625,0.87109375,47,24
011,0.115234375,0.884765625,45,22
