state,p_marked,error,gate_count,depth
000,0.541015625,0.458984375,32,16
001,0.521484375,0.478515625,30,14
010,0.505859375,0.494140625,30,16
011,0.44921875,0.55078125,28,14
