state,p_marked,error,gate_count,depth
000,0.15625,0.84375,32,16
001,0.115234375,0.884765625,30,14
010,0.1015625,0.8984375,30,16
011,0.1328125,0.8671875,28,14
