state,p_marked,error,gate_count,depth
000,0.060546875,0.939453125,60,31
001,0.078125,0.921875,56,27
010,0.046875,0.953125,56,31
011,0.060546875,0.939453125,52,27
