state,p_marked,error,gate_count,depth
000,0.099609375,0.900390625,42,22
001,0.13671875,0.86328125,34,14
010,0.14453125,0.85546875,34,22
011,0.15625,0.84375,26,14
