state,p_marked,error,gate_count,depth
000,0.10546875,0.89453125,40,19
001,0.1484375,0.8515625,40,19
010,0.111328125,0.888671875,40,19
011,0.115234375,0.884765625,40,19
