state,p_marked,error,gate_count,depth
000,0.01953125,0.98046875,69,34
001,0.017578125,0.982421875,67,32
010,0.123046875,0.876953125,67,34
011,0.013671875,0.986328125,65,32
