state,p_marked,error,gate_count,depth
000,0.212890625,0.787109375,45,24
001,0.556640625,0.443359375,43,22
010,0.263671875,0.736328125,43,24
011,0.51953125,0.48046875,41,22
