state,p_marked,error,gate_count,depth
000,0.517578125,0.482421875,33,16
001,0.49609375,0.50390625,31,14
010,0.130859375,0.869140625,31,16
011,0.134765625,0.865234375,29,14
