state,p_marked,error,gate_count,depth
000,0.478515625,0.521484375,33,16
001,0.458984375,0.541015625,31,14
010,0.5,0.5,31,16
011,0.478515625,0.521484375,29,14
