state,p_marked,error,gate_count,depth
000,0.005859375,0.994140625,63,44
001,0.095703125,0.904296875,63,44
010,0.24609375,0.75390625,63,44
011,0.16796875,0.83203125,63,44
