state,p_marked,error,gate_count,depth
000,0.486328125,0.513671875,32,16
001,0.50390625,0.49609375,30,14
010,0.537109375,0.462890625,30,16
011,0.453125,0.546875,28,14
