state,p_marked,error,gate_count,depth
000,0.60546875,0.39453125,43,22
001,0.576171875,0.423828125,39,18
010,0.583984375,0.416015625,39,22
011,0.5546875,0.4453125,35,18
