state,p_marked,error,gate_count,depth
000,0.349609375,0.650390625,33,17
001,0.38671875,0.61328125,31,15
010,0.373046875,0.626953125,31,17
011,0.3203125,0.6796875,29,15
