state,p_marked,error,gate_count,depth
000,0.24609375,0.75390625,52,25
001,0.240234375,0.759765625,50,23
010,0.25390625,0.74609375,50,25
011,0.0,1.0,48,23
