state,p_marked,error,gate_count,depth
000,0.572265625,0.427734375,33,16
001,0.5859375,0.4140625,31,14
010,0.591796875,0.408203125,31,16
011,0.595703125,0.404296875,29,14
