state,p_marked,error,gate_count,depth
000,0.126953125,0.873046875,32,15
001,0.130859375,0.869140625,30,13
010,0.138671875,0.861328125,30,15
011,0.099609375,0.900390625,28,13
