state,p_marked,error,gate_count,depth
000,0.484375,0.515625,41,21
001,0.484375,0.515625,37,17
010,0.466796875,0.533203125,37,21
011,0.45703125,0.54296875,33,17
