state,p_marked,error,gate_count,depth
000,0.0,1.0,38,21
001,0.10546875,0.89453125,36,19
010,0.146484375,0.853515625,36,21
011,0.0,1.0,34,19
