state,p_marked,error,gate_count,depth
000,0.248046875,0.751953125,33,17
001,0.216796875,0.783203125,31,15
010,0.271484375,0.728515625,31,17
011,0.234375,0.765625,29,15
