state,p_marked,error,gate_count,depth
000,0.158203125,0.841796875,46,24
001,0.109375,0.890625,42,20
010,0.146484375,0.853515625,42,24
011,0.115234375,0.884765625,38,20
