state,p_marked,error,gate_count,depth
000,0.521484375,0.478515625,42,22
001,0.486328125,0.513671875,38,18
010,0.470703125,0.529296875,38,22
011,0.494140625,0.505859375,34,18
