state,p_marked,error,gate_count,depth
000,0.544921875,0.455078125,34,17
001,0.525390625,0.474609375,32,15
010,0.55078125,0.44921875,32,17
011,0.52734375,0.47265625,30,15
