state,p_marked,error,gate_count,depth
000,0.48046875,0.51953125,32,16
001,0.490234375,0.509765625,30,14
010,0.486328125,0.513671875,30,16
011,0.49609375,0.50390625,28,14
