state,p_marked,error,gate_count,depth
000,0.1328125,0.8671875,42,22
001,0.134765625,0.865234375,34,14
010,0.140625,0.859375,34,22
011,0.154296875,0.845703125,26,14
