state,p_marked,error,gate_count,depth
000,0.13671875,0.86328125,42,22
001,0.12109375,0.87890625,34,14
010,0.125,0.875,34,22
011,0.1328125,0.8671875,26,14
