state,p_marked,error,gate_count,depth
000,0.51953125,0.48046875,42,21
001,0.55078125,0.44921875,38,17
010,0.57421875,0.42578125,38,21
011,0.56640625,0.43359375,34,17
