state,p_marked,error,gate_count,depth
000,0.12109375,0.87890625,42,22
001,0.134765625,0.865234375,34,14
010,0.12890625,0.87109375,34,22
011,0.115234375,0.884765625,26,14
