state,p_marked,error,gate_count,depth
000,0.0,1.0,32,15
001,0.0,1.0,30,13
010,0.125,0.875,30,15
011,0.12109375,0.87890625,28,13
