state,p_marked,error,gate_count,depth
000,0.248046875,0.751953125,33,17
001,0.23828125,0.76171875,31,15
010,0.20703125,0.79296875,31,17
011,0.244140625,0.755859375,29,15
