state,p_marked,error,gate_count,depth
000,0.60546875,0.39453125,45,24
001,0.552734375,0.447265625,41,20
010,0.560546875,0.439453125,41,24
011,0.052734375,0.947265625,37,20
