state,p_marked,error,gate_count,depth
000,0.50390625,0.49609375,33,16
001,0.462890625,0.537109375,31,14
010,0.51171875,0.48828125,31,16
011,0.466796875,0.533203125,29,14
