state,p_marked,error,gate_count,depth
000,0.107421875,0.892578125,15,7
001,0.134765625,0.865234375,13,5
010,0.115234375,0.884765625,13,7
011,0.134765625,0.865234375,11,5
