state,p_marked,error,gate_count,depth
000,0.109375,0.890625,42,21
001,0.12890625,0.87109375,38,18
010,0.1171875,0.8828125,38,21
011,0.10546875,0.89453125,34,17
