state,p_marked,error,gate_count,depth
000,0.005859375,0.994140625,35,17
001,0.005859375,0.994140625,33,15
010,0.00390625,0.99609375,33,17
011,0.0078125,0.9921875,31,15
