state,p_marked,error,gate_count,depth
000,0.080078125,0.919921875,99,56
001,0.099609375,0.900390625,95,53
010,0.146484375,0.853515625,95,56
011,0.03125,0.96875,91,53
