state,p_marked,error,gate_count,depth
000,0.138671875,0.861328125,33,15
001,0.126953125,0.873046875,31,13
010,0.11328125,0.88671875,31,15
011,0.12109375,0.87890625,29,13
