state,p_marked,error,gate_count,depth
000,0.572265625,0.427734375,42,21
001,0.548828125,0.451171875,38,17
010,0.525390625,0.474609375,38,21
011,0.521484375,0.478515625,34,17
