state,p_marked,error,gate_count,depth
000,0.48828125,0.51171875,41,21
001,0.5234375,0.4765625,37,17
010,0.513671875,0.486328125,37,21
011,0.484375,0.515625,33,17
