state,p_marked,error,gate_count,depth
000,0.244140625,0.755859375,59,32
001,0.1171875,0.8828125,57,30
010,0.15234375,0.84765625,57,32
011,0.05078125,0.94921875,55,30
