state,p_marked,error,gate_count,depth
000,0.236328125,0.763671875,23,10
001,0.25,0.75,23,10
010,0.0,1.0,23,10
011,0.0,1.0,23,10
