state,p_marked,error,gate_count,depth
000,0.107421875,0.892578125,46,24
001,0.111328125,0.888671875,42,20
010,0.126953125,0.873046875,42,24
011,0.130859375,0.869140625,38,20
