state,p_marked,error,gate_count,depth
000,0.23046875,0.76953125,38,19
001,0.119140625,0.880859375,36,17
010,0.263671875,0.736328125,36,19
011,0.16015625,0.83984375,34,17
