state,p_marked,error,gate_count,depth
000,0.541015625,0.458984375,32,16
001,0.46484375,0.53515625,30,14
010,0.5234375,0.4765625,30,16
011,0.51953125,0.48046875,28,14
