state,p_marked,error,gate_count,depth
000,0.107421875,0.892578125,77,42
001,0.2578125,0.7421875,75,40
010,0.107421875,0.892578125,75,42
011,0.26171875,0.73828125,73,40
