state,p_marked,error,gate_count,depth
000,0.326171875,0.673828125,34,17
001,0.3203125,0.6796875,32,15
010,0.31640625,0.68359375,32,17
011,0.29296875,0.70703125,30,15
