state,p_marked,error,gate_count,depth
000,0.095703125,0.904296875,33,17
001,0.10546875,0.89453125,31,15
010,0.1328125,0.8671875,31,17
011,0.158203125,0.841796875,29,15
