state,p_marked,error,gate_count,depth
000,0.0078125,0.9921875,25,12
001,0.244140625,0.755859375,25,12
010,0.265625,0.734375,25,12
011,0.005859375,0.994140625,25,12
