state,p_marked,error,gate_count,depth
000,0.46875,0.53125,33,16
001,0.533203125,0.466796875,31,14
010,0.501953125,0.498046875,31,16
011,0.4921875,0.5078125,29,14
