state,p_marked,error,gate_count,depth
000,0.50390625,0.49609375,32,16
001,0.498046875,0.501953125,30,14
010,0.5234375,0.4765625,30,16
011,0.513671875,0.486328125,28,14
