state,p_marked,error,gate_count,depth
000,0.607421875,0.392578125,42,21
001,0.5625,0.4375,38,17
010,0.513671875,0.486328125,38,21
011,0.59375,0.40625,34,17
