state,p_marked,error,gate_count,depth
000,0.09765625,0.90234375,42,22
001,0.126953125,0.873046875,34,14
010,0.126953125,0.873046875,34,22
011,0.11328125,0.88671875,26,14
