state,p_marked,error,gate_count,depth
000,0.458984375,0.541015625,33,17
001,0.521484375,0.478515625,31,15
010,0.505859375,0.494140625,31,17
011,0.123046875,0.876953125,29,15
