state,p_marked,error,gate_count,depth
000,0.05078125,0.94921875,33,16
001,0.08984375,0.91015625,31,14
010,0.05859375,0.94140625,31,16
011,0.06640625,0.93359375,29,14
