state,p_marked,error,gate_count,depth
000,0.16015625,0.83984375,32,15
001,0.123046875,0.876953125,30,13
010,0.11328125,0.88671875,30,15
011,0.12109375,0.87890625,28,13
