state,p_marked,error,gate_count,depth
000,0.0,1.0,37,20
001,0.09375,0.90625,35,18
010,0.115234375,0.884765625,35,20
011,0.0,1.0,33,18
