state,p_marked,error,gate_count,depth
000,0.146484375,0.853515625,42,22
001,0.140625,0.859375,34,14
010,0.119140625,0.880859375,34,22
011,0.14453125,0.85546875,26,14
