state,p_marked,error,gate_count,depth
000,0.130859375,0.869140625,42,22
001,0.134765625,0.865234375,34,14
010,0.111328125,0.888671875,34,22
011,0.14453125,0.85546875,26,14
