state,p_marked,error,gate_count,depth
000,0.5234375,0.4765625,34,17
001,0.13671875,0.86328125,32,15
010,0.544921875,0.455078125,32,17
011,0.125,0.875,30,15
