state,p_marked,error,gate_count,depth
000,0.603515625,0.396484375,33,16
001,0.546875,0.453125,31,14
010,0.591796875,0.408203125,31,16
011,0.572265625,0.427734375,29,14
