state,p_marked,error,gate_count,depth
000,0.23046875,0.76953125,36,19
001,0.265625,0.734375,34,17
010,0.279296875,0.720703125,34,19
011,0.21875,0.78125,32,17
