state,p_marked,error,gate_count,depth
000,0.302734375,0.697265625,59,31
001,0.23046875,0.76953125,51,23
010,0.244140625,0.755859375,51,31
011,0.244140625,0.755859375,43,23
