state,p_marked,error,gate_count,depth
000,0.130859375,0.869140625,24,12
001,0.154296875,0.845703125,20,8
010,0.10546875,0.89453125,20,12
011,0.150390625,0.849609375,16,8
