state,p_marked,error,gate_count,depth
000,0.16015625,0.83984375,24,12
001,0.15234375,0.84765625,20,8
010,0.12109375,0.87890625,20,12
011,0.126953125,0.873046875,16,8
