state,p_marked,error,gate_count,depth
000,0.138671875,0.861328125,41,21
001,0.130859375,0.869140625,37,17
010,0.11328125,0.88671875,37,21
011,0.12890625,0.87109375,33,17
