state,p_marked,error,gate_count,depth
000,0.50390625,0.49609375,34,16
001,0.53515625,0.46484375,32,14
010,0.4765625,0.5234375,32,16
011,0.4921875,0.5078125,30,14
