state,p_marked,error,gate_count,depth
000,0.154296875,0.845703125,41,20
001,0.146484375,0.853515625,37,16
010,0.138671875,0.861328125,37,20
011,0.150390625,0.849609375,33,16
