state,p_marked,error,gate_count,depth
000,0.181640625,0.818359375,66,39
001,0.056640625,0.943359375,64,37
010,0.19140625,0.80859375,64,39
011,0.171875,0.828125,62,37
