state,p_marked,error,gate_count,depth
000,0.134765625,0.865234375,60,30
001,0.126953125,0.873046875,60,30
010,0.1484375,0.8515625,60,30
011,0.1328125,0.8671875,60,30
