state,p_marked,error,gate_count,depth
000,0.4921875,0.5078125,32,16
001,0.548828125,0.451171875,30,14
010,0.474609375,0.525390625,30,16
011,0.513671875,0.486328125,28,14
