state,p_marked,error,gate_count,depth
000,0.4609375,0.5390625,32,16
001,0.4921875,0.5078125,30,14
010,0.470703125,0.529296875,30,16
011,0.501953125,0.498046875,28,14
