state,p_marked,error,gate_count,depth
000,0.1171875,0.8828125,15,7
001,0.130859375,0.869140625,13,5
010,0.158203125,0.841796875,13,7
011,0.091796875,0.908203125,11,5
