state,p_marked,error,gate_count,depth
000,0.1796875,0.8203125,50,24
001,0.107421875,0.892578125,48,22
010,0.1484375,0.8515625,48,24
011,0.095703125,0.904296875,46,22
