state,p_marked,error,gate_count,depth
000,0.107421875,0.892578125,42,22
001,0.109375,0.890625,34,14
010,0.091796875,0.908203125,34,22
011,0.109375,0.890625,26,14
