state,p_marked,error,gate_count,depth
000,0.564453125,0.435546875,33,16
001,0.5625,0.4375,31,14
010,0.583984375,0.416015625,31,16
011,0.544921875,0.455078125,29,14
