state,p_marked,error,gate_count,depth
000,0.529296875,0.470703125,33,16
001,0.564453125,0.435546875,31,14
010,0.533203125,0.466796875,31,16
011,0.5546875,0.4453125,29,14
