state,p_marked,error,gate_count,depth
000,0.134765625,0.865234375,24,12
001,0.115234375,0.884765625,20,8
010,0.09375,0.90625,20,12
011,0.11328125,0.88671875,16,8
