state,p_marked,error,gate_count,depth
000,0.0,1.0,47,25
001,0.134765625,0.865234375,43,21
010,0.0,1.0,43,25
011,0.13671875,0.86328125,39,21
