state,p_marked,error,gate_count,depth
000,0.115234375,0.884765625,32,15
001,0.146484375,0.853515625,30,13
010,0.109375,0.890625,30,15
011,0.138671875,0.861328125,28,13
