state,p_marked,error,gate_count,depth
000,0.095703125,0.904296875,41,21
001,0.119140625,0.880859375,37,17
010,0.13671875,0.86328125,37,21
011,0.111328125,0.888671875,33,17
