state,p_marked,error,gate_count,depth
000,0.130859375,0.869140625,32,15
001,0.142578125,0.857421875,30,13
010,0.119140625,0.880859375,30,15
011,0.11328125,0.88671875,28,13
