state,p_marked,error,gate_count,depth
000,0.123046875,0.876953125,54,29
001,0.119140625,0.880859375,48,23
010,0.11328125,0.88671875,48,29
011,0.0,1.0,42,23
