state,p_marked,error,gate_count,depth
000,0.544921875,0.455078125,33,17
001,0.478515625,0.521484375,31,15
010,0.55078125,0.44921875,31,17
011,0.51953125,0.48046875,29,15
