state,p_marked,error,gate_count,depth
000,0.525390625,0.474609375,42,21
001,0.6015625,0.3984375,38,17
010,0.568359375,0.431640625,38,21
011,0.53125,0.46875,34,17
