state,p_marked,error,gate_count,depth
000,0.474609375,0.525390625,41,21
001,0.533203125,0.466796875,37,17
010,0.5,0.5,37,21
011,0.525390625,0.474609375,33,17
