state,p_marked,error,gate_count,depth
000,0.123046875,0.876953125,43,21
001,0.123046875,0.876953125,39,17
010,0.166015625,0.833984375,39,21
011,0.08984375,0.91015625,35,17
