state,p_marked,error,gate_count,depth
000,0.26171875,0.73828125,32,16
001,0.265625,0.734375,30,14
010,0.26171875,0.73828125,30,16
011,0.265625,0.734375,28,14
