state,p_marked,error,gate_count,depth
000,0.455078125,0.544921875,32,16
001,0.484375,0.515625,30,14
010,0.447265625,0.552734375,30,16
011,0.537109375,0.462890625,28,14
