state,p_marked,error,gate_count,depth
000,0.51171875,0.48828125,42,22
001,0.466796875,0.533203125,38,18
010,0.521484375,0.478515625,38,22
011,0.48828125,0.51171875,34,18
