state,p_marked,error,gate_count,depth
000,0.572265625,0.427734375,33,16
001,0.54296875,0.45703125,31,14
010,0.5546875,0.4453125,31,16
011,0.55078125,0.44921875,29,14
