state,p_marked,error,gate_count,depth
000,0.462890625,0.537109375,33,17
001,0.509765625,0.490234375,31,15
010,0.533203125,0.466796875,31,17
011,0.537109375,0.462890625,29,15
