state,p_marked,error,gate_count,depth
000,0.052734375,0.947265625,32,15
001,0.046875,0.953125,30,13
010,0.05859375,0.94140625,30,15
011,0.044921875,0.955078125,28,13
