state,p_marked,error,gate_count,depth
000,0.1328125,0.8671875,41,21
001,0.130859375,0.869140625,37,17
010,0.111328125,0.888671875,37,21
011,0.126953125,0.873046875,33,17
