state,p_marked,error,gate_count,depth
000,0.076171875,0.923828125,33,17
001,0.125,0.875,27,11
010,0.166015625,0.833984375,27,17
011,0.15234375,0.84765625,21,11
