state,p_marked,error,gate_count,depth
000,0.333984375,0.666015625,53,34
001,0.240234375,0.759765625,53,34
010,0.248046875,0.751953125,53,34
011,0.015625,0.984375,53,34
