state,p_marked,error,gate_count,depth
000,0.146484375,0.853515625,42,22
001,0.150390625,0.849609375,34,14
010,0.103515625,0.896484375,34,22
011,0.16015625,0.83984375,26,14
