state,p_marked,error,gate_count,depth
000,0.12109375,0.87890625,15,7
001,0.08984375,0.91015625,13,5
010,0.138671875,0.861328125,13,7
011,0.126953125,0.873046875,11,5
