state,p_marked,error,gate_count,depth
000,0.140625,0.859375,63,32
001,0.14453125,0.85546875,59,28
010,0.162109375,0.837890625,59,32
011,0.169921875,0.830078125,55,28
