state,p_marked,error,gate_count,depth
000,0.09765625,0.90234375,46,23
001,0.11328125,0.88671875,46,23
010,0.109375,0.890625,46,23
011,0.125,0.875,46,23
