state,p_marked,error,gate_count,depth
000,0.23046875,0.76953125,41,20
001,0.2421875,0.7578125,41,20
010,0.287109375,0.712890625,41,20
011,0.26171875,0.73828125,41,20
