state,p_marked,error,gate_count,depth
000,0.59765625,0.40234375,33,16
001,0.5390625,0.4609375,31,14
010,0.578125,0.421875,31,16
011,0.58203125,0.41796875,29,14
