state,p_marked,error,gate_count,depth
000,0.0859375,0.9140625,51,27
001,0.115234375,0.884765625,41,17
010,0.109375,0.890625,41,27
011,0.11328125,0.88671875,31,17
