state,p_marked,error,gate_count,depth
000,0.068359375,0.931640625,58,38
001,0.052734375,0.947265625,58,38
010,0.310546875,0.689453125,58,38
011,0.328125,0.671875,58,38
