state,p_marked,error,gate_count,depth
000,0.107421875,0.892578125,27,14
001,0.126953125,0.873046875,27,14
010,0.125,0.875,27,14
011,0.125,0.875,27,14
