state,p_marked,error,gate_count,depth
000,0.2421875,0.7578125,33,16
001,0.236328125,0.763671875,31,15
010,0.228515625,0.771484375,31,16
011,0.25,0.75,29,15
