state,p_marked,error,gate_count,depth
000,0.125,0.875,46,24
001,0.138671875,0.861328125,42,20
010,0.125,0.875,42,24
011,0.134765625,0.865234375,38,20
