state,p_marked,error,gate_count,depth
000,0.140625,0.859375,110,68
001,0.048828125,0.951171875,108,66
010,0.27734375,0.72265625,108,68
011,0.09375,0.90625,106,66
