state,p_marked,error,gate_count,depth
000,0.162109375,0.837890625,46,24
001,0.1015625,0.8984375,42,20
010,0.12109375,0.87890625,42,24
011,0.134765625,0.865234375,38,20
