state,p_marked,error,gate_count,depth
000,0.142578125,0.857421875,33,16
001,0.509765625,0.490234375,31,14
010,0.494140625,0.505859375,31,16
011,0.107421875,0.892578125,29,14
