state,p_marked,error,gate_count,depth
000,0.53515625,0.46484375,33,16
001,0.556640625,0.443359375,31,14
010,0.583984375,0.416015625,31,16
011,0.51953125,0.48046875,29,14
