state,p_marked,error,gate_count,depth
000,0.07421875,0.92578125,87,51
001,0.01171875,0.98828125,85,49
010,0.40625,0.59375,85,51
011,0.013671875,0.986328125,83,49
