state,p_marked,error,gate_count,depth
000,0.015625,0.984375,89,50
001,0.20703125,0.79296875,85,46
010,0.36328125,0.63671875,85,50
011,0.08203125,0.91796875,81,46
