state,p_marked,error,gate_count,depth
000,0.537109375,0.462890625,42,21
001,0.58203125,0.41796875,38,17
010,0.576171875,0.423828125,38,21
011,0.595703125,0.404296875,34,17
