state,p_marked,error,gate_count,depth
000,0.064453125,0.935546875,33,17
001,0.068359375,0.931640625,31,15
010,0.0703125,0.9296875,31,17
011,0.052734375,0.947265625,29,15
