state,p_marked,error,gate_count,depth
000,0.453125,0.546875,33,17
001,0.5390625,0.4609375,31,15
010,0.50390625,0.49609375,31,17
011,0.515625,0.484375,29,15
