state,p_marked,error,gate_count,depth
000,0.5078125,0.4921875,33,17
001,0.51171875,0.48828125,31,15
010,0.51953125,0.48046875,31,17
011,0.49609375,0.50390625,29,15
