state,p_marked,error,gate_count,depth
000,0.541015625,0.458984375,33,16
001,0.494140625,0.505859375,31,14
010,0.4921875,0.5078125,31,16
011,0.501953125,0.498046875,29,14
