state,p_marked,error,gate_count,depth
000,0.064453125,0.935546875,41,20
001,0.0625,0.9375,37,16
010,0.072265625,0.927734375,37,20
011,0.052734375,0.947265625,33,16
