state,p_marked,error,gate_count,depth
000,0.12109375,0.87890625,78,42
001,0.146484375,0.853515625,66,30
010,0.10546875,0.89453125,66,42
011,0.11328125,0.88671875,54,30
