state,p_marked,error,gate_count,depth
000,0.056640625,0.943359375,32,15
001,0.060546875,0.939453125,30,13
010,0.08984375,0.91015625,30,15
011,0.068359375,0.931640625,28,13
