state,p_marked,error,gate_count,depth
000,0.33203125,0.66796875,33,16
001,0.314453125,0.685546875,31,14
010,0.34765625,0.65234375,31,16
011,0.3359375,0.6640625,29,14
