state,p_marked,error,gate_count,depth
000,0.091796875,0.908203125,15,7
001,0.1171875,0.8828125,13,5
010,0.134765625,0.865234375,13,7
011,0.1484375,0.8515625,11,5
