state,p_marked,error,gate_count,depth
000,0.478515625,0.521484375,35,19
001,0.533203125,0.466796875,33,17
010,0.501953125,0.498046875,33,19
011,0.48046875,0.51953125,31,17
