state,p_marked,error,gate_count,depth
000,0.109375,0.890625,25,13
001,0.162109375,0.837890625,25,13
010,0.126953125,0.873046875,25,13
011,0.119140625,0.880859375,25,13
