state,p_marked,error,gate_count,depth
000,0.091796875,0.908203125,33,16
001,0.126953125,0.873046875,31,14
010,0.13671875,0.86328125,31,16
011,0.12109375,0.87890625,29,14
