state,p_marked,error,gate_count,depth
000,0.138671875,0.861328125,32,15
001,0.11328125,0.88671875,30,13
010,0.138671875,0.861328125,30,15
011,0.111328125,0.888671875,28,13
