state,p_marked,error,gate_count,depth
000,0.208984375,0.791015625,46,28
001,0.005859375,0.994140625,46,28
010,0.0078125,0.9921875,46,28
011,0.291015625,0.708984375,46,28
