state,p_marked,error,gate_count,depth
000,0.068359375,0.931640625,40,19
001,0.078125,0.921875,38,17
010,0.0546875,0.9453125,38,19
011,0.048828125,0.951171875,36,17
