state,p_marked,error,gate_count,depth
000,0.548828125,0.451171875,42,21
001,0.521484375,0.478515625,38,17
010,0.55078125,0.44921875,38,21
011,0.58984375,0.41015625,34,17
