state,p_marked,error,gate_count,depth
000,0.12109375,0.87890625,51,27
001,0.119140625,0.880859375,41,17
010,0.158203125,0.841796875,41,27
011,0.125,0.875,31,17
