state,p_marked,error,gate_count,depth
000,0.0,1.0,41,21
001,0.12890625,0.87109375,37,17
010,0.0,1.0,37,21
011,0.123046875,0.876953125,33,17
