state,p_marked,error,gate_count,depth
000,0.443359375,0.556640625,32,16
001,0.5,0.5,30,14
010,0.49609375,0.50390625,30,16
011,0.5,0.5,28,14
