state,p_marked,error,gate_count,depth
000,0.150390625,0.849609375,53,27
001,0.0,1.0,51,25
010,0.0,1.0,51,27
011,0.0,1.0,49,25
