state,p_marked,error,gate_count,depth
000,0.12109375,0.87890625,51,27
001,0.111328125,0.888671875,41,17
010,0.107421875,0.892578125,41,27
011,0.1171875,0.8828125,31,17
