state,p_marked,error,gate_count,depth
000,0.11328125,0.88671875,46,24
001,0.13671875,0.86328125,42,20
010,0.123046875,0.876953125,42,24
011,0.126953125,0.873046875,38,20
