state,p_marked,error,gate_count,depth
000,0.54296875,0.45703125,42,21
001,0.564453125,0.435546875,38,17
010,0.56640625,0.43359375,38,21
011,0.59375,0.40625,34,17
