state,p_marked,error,gate_count,depth
000,0.12890625,0.87109375,60,32
001,0.12890625,0.87109375,52,24
010,0.140625,0.859375,52,32
011,0.107421875,0.892578125,44,24
