state,p_marked,error,gate_count,depth
000,0.26171875,0.73828125,47,24
001,0.123046875,0.876953125,43,20
010,0.24609375,0.75390625,43,24
011,0.10546875,0.89453125,39,20
