state,p_marked,error,gate_count,depth
000,0.154296875,0.845703125,43,23
001,0.146484375,0.853515625,39,19
010,0.125,0.875,39,23
011,0.103515625,0.896484375,35,19
