state,p_marked,error,gate_count,depth
000,0.478515625,0.521484375,33,17
001,0.494140625,0.505859375,31,15
010,0.50390625,0.49609375,31,17
011,0.486328125,0.513671875,29,15
