state,p_marked,error,gate_count,depth
000,0.140625,0.859375,24,12
001,0.134765625,0.865234375,20,8
010,0.109375,0.890625,20,12
011,0.1484375,0.8515625,16,8
