state,p_marked,error,gate_count,depth
000,0.12109375,0.87890625,38,19
001,0.1328125,0.8671875,36,18
010,0.115234375,0.884765625,36,19
011,0.1171875,0.8828125,34,18
