state,p_marked,error,gate_count,depth
000,0.052734375,0.947265625,59,30
001,0.078125,0.921875,51,22
010,0.05078125,0.94921875,51,30
011,0.060546875,0.939453125,43,22
