state,p_marked,error,gate_count,depth
000,0.1171875,0.8828125,24,12
001,0.123046875,0.876953125,20,8
010,0.1171875,0.8828125,20,12
011,0.08984375,0.91015625,16,8
