state,p_marked,error,gate_count,depth
000,0.498046875,0.501953125,42,21
001,0.533203125,0.466796875,38,17
010,0.5390625,0.4609375,38,21
011,0.578125,0.421875,34,17
