state,p_marked,error,gate_count,depth
000,0.005859375,0.994140625,76,52
001,0.080078125,0.919921875,74,50
010,0.2109375,0.7890625,74,52
011,0.05859375,0.94140625,72,50
