state,p_marked,error,gate_count,depth
000,0.1171875,0.8828125,54,29
001,0.11328125,0.88671875,52,27
010,0.13671875,0.86328125,52,29
011,0.138671875,0.861328125,50,27
