state,p_marked,error,gate_count,depth
000,0.0703125,0.9296875,33,15
001,0.05078125,0.94921875,31,13
010,0.0703125,0.9296875,31,15
011,0.08203125,0.91796875,29,13
