state,p_marked,error,gate_count,depth
000,0.123046875,0.876953125,32,15
001,0.1484375,0.8515625,30,13
010,0.11328125,0.88671875,30,15
011,0.107421875,0.892578125,28,13
