state,p_marked,error,gate_count,depth
000,0.1328125,0.8671875,24,12
001,0.16015625,0.83984375,20,8
010,0.15625,0.84375,20,12
011,0.126953125,0.873046875,16,8
