state,p_marked,error,gate_count,depth
000,0.107421875,0.892578125,65,33
001,0.130859375,0.869140625,61,29
010,0.125,0.875,61,33
011,0.125,0.875,57,29
