state,p_marked,error,gate_count,depth
000,0.12109375,0.87890625,50,25
001,0.123046875,0.876953125,44,19
010,0.140625,0.859375,44,25
011,0.123046875,0.876953125,38,19
