state,p_marked,error,gate_count,depth
000,0.0625,0.9375,32,15
001,0.0625,0.9375,30,13
010,0.046875,0.953125,30,15
011,0.076171875,0.923828125,28,13
