state,p_marked,error,gate_count,depth
000,0.12109375,0.87890625,33,17
001,0.0,1.0,31,15
010,0.13671875,0.86328125,31,17
011,0.1328125,0.8671875,29,15
