state,p_marked,error,gate_count,depth
000,0.556640625,0.443359375,41,21
001,0.552734375,0.447265625,37,17
010,0.48828125,0.51171875,37,21
011,0.4609375,0.5390625,33,17
