state,p_marked,error,gate_count,depth
000,0.115234375,0.884765625,51,27
001,0.1015625,0.8984375,41,17
010,0.099609375,0.900390625,41,27
011,0.09375,0.90625,31,17
