state,p_marked,error,gate_count,depth
000,0.525390625,0.474609375,33,17
001,0.5,0.5,31,15
010,0.49609375,0.50390625,31,17
011,0.103515625,0.896484375,29,15
