state,p_marked,error,gate_count,depth
000,0.041015625,0.958984375,51,26
001,0.046875,0.953125,49,24
010,0.025390625,0.974609375,49,26
011,0.03515625,0.96484375,47,24
