state,p_marked,error,gate_count,depth
000,0.5703125,0.4296875,51,26
001,0.55859375,0.44140625,45,20
010,0.548828125,0.451171875,45,26
011,0.525390625,0.474609375,39,20
