state,p_marked,error,gate_count,depth
000,0.1328125,0.8671875,24,12
001,0.12890625,0.87109375,20,8
010,0.107421875,0.892578125,20,12
011,0.142578125,0.857421875,16,8
