state,p_marked,error,gate_count,depth
000,0.12109375,0.87890625,46,31
001,0.189453125,0.810546875,46,31
010,0.091796875,0.908203125,46,31
011,0.15625,0.84375,46,31
