state,p_marked,error,gate_count,depth
000,0.125,0.875,41,20
001,0.12109375,0.87890625,37,16
010,0.119140625,0.880859375,37,20
011,0.111328125,0.888671875,33,16
