state,p_marked,error,gate_count,depth
000,0.576171875,0.423828125,33,16
001,0.55078125,0.44921875,31,14
010,0.60546875,0.39453125,31,16
011,0.587890625,0.412109375,29,14
