state,p_marked,error,gate_count,depth
000,0.2890625,0.7109375,60,31
001,0.30859375,0.69140625,56,28
010,0.0546875,0.9453125,56,31
011,0.0234375,0.9765625,52,28
