state,p_marked,error,gate_count,depth
000,0.01953125,0.98046875,40,22
001,0.109375,0.890625,38,20
010,0.109375,0.890625,38,22
011,0.0234375,0.9765625,36,20
