state,p_marked,error,gate_count,depth
000,0.259765625,0.740234375,38,19
001,0.126953125,0.873046875,36,17
010,0.265625,0.734375,36,19
011,0.162109375,0.837890625,34,17
