state,p_marked,error,gate_count,depth
000,0.080078125,0.919921875,167,91
001,0.060546875,0.939453125,163,87
010,0.328125,0.671875,163,91
011,0.13671875,0.86328125,159,87
