state,p_marked,error,gate_count,depth
000,0.130859375,0.869140625,41,19
001,0.119140625,0.880859375,41,19
010,0.134765625,0.865234375,41,19
011,0.126953125,0.873046875,41,19
