state,p_marked,error,gate_count,depth
000,0.119140625,0.880859375,47,25
001,0.138671875,0.861328125,43,21
010,0.125,0.875,43,25
011,0.11328125,0.88671875,39,21
