state,p_marked,error,gate_count,depth
000,0.4609375,0.5390625,33,16
001,0.439453125,0.560546875,31,14
010,0.5,0.5,31,16
011,0.494140625,0.505859375,29,14
