state,p_marked,error,gate_count,depth
000,0.5,0.5,42,22
001,0.521484375,0.478515625,38,18
010,0.515625,0.484375,38,22
011,0.498046875,0.501953125,34,18
