state,p_marked,error,gate_count,depth
000,0.134765625,0.865234375,57,30
001,0.0234375,0.9765625,55,28
010,0.431640625,0.568359375,55,30
011,0.1953125,0.8046875,53,28
