state,p_marked,error,gate_count,depth
000,0.583984375,0.416015625,33,16
001,0.58203125,0.41796875,31,14
010,0.541015625,0.458984375,31,16
011,0.572265625,0.427734375,29,14
