state,p_marked,error,gate_count,depth
000,0.1171875,0.8828125,42,23
001,0.380859375,0.619140625,40,21
010,0.470703125,0.529296875,40,23
011,0.013671875,0.986328125,38,21
