state,p_marked,error,gate_count,depth
000,0.494140625,0.505859375,34,18
001,0.501953125,0.498046875,32,16
010,0.494140625,0.505859375,32,18
011,0.46875,0.53125,30,16
