state,p_marked,error,gate_count,depth
000,0.140625,0.859375,42,22
001,0.126953125,0.873046875,34,14
010,0.138671875,0.861328125,34,22
011,0.12109375,0.87890625,26,14
