state,p_marked,error,gate_count,depth
000,0.1015625,0.8984375,38,20
001,0.0,1.0,36,18
010,0.1015625,0.8984375,36,20
011,0.0,1.0,34,18
