state,p_marked,error,gate_count,depth
000,0.109375,0.890625,33,16
001,0.115234375,0.884765625,31,14
010,0.13671875,0.86328125,31,16
011,0.126953125,0.873046875,29,14
