state,p_marked,error,gate_count,depth
000,0.5703125,0.4296875,42,21
001,0.62109375,0.37890625,38,17
010,0.517578125,0.482421875,38,21
011,0.552734375,0.447265625,34,17
