state,p_marked,error,gate_count,depth
000,0.048828125,0.951171875,33,16
001,0.048828125,0.951171875,31,14
010,0.07421875,0.92578125,31,16
011,0.048828125,0.951171875,29,14
