state,p_marked,error,gate_count,depth
000,0.107421875,0.892578125,33,17
001,0.1484375,0.8515625,27,11
010,0.111328125,0.888671875,27,17
011,0.15234375,0.84765625,21,11
