state,p_marked,error,gate_count,depth
000,0.271484375,0.728515625,124,87
001,0.0078125,0.9921875,124,87
010,0.24609375,0.75390625,124,87
011,0.0390625,0.9609375,124,87
