state,p_marked,error,gate_count,depth
000,0.556640625,0.443359375,33,16
001,0.583984375,0.416015625,31,14
010,0.607421875,0.392578125,31,16
011,0.556640625,0.443359375,29,14
