state,p_marked,error,gate_count,depth
000,0.126953125,0.873046875,50,26
001,0.11328125,0.88671875,44,20
010,0.099609375,0.900390625,44,26
011,0.126953125,0.873046875,38,20
