state,p_marked,error,gate_count,depth
000,0.095703125,0.904296875,15,7
001,0.115234375,0.884765625,13,5
010,0.126953125,0.873046875,13,7
011,0.13671875,0.86328125,11,5
