state,p_marked,error,gate_count,depth
000,0.115234375,0.884765625,41,23
001,0.26953125,0.73046875,39,21
010,0.619140625,0.380859375,39,23
011,0.11328125,0.88671875,37,21
