state,p_marked,error,gate_count,depth
000,0.0625,0.9375,33,15
001,0.048828125,0.951171875,31,13
010,0.068359375,0.931640625,31,15
011,0.052734375,0.947265625,29,13
