state,p_marked,error,gate_count,depth
000,0.126953125,0.873046875,51,27
001,0.107421875,0.892578125,41,17
010,0.154296875,0.845703125,41,27
011,0.126953125,0.873046875,31,17
