state,p_marked,error,gate_count,depth
000,0.09375,0.90625,41,22
001,0.3671875,0.6328125,39,20
010,0.607421875,0.392578125,39,22
011,0.009765625,0.990234375,37,20
