state,p_marked,error,gate_count,depth
000,0.107421875,0.892578125,51,27
001,0.09765625,0.90234375,41,17
010,0.138671875,0.861328125,41,27
011,0.12890625,0.87109375,31,17
