state,p_marked,error,gate_count,depth
000,0.509765625,0.490234375,33,17
001,0.4921875,0.5078125,31,15
010,0.48828125,0.51171875,31,17
011,0.498046875,0.501953125,29,15
