state,p_marked,error,gate_count,depth
000,0.142578125,0.857421875,50,26
001,0.130859375,0.869140625,44,20
010,0.134765625,0.865234375,44,26
011,0.14453125,0.85546875,38,20
