state,p_marked,error,gate_count,depth
000,0.0,1.0,32,16
001,0.126953125,0.873046875,30,14
010,0.0,1.0,30,16
011,0.12109375,0.87890625,28,14
