state,p_marked,error,gate_count,depth
000,0.029296875,0.970703125,76,47
001,0.240234375,0.759765625,72,43
010,0.244140625,0.755859375,72,47
011,0.251953125,0.748046875,68,43
