state,p_marked,error,gate_count,depth
000,0.474609375,0.525390625,33,17
001,0.470703125,0.529296875,31,15
010,0.505859375,0.494140625,31,17
011,0.494140625,0.505859375,29,15
