state,p_marked,error,gate_count,depth
000,0.09765625,0.90234375,32,15
001,0.13671875,0.86328125,30,13
010,0.126953125,0.873046875,30,15
011,0.095703125,0.904296875,28,13
