state,p_marked,error,gate_count,depth
000,0.0,1.0,89,48
001,0.0,1.0,79,38
010,0.28125,0.71875,79,48
011,0.236328125,0.763671875,69,38
