state,p_marked,error,gate_count,depth
000,0.55078125,0.44921875,54,29
001,0.107421875,0.892578125,48,23
010,0.49609375,0.50390625,48,29
011,0.13671875,0.86328125,42,23
