state,p_marked,error,gate_count,depth
000,0.486328125,0.513671875,33,17
001,0.103515625,0.896484375,31,15
010,0.123046875,0.876953125,31,17
011,0.513671875,0.486328125,29,15
