state,p_marked,error,gate_count,depth
000,0.50390625,0.49609375,33,16
001,0.513671875,0.486328125,31,14
010,0.5234375,0.4765625,31,16
011,0.453125,0.546875,29,14
