state,p_marked,error,gate_count,depth
000,0.55859375,0.44140625,42,21
001,0.591796875,0.408203125,38,17
010,0.576171875,0.423828125,38,21
011,0.572265625,0.427734375,34,17
