state,p_marked,error,gate_count,depth
000,0.130859375,0.869140625,46,24
001,0.142578125,0.857421875,42,20
010,0.1015625,0.8984375,42,24
011,0.1484375,0.8515625,38,20
