state,p_marked,error,gate_count,depth
000,0.115234375,0.884765625,41,20
001,0.150390625,0.849609375,37,16
010,0.11328125,0.88671875,37,20
011,0.138671875,0.861328125,33,16
