state,p_marked,error,gate_count,depth
000,0.005859375,0.994140625,58,39
001,0.03125,0.96875,58,39
010,0.203125,0.796875,58,39
011,0.2265625,0.7734375,58,39
