state,p_marked,error,gate_count,depth
000,0.140625,0.859375,50,26
001,0.134765625,0.865234375,44,20
010,0.119140625,0.880859375,44,26
011,0.107421875,0.892578125,38,20
