state,p_marked,error,gate_count,depth
000,0.552734375,0.447265625,42,21
001,0.595703125,0.404296875,38,17
010,0.6015625,0.3984375,38,21
011,0.53125,0.46875,34,17
