state,p_marked,error,gate_count,depth
000,0.5234375,0.4765625,60,31
001,0.5625,0.4375,52,23
010,0.548828125,0.451171875,52,31
011,0.587890625,0.412109375,44,23
