state,p_marked,error,gate_count,depth
000,0.501953125,0.498046875,33,17
001,0.529296875,0.470703125,31,15
010,0.45703125,0.54296875,31,17
011,0.501953125,0.498046875,29,15
