state,p_marked,error,gate_count,depth
000,0.072265625,0.927734375,67,34
001,0.060546875,0.939453125,65,32
010,0.078125,0.921875,65,34
011,0.0546875,0.9453125,63,32
