state,p_marked,error,gate_count,depth
000,0.134765625,0.865234375,60,32
001,0.1015625,0.8984375,48,20
010,0.091796875,0.908203125,48,32
011,0.12109375,0.87890625,36,20
