state,p_marked,error,gate_count,depth
000,0.119140625,0.880859375,49,26
001,0.126953125,0.873046875,45,22
010,0.123046875,0.876953125,45,26
011,0.125,0.875,41,22
