state,p_marked,error,gate_count,depth
000,0.064453125,0.935546875,42,20
001,0.072265625,0.927734375,38,16
010,0.056640625,0.943359375,38,20
011,0.046875,0.953125,34,16
