state,p_marked,error,gate_count,depth
000,0.478515625,0.521484375,32,16
001,0.4921875,0.5078125,30,14
010,0.4921875,0.5078125,30,16
011,0.453125,0.546875,28,14
