state,p_marked,error,gate_count,depth
000,0.013671875,0.986328125,76,51
001,0.232421875,0.767578125,72,47
010,0.146484375,0.853515625,72,51
011,0.123046875,0.876953125,68,47
