state,p_marked,error,gate_count,depth
000,0.107421875,0.892578125,61,31
001,0.109375,0.890625,61,31
010,0.103515625,0.896484375,61,31
011,0.126953125,0.873046875,61,31
