state,p_marked,error,gate_count,depth
000,0.064453125,0.935546875,32,15
001,0.060546875,0.939453125,30,13
010,0.05859375,0.94140625,30,15
011,0.07421875,0.92578125,28,13
