state,p_marked,error,gate_count,depth
000,0.587890625,0.412109375,42,21
001,0.615234375,0.384765625,38,17
010,0.541015625,0.458984375,38,21
011,0.5546875,0.4453125,34,17
