state,p_marked,error,gate_count,depth
000,0.583984375,0.416015625,33,16
001,0.572265625,0.427734375,31,14
010,0.056640625,0.943359375,31,16
011,0.044921875,0.955078125,29,14
