state,p_marked,error,gate_count,depth
000,0.076171875,0.923828125,35,19
001,0.05859375,0.94140625,33,17
010,0.072265625,0.927734375,33,19
011,0.044921875,0.955078125,31,17
