state,p_marked,error,gate_count,depth
000,0.0,1.0,38,20
001,0.11328125,0.88671875,36,18
010,0.103515625,0.896484375,36,20
011,0.0,1.0,34,18
