state,p_marked,error,gate_count,depth
000,0.521484375,0.478515625,66,32
001,0.5625,0.4375,64,30
010,0.541015625,0.458984375,64,32
011,0.54296875,0.45703125,62,30
