state,p_marked,error,gate_count,depth
000,0.111328125,0.888671875,94,50
001,0.0,1.0,86,42
010,0.0,1.0,86,50
011,0.0,1.0,78,42
