state,p_marked,error,gate_count,depth
000,0.494140625,0.505859375,33,17
001,0.5078125,0.4921875,31,15
010,0.478515625,0.521484375,31,17
011,0.521484375,0.478515625,29,15
