state,p_marked,error,gate_count,depth
000,0.146484375,0.853515625,55,30
001,0.140625,0.859375,53,28
010,0.12109375,0.87890625,53,30
011,0.150390625,0.849609375,51,28
