state,p_marked,error,gate_count,depth
000,0.53125,0.46875,33,17
001,0.484375,0.515625,31,15
010,0.53515625,0.46484375,31,17
011,0.509765625,0.490234375,29,15
