state,p_marked,error,gate_count,depth
000,0.0546875,0.9453125,60,30
001,0.041015625,0.958984375,56,26
010,0.056640625,0.943359375,56,30
011,0.0390625,0.9609375,52,26
