state,p_marked,error,gate_count,depth
000,0.115234375,0.884765625,40,20
001,0.126953125,0.873046875,40,20
010,0.095703125,0.904296875,40,20
011,0.119140625,0.880859375,40,20
