state,p_marked,error,gate_count,depth
000,0.58203125,0.41796875,33,16
001,0.59765625,0.40234375,31,14
010,0.576171875,0.423828125,31,16
011,0.52734375,0.47265625,29,14
