state,p_marked,error,gate_count,depth
000,0.4453125,0.5546875,34,16
001,0.478515625,0.521484375,32,14
010,0.490234375,0.509765625,32,16
011,0.494140625,0.505859375,30,14
