state,p_marked,error,gate_count,depth
000,0.154296875,0.845703125,42,22
001,0.125,0.875,38,18
010,0.126953125,0.873046875,38,22
011,0.119140625,0.880859375,34,18
