state,p_marked,error,gate_count,depth
000,0.03125,0.96875,44,25
001,0.07421875,0.92578125,42,23
010,0.130859375,0.869140625,42,25
011,0.068359375,0.931640625,40,23
