state,p_marked,error,gate_count,depth
000,0.271484375,0.728515625,33,17
001,0.251953125,0.748046875,31,15
010,0.232421875,0.767578125,31,17
011,0.232421875,0.767578125,29,15
