state,p_marked,error,gate_count,depth
000,0.259765625,0.740234375,43,22
001,0.255859375,0.744140625,39,18
010,0.21484375,0.78515625,39,22
011,0.24609375,0.75390625,35,18
