state,p_marked,error,gate_count,depth
000,0.236328125,0.763671875,33,17
001,0.244140625,0.755859375,31,15
010,0.248046875,0.751953125,31,17
011,0.255859375,0.744140625,29,15
