state,p_marked,error,gate_count,depth
000,0.115234375,0.884765625,32,15
001,0.08984375,0.91015625,30,13
010,0.11328125,0.88671875,30,15
011,0.10546875,0.89453125,28,13
