state,p_marked,error,gate_count,depth
000,0.1171875,0.8828125,15,7
001,0.109375,0.890625,13,5
010,0.10546875,0.89453125,13,7
011,0.099609375,0.900390625,11,5
