state,p_marked,error,gate_count,depth
000,0.001953125,0.998046875,116,72
001,0.0390625,0.9609375,110,66
010,0.033203125,0.966796875,110,72
011,0.486328125,0.513671875,104,66
