state,p_marked,error,gate_count,depth
000,0.130859375,0.869140625,48,24
001,0.126953125,0.873046875,44,21
010,0.125,0.875,44,24
011,0.1484375,0.8515625,40,21
