state,p_marked,error,gate_count,depth
000,0.142578125,0.857421875,15,7
001,0.11328125,0.88671875,13,5
010,0.126953125,0.873046875,13,7
011,0.12890625,0.87109375,11,5
