state,p_marked,error,gate_count,depth
000,0.095703125,0.904296875,52,26
001,0.16796875,0.83203125,50,24
010,0.103515625,0.896484375,50,26
011,0.083984375,0.916015625,48,24
