state,p_marked,error,gate_count,depth
000,0.12890625,0.87109375,60,32
001,0.150390625,0.849609375,48,20
010,0.142578125,0.857421875,48,32
011,0.1484375,0.8515625,36,20
