state,p_marked,error,gate_count,depth
000,0.47265625,0.52734375,32,16
001,0.517578125,0.482421875,30,14
010,0.53125,0.46875,30,16
011,0.494140625,0.505859375,28,14
