state,p_marked,error,gate_count,depth
000,0.2265625,0.7734375,42,20
001,0.251953125,0.748046875,42,20
010,0.244140625,0.755859375,42,20
011,0.25,0.75,42,20
