state,p_marked,error,gate_count,depth
000,0.09765625,0.90234375,40,19
001,0.13671875,0.86328125,40,19
010,0.142578125,0.857421875,40,19
011,0.138671875,0.861328125,40,19
