state,p_marked,error,gate_count,depth
000,0.0078125,0.9921875,43,22
001,0.474609375,0.525390625,39,18
010,0.0,1.0,39,22
011,0.0,1.0,35,18
