state,p_marked,error,gate_count,depth
000,0.16015625,0.83984375,23,11
001,0.125,0.875,23,11
010,0.10546875,0.89453125,23,11
011,0.125,0.875,23,11
