state,p_marked,error,gate_count,depth
000,0.126953125,0.873046875,32,15
001,0.16015625,0.83984375,30,13
010,0.08984375,0.91015625,30,15
011,0.1484375,0.8515625,28,13
