state,p_marked,error,gate_count,depth
000,0.0,1.0,54,28
001,0.134765625,0.865234375,52,26
010,0.115234375,0.884765625,52,28
011,0.0,1.0,50,26
