state,p_marked,error,gate_count,depth
000,0.080078125,0.919921875,34,17
001,0.064453125,0.935546875,32,15
010,0.046875,0.953125,32,17
011,0.04296875,0.95703125,30,15
