state,p_marked,error,gate_count,depth
000,0.1484375,0.8515625,60,32
001,0.12109375,0.87890625,48,20
010,0.134765625,0.865234375,48,32
011,0.10546875,0.89453125,36,20
