state,p_marked,error,gate_count,depth
000,0.1171875,0.8828125,32,15
001,0.140625,0.859375,30,13
010,0.09765625,0.90234375,30,15
011,0.12109375,0.87890625,28,13
