state,p_marked,error,gate_count,depth
000,0.123046875,0.876953125,24,12
001,0.126953125,0.873046875,20,8
010,0.1484375,0.8515625,20,12
011,0.17578125,0.82421875,16,8
