state,p_marked,error,gate_count,depth
000,0.125,0.875,77,41
001,0.10546875,0.89453125,69,33
010,0.123046875,0.876953125,69,41
011,0.123046875,0.876953125,61,33
