state,p_marked,error,gate_count,depth
000,0.4921875,0.5078125,42,21
001,0.423828125,0.576171875,38,17
010,0.474609375,0.525390625,38,21
011,0.5078125,0.4921875,34,17
