state,p_marked,error,gate_count,depth
000,0.07421875,0.92578125,35,18
001,0.0625,0.9375,33,16
010,0.041015625,0.958984375,33,18
011,0.0703125,0.9296875,31,16
