state,p_marked,error,gate_count,depth
000,0.126953125,0.873046875,15,7
001,0.115234375,0.884765625,13,5
010,0.1328125,0.8671875,13,7
011,0.099609375,0.900390625,11,5
