state,p_marked,error,gate_count,depth
000,0.2578125,0.7421875,84,52
001,0.126953125,0.873046875,80,48
010,0.138671875,0.861328125,80,52
011,0.076171875,0.923828125,76,48
