state,p_marked,error,gate_count,depth
000,0.466796875,0.533203125,33,16
001,0.482421875,0.517578125,31,14
010,0.45703125,0.54296875,31,16
011,0.474609375,0.525390625,29,14
