state,p_marked,error,gate_count,depth
000,0.234375,0.765625,34,17
001,0.25390625,0.74609375,32,15
010,0.0,1.0,32,17
011,0.248046875,0.751953125,30,15
