state,p_marked,error,gate_count,depth
000,0.111328125,0.888671875,33,17
001,0.12890625,0.87109375,27,11
010,0.134765625,0.865234375,27,17
011,0.1171875,0.8828125,21,11
