state,p_marked,error,gate_count,depth
000,0.0546875,0.9453125,33,16
001,0.0703125,0.9296875,31,14
010,0.06640625,0.93359375,31,16
011,0.072265625,0.927734375,29,14
