state,p_marked,error,gate_count,depth
000,0.5390625,0.4609375,66,33
001,0.5625,0.4375,64,31
010,0.5625,0.4375,64,33
011,0.048828125,0.951171875,62,31
