state,p_marked,error,gate_count,depth
000,0.0390625,0.9609375,33,17
001,0.0625,0.9375,31,15
010,0.06640625,0.93359375,31,17
011,0.0703125,0.9296875,29,15
