state,p_marked,error,gate_count,depth
000,0.26953125,0.73046875,24,12
001,0.0,1.0,24,12
010,0.255859375,0.744140625,24,12
011,0.0,1.0,24,12
