state,p_marked,error,gate_count,depth
000,0.5546875,0.4453125,34,17
001,0.61328125,0.38671875,32,15
010,0.529296875,0.470703125,32,17
011,0.564453125,0.435546875,30,15
