state,p_marked,error,gate_count,depth
000,0.57421875,0.42578125,33,16
001,0.595703125,0.404296875,31,14
010,0.05078125,0.94921875,31,16
011,0.05078125,0.94921875,29,14
