state,p_marked,error,gate_count,depth
000,0.134765625,0.865234375,47,25
001,0.123046875,0.876953125,43,21
010,0.1328125,0.8671875,43,25
011,0.126953125,0.873046875,39,21
