state,p_marked,error,gate_count,depth
000,0.27734375,0.72265625,32,16
001,0.27734375,0.72265625,30,14
010,0.255859375,0.744140625,30,16
011,0.259765625,0.740234375,28,14
