state,p_marked,error,gate_count,depth
000,0.10546875,0.89453125,24,12
001,0.134765625,0.865234375,20,8
010,0.130859375,0.869140625,20,12
011,0.1484375,0.8515625,16,8
