state,p_marked,error,gate_count,depth
000,0.13671875,0.86328125,33,16
001,0.115234375,0.884765625,31,14
010,0.123046875,0.876953125,31,16
011,0.12890625,0.87109375,29,14
