state,p_marked,error,gate_count,depth
000,0.501953125,0.498046875,41,21
001,0.478515625,0.521484375,37,17
010,0.478515625,0.521484375,37,21
011,0.5,0.5,33,17
