state,p_marked,error,gate_count,depth
000,0.515625,0.484375,33,16
001,0.513671875,0.486328125,31,14
010,0.529296875,0.470703125,31,16
011,0.53125,0.46875,29,14
