state,p_marked,error,gate_count,depth
000,0.234375,0.765625,68,35
001,0.0,1.0,62,29
010,0.251953125,0.748046875,62,35
011,0.0,1.0,56,29
