state,p_marked,error,gate_count,depth
000,0.107421875,0.892578125,23,10
001,0.11328125,0.88671875,23,10
010,0.14453125,0.85546875,23,10
011,0.111328125,0.888671875,23,10
