state,p_marked,error,gate_count,depth
000,0.12890625,0.87109375,32,15
001,0.13671875,0.86328125,30,13
010,0.142578125,0.857421875,30,15
011,0.125,0.875,28,13
