state,p_marked,error,gate_count,depth
000,0.103515625,0.896484375,43,26
001,0.1171875,0.8828125,41,24
010,0.123046875,0.876953125,41,26
011,0.0,1.0,39,24
