state,p_marked,error,gate_count,depth
000,0.4921875,0.5078125,41,21
001,0.5078125,0.4921875,37,17
010,0.490234375,0.509765625,37,21
011,0.51171875,0.48828125,33,17
