state,p_marked,error,gate_count,depth
000,0.12890625,0.87109375,41,21
001,0.138671875,0.861328125,37,17
010,0.1171875,0.8828125,37,21
011,0.095703125,0.904296875,33,17
