state,p_marked,error,gate_count,depth
000,0.140625,0.859375,24,12
001,0.125,0.875,20,8
010,0.15625,0.84375,20,12
011,0.130859375,0.869140625,16,8
