state,p_marked,error,gate_count,depth
000,0.248046875,0.751953125,50,25
001,0.25390625,0.74609375,48,23
010,0.244140625,0.755859375,48,25
011,0.22265625,0.77734375,46,23
