state,p_marked,error,gate_count,depth
000,0.0,1.0,46,24
001,0.099609375,0.900390625,42,21
010,0.0,1.0,42,24
011,0.123046875,0.876953125,38,21
