state,p_marked,error,gate_count,depth
000,0.119140625,0.880859375,77,41
001,0.107421875,0.892578125,69,33
010,0.14453125,0.85546875,69,41
011,0.15234375,0.84765625,61,33
