state,p_marked,error,gate_count,depth
000,0.12109375,0.87890625,51,27
001,0.1484375,0.8515625,41,17
010,0.119140625,0.880859375,41,27
011,0.10546875,0.89453125,31,17
