state,p_marked,error,gate_count,depth
000,0.130859375,0.869140625,33,17
001,0.134765625,0.865234375,27,11
010,0.14453125,0.85546875,27,17
011,0.12109375,0.87890625,21,11
