state,p_marked,error,gate_count,depth
000,0.57421875,0.42578125,33,16
001,0.5625,0.4375,31,14
010,0.56640625,0.43359375,31,16
011,0.583984375,0.416015625,29,14
