state,p_marked,error,gate_count,depth
000,0.12109375,0.87890625,24,12
001,0.12890625,0.87109375,20,8
010,0.1171875,0.8828125,20,12
011,0.138671875,0.861328125,16,8
