state,p_marked,error,gate_count,depth
000,0.4765625,0.5234375,51,33
001,0.001953125,0.998046875,51,33
010,0.0,1.0,51,33
011,0.501953125,0.498046875,51,33
