state,p_marked,error,gate_count,depth
000,0.1484375,0.8515625,51,27
001,0.140625,0.859375,41,17
010,0.11328125,0.88671875,41,27
011,0.119140625,0.880859375,31,17
