state,p_marked,error,gate_count,depth
000,0.099609375,0.900390625,51,27
001,0.12109375,0.87890625,41,17
010,0.1015625,0.8984375,41,27
011,0.140625,0.859375,31,17
