state,p_marked,error,gate_count,depth
000,0.107421875,0.892578125,42,22
001,0.119140625,0.880859375,34,14
010,0.103515625,0.896484375,34,22
011,0.138671875,0.861328125,26,14
