state,p_marked,error,gate_count,depth
000,0.607421875,0.392578125,33,16
001,0.55078125,0.44921875,31,14
010,0.59765625,0.40234375,31,16
011,0.583984375,0.416015625,29,14
