state,p_marked,error,gate_count,depth
000,0.1328125,0.8671875,60,32
001,0.1328125,0.8671875,48,20
010,0.158203125,0.841796875,48,32
011,0.125,0.875,36,20
