state,p_marked,error,gate_count,depth
000,0.111328125,0.888671875,68,34
001,0.134765625,0.865234375,62,28
010,0.12109375,0.87890625,62,34
011,0.125,0.875,56,28
