state,p_marked,error,gate_count,depth
000,0.14453125,0.85546875,15,7
001,0.142578125,0.857421875,13,5
010,0.138671875,0.861328125,13,7
011,0.158203125,0.841796875,11,5
