state,p_marked,error,gate_count,depth
000,0.4921875,0.5078125,33,16
001,0.50390625,0.49609375,31,14
010,0.44921875,0.55078125,31,16
011,0.50390625,0.49609375,29,14
