state,p_marked,error,gate_count,depth
000,0.525390625,0.474609375,34,17
001,0.4765625,0.5234375,32,15
010,0.47265625,0.52734375,32,17
011,0.521484375,0.478515625,30,15
