state,p_marked,error,gate_count,depth
000,0.126953125,0.873046875,24,12
001,0.115234375,0.884765625,20,8
010,0.125,0.875,20,12
011,0.123046875,0.876953125,16,8
