state,p_marked,error,gate_count,depth
000,0.55859375,0.44140625,42,21
001,0.560546875,0.439453125,38,17
010,0.576171875,0.423828125,38,21
011,0.595703125,0.404296875,34,17
