state,p_marked,error,gate_count,depth
000,0.544921875,0.455078125,66,33
001,0.51171875,0.48828125,64,31
010,0.5546875,0.4453125,64,33
011,0.060546875,0.939453125,62,31
