state,p_marked,error,gate_count,depth
000,0.56640625,0.43359375,34,17
001,0.537109375,0.462890625,32,15
010,0.576171875,0.423828125,32,17
011,0.595703125,0.404296875,30,15
