state,p_marked,error,gate_count,depth
000,0.115234375,0.884765625,60,32
001,0.12890625,0.87109375,48,20
010,0.134765625,0.865234375,48,32
011,0.119140625,0.880859375,36,20
