state,p_marked,error,gate_count,depth
000,0.5078125,0.4921875,33,17
001,0.494140625,0.505859375,31,15
010,0.126953125,0.873046875,31,17
011,0.447265625,0.552734375,29,15
