state,p_marked,error,gate_count,depth
000,0.525390625,0.474609375,34,18
001,0.470703125,0.529296875,32,16
010,0.53515625,0.46484375,32,18
011,0.490234375,0.509765625,30,16
