state,p_marked,error,gate_count,depth
000,0.0,1.0,88,55
001,0.017578125,0.982421875,86,53
010,0.09375,0.90625,86,55
011,0.07421875,0.92578125,84,53
