state,p_marked,error,gate_count,depth
000,0.158203125,0.841796875,52,27
001,0.259765625,0.740234375,50,25
010,0.158203125,0.841796875,50,27
011,0.029296875,0.970703125,48,25
