state,p_marked,error,gate_count,depth
000,0.064453125,0.935546875,39,21
001,0.044921875,0.955078125,37,19
010,0.10546875,0.89453125,37,21
011,0.07421875,0.92578125,35,19
