state,p_marked,error,gate_count,depth
000,0.06640625,0.93359375,34,17
001,0.046875,0.953125,32,15
010,0.078125,0.921875,32,17
011,0.0625,0.9375,30,15
