state,p_marked,error,gate_count,depth
000,0.494140625,0.505859375,41,21
001,0.48828125,0.51171875,37,17
010,0.5234375,0.4765625,37,21
011,0.515625,0.484375,33,17
