state,p_marked,error,gate_count,depth
000,0.3125,0.6875,33,16
001,0.365234375,0.634765625,31,14
010,0.330078125,0.669921875,31,16
011,0.3125,0.6875,29,14
