state,p_marked,error,gate_count,depth
000,0.162109375,0.837890625,25,11
001,0.111328125,0.888671875,25,11
010,0.138671875,0.861328125,25,11
011,0.12890625,0.87109375,25,11
