state,p_marked,error,gate_count,depth
000,0.236328125,0.763671875,70,36
001,0.015625,0.984375,68,34
010,0.21875,0.78125,68,36
011,0.021484375,0.978515625,66,34
