state,p_marked,error,gate_count,depth
000,0.12890625,0.87109375,33,16
001,0.111328125,0.888671875,31,14
010,0.12890625,0.87109375,31,16
011,0.109375,0.890625,29,14
