state,p_marked,error,gate_count,depth
000,0.107421875,0.892578125,51,27
001,0.14453125,0.85546875,41,17
010,0.115234375,0.884765625,41,27
011,0.12890625,0.87109375,31,17
