state,p_marked,error,gate_count,depth
000,0.119140625,0.880859375,50,26
001,0.09765625,0.90234375,48,24
010,0.14453125,0.85546875,48,26
011,0.1015625,0.8984375,46,24
