state,p_marked,error,gate_count,depth
000,0.1171875,0.8828125,45,26
001,0.173828125,0.826171875,43,24
010,0.115234375,0.884765625,43,26
011,0.115234375,0.884765625,41,24
