state,p_marked,error,gate_count,depth
000,0.080078125,0.919921875,46,28
001,0.521484375,0.478515625,44,26
010,0.07421875,0.92578125,44,28
011,0.068359375,0.931640625,42,26
