state,p_marked,error,gate_count,depth
000,0.064453125,0.935546875,34,17
001,0.0390625,0.9609375,32,15
010,0.0703125,0.9296875,32,17
011,0.046875,0.953125,30,15
