state,p_marked,error,gate_count,depth
000,0.228515625,0.771484375,33,17
001,0.248046875,0.751953125,31,15
010,0.228515625,0.771484375,31,17
011,0.2265625,0.7734375,29,15
