state,p_marked,error,gate_count,depth
000,0.12890625,0.87109375,68,35
001,0.1328125,0.8671875,66,33
010,0.13671875,0.86328125,66,35
011,0.115234375,0.884765625,64,33
