state,p_marked,error,gate_count,depth
000,0.103515625,0.896484375,60,31
001,0.13671875,0.86328125,56,27
010,0.107421875,0.892578125,56,31
011,0.103515625,0.896484375,52,27
