state,p_marked,error,gate_count,depth
000,0.134765625,0.865234375,33,17
001,0.140625,0.859375,27,11
010,0.11328125,0.88671875,27,17
011,0.1015625,0.8984375,21,11
