state,p_marked,error,gate_count,depth
000,0.169921875,0.830078125,60,30
001,0.1328125,0.8671875,56,27
010,0.138671875,0.861328125,56,30
011,0.1171875,0.8828125,52,27
