state,p_marked,error,gate_count,depth
000,0.123046875,0.876953125,41,20
001,0.111328125,0.888671875,37,16
010,0.125,0.875,37,20
011,0.1171875,0.8828125,33,16
