state,p_marked,error,gate_count,depth
000,0.1640625,0.8359375,42,22
001,0.1015625,0.8984375,34,14
010,0.14453125,0.85546875,34,22
011,0.125,0.875,26,14
