state,p_marked,error,gate_count,depth
000,0.1171875,0.8828125,32,16
001,0.1015625,0.8984375,30,14
010,0.109375,0.890625,30,16
011,0.1171875,0.8828125,28,14
