state,p_marked,error,gate_count,depth
000,0.521484375,0.478515625,33,17
001,0.474609375,0.525390625,31,15
010,0.515625,0.484375,31,17
011,0.123046875,0.876953125,29,15
