state,p_marked,error,gate_count,depth
000,0.17578125,0.82421875,24,12
001,0.09765625,0.90234375,20,8
010,0.103515625,0.896484375,20,12
011,0.126953125,0.873046875,16,8
