state,p_marked,error,gate_count,depth
000,0.107421875,0.892578125,33,15
001,0.1015625,0.8984375,31,13
010,0.12109375,0.87890625,31,15
011,0.134765625,0.865234375,29,13
