state,p_marked,error,gate_count,depth
000,0.576171875,0.423828125,34,17
001,0.5625,0.4375,32,15
010,0.56640625,0.43359375,32,17
011,0.556640625,0.443359375,30,15
