state,p_marked,error,gate_count,depth
000,0.08203125,0.91796875,36,18
001,0.09375,0.90625,34,16
010,0.07421875,0.92578125,34,18
011,0.068359375,0.931640625,32,16
