state,p_marked,error,gate_count,depth
000,0.056640625,0.943359375,115,67
001,0.08984375,0.91015625,111,64
010,0.046875,0.953125,111,67
011,0.044921875,0.955078125,107,64
