state,p_marked,error,gate_count,depth
000,0.05078125,0.94921875,32,15
001,0.06640625,0.93359375,30,13
010,0.052734375,0.947265625,30,15
011,0.0625,0.9375,28,13
