state,p_marked,error,gate_count,depth
000,0.541015625,0.458984375,33,16
001,0.5625,0.4375,31,14
010,0.533203125,0.466796875,31,16
011,0.556640625,0.443359375,29,14
