state,p_marked,error,gate_count,depth
000,0.0,1.0,42,21
001,0.0,1.0,42,21
010,0.30859375,0.69140625,42,21
011,0.25,0.75,42,21
