state,p_marked,error,gate_count,depth
000,0.578125,0.421875,42,21
001,0.552734375,0.447265625,38,17
010,0.533203125,0.466796875,38,21
011,0.556640625,0.443359375,34,17
