state,p_marked,error,gate_count,depth
000,0.287109375,0.712890625,33,16
001,0.267578125,0.732421875,31,14
010,0.22265625,0.77734375,31,16
011,0.267578125,0.732421875,29,14
