state,p_marked,error,gate_count,depth
000,0.125,0.875,33,17
001,0.123046875,0.876953125,27,11
010,0.126953125,0.873046875,27,17
011,0.142578125,0.857421875,21,11
