state,p_marked,error,gate_count,depth
000,0.12109375,0.87890625,41,20
001,0.12890625,0.87109375,37,16
010,0.134765625,0.865234375,37,20
011,0.1328125,0.8671875,33,16
