state,p_marked,error,gate_count,depth
000,0.138671875,0.861328125,77,41
001,0.103515625,0.896484375,69,33
010,0.13671875,0.86328125,69,41
011,0.13671875,0.86328125,61,33
