state,p_marked,error,gate_count,depth
000,0.1328125,0.8671875,51,27
001,0.12109375,0.87890625,45,21
010,0.126953125,0.873046875,45,27
011,0.1484375,0.8515625,39,21
