state,p_marked,error,gate_count,depth
000,0.56640625,0.43359375,33,16
001,0.60546875,0.39453125,31,14
010,0.564453125,0.435546875,31,16
011,0.609375,0.390625,29,14
