state,p_marked,error,gate_count,depth
000,0.19921875,0.80078125,50,28
001,0.029296875,0.970703125,46,24
010,0.212890625,0.787109375,46,28
011,0.0390625,0.9609375,42,24
