state,p_marked,error,gate_count,depth
000,0.00390625,0.99609375,25,11
001,0.501953125,0.498046875,25,11
010,0.0,1.0,25,11
011,0.0,1.0,25,11
