state,p_marked,error,gate_count,depth
000,0.49609375,0.50390625,32,16
001,0.490234375,0.509765625,30,14
010,0.541015625,0.458984375,30,16
011,0.47265625,0.52734375,28,14
