state,p_marked,error,gate_count,depth
000,0.52734375,0.47265625,33,16
001,0.458984375,0.541015625,31,14
010,0.529296875,0.470703125,31,16
011,0.48046875,0.51953125,29,14
