state,p_marked,error,gate_count,depth
000,0.5390625,0.4609375,33,16
001,0.568359375,0.431640625,31,14
010,0.517578125,0.482421875,31,16
011,0.57421875,0.42578125,29,14
