state,p_marked,error,gate_count,depth
000,0.099609375,0.900390625,40,22
001,0.267578125,0.732421875,38,20
010,0.654296875,0.345703125,38,22
011,0.107421875,0.892578125,36,20
