state,p_marked,error,gate_count,depth
000,0.0,1.0,64,34
001,0.255859375,0.744140625,60,30
010,0.23046875,0.76953125,60,34
011,0.0,1.0,56,30
