state,p_marked,error,gate_count,depth
000,0.0859375,0.9140625,114,58
001,0.54296875,0.45703125,106,50
010,0.048828125,0.951171875,106,58
011,0.0625,0.9375,98,50
