state,p_marked,error,gate_count,depth
000,0.572265625,0.427734375,42,21
001,0.560546875,0.439453125,38,17
010,0.546875,0.453125,38,21
011,0.5859375,0.4140625,34,17
