state,p_marked,error,gate_count,depth
000,0.5390625,0.4609375,47,27
001,0.0,1.0,45,25
010,0.12890625,0.87109375,45,27
011,0.48046875,0.51953125,43,25
