state,p_marked,error,gate_count,depth
000,0.251953125,0.748046875,33,16
001,0.21875,0.78125,31,14
010,0.236328125,0.763671875,31,16
011,0.271484375,0.728515625,29,14
