state,p_marked,error,gate_count,depth
000,0.095703125,0.904296875,42,23
001,0.2578125,0.7421875,40,21
010,0.587890625,0.412109375,40,23
011,0.111328125,0.888671875,38,21
