state,p_marked,error,gate_count,depth
000,0.037109375,0.962890625,114,77
001,0.259765625,0.740234375,114,77
010,0.015625,0.984375,114,77
011,0.46484375,0.53515625,114,77
