state,p_marked,error,gate_count,depth
000,0.125,0.875,33,17
001,0.138671875,0.861328125,27,11
010,0.15234375,0.84765625,27,17
011,0.134765625,0.865234375,21,11
