state,p_marked,error,gate_count,depth
000,0.515625,0.484375,33,16
001,0.474609375,0.525390625,31,14
010,0.501953125,0.498046875,31,16
011,0.5,0.5,29,14
