state,p_marked,error,gate_count,depth
000,0.140625,0.859375,32,15
001,0.111328125,0.888671875,30,13
010,0.12109375,0.87890625,30,15
011,0.16015625,0.83984375,28,13
