state,p_marked,error,gate_count,depth
000,0.060546875,0.939453125,54,31
001,0.072265625,0.927734375,52,29
010,0.080078125,0.919921875,52,31
011,0.05078125,0.94921875,50,29
