state,p_marked,error,gate_count,depth
000,0.140625,0.859375,24,12
001,0.166015625,0.833984375,20,8
010,0.166015625,0.833984375,20,12
011,0.103515625,0.896484375,16,8
