state,p_marked,error,gate_count,depth
000,0.51953125,0.48046875,33,16
001,0.580078125,0.419921875,31,14
010,0.509765625,0.490234375,31,16
011,0.56640625,0.43359375,29,14
