state,p_marked,error,gate_count,depth
000,0.126953125,0.873046875,15,7
001,0.103515625,0.896484375,13,5
010,0.109375,0.890625,13,7
011,0.09375,0.90625,11,5
