state,p_marked,error,gate_count,depth
000,0.0,1.0,38,20
001,0.109375,0.890625,36,18
010,0.099609375,0.900390625,36,20
011,0.0,1.0,34,18
