state,p_marked,error,gate_count,depth
000,0.267578125,0.732421875,32,16
001,0.23828125,0.76171875,30,14
010,0.267578125,0.732421875,30,16
011,0.28125,0.71875,28,14
