state,p_marked,error,gate_count,depth
000,0.04296875,0.95703125,34,17
001,0.53515625,0.46484375,32,15
010,0.5625,0.4375,32,17
011,0.052734375,0.947265625,30,15
