state,p_marked,error,gate_count,depth
000,0.046875,0.953125,141,85
001,0.1640625,0.8359375,137,81
010,0.109375,0.890625,137,85
011,0.060546875,0.939453125,133,81
