state,p_marked,error,gate_count,depth
000,0.298828125,0.701171875,69,33
001,0.06640625,0.93359375,67,31
010,0.306640625,0.693359375,67,33
011,0.064453125,0.935546875,65,31
