state,p_marked,error,gate_count,depth
000,0.0,1.0,56,28
001,0.263671875,0.736328125,54,26
010,0.234375,0.765625,54,28
011,0.0,1.0,52,26
