state,p_marked,error,gate_count,depth
000,0.150390625,0.849609375,15,7
001,0.130859375,0.869140625,13,5
010,0.103515625,0.896484375,13,7
011,0.11328125,0.88671875,11,5
