state,p_marked,error,gate_count,depth
000,0.533203125,0.466796875,42,21
001,0.58203125,0.41796875,38,17
010,0.556640625,0.443359375,38,21
011,0.576171875,0.423828125,34,17
