state,p_marked,error,gate_count,depth
000,0.537109375,0.462890625,33,16
001,0.529296875,0.470703125,31,14
010,0.06640625,0.93359375,31,16
011,0.07421875,0.92578125,29,14
