state,p_marked,error,gate_count,depth
000,0.14453125,0.85546875,50,25
001,0.134765625,0.865234375,44,19
010,0.119140625,0.880859375,44,25
011,0.138671875,0.861328125,38,19
