state,p_marked,error,gate_count,depth
000,0.052734375,0.947265625,32,15
001,0.05078125,0.94921875,30,13
010,0.078125,0.921875,30,15
011,0.076171875,0.923828125,28,13
