state,p_marked,error,gate_count,depth
000,0.068359375,0.931640625,42,21
001,0.05859375,0.94140625,38,18
010,0.072265625,0.927734375,38,21
011,0.0546875,0.9453125,34,18
