state,p_marked,error,gate_count,depth
000,0.26953125,0.73046875,50,25
001,0.2265625,0.7734375,48,23
010,0.24609375,0.75390625,48,25
011,0.263671875,0.736328125,46,23
