state,p_marked,error,gate_count,depth
000,0.474609375,0.525390625,54,31
001,0.42578125,0.57421875,54,31
010,0.0234375,0.9765625,54,31
011,0.0,1.0,54,31
