state,p_marked,error,gate_count,depth
000,0.115234375,0.884765625,31,17
001,0.125,0.875,31,17
010,0.115234375,0.884765625,31,17
011,0.09765625,0.90234375,31,17
