state,p_marked,error,gate_count,depth
000,0.0703125,0.9296875,33,16
001,0.076171875,0.923828125,31,14
010,0.068359375,0.931640625,31,16
011,0.068359375,0.931640625,29,14
