state,p_marked,error,gate_count,depth
000,0.498046875,0.501953125,43,25
001,0.123046875,0.876953125,41,23
010,0.51953125,0.48046875,41,25
011,0.0,1.0,39,23
