state,p_marked,error,gate_count,depth
000,0.111328125,0.888671875,32,15
001,0.15234375,0.84765625,30,13
010,0.126953125,0.873046875,30,15
011,0.1171875,0.8828125,28,13
