state,p_marked,error,gate_count,depth
000,0.25390625,0.74609375,42,21
001,0.23828125,0.76171875,38,17
010,0.248046875,0.751953125,38,21
011,0.240234375,0.759765625,34,17
