state,p_marked,error,gate_count,depth
000,0.091796875,0.908203125,88,46
001,0.048828125,0.951171875,82,40
010,0.076171875,0.923828125,82,46
011,0.140625,0.859375,76,40
