state,p_marked,error,gate_count,depth
000,0.58203125,0.41796875,33,16
001,0.5625,0.4375,31,14
010,0.50390625,0.49609375,31,16
011,0.546875,0.453125,29,14
