state,p_marked,error,gate_count,depth
000,0.119140625,0.880859375,33,16
001,0.09765625,0.90234375,31,14
010,0.130859375,0.869140625,31,16
011,0.115234375,0.884765625,29,14
