state,p_marked,error,gate_count,depth
000,0.544921875,0.455078125,42,21
001,0.568359375,0.431640625,38,17
010,0.576171875,0.423828125,38,21
011,0.529296875,0.470703125,34,17
