state,p_marked,error,gate_count,depth
000,0.12109375,0.87890625,41,20
001,0.1328125,0.8671875,37,16
010,0.109375,0.890625,37,20
011,0.140625,0.859375,33,16
