state,p_marked,error,gate_count,depth
000,0.533203125,0.466796875,42,21
001,0.52734375,0.47265625,38,17
010,0.55078125,0.44921875,38,21
011,0.56640625,0.43359375,34,17
