state,p_marked,error,gate_count,depth
000,0.537109375,0.462890625,34,18
001,0.517578125,0.482421875,32,16
010,0.125,0.875,32,18
011,0.5,0.5,30,16
