state,p_marked,error,gate_count,depth
000,0.5390625,0.4609375,33,17
001,0.099609375,0.900390625,31,15
010,0.126953125,0.873046875,31,17
011,0.513671875,0.486328125,29,15
