state,p_marked,error,gate_count,depth
000,0.13671875,0.86328125,33,17
001,0.12890625,0.87109375,27,11
010,0.14453125,0.85546875,27,17
011,0.087890625,0.912109375,21,11
