state,p_marked,error,gate_count,depth
000,0.115234375,0.884765625,40,20
001,0.12890625,0.87109375,40,20
010,0.111328125,0.888671875,40,20
011,0.109375,0.890625,40,20
