state,p_marked,error,gate_count,depth
000,0.1328125,0.8671875,39,22
001,0.5390625,0.4609375,37,20
010,0.140625,0.859375,37,22
011,0.12109375,0.87890625,35,20
