state,p_marked,error,gate_count,depth
000,0.0,1.0,39,21
001,0.12109375,0.87890625,37,19
010,0.111328125,0.888671875,37,21
011,0.0,1.0,35,19
