state,p_marked,error,gate_count,depth
000,0.05078125,0.94921875,33,15
001,0.06640625,0.93359375,31,13
010,0.064453125,0.935546875,31,15
011,0.06640625,0.93359375,29,13
