state,p_marked,error,gate_count,depth
000,0.109375,0.890625,15,7
001,0.15234375,0.84765625,13,5
010,0.1015625,0.8984375,13,7
011,0.1171875,0.8828125,11,5
