state,p_marked,error,gate_count,depth
000,0.57421875,0.42578125,33,16
001,0.54296875,0.45703125,31,14
010,0.576171875,0.423828125,31,16
011,0.578125,0.421875,29,14
