state,p_marked,error,gate_count,depth
000,0.10546875,0.89453125,35,18
001,0.087890625,0.912109375,33,16
010,0.076171875,0.923828125,33,18
011,0.083984375,0.916015625,31,16
