state,p_marked,error,gate_count,depth
000,0.076171875,0.923828125,33,17
001,0.05859375,0.94140625,31,15
010,0.068359375,0.931640625,31,17
011,0.05078125,0.94921875,29,15
