state,p_marked,error,gate_count,depth
000,0.541015625,0.458984375,51,26
001,0.56640625,0.43359375,45,20
010,0.5859375,0.4140625,45,26
011,0.5625,0.4375,39,20
