state,p_marked,error,gate_count,depth
000,0.54296875,0.45703125,51,26
001,0.546875,0.453125,45,20
010,0.599609375,0.400390625,45,26
011,0.54296875,0.45703125,39,20
