state,p_marked,error,gate_count,depth
000,0.119140625,0.880859375,42,22
001,0.1015625,0.8984375,38,18
010,0.123046875,0.876953125,38,22
011,0.109375,0.890625,34,18
