state,p_marked,error,gate_count,depth
000,0.150390625,0.849609375,49,24
001,0.125,0.875,47,22
010,0.126953125,0.873046875,47,24
011,0.126953125,0.873046875,45,22
