state,p_marked,error,gate_count,depth
000,0.142578125,0.857421875,47,25
001,0.1484375,0.8515625,43,21
010,0.10546875,0.89453125,43,25
011,0.12109375,0.87890625,39,21
