state,p_marked,error,gate_count,depth
000,0.115234375,0.884765625,46,24
001,0.111328125,0.888671875,42,20
010,0.12890625,0.87109375,42,24
011,0.154296875,0.845703125,38,20
