state,p_marked,error,gate_count,depth
000,0.501953125,0.498046875,32,16
001,0.546875,0.453125,30,14
010,0.46875,0.53125,30,16
011,0.466796875,0.533203125,28,14
