state,p_marked,error,gate_count,depth
000,0.126953125,0.873046875,44,23
001,0.509765625,0.490234375,42,21
010,0.125,0.875,42,23
011,0.0,1.0,40,21
