state,p_marked,error,gate_count,depth
000,0.123046875,0.876953125,49,25
001,0.11328125,0.88671875,47,23
010,0.126953125,0.873046875,47,25
011,0.107421875,0.892578125,45,23
