state,p_marked,error,gate_count,depth
000,0.109375,0.890625,115,72
001,0.126953125,0.873046875,113,70
010,0.25390625,0.74609375,113,72
011,0.337890625,0.662109375,111,70
