state,p_marked,error,gate_count,depth
000,0.4921875,0.5078125,32,16
001,0.490234375,0.509765625,30,14
010,0.4765625,0.5234375,30,16
011,0.5234375,0.4765625,28,14
