state,p_marked,error,gate_count,depth
000,0.072265625,0.927734375,67,34
001,0.06640625,0.93359375,65,32
010,0.05859375,0.94140625,65,34
011,0.0859375,0.9140625,63,32
