state,p_marked,error,gate_count,depth
000,0.11328125,0.88671875,42,22
001,0.115234375,0.884765625,34,14
010,0.099609375,0.900390625,34,22
011,0.111328125,0.888671875,26,14
