state,p_marked,error,gate_count,depth
000,0.107421875,0.892578125,32,15
001,0.119140625,0.880859375,30,13
010,0.11328125,0.88671875,30,15
011,0.09765625,0.90234375,28,13
