state,p_marked,error,gate_count,depth
000,0.515625,0.484375,33,17
001,0.5234375,0.4765625,31,15
010,0.4921875,0.5078125,31,17
011,0.525390625,0.474609375,29,15
