state,p_marked,error,gate_count,depth
000,0.025390625,0.974609375,40,22
001,0.130859375,0.869140625,38,20
010,0.10546875,0.89453125,38,22
011,0.01953125,0.98046875,36,20
