state,p_marked,error,gate_count,depth
000,0.1171875,0.8828125,24,12
001,0.126953125,0.873046875,20,8
010,0.119140625,0.880859375,20,12
011,0.142578125,0.857421875,16,8
