state,p_marked,error,gate_count,depth
000,0.11328125,0.88671875,15,7
001,0.099609375,0.900390625,13,5
010,0.140625,0.859375,13,7
011,0.1171875,0.8828125,11,5
