state,p_marked,error,gate_count,depth
000,0.05859375,0.94140625,33,17
001,0.07421875,0.92578125,31,15
010,0.05078125,0.94921875,31,17
011,0.06640625,0.93359375,29,15
