state,p_marked,error,gate_count,depth
000,0.50390625,0.49609375,41,21
001,0.53125,0.46875,37,17
010,0.462890625,0.537109375,37,21
011,0.552734375,0.447265625,33,17
