state,p_marked,error,gate_count,depth
000,0.265625,0.734375,41,20
001,0.244140625,0.755859375,41,20
010,0.271484375,0.728515625,41,20
011,0.23046875,0.76953125,41,20
