state,p_marked,error,gate_count,depth
000,0.5,0.5,33,16
001,0.482421875,0.517578125,31,14
010,0.53125,0.46875,31,16
011,0.533203125,0.466796875,29,14
