state,p_marked,error,gate_count,depth
000,0.1484375,0.8515625,23,10
001,0.12890625,0.87109375,23,10
010,0.12109375,0.87890625,23,10
011,0.1328125,0.8671875,23,10
