state,p_marked,error,gate_count,depth
000,0.123046875,0.876953125,33,17
001,0.11328125,0.88671875,27,11
010,0.166015625,0.833984375,27,17
011,0.109375,0.890625,21,11
