state,p_marked,error,gate_count,depth
000,0.498046875,0.501953125,33,17
001,0.498046875,0.501953125,31,15
010,0.501953125,0.498046875,31,17
011,0.52734375,0.47265625,29,15
