state,p_marked,error,gate_count,depth
000,0.119140625,0.880859375,45,23
001,0.138671875,0.861328125,45,23
010,0.12109375,0.87890625,45,23
011,0.142578125,0.857421875,45,23
