state,p_marked,error,gate_count,depth
000,0.146484375,0.853515625,51,27
001,0.10546875,0.89453125,41,17
010,0.12890625,0.87109375,41,27
011,0.146484375,0.853515625,31,17
