state,p_marked,error,gate_count,depth
000,0.482421875,0.517578125,33,16
001,0.50390625,0.49609375,31,14
010,0.505859375,0.494140625,31,16
011,0.501953125,0.498046875,29,14
