state,p_marked,error,gate_count,depth
000,0.4609375,0.5390625,33,17
001,0.5,0.5,31,15
010,0.544921875,0.455078125,31,17
011,0.509765625,0.490234375,29,15
