state,p_marked,error,gate_count,depth
000,0.1015625,0.8984375,50,25
001,0.115234375,0.884765625,44,19
010,0.078125,0.921875,44,25
011,0.140625,0.859375,38,19
