state,p_marked,error,gate_count,depth
000,0.48828125,0.51171875,32,16
001,0.52734375,0.47265625,30,14
010,0.486328125,0.513671875,30,16
011,0.54296875,0.45703125,28,14
