state,p_marked,error,gate_count,depth
000,0.517578125,0.482421875,32,16
001,0.48046875,0.51953125,30,14
010,0.484375,0.515625,30,16
011,0.49609375,0.50390625,28,14
