state,p_marked,error,gate_count,depth
000,0.0,1.0,78,39
001,0.0703125,0.9296875,74,35
010,0.0,1.0,74,39
011,0.072265625,0.927734375,70,35
