state,p_marked,error,gate_count,depth
000,0.5546875,0.4453125,42,21
001,0.546875,0.453125,38,17
010,0.572265625,0.427734375,38,21
011,0.591796875,0.408203125,34,17
