state,p_marked,error,gate_count,depth
000,0.060546875,0.939453125,41,21
001,0.04296875,0.95703125,37,17
010,0.060546875,0.939453125,37,21
011,0.052734375,0.947265625,33,17
