state,p_marked,error,gate_count,depth
000,0.0,1.0,39,19
001,0.119140625,0.880859375,37,17
010,0.0,1.0,37,19
011,0.150390625,0.849609375,35,17
