state,p_marked,error,gate_count,depth
000,0.048828125,0.951171875,33,15
001,0.060546875,0.939453125,31,13
010,0.0859375,0.9140625,31,15
011,0.078125,0.921875,29,13
