state,p_marked,error,gate_count,depth
000,0.546875,0.453125,111,66
001,0.037109375,0.962890625,109,64
010,0.037109375,0.962890625,109,66
011,0.09375,0.90625,107,64
