state,p_marked,error,gate_count,depth
000,0.1015625,0.8984375,15,7
001,0.10546875,0.89453125,13,5
010,0.10546875,0.89453125,13,7
011,0.107421875,0.892578125,11,5
