state,p_marked,error,gate_count,depth
000,0.568359375,0.431640625,33,16
001,0.564453125,0.435546875,31,14
010,0.595703125,0.404296875,31,16
011,0.615234375,0.384765625,29,14
