state,p_marked,error,gate_count,depth
000,0.06640625,0.93359375,79,42
001,0.0703125,0.9296875,75,38
010,0.060546875,0.939453125,75,42
011,0.0,1.0,71,38
