state,p_marked,error,gate_count,depth
000,0.046875,0.953125,68,48
001,0.1171875,0.8828125,68,48
010,0.099609375,0.900390625,68,48
011,0.12890625,0.87109375,68,48
