state,p_marked,error,gate_count,depth
000,0.255859375,0.744140625,41,20
001,0.2265625,0.7734375,37,16
010,0.244140625,0.755859375,37,20
011,0.275390625,0.724609375,33,16
