state,p_marked,error,gate_count,depth
000,0.560546875,0.439453125,34,16
001,0.55859375,0.44140625,32,14
010,0.55078125,0.44921875,32,16
011,0.572265625,0.427734375,30,14
