state,p_marked,error,gate_count,depth
000,0.068359375,0.931640625,95,49
001,0.0390625,0.9609375,87,41
010,0.05859375,0.94140625,87,49
011,0.083984375,0.916015625,79,41
