state,p_marked,error,gate_count,depth
000,0.25390625,0.74609375,59,30
001,0.267578125,0.732421875,55,26
010,0.263671875,0.736328125,55,30
011,0.271484375,0.728515625,51,26
