state,p_marked,error,gate_count,depth
000,0.12890625,0.87109375,63,33
001,0.109375,0.890625,59,29
010,0.13671875,0.86328125,59,33
011,0.111328125,0.888671875,55,29
