state,p_marked,error,gate_count,depth
000,0.517578125,0.482421875,33,17
001,0.451171875,0.548828125,31,15
010,0.5078125,0.4921875,31,17
011,0.490234375,0.509765625,29,15
