state,p_marked,error,gate_count,depth
000,0.537109375,0.462890625,51,26
001,0.55078125,0.44921875,45,20
010,0.513671875,0.486328125,45,26
011,0.53125,0.46875,39,20
