state,p_marked,error,gate_count,depth
000,0.1875,0.8125,127,87
001,0.37890625,0.62109375,125,85
010,0.2421875,0.7578125,125,87
011,0.173828125,0.826171875,123,85
