state,p_marked,error,gate_count,depth
000,0.5,0.5,32,16
001,0.521484375,0.478515625,30,14
010,0.515625,0.484375,30,16
011,0.546875,0.453125,28,14
