state,p_marked,error,gate_count,depth
000,0.517578125,0.482421875,41,21
001,0.560546875,0.439453125,37,17
010,0.55078125,0.44921875,37,21
011,0.484375,0.515625,33,17
