state,p_marked,error,gate_count,depth
000,0.1015625,0.8984375,60,32
001,0.1328125,0.8671875,48,20
010,0.119140625,0.880859375,48,32
011,0.11328125,0.88671875,36,20
