state,p_marked,error,gate_count,depth
000,0.119140625,0.880859375,23,11
001,0.10546875,0.89453125,23,11
010,0.111328125,0.888671875,23,11
011,0.1328125,0.8671875,23,11
