state,p_marked,error,gate_count,depth
000,0.2421875,0.7578125,51,26
001,0.251953125,0.748046875,49,24
010,0.234375,0.765625,49,26
011,0.248046875,0.751953125,47,24
