state,p_marked,error,gate_count,depth
000,0.482421875,0.517578125,41,21
001,0.455078125,0.544921875,37,17
010,0.47265625,0.52734375,37,21
011,0.533203125,0.466796875,33,17
