state,p_marked,error,gate_count,depth
000,0.0,1.0,51,25
001,0.0,1.0,49,24
010,0.126953125,0.873046875,49,25
011,0.142578125,0.857421875,47,24
