state,p_marked,error,gate_count,depth
000,0.06640625,0.93359375,34,17
001,0.08984375,0.91015625,32,15
010,0.099609375,0.900390625,32,17
011,0.080078125,0.919921875,30,15
