state,p_marked,error,gate_count,depth
000,0.107421875,0.892578125,51,27
001,0.109375,0.890625,41,17
010,0.162109375,0.837890625,41,27
011,0.12109375,0.87890625,31,17
