state,p_marked,error,gate_count,depth
000,0.14453125,0.85546875,51,25
001,0.1484375,0.8515625,49,23
010,0.15234375,0.84765625,49,25
011,0.16015625,0.83984375,47,23
