state,p_marked,error,gate_count,depth
000,0.12109375,0.87890625,33,17
001,0.142578125,0.857421875,27,11
010,0.130859375,0.869140625,27,17
011,0.1015625,0.8984375,21,11
