state,p_marked,error,gate_count,depth
000,0.005859375,0.994140625,51,26
001,0.095703125,0.904296875,45,20
010,0.00390625,0.99609375,45,26
011,0.115234375,0.884765625,39,20
