state,p_marked,error,gate_count,depth
000,0.498046875,0.501953125,34,16
001,0.455078125,0.544921875,32,14
010,0.5,0.5,32,16
011,0.525390625,0.474609375,30,14
