state,p_marked,error,gate_count,depth
000,0.5078125,0.4921875,33,17
001,0.494140625,0.505859375,31,15
010,0.494140625,0.505859375,31,17
011,0.505859375,0.494140625,29,15
