state,p_marked,error,gate_count,depth
000,0.51953125,0.48046875,33,17
001,0.5078125,0.4921875,31,15
010,0.486328125,0.513671875,31,17
011,0.546875,0.453125,29,15
