state,p_marked,error,gate_count,depth
000,0.486328125,0.513671875,33,17
001,0.498046875,0.501953125,31,15
010,0.51171875,0.48828125,31,17
011,0.517578125,0.482421875,29,15
