state,p_marked,error,gate_count,depth
000,0.513671875,0.486328125,33,16
001,0.494140625,0.505859375,31,14
010,0.509765625,0.490234375,31,16
011,0.486328125,0.513671875,29,14
