state,p_marked,error,gate_count,depth
000,0.50390625,0.49609375,61,30
001,0.0,1.0,57,27
010,0.0,1.0,57,30
011,0.0,1.0,53,27
