state,p_marked,error,gate_count,depth
000,0.05859375,0.94140625,42,21
001,0.056640625,0.943359375,38,17
010,0.068359375,0.931640625,38,21
011,0.0703125,0.9296875,34,17
