state,p_marked,error,gate_count,depth
000,0.138671875,0.861328125,51,27
001,0.138671875,0.861328125,41,17
010,0.103515625,0.896484375,41,27
011,0.115234375,0.884765625,31,17
