state,p_marked,error,gate_count,depth
000,0.23828125,0.76171875,53,36
001,0.001953125,0.998046875,53,36
010,0.0,1.0,53,36
011,0.029296875,0.970703125,53,36
