state,p_marked,error,gate_count,depth
000,0.552734375,0.447265625,34,16
001,0.560546875,0.439453125,32,14
010,0.556640625,0.443359375,32,16
011,0.5703125,0.4296875,30,14
