state,p_marked,error,gate_count,depth
000,0.111328125,0.888671875,54,27
001,0.130859375,0.869140625,52,25
010,0.1171875,0.8828125,52,27
011,0.130859375,0.869140625,50,25
