state,p_marked,error,gate_count,depth
000,0.517578125,0.482421875,33,17
001,0.474609375,0.525390625,31,15
010,0.51953125,0.48046875,31,17
011,0.541015625,0.458984375,29,15
