state,p_marked,error,gate_count,depth
000,0.5546875,0.4453125,32,16
001,0.546875,0.453125,30,14
010,0.46484375,0.53515625,30,16
011,0.533203125,0.466796875,28,14
