state,p_marked,error,gate_count,depth
000,0.4375,0.5625,54,29
001,0.134765625,0.865234375,48,24
010,0.130859375,0.869140625,48,28
011,0.48828125,0.51171875,42,23
