state,p_marked,error,gate_count,depth
000,0.140625,0.859375,24,12
001,0.12109375,0.87890625,20,8
010,0.12890625,0.87109375,20,12
011,0.150390625,0.849609375,16,8
