state,p_marked,error,gate_count,depth
000,0.0,1.0,70,38
001,0.0,1.0,60,28
010,0.0,1.0,60,38
011,0.138671875,0.861328125,50,28
