state,p_marked,error,gate_count,depth
000,0.125,0.875,24,12
001,0.125,0.875,20,8
010,0.134765625,0.865234375,20,12
011,0.123046875,0.876953125,16,8
