state,p_marked,error,gate_count,depth
000,0.033203125,0.966796875,61,36
001,0.158203125,0.841796875,55,30
010,0.162109375,0.837890625,55,36
011,0.01953125,0.98046875,49,30
