state,p_marked,error,gate_count,depth
000,0.119140625,0.880859375,49,25
001,0.15625,0.84375,47,23
010,0.123046875,0.876953125,47,25
011,0.126953125,0.873046875,45,23
