state,p_marked,error,gate_count,depth
000,0.232421875,0.767578125,50,25
001,0.25,0.75,48,23
010,0.248046875,0.751953125,48,25
011,0.234375,0.765625,46,23
