state,p_marked,error,gate_count,depth
000,0.494140625,0.505859375,41,21
001,0.5234375,0.4765625,37,17
010,0.470703125,0.529296875,37,21
011,0.494140625,0.505859375,33,17
