state,p_marked,error,gate_count,depth
000,0.095703125,0.904296875,15,7
001,0.103515625,0.896484375,13,5
010,0.11328125,0.88671875,13,7
011,0.1484375,0.8515625,11,5
