state,p_marked,error,gate_count,depth
000,0.134765625,0.865234375,51,27
001,0.119140625,0.880859375,41,17
010,0.103515625,0.896484375,41,27
011,0.12109375,0.87890625,31,17
