state,p_marked,error,gate_count,depth
000,0.142578125,0.857421875,80,42
001,0.107421875,0.892578125,76,38
010,0.130859375,0.869140625,76,42
011,0.1171875,0.8828125,72,38
