state,p_marked,error,gate_count,depth
000,0.16796875,0.83203125,58,30
001,0.158203125,0.841796875,54,26
010,0.140625,0.859375,54,30
011,0.140625,0.859375,50,26
