state,p_marked,error,gate_count,depth
000,0.111328125,0.888671875,69,37
001,0.111328125,0.888671875,55,23
010,0.1484375,0.8515625,55,37
011,0.123046875,0.876953125,41,23
