state,p_marked,error,gate_count,depth
000,0.4921875,0.5078125,32,16
001,0.501953125,0.498046875,30,14
010,0.513671875,0.486328125,30,16
011,0.453125,0.546875,28,14
