state,p_marked,error,gate_count,depth
000,0.025390625,0.974609375,50,25
001,0.02734375,0.97265625,48,23
010,0.029296875,0.970703125,48,25
011,0.02734375,0.97265625,46,23
