state,p_marked,error,gate_count,depth
000,0.09765625,0.90234375,128,89
001,0.30078125,0.69921875,122,83
010,0.05078125,0.94921875,122,89
011,0.189453125,0.810546875,116,83
