state,p_marked,error,gate_count,depth
000,0.4921875,0.5078125,41,21
001,0.47265625,0.52734375,37,17
010,0.466796875,0.533203125,37,21
011,0.48046875,0.51953125,33,17
