state,p_marked,error,gate_count,depth
000,0.46875,0.53125,33,16
001,0.52734375,0.47265625,31,14
010,0.51171875,0.48828125,31,16
011,0.453125,0.546875,29,14
