state,p_marked,error,gate_count,depth
000,0.099609375,0.900390625,15,7
001,0.10546875,0.89453125,13,5
010,0.134765625,0.865234375,13,7
011,0.1015625,0.8984375,11,5
