state,p_marked,error,gate_count,depth
000,0.275390625,0.724609375,50,25
001,0.2734375,0.7265625,48,23
010,0.29296875,0.70703125,48,25
011,0.251953125,0.748046875,46,23
