state,p_marked,error,gate_count,depth
000,0.0,1.0,56,29
001,0.140625,0.859375,50,23
010,0.0,1.0,50,29
011,0.126953125,0.873046875,44,23
