state,p_marked,error,gate_count,depth
000,0.13671875,0.86328125,47,24
001,0.154296875,0.845703125,43,20
010,0.14453125,0.85546875,43,24
011,0.12890625,0.87109375,39,20
