state,p_marked,error,gate_count,depth
000,0.1640625,0.8359375,68,47
001,0.015625,0.984375,68,47
010,0.294921875,0.705078125,68,47
011,0.162109375,0.837890625,68,47
