state,p_marked,error,gate_count,depth
000,0.1171875,0.8828125,33,15
001,0.142578125,0.857421875,31,13
010,0.115234375,0.884765625,31,15
011,0.1171875,0.8828125,29,13
