state,p_marked,error,gate_count,depth
000,0.123046875,0.876953125,47,25
001,0.1015625,0.8984375,43,21
010,0.125,0.875,43,25
011,0.123046875,0.876953125,39,21
