state,p_marked,error,gate_count,depth
000,0.12109375,0.87890625,28,14
001,0.119140625,0.880859375,28,14
010,0.126953125,0.873046875,28,14
011,0.11328125,0.88671875,28,14
