state,p_marked,error,gate_count,depth
000,0.119140625,0.880859375,41,20
001,0.107421875,0.892578125,37,16
010,0.150390625,0.849609375,37,20
011,0.099609375,0.900390625,33,16
