state,p_marked,error,gate_count,depth
000,0.517578125,0.482421875,33,17
001,0.5078125,0.4921875,31,15
010,0.498046875,0.501953125,31,17
011,0.115234375,0.884765625,29,15
