state,p_marked,error,gate_count,depth
000,0.533203125,0.466796875,33,16
001,0.537109375,0.462890625,31,14
010,0.57421875,0.42578125,31,16
011,0.53125,0.46875,29,14
