state,p_marked,error,gate_count,depth
000,0.1171875,0.8828125,41,21
001,0.13671875,0.86328125,37,17
010,0.1328125,0.8671875,37,21
011,0.11328125,0.88671875,33,17
