state,p_marked,error,gate_count,depth
000,0.068359375,0.931640625,73,38
001,0.140625,0.859375,67,32
010,0.109375,0.890625,67,38
011,0.109375,0.890625,61,32
