state,p_marked,error,gate_count,depth
000,0.50390625,0.49609375,34,18
001,0.505859375,0.494140625,32,16
010,0.544921875,0.455078125,32,18
011,0.111328125,0.888671875,30,16
