state,p_marked,error,gate_count,depth
000,0.10546875,0.89453125,37,19
001,0.0859375,0.9140625,35,17
010,0.11328125,0.88671875,35,19
011,0.140625,0.859375,33,17
