state,p_marked,error,gate_count,depth
000,0.19140625,0.80859375,50,23
001,0.201171875,0.798828125,48,21
010,0.076171875,0.923828125,48,23
011,0.046875,0.953125,46,21
