state,p_marked,error,gate_count,depth
000,0.24609375,0.75390625,25,11
001,0.244140625,0.755859375,25,11
010,0.255859375,0.744140625,25,11
011,0.0,1.0,25,11
