state,p_marked,error,gate_count,depth
000,0.1015625,0.8984375,32,15
001,0.060546875,0.939453125,30,13
010,0.052734375,0.947265625,30,15
011,0.0703125,0.9296875,28,13
