state,p_marked,error,gate_count,depth
000,0.123046875,0.876953125,15,7
001,0.134765625,0.865234375,13,5
010,0.16796875,0.83203125,13,7
011,0.123046875,0.876953125,11,5
