state,p_marked,error,gate_count,depth
000,0.52734375,0.47265625,32,16
001,0.53125,0.46875,30,14
010,0.5078125,0.4921875,30,16
011,0.447265625,0.552734375,28,14
