state,p_marked,error,gate_count,depth
000,0.509765625,0.490234375,33,17
001,0.431640625,0.568359375,31,15
010,0.482421875,0.517578125,31,17
011,0.478515625,0.521484375,29,15
