state,p_marked,error,gate_count,depth
000,0.115234375,0.884765625,41,21
001,0.15234375,0.84765625,37,17
010,0.1171875,0.8828125,37,21
011,0.09375,0.90625,33,17
