state,p_marked,error,gate_count,depth
000,0.115234375,0.884765625,68,34
001,0.140625,0.859375,66,32
010,0.140625,0.859375,66,34
011,0.126953125,0.873046875,64,32
