state,p_marked,error,gate_count,depth
000,0.119140625,0.880859375,24,12
001,0.138671875,0.861328125,20,8
010,0.125,0.875,20,12
011,0.12890625,0.87109375,16,8
