state,p_marked,error,gate_count,depth
000,0.099609375,0.900390625,24,12
001,0.146484375,0.853515625,20,8
010,0.111328125,0.888671875,20,12
011,0.115234375,0.884765625,16,8
