state,p_marked,error,gate_count,depth
000,0.45703125,0.54296875,32,16
001,0.50390625,0.49609375,30,14
010,0.515625,0.484375,30,16
011,0.53125,0.46875,28,14
