state,p_marked,error,gate_count,depth
000,0.107421875,0.892578125,32,15
001,0.134765625,0.865234375,30,13
010,0.12890625,0.87109375,30,15
011,0.13671875,0.86328125,28,13
