state,p_marked,error,gate_count,depth
000,0.490234375,0.509765625,33,17
001,0.541015625,0.458984375,31,15
010,0.552734375,0.447265625,31,17
011,0.505859375,0.494140625,29,15
