state,p_marked,error,gate_count,depth
000,0.568359375,0.431640625,42,21
001,0.59375,0.40625,38,17
010,0.576171875,0.423828125,38,21
011,0.55078125,0.44921875,34,17
