state,p_marked,error,gate_count,depth
000,0.232421875,0.767578125,42,21
001,0.25,0.75,38,17
010,0.25,0.75,38,21
011,0.23046875,0.76953125,34,17
