state,p_marked,error,gate_count,depth
000,0.498046875,0.501953125,50,26
001,0.482421875,0.517578125,44,20
010,0.478515625,0.521484375,44,26
011,0.470703125,0.529296875,38,20
