state,p_marked,error,gate_count,depth
000,0.103515625,0.896484375,33,17
001,0.177734375,0.822265625,27,11
010,0.115234375,0.884765625,27,17
011,0.123046875,0.876953125,21,11
