state,p_marked,error,gate_count,depth
000,0.525390625,0.474609375,33,16
001,0.52734375,0.47265625,31,14
010,0.46484375,0.53515625,31,16
011,0.50390625,0.49609375,29,14
