state,p_marked,error,gate_count,depth
000,0.56640625,0.43359375,34,17
001,0.5703125,0.4296875,32,15
010,0.529296875,0.470703125,32,17
011,0.54296875,0.45703125,30,15
