state,p_marked,error,gate_count,depth
000,0.23828125,0.76171875,32,16
001,0.267578125,0.732421875,30,14
010,0.224609375,0.775390625,30,16
011,0.2265625,0.7734375,28,14
