state,p_marked,error,gate_count,depth
000,0.111328125,0.888671875,41,23
001,0.310546875,0.689453125,39,21
010,0.634765625,0.365234375,39,23
011,0.10546875,0.89453125,37,21
