state,p_marked,error,gate_count,depth
000,0.54296875,0.45703125,33,16
001,0.548828125,0.451171875,31,14
010,0.5,0.5,31,16
011,0.5078125,0.4921875,29,14
