state,p_marked,error,gate_count,depth
000,0.5078125,0.4921875,33,16
001,0.484375,0.515625,31,14
010,0.513671875,0.486328125,31,16
011,0.45703125,0.54296875,29,14
