state,p_marked,error,gate_count,depth
000,0.328125,0.671875,43,24
001,0.01953125,0.98046875,41,22
010,0.025390625,0.974609375,41,24
011,0.001953125,0.998046875,39,22
