state,p_marked,error,gate_count,depth
000,0.130859375,0.869140625,32,15
001,0.10546875,0.89453125,30,13
010,0.126953125,0.873046875,30,15
011,0.1171875,0.8828125,28,13
