state,p_marked,error,gate_count,depth
000,0.068359375,0.931640625,34,17
001,0.072265625,0.927734375,32,15
010,0.0625,0.9375,32,17
011,0.05859375,0.94140625,30,15
