state,p_marked,error,gate_count,depth
000,0.513671875,0.486328125,41,21
001,0.46484375,0.53515625,37,17
010,0.486328125,0.513671875,37,21
011,0.521484375,0.478515625,33,17
