state,p_marked,error,gate_count,depth
000,0.107421875,0.892578125,32,16
001,0.130859375,0.869140625,30,14
010,0.111328125,0.888671875,30,16
011,0.15234375,0.84765625,28,14
