state,p_marked,error,gate_count,depth
000,0.138671875,0.861328125,59,31
001,0.111328125,0.888671875,55,27
010,0.09765625,0.90234375,55,31
011,0.11328125,0.88671875,51,27
