state,p_marked,error,gate_count,depth
000,0.236328125,0.763671875,41,20
001,0.244140625,0.755859375,37,16
010,0.24609375,0.75390625,37,20
011,0.234375,0.765625,33,16
