state,p_marked,error,gate_count,depth
000,0.56640625,0.43359375,33,16
001,0.580078125,0.419921875,31,14
010,0.59765625,0.40234375,31,16
011,0.572265625,0.427734375,29,14
