state,p_marked,error,gate_count,depth
000,0.044921875,0.955078125,34,17
001,0.0625,0.9375,32,15
010,0.0625,0.9375,32,17
011,0.0859375,0.9140625,30,15
