state,p_marked,error,gate_count,depth
000,0.248046875,0.751953125,33,17
001,0.248046875,0.751953125,31,15
010,0.212890625,0.787109375,31,17
011,0.240234375,0.759765625,29,15
