state,p_marked,error,gate_count,depth
000,0.0625,0.9375,42,21
001,0.056640625,0.943359375,38,18
010,0.05859375,0.94140625,38,21
011,0.056640625,0.943359375,34,18
