state,p_marked,error,gate_count,depth
000,0.5234375,0.4765625,34,18
001,0.494140625,0.505859375,32,16
010,0.49609375,0.50390625,32,18
011,0.486328125,0.513671875,30,16
