state,p_marked,error,gate_count,depth
000,0.142578125,0.857421875,49,25
001,0.1484375,0.8515625,47,23
010,0.111328125,0.888671875,47,25
011,0.1171875,0.8828125,45,23
