state,p_marked,error,gate_count,depth
000,0.029296875,0.970703125,46,28
001,0.455078125,0.544921875,44,26
010,0.462890625,0.537109375,44,28
011,0.072265625,0.927734375,42,26
