state,p_marked,error,gate_count,depth
000,0.068359375,0.931640625,33,15
001,0.056640625,0.943359375,31,13
010,0.07421875,0.92578125,31,15
011,0.046875,0.953125,29,13
