state,p_marked,error,gate_count,depth
000,0.521484375,0.478515625,35,19
001,0.1171875,0.8828125,33,17
010,0.501953125,0.498046875,33,19
011,0.1015625,0.8984375,31,17
