state,p_marked,error,gate_count,depth
000,0.119140625,0.880859375,49,23
001,0.138671875,0.861328125,47,21
010,0.119140625,0.880859375,47,23
011,0.15234375,0.84765625,45,21
