state,p_marked,error,gate_count,depth
000,0.130859375,0.869140625,33,17
001,0.08984375,0.91015625,27,11
010,0.126953125,0.873046875,27,17
011,0.14453125,0.85546875,21,11
