state,p_marked,error,gate_count,depth
000,0.103515625,0.896484375,41,20
001,0.1484375,0.8515625,37,16
010,0.130859375,0.869140625,37,20
011,0.1484375,0.8515625,33,16
