state,p_marked,error,gate_count,depth
000,0.091796875,0.908203125,125,80
001,0.0859375,0.9140625,123,78
010,0.00390625,0.99609375,123,80
011,0.0078125,0.9921875,121,78
