state,p_marked,error,gate_count,depth
000,0.005859375,0.994140625,25,12
001,0.4921875,0.5078125,25,12
010,0.0,1.0,25,12
011,0.0,1.0,25,12
