state,p_marked,error,gate_count,depth
000,0.142578125,0.857421875,40,19
001,0.126953125,0.873046875,40,19
010,0.146484375,0.853515625,40,19
011,0.09765625,0.90234375,40,19
