state,p_marked,error,gate_count,depth
000,0.470703125,0.529296875,33,17
001,0.48828125,0.51171875,31,15
010,0.447265625,0.552734375,31,17
011,0.486328125,0.513671875,29,15
