state,p_marked,error,gate_count,depth
000,0.140625,0.859375,42,22
001,0.134765625,0.865234375,34,14
010,0.126953125,0.873046875,34,22
011,0.1171875,0.8828125,26,14
