state,p_marked,error,gate_count,depth
000,0.048828125,0.951171875,33,17
001,0.052734375,0.947265625,31,15
010,0.072265625,0.927734375,31,17
011,0.05859375,0.94140625,29,15
