state,p_marked,error,gate_count,depth
000,0.56640625,0.43359375,51,26
001,0.5859375,0.4140625,45,20
010,0.580078125,0.419921875,45,26
011,0.591796875,0.408203125,39,20
