state,p_marked,error,gate_count,depth
000,0.4921875,0.5078125,43,22
001,0.474609375,0.525390625,39,18
010,0.505859375,0.494140625,39,22
011,0.48828125,0.51171875,35,18
