state,p_marked,error,gate_count,depth
000,0.5390625,0.4609375,33,17
001,0.474609375,0.525390625,31,15
010,0.51953125,0.48046875,31,17
011,0.0,1.0,29,15
