state,p_marked,error,gate_count,depth
000,0.126953125,0.873046875,15,7
001,0.142578125,0.857421875,13,5
010,0.140625,0.859375,13,7
011,0.119140625,0.880859375,11,5
