state,p_marked,error,gate_count,depth
000,0.12890625,0.87109375,15,7
001,0.12109375,0.87890625,13,5
010,0.1484375,0.8515625,13,7
011,0.1171875,0.8828125,11,5
