state,p_marked,error,gate_count,depth
000,0.142578125,0.857421875,50,26
001,0.12890625,0.87109375,48,24
010,0.1015625,0.8984375,48,26
011,0.140625,0.859375,46,24
