state,p_marked,error,gate_count,depth
000,0.138671875,0.861328125,33,16
001,0.119140625,0.880859375,31,14
010,0.109375,0.890625,31,16
011,0.142578125,0.857421875,29,14
