state,p_marked,error,gate_count,depth
000,0.095703125,0.904296875,77,40
001,0.111328125,0.888671875,65,28
010,0.126953125,0.873046875,65,40
011,0.123046875,0.876953125,53,28
