state,p_marked,error,gate_count,depth
000,0.162109375,0.837890625,24,12
001,0.126953125,0.873046875,20,8
010,0.09375,0.90625,20,12
011,0.095703125,0.904296875,16,8
