state,p_marked,error,gate_count,depth
000,0.482421875,0.517578125,32,16
001,0.513671875,0.486328125,30,14
010,0.55078125,0.44921875,30,16
011,0.4765625,0.5234375,28,14
