state,p_marked,error,gate_count,depth
000,0.125,0.875,15,7
001,0.087890625,0.912109375,13,5
010,0.12109375,0.87890625,13,7
011,0.140625,0.859375,11,5
