state,p_marked,error,gate_count,depth
000,0.03515625,0.96484375,64,33
001,0.2734375,0.7265625,60,29
010,0.03515625,0.96484375,60,33
011,0.0390625,0.9609375,56,29
