state,p_marked,error,gate_count,depth
000,0.125,0.875,90,57
001,0.056640625,0.943359375,86,53
010,0.03515625,0.96484375,86,57
011,0.2421875,0.7578125,82,53
