state,p_marked,error,gate_count,depth
000,0.119140625,0.880859375,69,37
001,0.1328125,0.8671875,55,23
010,0.1484375,0.8515625,55,37
011,0.126953125,0.873046875,41,23
