state,p_marked,error,gate_count,depth
000,0.572265625,0.427734375,51,26
001,0.59375,0.40625,45,20
010,0.541015625,0.458984375,45,26
011,0.578125,0.421875,39,20
