state,p_marked,error,gate_count,depth
000,0.546875,0.453125,51,26
001,0.556640625,0.443359375,45,20
010,0.556640625,0.443359375,45,26
011,0.548828125,0.451171875,39,20
