state,p_marked,error,gate_count,depth
000,0.576171875,0.423828125,33,16
001,0.548828125,0.451171875,31,14
010,0.53515625,0.46484375,31,16
011,0.607421875,0.392578125,29,14
