state,p_marked,error,gate_count,depth
000,0.0,1.0,41,24
001,0.1171875,0.8828125,39,22
010,0.478515625,0.521484375,39,24
011,0.501953125,0.498046875,37,22
