state,p_marked,error,gate_count,depth
000,0.0,1.0,27,13
001,0.009765625,0.990234375,27,13
010,0.244140625,0.755859375,27,13
011,0.2578125,0.7421875,27,13
