state,p_marked,error,gate_count,depth
000,0.146484375,0.853515625,42,21
001,0.123046875,0.876953125,42,21
010,0.12109375,0.87890625,42,21
011,0.138671875,0.861328125,42,21
