state,p_marked,error,gate_count,depth
000,0.0078125,0.9921875,63,43
001,0.255859375,0.744140625,63,43
010,0.228515625,0.771484375,63,43
011,0.013671875,0.986328125,63,43
