state,p_marked,error,gate_count,depth
000,0.126953125,0.873046875,41,20
001,0.11328125,0.88671875,37,16
010,0.12890625,0.87109375,37,20
011,0.12109375,0.87890625,33,16
