state,p_marked,error,gate_count,depth
000,0.154296875,0.845703125,33,17
001,0.119140625,0.880859375,31,15
010,0.146484375,0.853515625,31,17
011,0.146484375,0.853515625,29,15
