state,p_marked,error,gate_count,depth
000,0.259765625,0.740234375,69,34
001,0.263671875,0.736328125,67,32
010,0.197265625,0.802734375,67,34
011,0.087890625,0.912109375,65,32
