state,p_marked,error,gate_count,depth
000,0.0,1.0,53,34
001,0.0,1.0,53,34
010,0.189453125,0.810546875,53,34
011,0.3359375,0.6640625,53,34
