state,p_marked,error,gate_count,depth
000,0.125,0.875,15,7
001,0.1171875,0.8828125,13,5
010,0.119140625,0.880859375,13,7
011,0.162109375,0.837890625,11,5
