state,p_marked,error,gate_count,depth
000,0.0,1.0,50,26
001,0.25,0.75,48,24
010,0.068359375,0.931640625,48,26
011,0.056640625,0.943359375,46,24
