state,p_marked,error,gate_count,depth
000,0.11328125,0.88671875,41,21
001,0.11328125,0.88671875,37,17
010,0.103515625,0.896484375,37,21
011,0.109375,0.890625,33,17
