state,p_marked,error,gate_count,depth
000,0.046875,0.953125,50,26
001,0.037109375,0.962890625,44,20
010,0.056640625,0.943359375,44,26
011,0.029296875,0.970703125,38,20
