state,p_marked,error,gate_count,depth
000,0.01171875,0.98828125,25,11
001,0.50390625,0.49609375,25,11
010,0.0,1.0,25,11
011,0.0,1.0,25,11
