state,p_marked,error,gate_count,depth
000,0.052734375,0.947265625,32,15
001,0.0625,0.9375,30,13
010,0.068359375,0.931640625,30,15
011,0.0625,0.9375,28,13
