state,p_marked,error,gate_count,depth
000,0.10546875,0.89453125,52,27
001,0.123046875,0.876953125,46,21
010,0.13671875,0.86328125,46,27
011,0.130859375,0.869140625,40,21
