state,p_marked,error,gate_count,depth
000,0.0,1.0,50,26
001,0.0,1.0,44,20
010,0.0,1.0,44,26
011,0.158203125,0.841796875,38,20
