state,p_marked,error,gate_count,depth
000,0.072265625,0.927734375,42,21
001,0.05859375,0.94140625,38,18
010,0.056640625,0.943359375,38,21
011,0.041015625,0.958984375,34,18
