state,p_marked,error,gate_count,depth
000,0.05078125,0.94921875,71,38
001,0.0703125,0.9296875,67,35
010,0.154296875,0.845703125,67,38
011,0.19140625,0.80859375,63,35
