state,p_marked,error,gate_count,depth
000,0.140625,0.859375,33,16
001,0.123046875,0.876953125,31,14
010,0.134765625,0.865234375,31,16
011,0.14453125,0.85546875,29,14
