state,p_marked,error,gate_count,depth
000,0.0625,0.9375,67,34
001,0.078125,0.921875,61,28
010,0.07421875,0.92578125,61,34
011,0.0546875,0.9453125,55,28
