state,p_marked,error,gate_count,depth
000,0.052734375,0.947265625,60,31
001,0.078125,0.921875,52,23
010,0.171875,0.828125,52,31
011,0.1875,0.8125,44,23
