state,p_marked,error,gate_count,depth
000,0.16796875,0.83203125,69,37
001,0.11328125,0.88671875,55,23
010,0.1328125,0.8671875,55,37
011,0.115234375,0.884765625,41,23
