state,p_marked,error,gate_count,depth
000,0.50390625,0.49609375,32,16
001,0.4921875,0.5078125,30,14
010,0.498046875,0.501953125,30,16
011,0.458984375,0.541015625,28,14
