state,p_marked,error,gate_count,depth
000,0.25,0.75,51,25
001,0.23046875,0.76953125,49,23
010,0.25390625,0.74609375,49,25
011,0.248046875,0.751953125,47,23
