state,p_marked,error,gate_count,depth
000,0.140625,0.859375,63,45
001,0.123046875,0.876953125,63,45
010,0.4453125,0.5546875,63,45
011,0.140625,0.859375,63,45
