state,p_marked,error,gate_count,depth
000,0.55078125,0.44921875,33,16
001,0.55859375,0.44140625,31,14
010,0.060546875,0.939453125,31,16
011,0.0546875,0.9453125,29,14
