state,p_marked,error,gate_count,depth
000,0.115234375,0.884765625,45,23
001,0.1171875,0.8828125,45,23
010,0.095703125,0.904296875,45,23
011,0.091796875,0.908203125,45,23
