state,p_marked,error,gate_count,depth
000,0.109375,0.890625,41,20
001,0.111328125,0.888671875,37,16
010,0.119140625,0.880859375,37,20
011,0.126953125,0.873046875,33,16
