state,p_marked,error,gate_count,depth
000,0.5078125,0.4921875,32,16
001,0.46875,0.53125,30,14
010,0.482421875,0.517578125,30,16
011,0.517578125,0.482421875,28,14
