state,p_marked,error,gate_count,depth
000,0.11328125,0.88671875,69,37
001,0.123046875,0.876953125,63,31
010,0.12109375,0.87890625,63,37
011,0.130859375,0.869140625,57,31
