state,p_marked,error,gate_count,depth
000,0.125,0.875,49,25
001,0.126953125,0.873046875,47,23
010,0.134765625,0.865234375,47,25
011,0.1328125,0.8671875,45,23
