state,p_marked,error,gate_count,depth
000,0.029296875,0.970703125,42,23
001,0.001953125,0.998046875,40,21
010,0.369140625,0.630859375,40,23
011,0.015625,0.984375,38,21
