state,p_marked,error,gate_count,depth
000,0.126953125,0.873046875,41,21
001,0.126953125,0.873046875,37,17
010,0.1171875,0.8828125,37,21
011,0.142578125,0.857421875,33,17
