state,p_marked,error,gate_count,depth
000,0.1015625,0.8984375,24,12
001,0.140625,0.859375,20,8
010,0.15625,0.84375,20,12
011,0.154296875,0.845703125,16,8
