state,p_marked,error,gate_count,depth
000,0.126953125,0.873046875,42,22
001,0.130859375,0.869140625,38,18
010,0.146484375,0.853515625,38,22
011,0.13671875,0.86328125,34,18
