state,p_marked,error,gate_count,depth
000,0.474609375,0.525390625,33,17
001,0.5234375,0.4765625,31,15
010,0.525390625,0.474609375,31,17
011,0.4609375,0.5390625,29,15
