state,p_marked,error,gate_count,depth
000,0.48828125,0.51171875,32,16
001,0.451171875,0.548828125,30,14
010,0.5,0.5,30,16
011,0.4765625,0.5234375,28,14
