state,p_marked,error,gate_count,depth
000,0.60546875,0.39453125,33,16
001,0.560546875,0.439453125,31,14
010,0.552734375,0.447265625,31,16
011,0.546875,0.453125,29,14
