state,p_marked,error,gate_count,depth
000,0.5390625,0.4609375,32,16
001,0.537109375,0.462890625,30,14
010,0.5,0.5,30,16
011,0.541015625,0.458984375,28,14
