state,p_marked,error,gate_count,depth
000,0.091796875,0.908203125,81,47
001,0.0390625,0.9609375,75,41
010,0.04296875,0.95703125,75,47
011,0.146484375,0.853515625,69,41
