state,p_marked,error,gate_count,depth
000,0.14453125,0.85546875,40,20
001,0.1328125,0.8671875,40,20
010,0.1171875,0.8828125,40,20
011,0.09375,0.90625,40,20
