state,p_marked,error,gate_count,depth
000,0.115234375,0.884765625,15,7
001,0.126953125,0.873046875,13,5
010,0.13671875,0.86328125,13,7
011,0.150390625,0.849609375,11,5
