state,p_marked,error,gate_count,depth
000,0.0234375,0.9765625,69,35
001,0.025390625,0.974609375,63,30
010,0.029296875,0.970703125,63,35
011,0.025390625,0.974609375,57,30
