state,p_marked,error,gate_count,depth
000,0.056640625,0.943359375,33,16
001,0.087890625,0.912109375,31,14
010,0.072265625,0.927734375,31,16
011,0.068359375,0.931640625,29,14
