state,p_marked,error,gate_count,depth
000,0.484375,0.515625,33,16
001,0.517578125,0.482421875,31,14
010,0.529296875,0.470703125,31,16
011,0.486328125,0.513671875,29,14
