state,p_marked,error,gate_count,depth
000,0.251953125,0.748046875,28,15
001,0.0,1.0,28,15
010,0.0,1.0,28,15
011,0.24609375,0.75390625,28,15
