state,p_marked,error,gate_count,depth
000,0.60546875,0.39453125,33,16
001,0.587890625,0.412109375,31,14
010,0.517578125,0.482421875,31,16
011,0.541015625,0.458984375,29,14
