state,p_marked,error,gate_count,depth
000,0.515625,0.484375,33,17
001,0.529296875,0.470703125,31,15
010,0.529296875,0.470703125,31,17
011,0.486328125,0.513671875,29,15
