state,p_marked,error,gate_count,depth
000,0.140625,0.859375,24,12
001,0.091796875,0.908203125,20,8
010,0.09765625,0.90234375,20,12
011,0.1171875,0.8828125,16,8
