state,p_marked,error,gate_count,depth
000,0.505859375,0.494140625,38,20
001,0.498046875,0.501953125,36,18
010,0.126953125,0.873046875,36,20
011,0.0,1.0,34,18
