state,p_marked,error,gate_count,depth
000,0.119140625,0.880859375,42,20
001,0.126953125,0.873046875,42,20
010,0.119140625,0.880859375,42,20
011,0.130859375,0.869140625,42,20
