state,p_marked,error,gate_count,depth
000,0.12890625,0.87109375,47,25
001,0.138671875,0.861328125,43,21
010,0.126953125,0.873046875,43,25
011,0.12109375,0.87890625,39,21
