state,p_marked,error,gate_count,depth
000,0.4921875,0.5078125,33,17
001,0.501953125,0.498046875,31,15
010,0.521484375,0.478515625,31,17
011,0.51171875,0.48828125,29,15
