state,p_marked,error,gate_count,depth
000,0.513671875,0.486328125,32,16
001,0.46484375,0.53515625,30,14
010,0.533203125,0.466796875,30,16
011,0.5234375,0.4765625,28,14
