state,p_marked,error,gate_count,depth
000,0.140625,0.859375,24,12
001,0.1015625,0.8984375,20,8
010,0.134765625,0.865234375,20,12
011,0.125,0.875,16,8
