state,p_marked,error,gate_count,depth
000,0.533203125,0.466796875,42,22
001,0.498046875,0.501953125,38,18
010,0.5390625,0.4609375,38,22
011,0.537109375,0.462890625,34,18
