state,p_marked,error,gate_count,depth
000,0.12109375,0.87890625,26,13
001,0.1015625,0.8984375,26,13
010,0.09765625,0.90234375,26,13
011,0.130859375,0.869140625,26,13
