state,p_marked,error,gate_count,depth
000,0.283203125,0.716796875,50,24
001,0.244140625,0.755859375,48,22
010,0.2890625,0.7109375,48,24
011,0.236328125,0.763671875,46,22
