state,p_marked,error,gate_count,depth
000,0.130859375,0.869140625,24,12
001,0.12109375,0.87890625,20,8
010,0.09375,0.90625,20,12
011,0.09765625,0.90234375,16,8
