state,p_marked,error,gate_count,depth
000,0.1328125,0.8671875,72,38
001,0.119140625,0.880859375,66,32
010,0.1328125,0.8671875,66,38
011,0.134765625,0.865234375,60,32
