state,p_marked,error,gate_count,depth
000,0.1640625,0.8359375,63,41
001,0.015625,0.984375,63,41
010,0.068359375,0.931640625,63,41
011,0.146484375,0.853515625,63,41
