state,p_marked,error,gate_count,depth
000,0.119140625,0.880859375,33,16
001,0.12890625,0.87109375,31,14
010,0.126953125,0.873046875,31,16
011,0.142578125,0.857421875,29,14
