state,p_marked,error,gate_count,depth
000,0.541015625,0.458984375,33,16
001,0.568359375,0.431640625,31,14
010,0.615234375,0.384765625,31,16
011,0.623046875,0.376953125,29,14
