state,p_marked,error,gate_count,depth
000,0.12890625,0.87109375,41,21
001,0.099609375,0.900390625,37,17
010,0.1328125,0.8671875,37,21
011,0.125,0.875,33,17
