state,p_marked,error,gate_count,depth
000,0.1171875,0.8828125,42,22
001,0.125,0.875,34,14
010,0.12109375,0.87890625,34,22
011,0.10546875,0.89453125,26,14
