state,p_marked,error,gate_count,depth
000,0.13671875,0.86328125,42,22
001,0.1015625,0.8984375,38,18
010,0.109375,0.890625,38,22
011,0.130859375,0.869140625,34,18
