state,p_marked,error,gate_count,depth
000,0.49609375,0.50390625,33,16
001,0.47265625,0.52734375,31,14
010,0.498046875,0.501953125,31,16
011,0.478515625,0.521484375,29,14
