state,p_marked,error,gate_count,depth
000,0.236328125,0.763671875,33,17
001,0.271484375,0.728515625,31,15
010,0.283203125,0.716796875,31,17
011,0.220703125,0.779296875,29,15
