state,p_marked,error,gate_count,depth
000,0.55859375,0.44140625,33,16
001,0.587890625,0.412109375,31,14
010,0.072265625,0.927734375,31,16
011,0.0546875,0.9453125,29,14
