state,p_marked,error,gate_count,depth
000,0.53515625,0.46484375,36,18
001,0.4765625,0.5234375,34,16
010,0.48046875,0.51953125,34,18
011,0.49609375,0.50390625,32,16
