state,p_marked,error,gate_count,depth
000,0.064453125,0.935546875,42,21
001,0.072265625,0.927734375,38,18
010,0.072265625,0.927734375,38,21
011,0.080078125,0.919921875,34,18
