state,p_marked,error,gate_count,depth
000,0.490234375,0.509765625,32,16
001,0.470703125,0.529296875,30,14
010,0.529296875,0.470703125,30,16
011,0.46875,0.53125,28,14
