state,p_marked,error,gate_count,depth
000,0.546875,0.453125,34,17
001,0.56640625,0.43359375,32,15
010,0.552734375,0.447265625,32,17
011,0.55078125,0.44921875,30,15
