state,p_marked,error,gate_count,depth
000,0.517578125,0.482421875,51,26
001,0.482421875,0.517578125,45,20
010,0.470703125,0.529296875,45,26
011,0.44921875,0.55078125,39,20
