state,p_marked,error,gate_count,depth
000,0.5078125,0.4921875,33,17
001,0.517578125,0.482421875,31,15
010,0.541015625,0.458984375,31,17
011,0.513671875,0.486328125,29,15
