state,p_marked,error,gate_count,depth
000,0.46875,0.53125,34,17
001,0.49609375,0.50390625,32,15
010,0.48046875,0.51953125,32,17
011,0.521484375,0.478515625,30,15
