state,p_marked,error,gate_count,depth
000,0.0,1.0,55,29
001,0.12890625,0.87109375,49,23
010,0.138671875,0.861328125,49,29
011,0.0,1.0,43,23
