state,p_marked,error,gate_count,depth
000,0.060546875,0.939453125,95,50
001,0.0625,0.9375,87,42
010,0.09375,0.90625,87,50
011,0.052734375,0.947265625,79,42
