state,p_marked,error,gate_count,depth
000,0.2109375,0.7890625,141,77
001,0.125,0.875,137,73
010,0.009765625,0.990234375,137,77
011,0.134765625,0.865234375,133,73
