state,p_marked,error,gate_count,depth
000,0.572265625,0.427734375,42,21
001,0.537109375,0.462890625,38,17
010,0.541015625,0.458984375,38,21
011,0.537109375,0.462890625,34,17
