state,p_marked,error,gate_count,depth
000,0.236328125,0.763671875,82,44
001,0.033203125,0.966796875,74,37
010,0.220703125,0.779296875,74,44
011,0.02734375,0.97265625,66,37
