state,p_marked,error,gate_count,depth
000,0.529296875,0.470703125,32,16
001,0.52734375,0.47265625,30,14
010,0.513671875,0.486328125,30,16
011,0.501953125,0.498046875,28,14
