state,p_marked,error,gate_count,depth
000,0.23828125,0.76171875,41,21
001,0.263671875,0.736328125,37,17
010,0.234375,0.765625,37,21
011,0.220703125,0.779296875,33,17
