state,p_marked,error,gate_count,depth
000,0.537109375,0.462890625,33,17
001,0.533203125,0.466796875,31,15
010,0.47265625,0.52734375,31,17
011,0.490234375,0.509765625,29,15
