state,p_marked,error,gate_count,depth
000,0.06640625,0.93359375,50,26
001,0.07421875,0.92578125,44,20
010,0.0625,0.9375,44,26
011,0.06640625,0.93359375,38,20
