state,p_marked,error,gate_count,depth
000,0.515625,0.484375,34,18
001,0.4765625,0.5234375,32,16
010,0.509765625,0.490234375,32,18
011,0.1484375,0.8515625,30,16
