state,p_marked,error,gate_count,depth
000,0.154296875,0.845703125,61,43
001,0.26171875,0.73828125,59,41
010,0.046875,0.953125,59,43
011,0.060546875,0.939453125,57,41
