state,p_marked,error,gate_count,depth
000,0.48828125,0.51171875,34,18
001,0.494140625,0.505859375,32,16
010,0.484375,0.515625,32,18
011,0.4609375,0.5390625,30,16
