state,p_marked,error,gate_count,depth
000,0.53125,0.46875,33,17
001,0.484375,0.515625,31,15
010,0.498046875,0.501953125,31,17
011,0.48828125,0.51171875,29,15
