state,p_marked,error,gate_count,depth
000,0.298828125,0.701171875,98,52
001,0.0,1.0,94,49
010,0.287109375,0.712890625,94,52
011,0.056640625,0.943359375,90,49
