state,p_marked,error,gate_count,depth
000,0.462890625,0.537109375,33,17
001,0.517578125,0.482421875,31,15
010,0.470703125,0.529296875,31,17
011,0.517578125,0.482421875,29,15
