state,p_marked,error,gate_count,depth
000,0.140625,0.859375,64,35
001,0.484375,0.515625,60,31
010,0.13671875,0.86328125,60,35
011,0.1171875,0.8828125,56,31
