state,p_marked,error,gate_count,depth
000,0.51171875,0.48828125,33,16
001,0.55078125,0.44921875,31,14
010,0.564453125,0.435546875,31,16
011,0.619140625,0.380859375,29,14
