state,p_marked,error,gate_count,depth
000,0.06640625,0.93359375,51,26
001,0.06640625,0.93359375,45,21
010,0.064453125,0.935546875,45,26
011,0.05078125,0.94921875,39,21
