state,p_marked,error,gate_count,depth
000,0.546875,0.453125,42,21
001,0.53125,0.46875,38,17
010,0.552734375,0.447265625,38,21
011,0.544921875,0.455078125,34,17
