state,p_marked,error,gate_count,depth
000,0.26171875,0.73828125,23,11
001,0.0,1.0,23,11
010,0.265625,0.734375,23,11
011,0.0,1.0,23,11
