state,p_marked,error,gate_count,depth
000,0.23828125,0.76171875,69,39
001,0.029296875,0.970703125,65,35
010,0.21875,0.78125,65,39
011,0.033203125,0.966796875,61,35
