state,p_marked,error,gate_count,depth
000,0.134765625,0.865234375,32,15
001,0.125,0.875,30,13
010,0.16796875,0.83203125,30,15
011,0.126953125,0.873046875,28,13
