state,p_marked,error,gate_count,depth
000,0.291015625,0.708984375,49,25
001,0.248046875,0.751953125,47,23
010,0.271484375,0.728515625,47,25
011,0.27734375,0.72265625,45,23
