state,p_marked,error,gate_count,depth
000,0.01171875,0.98828125,61,32
001,0.013671875,0.986328125,57,28
010,0.005859375,0.994140625,57,32
011,0.009765625,0.990234375,53,28
