state,p_marked,error,gate_count,depth
000,0.23046875,0.76953125,33,17
001,0.248046875,0.751953125,31,15
010,0.236328125,0.763671875,31,17
011,0.224609375,0.775390625,29,15
