state,p_marked,error,gate_count,depth
000,0.5234375,0.4765625,32,16
001,0.544921875,0.455078125,30,14
010,0.490234375,0.509765625,30,16
011,0.51171875,0.48828125,28,14
