state,p_marked,error,gate_count,depth
000,0.1171875,0.8828125,60,32
001,0.123046875,0.876953125,48,20
010,0.12109375,0.87890625,48,32
011,0.134765625,0.865234375,36,20
