state,p_marked,error,gate_count,depth
000,0.515625,0.484375,32,16
001,0.478515625,0.521484375,30,14
010,0.521484375,0.478515625,30,16
011,0.509765625,0.490234375,28,14
