state,p_marked,error,gate_count,depth
000,0.111328125,0.888671875,37,19
001,0.107421875,0.892578125,37,19
010,0.140625,0.859375,37,19
011,0.111328125,0.888671875,37,19
