state,p_marked,error,gate_count,depth
000,0.14453125,0.85546875,32,16
001,0.1484375,0.8515625,30,14
010,0.166015625,0.833984375,30,16
011,0.12890625,0.87109375,28,14
