state,p_marked,error,gate_count,depth
000,0.609375,0.390625,33,16
001,0.564453125,0.435546875,31,14
010,0.541015625,0.458984375,31,16
011,0.556640625,0.443359375,29,14
