state,p_marked,error,gate_count,depth
000,0.111328125,0.888671875,60,32
001,0.103515625,0.896484375,48,20
010,0.109375,0.890625,48,32
011,0.134765625,0.865234375,36,20
