state,p_marked,error,gate_count,depth
000,0.111328125,0.888671875,32,15
001,0.125,0.875,30,13
010,0.130859375,0.869140625,30,15
011,0.109375,0.890625,28,13
