state,p_marked,error,gate_count,depth
000,0.134765625,0.865234375,33,17
001,0.12109375,0.87890625,27,11
010,0.10546875,0.89453125,27,17
011,0.154296875,0.845703125,21,11
