state,p_marked,error,gate_count,depth
000,0.099609375,0.900390625,24,12
001,0.12890625,0.87109375,20,8
010,0.13671875,0.86328125,20,12
011,0.130859375,0.869140625,16,8
