state,p_marked,error,gate_count,depth
000,0.2421875,0.7578125,36,18
001,0.28515625,0.71484375,36,18
010,0.25,0.75,36,18
011,0.28515625,0.71484375,36,18
