state,p_marked,error,gate_count,depth
000,0.123046875,0.876953125,33,16
001,0.1015625,0.8984375,31,14
010,0.1328125,0.8671875,31,16
011,0.146484375,0.853515625,29,14
