state,p_marked,error,gate_count,depth
000,0.25390625,0.74609375,41,21
001,0.0,1.0,41,21
010,0.2578125,0.7421875,41,21
011,0.0,1.0,41,21
