state,p_marked,error,gate_count,depth
000,0.375,0.625,71,45
001,0.029296875,0.970703125,69,43
010,0.140625,0.859375,69,45
011,0.10546875,0.89453125,67,43
