state,p_marked,error,gate_count,depth
000,0.298828125,0.701171875,126,83
001,0.01953125,0.98046875,124,81
010,0.00390625,0.99609375,124,83
011,0.0546875,0.9453125,122,81
