state,p_marked,error,gate_count,depth
000,0.49609375,0.50390625,33,17
001,0.525390625,0.474609375,31,15
010,0.515625,0.484375,31,17
011,0.447265625,0.552734375,29,15
