state,p_marked,error,gate_count,depth
000,0.576171875,0.423828125,35,17
001,0.537109375,0.462890625,33,15
010,0.55078125,0.44921875,33,17
011,0.548828125,0.451171875,31,15
