state,p_marked,error,gate_count,depth
000,0.47265625,0.52734375,38,20
001,0.525390625,0.474609375,36,18
010,0.4765625,0.5234375,36,20
011,0.0,1.0,34,18
