state,p_marked,error,gate_count,depth
000,0.134765625,0.865234375,60,32
001,0.12890625,0.87109375,48,20
010,0.150390625,0.849609375,48,32
011,0.134765625,0.865234375,36,20
