state,p_marked,error,gate_count,depth
000,0.130859375,0.869140625,67,34
001,0.09765625,0.90234375,61,28
010,0.130859375,0.869140625,61,34
011,0.11328125,0.88671875,55,28
