state,p_marked,error,gate_count,depth
000,0.109375,0.890625,44,22
001,0.103515625,0.896484375,40,18
010,0.11328125,0.88671875,40,22
011,0.09765625,0.90234375,36,18
