state,p_marked,error,gate_count,depth
000,0.484375,0.515625,33,16
001,0.494140625,0.505859375,31,14
010,0.513671875,0.486328125,31,16
011,0.521484375,0.478515625,29,14
