state,p_marked,error,gate_count,depth
000,0.576171875,0.423828125,42,21
001,0.591796875,0.408203125,38,17
010,0.587890625,0.412109375,38,21
011,0.5703125,0.4296875,34,17
