state,p_marked,error,gate_count,depth
000,0.1484375,0.8515625,72,40
001,0.111328125,0.888671875,68,36
010,0.123046875,0.876953125,68,40
011,0.1484375,0.8515625,64,36
