state,p_marked,error,gate_count,depth
000,0.14453125,0.85546875,15,7
001,0.140625,0.859375,13,5
010,0.103515625,0.896484375,13,7
011,0.14453125,0.85546875,11,5
