state,p_marked,error,gate_count,depth
000,0.1953125,0.8046875,57,27
001,0.1484375,0.8515625,55,25
010,0.009765625,0.990234375,55,27
011,0.0,1.0,53,25
