state,p_marked,error,gate_count,depth
000,0.03515625,0.96484375,59,31
001,0.2734375,0.7265625,55,27
010,0.01953125,0.98046875,55,31
011,0.033203125,0.966796875,51,27
