state,p_marked,error,gate_count,depth
000,0.181640625,0.818359375,90,55
001,0.08203125,0.91796875,86,51
010,0.060546875,0.939453125,86,55
011,0.015625,0.984375,82,51
