state,p_marked,error,gate_count,depth
000,0.556640625,0.443359375,33,17
001,0.490234375,0.509765625,31,15
010,0.53125,0.46875,31,17
011,0.486328125,0.513671875,29,15
