state,p_marked,error,gate_count,depth
000,0.142578125,0.857421875,32,15
001,0.1328125,0.8671875,30,13
010,0.119140625,0.880859375,30,15
011,0.091796875,0.908203125,28,13
