state,p_marked,error,gate_count,depth
000,0.123046875,0.876953125,33,17
001,0.123046875,0.876953125,27,11
010,0.109375,0.890625,27,17
011,0.1015625,0.8984375,21,11
