state,p_marked,error,gate_count,depth
000,0.419921875,0.580078125,58,38
001,0.1328125,0.8671875,58,38
010,0.140625,0.859375,58,38
011,0.111328125,0.888671875,58,38
