state,p_marked,error,gate_count,depth
000,0.125,0.875,77,41
001,0.119140625,0.880859375,69,33
010,0.12109375,0.87890625,69,41
011,0.107421875,0.892578125,61,33
