state,p_marked,error,gate_count,depth
000,0.130859375,0.869140625,42,23
001,0.63671875,0.36328125,40,21
010,0.244140625,0.755859375,40,23
011,0.119140625,0.880859375,38,21
