state,p_marked,error,gate_count,depth
000,0.0078125,0.9921875,53,38
001,0.0078125,0.9921875,53,38
010,0.267578125,0.732421875,53,38
011,0.1953125,0.8046875,53,38
