state,p_marked,error,gate_count,depth
000,0.0,1.0,38,20
001,0.142578125,0.857421875,36,18
010,0.14453125,0.85546875,36,20
011,0.0,1.0,34,18
