state,p_marked,error,gate_count,depth
000,0.126953125,0.873046875,33,16
001,0.09765625,0.90234375,31,14
010,0.14453125,0.85546875,31,16
011,0.099609375,0.900390625,29,14
