state,p_marked,error,gate_count,depth
000,0.115234375,0.884765625,41,20
001,0.119140625,0.880859375,37,16
010,0.095703125,0.904296875,37,20
011,0.1328125,0.8671875,33,16
