state,p_marked,error,gate_count,depth
000,0.1328125,0.8671875,40,19
001,0.134765625,0.865234375,40,19
010,0.111328125,0.888671875,40,19
011,0.12109375,0.87890625,40,19
