state,p_marked,error,gate_count,depth
000,0.125,0.875,41,23
001,0.2578125,0.7421875,39,21
010,0.607421875,0.392578125,39,23
011,0.095703125,0.904296875,37,21
