state,p_marked,error,gate_count,depth
000,0.53515625,0.46484375,34,17
001,0.59375,0.40625,32,15
010,0.546875,0.453125,32,17
011,0.57421875,0.42578125,30,15
