state,p_marked,error,gate_count,depth
000,0.544921875,0.455078125,42,21
001,0.578125,0.421875,38,17
010,0.5546875,0.4453125,38,21
011,0.568359375,0.431640625,34,17
