state,p_marked,error,gate_count,depth
000,0.28515625,0.71484375,60,31
001,0.072265625,0.927734375,60,31
010,0.041015625,0.958984375,60,31
011,0.060546875,0.939453125,60,31
