state,p_marked,error,gate_count,depth
000,0.115234375,0.884765625,42,21
001,0.13671875,0.86328125,38,17
010,0.099609375,0.900390625,38,21
011,0.15234375,0.84765625,34,17
