state,p_marked,error,gate_count,depth
000,0.54296875,0.45703125,33,16
001,0.55078125,0.44921875,31,14
010,0.59765625,0.40234375,31,16
011,0.56640625,0.43359375,29,14
