state,p_marked,error,gate_count,depth
000,0.482421875,0.517578125,33,16
001,0.53125,0.46875,31,14
010,0.48828125,0.51171875,31,16
011,0.4765625,0.5234375,29,14
