state,p_marked,error,gate_count,depth
000,0.61328125,0.38671875,42,21
001,0.6171875,0.3828125,38,17
010,0.576171875,0.423828125,38,21
011,0.52734375,0.47265625,34,17
