state,p_marked,error,gate_count,depth
000,0.162109375,0.837890625,15,7
001,0.13671875,0.86328125,13,5
010,0.10546875,0.89453125,13,7
011,0.142578125,0.857421875,11,5
