state,p_marked,error,gate_count,depth
000,0.03125,0.96875,41,24
001,0.11328125,0.88671875,39,22
010,0.046875,0.953125,39,24
011,0.04296875,0.95703125,37,22
