state,p_marked,error,gate_count,depth
000,0.580078125,0.419921875,34,16
001,0.578125,0.421875,32,14
010,0.556640625,0.443359375,32,16
011,0.60546875,0.39453125,30,14
