state,p_marked,error,gate_count,depth
000,0.060546875,0.939453125,77,40
001,0.041015625,0.958984375,73,36
010,0.0703125,0.9296875,73,40
011,0.064453125,0.935546875,69,36
