state,p_marked,error,gate_count,depth
000,0.107421875,0.892578125,50,25
001,0.1171875,0.8828125,48,23
010,0.14453125,0.85546875,48,25
011,0.1484375,0.8515625,46,23
