state,p_marked,error,gate_count,depth
000,0.1640625,0.8359375,15,7
001,0.103515625,0.896484375,13,5
010,0.126953125,0.873046875,13,7
011,0.095703125,0.904296875,11,5
