state,p_marked,error,gate_count,depth
000,0.078125,0.921875,32,15
001,0.03515625,0.96484375,30,13
010,0.0546875,0.9453125,30,15
011,0.07421875,0.92578125,28,13
