state,p_marked,error,gate_count,depth
000,0.556640625,0.443359375,34,17
001,0.58984375,0.41015625,32,15
010,0.541015625,0.458984375,32,17
011,0.541015625,0.458984375,30,15
