state,p_marked,error,gate_count,depth
000,0.578125,0.421875,33,16
001,0.54296875,0.45703125,31,14
010,0.578125,0.421875,31,16
011,0.50390625,0.49609375,29,14
