state,p_marked,error,gate_count,depth
000,0.55859375,0.44140625,33,16
001,0.578125,0.421875,31,14
010,0.55859375,0.44140625,31,16
011,0.572265625,0.427734375,29,14
