state,p_marked,error,gate_count,depth
000,0.533203125,0.466796875,34,16
001,0.595703125,0.404296875,32,14
010,0.529296875,0.470703125,32,16
011,0.564453125,0.435546875,30,14
