state,p_marked,error,gate_count,depth
000,0.11328125,0.88671875,33,17
001,0.140625,0.859375,31,15
010,0.154296875,0.845703125,31,17
011,0.134765625,0.865234375,29,15
