state,p_marked,error,gate_count,depth
000,0.447265625,0.552734375,54,36
001,0.0,1.0,54,36
010,0.017578125,0.982421875,54,36
011,0.0,1.0,54,36
