state,p_marked,error,gate_count,depth
000,0.5703125,0.4296875,42,21
001,0.5546875,0.4453125,38,17
010,0.572265625,0.427734375,38,21
011,0.55859375,0.44140625,34,17
