state,p_marked,error,gate_count,depth
000,0.162109375,0.837890625,15,7
001,0.171875,0.828125,13,5
010,0.115234375,0.884765625,13,7
011,0.13671875,0.86328125,11,5
