state,p_marked,error,gate_count,depth
000,0.111328125,0.888671875,49,28
001,0.1328125,0.8671875,45,24
010,0.134765625,0.865234375,45,28
011,0.138671875,0.861328125,41,24
