state,p_marked,error,gate_count,depth
000,0.599609375,0.400390625,35,18
001,0.5703125,0.4296875,33,16
010,0.55078125,0.44921875,33,18
011,0.5859375,0.4140625,31,16
