state,p_marked,error,gate_count,depth
000,0.033203125,0.966796875,93,58
001,0.455078125,0.544921875,91,56
010,0.060546875,0.939453125,91,58
011,0.50390625,0.49609375,89,56
