state,p_marked,error,gate_count,depth
000,0.13671875,0.86328125,24,12
001,0.08984375,0.91015625,20,8
010,0.130859375,0.869140625,20,12
011,0.1171875,0.8828125,16,8
