state,p_marked,error,gate_count,depth
000,0.06640625,0.93359375,113,67
001,0.0703125,0.9296875,109,63
010,0.251953125,0.748046875,109,67
011,0.0078125,0.9921875,105,63
