state,p_marked,error,gate_count,depth
000,0.501953125,0.498046875,33,17
001,0.51171875,0.48828125,31,15
010,0.53125,0.46875,31,17
011,0.501953125,0.498046875,29,15
