state,p_marked,error,gate_count,depth
000,0.51171875,0.48828125,41,21
001,0.451171875,0.548828125,37,17
010,0.544921875,0.455078125,37,21
011,0.51171875,0.48828125,33,17
