state,p_marked,error,gate_count,depth
000,0.443359375,0.556640625,34,18
001,0.49609375,0.50390625,32,16
010,0.533203125,0.466796875,32,18
011,0.126953125,0.873046875,30,16
