state,p_marked,error,gate_count,depth
000,0.126953125,0.873046875,68,36
001,0.107421875,0.892578125,58,26
010,0.109375,0.890625,58,36
011,0.1328125,0.8671875,48,26
