state,p_marked,error,gate_count,depth
000,0.0625,0.9375,59,29
001,0.0546875,0.9453125,55,25
010,0.05078125,0.94921875,55,29
011,0.076171875,0.923828125,51,25
