state,p_marked,error,gate_count,depth
000,0.095703125,0.904296875,15,7
001,0.130859375,0.869140625,13,5
010,0.1171875,0.8828125,13,7
011,0.109375,0.890625,11,5
