state,p_marked,error,gate_count,depth
000,0.05859375,0.94140625,35,17
001,0.0390625,0.9609375,33,15
010,0.064453125,0.935546875,33,17
011,0.0546875,0.9453125,31,15
