state,p_marked,error,gate_count,depth
000,0.1328125,0.8671875,23,11
001,0.126953125,0.873046875,23,11
010,0.115234375,0.884765625,23,11
011,0.140625,0.859375,23,11
