state,p_marked,error,gate_count,depth
000,0.08984375,0.91015625,24,12
001,0.10546875,0.89453125,20,8
010,0.119140625,0.880859375,20,12
011,0.15625,0.84375,16,8
