state,p_marked,error,gate_count,depth
000,0.486328125,0.513671875,33,17
001,0.51953125,0.48046875,31,15
010,0.505859375,0.494140625,31,17
011,0.14453125,0.85546875,29,15
