state,p_marked,error,gate_count,depth
000,0.271484375,0.728515625,41,20
001,0.234375,0.765625,41,20
010,0.26171875,0.73828125,41,20
011,0.25390625,0.74609375,41,20
