state,p_marked,error,gate_count,depth
000,0.0,1.0,37,20
001,0.119140625,0.880859375,35,18
010,0.0,1.0,35,20
011,0.10546875,0.89453125,33,18
