state,p_marked,error,gate_count,depth
000,0.126953125,0.873046875,51,27
001,0.126953125,0.873046875,41,17
010,0.13671875,0.86328125,41,27
011,0.111328125,0.888671875,31,17
