state,p_marked,error,gate_count,depth
000,0.146484375,0.853515625,42,22
001,0.1328125,0.8671875,34,14
010,0.091796875,0.908203125,34,22
011,0.123046875,0.876953125,26,14
