state,p_marked,error,gate_count,depth
000,0.501953125,0.498046875,33,17
001,0.443359375,0.556640625,31,15
010,0.50390625,0.49609375,31,17
011,0.46484375,0.53515625,29,15
