state,p_marked,error,gate_count,depth
000,0.0,1.0,50,25
001,0.0,1.0,44,19
010,0.1015625,0.8984375,44,25
011,0.126953125,0.873046875,38,19
