state,p_marked,error,gate_count,depth
000,0.080078125,0.919921875,74,45
001,0.01171875,0.98828125,72,43
010,0.2734375,0.7265625,72,45
011,0.05859375,0.94140625,70,43
