state,p_marked,error,gate_count,depth
000,0.228515625,0.771484375,46,27
001,0.0,1.0,44,25
010,0.0,1.0,44,27
011,0.2421875,0.7578125,42,25
