state,p_marked,error,gate_count,depth
000,0.505859375,0.494140625,33,16
001,0.474609375,0.525390625,31,14
010,0.48046875,0.51953125,31,16
011,0.505859375,0.494140625,29,14
