state,p_marked,error,gate_count,depth
000,0.240234375,0.759765625,32,16
001,0.224609375,0.775390625,30,14
010,0.275390625,0.724609375,30,16
011,0.2265625,0.7734375,28,14
