state,p_marked,error,gate_count,depth
000,0.51953125,0.48046875,33,17
001,0.443359375,0.556640625,31,15
010,0.494140625,0.505859375,31,17
011,0.509765625,0.490234375,29,15
