state,p_marked,error,gate_count,depth
000,0.126953125,0.873046875,42,22
001,0.087890625,0.912109375,34,14
010,0.115234375,0.884765625,34,22
011,0.10546875,0.89453125,26,14
