state,p_marked,error,gate_count,depth
000,0.271484375,0.728515625,78,40
001,0.228515625,0.771484375,70,33
010,0.24609375,0.75390625,70,40
011,0.25390625,0.74609375,62,33
