state,p_marked,error,gate_count,depth
000,0.123046875,0.876953125,42,22
001,0.10546875,0.89453125,38,18
010,0.107421875,0.892578125,38,22
011,0.140625,0.859375,34,18
