state,p_marked,error,gate_count,depth
000,0.1328125,0.8671875,47,25
001,0.12890625,0.87109375,43,21
010,0.140625,0.859375,43,25
011,0.138671875,0.861328125,39,21
