state,p_marked,error,gate_count,depth
000,0.0546875,0.9453125,43,22
001,0.0,1.0,39,19
010,0.0,1.0,39,22
011,0.06640625,0.93359375,35,19
