state,p_marked,error,gate_count,depth
000,0.072265625,0.927734375,36,18
001,0.064453125,0.935546875,34,16
010,0.05078125,0.94921875,34,18
011,0.072265625,0.927734375,32,16
