state,p_marked,error,gate_count,depth
000,0.560546875,0.439453125,33,16
001,0.578125,0.421875,31,14
010,0.0703125,0.9296875,31,16
011,0.0625,0.9375,29,14
