state,p_marked,error,gate_count,depth
000,0.146484375,0.853515625,24,12
001,0.09765625,0.90234375,20,8
010,0.099609375,0.900390625,20,12
011,0.166015625,0.833984375,16,8
