state,p_marked,error,gate_count,depth
000,0.166015625,0.833984375,33,17
001,0.12890625,0.87109375,27,11
010,0.12109375,0.87890625,27,17
011,0.1484375,0.8515625,21,11
