state,p_marked,error,gate_count,depth
000,0.072265625,0.927734375,35,18
001,0.076171875,0.923828125,33,16
010,0.07421875,0.92578125,33,18
011,0.046875,0.953125,31,16
