state,p_marked,error,gate_count,depth
000,0.556640625,0.443359375,33,16
001,0.560546875,0.439453125,31,14
010,0.0703125,0.9296875,31,16
011,0.048828125,0.951171875,29,14
