state,p_marked,error,gate_count,depth
000,0.5,0.5,33,17
001,0.552734375,0.447265625,31,15
010,0.509765625,0.490234375,31,17
011,0.525390625,0.474609375,29,15
