state,p_marked,error,gate_count,depth
000,0.0546875,0.9453125,35,18
001,0.072265625,0.927734375,33,16
010,0.560546875,0.439453125,33,18
011,0.54296875,0.45703125,31,16
