state,p_marked,error,gate_count,depth
000,0.458984375,0.541015625,50,26
001,0.4609375,0.5390625,44,20
010,0.501953125,0.498046875,44,26
011,0.533203125,0.466796875,38,20
