state,p_marked,error,gate_count,depth
000,0.525390625,0.474609375,41,21
001,0.50390625,0.49609375,37,17
010,0.54296875,0.45703125,37,21
011,0.52734375,0.47265625,33,17
