state,p_marked,error,gate_count,depth
000,0.521484375,0.478515625,32,16
001,0.529296875,0.470703125,30,14
010,0.513671875,0.486328125,30,16
011,0.48828125,0.51171875,28,14
