state,p_marked,error,gate_count,depth
000,0.212890625,0.787109375,33,16
001,0.26953125,0.73046875,31,14
010,0.248046875,0.751953125,31,16
011,0.2421875,0.7578125,29,14
