state,p_marked,error,gate_count,depth
000,0.486328125,0.513671875,33,16
001,0.53515625,0.46484375,31,14
010,0.490234375,0.509765625,31,16
011,0.513671875,0.486328125,29,14
