state,p_marked,error,gate_count,depth
000,0.107421875,0.892578125,15,7
001,0.1484375,0.8515625,13,5
010,0.134765625,0.865234375,13,7
011,0.103515625,0.896484375,11,5
