state,p_marked,error,gate_count,depth
000,0.123046875,0.876953125,60,32
001,0.115234375,0.884765625,48,20
010,0.119140625,0.880859375,48,32
011,0.14453125,0.85546875,36,20
