state,p_marked,error,gate_count,depth
000,0.0390625,0.9609375,34,17
001,0.068359375,0.931640625,32,15
010,0.048828125,0.951171875,32,17
011,0.05078125,0.94921875,30,15
