state,p_marked,error,gate_count,depth
000,0.259765625,0.740234375,116,72
001,0.033203125,0.966796875,110,66
010,0.04296875,0.95703125,110,72
011,0.0390625,0.9609375,104,66
