state,p_marked,error,gate_count,depth
000,0.5234375,0.4765625,33,17
001,0.48046875,0.51953125,31,15
010,0.466796875,0.533203125,31,17
011,0.0,1.0,29,15
