state,p_marked,error,gate_count,depth
000,0.56640625,0.43359375,33,16
001,0.57421875,0.42578125,31,14
010,0.072265625,0.927734375,31,16
011,0.076171875,0.923828125,29,14
