state,p_marked,error,gate_count,depth
000,0.505859375,0.494140625,34,16
001,0.490234375,0.509765625,32,14
010,0.533203125,0.466796875,32,16
011,0.490234375,0.509765625,30,14
