state,p_marked,error,gate_count,depth
000,0.560546875,0.439453125,42,21
001,0.583984375,0.416015625,38,17
010,0.537109375,0.462890625,38,21
011,0.576171875,0.423828125,34,17
