state,p_marked,error,gate_count,depth
000,0.529296875,0.470703125,41,21
001,0.4765625,0.5234375,37,17
010,0.509765625,0.490234375,37,21
011,0.478515625,0.521484375,33,17
