state,p_marked,error,gate_count,depth
000,0.5390625,0.4609375,41,21
001,0.52734375,0.47265625,37,17
010,0.486328125,0.513671875,37,21
011,0.48046875,0.51953125,33,17
