state,p_marked,error,gate_count,depth
000,0.09765625,0.90234375,32,15
001,0.119140625,0.880859375,30,13
010,0.12890625,0.87109375,30,15
011,0.1171875,0.8828125,28,13
