state,p_marked,error,gate_count,depth
000,0.20703125,0.79296875,32,16
001,0.240234375,0.759765625,30,14
010,0.255859375,0.744140625,30,16
011,0.265625,0.734375,28,14
