state,p_marked,error,gate_count,depth
000,0.5078125,0.4921875,46,24
001,0.1171875,0.8828125,42,20
010,0.138671875,0.861328125,42,24
011,0.50390625,0.49609375,38,20
