state,p_marked,error,gate_count,depth
000,0.123046875,0.876953125,24,12
001,0.095703125,0.904296875,20,8
010,0.126953125,0.873046875,20,12
011,0.1328125,0.8671875,16,8
