state,p_marked,error,gate_count,depth
000,0.142578125,0.857421875,32,18
001,0.142578125,0.857421875,32,18
010,0.14453125,0.85546875,32,18
011,0.123046875,0.876953125,32,18
