state,p_marked,error,gate_count,depth
000,0.560546875,0.439453125,32,16
001,0.451171875,0.548828125,30,14
010,0.501953125,0.498046875,30,16
011,0.494140625,0.505859375,28,14
