state,p_marked,error,gate_count,depth
000,0.240234375,0.759765625,54,28
001,0.216796875,0.783203125,52,26
010,0.248046875,0.751953125,52,28
011,0.236328125,0.763671875,50,26
