state,p_marked,error,gate_count,depth
000,0.0,1.0,32,15
001,0.0,1.0,30,13
010,0.107421875,0.892578125,30,15
011,0.146484375,0.853515625,28,13
