state,p_marked,error,gate_count,depth
000,0.248046875,0.751953125,78,41
001,0.283203125,0.716796875,66,29
010,0.275390625,0.724609375,66,41
011,0.25390625,0.74609375,54,29
