state,p_marked,error,gate_count,depth
000,0.27734375,0.72265625,33,17
001,0.24609375,0.75390625,31,15
010,0.251953125,0.748046875,31,17
011,0.244140625,0.755859375,29,15
