state,p_marked,error,gate_count,depth
000,0.208984375,0.791015625,66,45
001,0.02734375,0.97265625,64,43
010,0.017578125,0.982421875,64,45
011,0.12109375,0.87890625,62,43
