state,p_marked,error,gate_count,depth
000,0.056640625,0.943359375,33,17
001,0.064453125,0.935546875,31,15
010,0.0546875,0.9453125,31,17
011,0.076171875,0.923828125,29,15
