state,p_marked,error,gate_count,depth
000,0.119140625,0.880859375,57,29
001,0.11328125,0.88671875,57,29
010,0.130859375,0.869140625,57,29
011,0.146484375,0.853515625,57,29
