state,p_marked,error,gate_count,depth
000,0.1171875,0.8828125,62,30
001,0.123046875,0.876953125,62,30
010,0.154296875,0.845703125,62,30
011,0.119140625,0.880859375,62,30
