state,p_marked,error,gate_count,depth
000,0.095703125,0.904296875,60,32
001,0.111328125,0.888671875,48,20
010,0.123046875,0.876953125,48,32
011,0.146484375,0.853515625,36,20
