state,p_marked,error,gate_count,depth
000,0.138671875,0.861328125,50,23
001,0.10546875,0.89453125,48,21
010,0.13671875,0.86328125,48,23
011,0.13671875,0.86328125,46,21
