state,p_marked,error,gate_count,depth
000,0.482421875,0.517578125,34,18
001,0.494140625,0.505859375,32,16
010,0.474609375,0.525390625,32,18
011,0.505859375,0.494140625,30,16
