state,p_marked,error,gate_count,depth
000,0.14453125,0.85546875,15,7
001,0.09765625,0.90234375,13,5
010,0.103515625,0.896484375,13,7
011,0.1171875,0.8828125,11,5
