state,p_marked,error,gate_count,depth
000,0.052734375,0.947265625,33,15
001,0.05859375,0.94140625,31,13
010,0.06640625,0.93359375,31,15
011,0.068359375,0.931640625,29,13
