state,p_marked,error,gate_count,depth
000,0.544921875,0.455078125,33,17
001,0.501953125,0.498046875,31,15
010,0.49609375,0.50390625,31,17
011,0.5,0.5,29,15
