state,p_marked,error,gate_count,depth
000,0.4140625,0.5859375,70,35
001,0.0,1.0,68,34
010,0.123046875,0.876953125,68,35
011,0.154296875,0.845703125,66,34
