state,p_marked,error,gate_count,depth
000,0.30859375,0.69140625,43,24
001,0.30859375,0.69140625,41,22
010,0.310546875,0.689453125,41,24
011,0.326171875,0.673828125,39,22
