state,p_marked,error,gate_count,depth
000,0.484375,0.515625,41,21
001,0.47265625,0.52734375,37,17
010,0.482421875,0.517578125,37,21
011,0.50390625,0.49609375,33,17
