state,p_marked,error,gate_count,depth
000,0.142578125,0.857421875,59,30
001,0.1015625,0.8984375,55,26
010,0.111328125,0.888671875,55,30
011,0.12890625,0.87109375,51,26
