state,p_marked,error,gate_count,depth
000,0.109375,0.890625,42,22
001,0.125,0.875,34,14
010,0.150390625,0.849609375,34,22
011,0.095703125,0.904296875,26,14
