state,p_marked,error,gate_count,depth
000,0.44921875,0.55078125,42,22
001,0.4765625,0.5234375,38,18
010,0.521484375,0.478515625,38,22
011,0.498046875,0.501953125,34,18
