state,p_marked,error,gate_count,depth
000,0.109375,0.890625,15,7
001,0.146484375,0.853515625,13,5
010,0.125,0.875,13,7
011,0.15234375,0.84765625,11,5
