state,p_marked,error,gate_count,depth
000,0.5,0.5,41,21
001,0.486328125,0.513671875,37,17
010,0.5,0.5,37,21
011,0.486328125,0.513671875,33,17
