state,p_marked,error,gate_count,depth
000,0.046875,0.953125,35,18
001,0.052734375,0.947265625,33,16
010,0.076171875,0.923828125,33,18
011,0.08984375,0.91015625,31,16
