state,p_marked,error,gate_count,depth
000,0.1328125,0.8671875,24,10
001,0.134765625,0.865234375,24,10
010,0.109375,0.890625,24,10
011,0.125,0.875,24,10
