state,p_marked,error,gate_count,depth
000,0.591796875,0.408203125,33,16
001,0.52734375,0.47265625,31,14
010,0.55859375,0.44140625,31,16
011,0.5546875,0.4453125,29,14
