state,p_marked,error,gate_count,depth
000,0.13671875,0.86328125,33,17
001,0.125,0.875,27,11
010,0.115234375,0.884765625,27,17
011,0.1015625,0.8984375,21,11
