state,p_marked,error,gate_count,depth
000,0.123046875,0.876953125,40,21
001,0.0,1.0,38,19
010,0.126953125,0.873046875,38,21
011,0.0,1.0,36,19
