state,p_marked,error,gate_count,depth
000,0.12890625,0.87109375,68,35
001,0.1328125,0.8671875,62,29
010,0.1328125,0.8671875,62,35
011,0.126953125,0.873046875,56,29
