state,p_marked,error,gate_count,depth
000,0.310546875,0.689453125,33,17
001,0.330078125,0.669921875,31,15
010,0.322265625,0.677734375,31,17
011,0.28515625,0.71484375,29,15
