state,p_marked,error,gate_count,depth
000,0.10546875,0.89453125,50,25
001,0.15234375,0.84765625,44,19
010,0.103515625,0.896484375,44,25
011,0.130859375,0.869140625,38,19
