state,p_marked,error,gate_count,depth
000,0.01171875,0.98828125,32,15
001,0.013671875,0.986328125,30,13
010,0.021484375,0.978515625,30,15
011,0.017578125,0.982421875,28,13
