state,p_marked,error,gate_count,depth
000,0.529296875,0.470703125,42,21
001,0.59765625,0.40234375,38,17
010,0.603515625,0.396484375,38,21
011,0.5234375,0.4765625,34,17
