state,p_marked,error,gate_count,depth
000,0.1484375,0.8515625,25,13
001,0.146484375,0.853515625,25,13
010,0.09765625,0.90234375,25,13
011,0.115234375,0.884765625,25,13
