state,p_marked,error,gate_count,depth
000,0.10546875,0.89453125,42,22
001,0.158203125,0.841796875,34,14
010,0.138671875,0.861328125,34,22
011,0.1015625,0.8984375,26,14
