state,p_marked,error,gate_count,depth
000,0.505859375,0.494140625,34,17
001,0.48828125,0.51171875,32,15
010,0.5,0.5,32,17
011,0.470703125,0.529296875,30,15
