state,p_marked,error,gate_count,depth
000,0.0,1.0,31,17
001,0.0,1.0,31,17
010,0.234375,0.765625,31,17
011,0.279296875,0.720703125,31,17
