state,p_marked,error,gate_count,depth
000,0.0,1.0,50,26
001,0.240234375,0.759765625,48,24
010,0.0546875,0.9453125,48,26
011,0.05859375,0.94140625,46,24
