state,p_marked,error,gate_count,depth
000,0.529296875,0.470703125,32,16
001,0.49609375,0.50390625,30,14
010,0.4765625,0.5234375,30,16
011,0.462890625,0.537109375,28,14
