state,p_marked,error,gate_count,depth
000,0.572265625,0.427734375,33,16
001,0.521484375,0.478515625,31,14
010,0.533203125,0.466796875,31,16
011,0.564453125,0.435546875,29,14
