state,p_marked,error,gate_count,depth
000,0.13671875,0.86328125,15,7
001,0.13671875,0.86328125,13,5
010,0.107421875,0.892578125,13,7
011,0.11328125,0.88671875,11,5
