state,p_marked,error,gate_count,depth
000,0.1015625,0.8984375,32,15
001,0.146484375,0.853515625,30,13
010,0.12109375,0.87890625,30,15
011,0.091796875,0.908203125,28,13
