state,p_marked,error,gate_count,depth
000,0.1015625,0.8984375,23,11
001,0.1171875,0.8828125,23,11
010,0.1171875,0.8828125,23,11
011,0.14453125,0.85546875,23,11
