state,p_marked,error,gate_count,depth
000,0.14453125,0.85546875,24,12
001,0.123046875,0.876953125,20,8
010,0.099609375,0.900390625,20,12
011,0.1328125,0.8671875,16,8
