state,p_marked,error,gate_count,depth
000,0.109375,0.890625,42,22
001,0.134765625,0.865234375,38,18
010,0.1328125,0.8671875,38,22
011,0.125,0.875,34,18
