state,p_marked,error,gate_count,depth
000,0.142578125,0.857421875,42,22
001,0.12890625,0.87109375,34,14
010,0.140625,0.859375,34,22
011,0.1328125,0.8671875,26,14
