state,p_marked,error,gate_count,depth
000,0.26953125,0.73046875,33,17
001,0.236328125,0.763671875,31,15
010,0.271484375,0.728515625,31,17
011,0.259765625,0.740234375,29,15
