state,p_marked,error,gate_count,depth
000,0.267578125,0.732421875,33,17
001,0.2578125,0.7421875,31,15
010,0.21875,0.78125,31,17
011,0.240234375,0.759765625,29,15
