state,p_marked,error,gate_count,depth
000,0.48828125,0.51171875,34,16
001,0.533203125,0.466796875,32,14
010,0.515625,0.484375,32,16
011,0.5078125,0.4921875,30,14
