state,p_marked,error,gate_count,depth
000,0.15234375,0.84765625,56,36
001,0.27734375,0.72265625,56,36
010,0.009765625,0.990234375,56,36
011,0.1640625,0.8359375,56,36
