state,p_marked,error,gate_count,depth
000,0.56640625,0.43359375,42,21
001,0.587890625,0.412109375,38,17
010,0.5546875,0.4453125,38,21
011,0.599609375,0.400390625,34,17
