state,p_marked,error,gate_count,depth
000,0.24609375,0.75390625,33,17
001,0.232421875,0.767578125,31,15
010,0.255859375,0.744140625,31,17
011,0.23828125,0.76171875,29,15
