state,p_marked,error,gate_count,depth
000,0.068359375,0.931640625,34,17
001,0.068359375,0.931640625,32,15
010,0.046875,0.953125,32,17
011,0.0546875,0.9453125,30,15
