state,p_marked,error,gate_count,depth
000,0.05859375,0.94140625,42,21
001,0.052734375,0.947265625,38,18
010,0.078125,0.921875,38,21
011,0.076171875,0.923828125,34,18
