state,p_marked,error,gate_count,depth
000,0.0,1.0,33,17
001,0.0,1.0,31,15
010,0.47265625,0.52734375,31,17
011,0.46875,0.53125,29,15
