state,p_marked,error,gate_count,depth
000,0.62890625,0.37109375,42,21
001,0.546875,0.453125,38,17
010,0.564453125,0.435546875,38,21
011,0.5625,0.4375,34,17
