state,p_marked,error,gate_count,depth
000,0.111328125,0.888671875,32,15
001,0.150390625,0.849609375,30,13
010,0.099609375,0.900390625,30,15
011,0.16015625,0.83984375,28,13
