state,p_marked,error,gate_count,depth
000,0.533203125,0.466796875,33,17
001,0.52734375,0.47265625,31,15
010,0.47265625,0.52734375,31,17
011,0.451171875,0.548828125,29,15
