state,p_marked,error,gate_count,depth
000,0.0625,0.9375,34,17
001,0.095703125,0.904296875,32,15
010,0.072265625,0.927734375,32,17
011,0.04296875,0.95703125,30,15
