state,p_marked,error,gate_count,depth
000,0.14453125,0.85546875,33,17
001,0.12109375,0.87890625,27,11
010,0.119140625,0.880859375,27,17
011,0.150390625,0.849609375,21,11
