state,p_marked,error,gate_count,depth
000,0.154296875,0.845703125,15,7
001,0.1171875,0.8828125,13,5
010,0.146484375,0.853515625,13,7
011,0.142578125,0.857421875,11,5
