state,p_marked,error,gate_count,depth
000,0.13671875,0.86328125,15,7
001,0.119140625,0.880859375,13,5
010,0.14453125,0.85546875,13,7
011,0.1171875,0.8828125,11,5
