state,p_marked,error,gate_count,depth
000,0.283203125,0.716796875,82,53
001,0.279296875,0.720703125,80,51
010,0.126953125,0.873046875,80,53
011,0.056640625,0.943359375,78,51
