state,p_marked,error,gate_count,depth
000,0.126953125,0.873046875,24,11
001,0.115234375,0.884765625,24,11
010,0.130859375,0.869140625,24,11
011,0.130859375,0.869140625,24,11
