state,p_marked,error,gate_count,depth
000,0.068359375,0.931640625,32,15
001,0.0859375,0.9140625,30,13
010,0.044921875,0.955078125,30,15
011,0.0546875,0.9453125,28,13
