state,p_marked,error,gate_count,depth
000,0.556640625,0.443359375,59,30
001,0.587890625,0.412109375,55,26
010,0.0390625,0.9609375,55,30
011,0.052734375,0.947265625,51,26
