state,p_marked,error,gate_count,depth
000,0.09765625,0.90234375,15,7
001,0.13671875,0.86328125,13,5
010,0.134765625,0.865234375,13,7
011,0.123046875,0.876953125,11,5
