state,p_marked,error,gate_count,depth
000,0.107421875,0.892578125,53,29
001,0.12109375,0.87890625,47,23
010,0.115234375,0.884765625,47,29
011,0.126953125,0.873046875,41,23
