state,p_marked,error,gate_count,depth
000,0.48828125,0.51171875,33,17
001,0.484375,0.515625,31,15
010,0.509765625,0.490234375,31,17
011,0.521484375,0.478515625,29,15
