state,p_marked,error,gate_count,depth
000,0.109375,0.890625,24,12
001,0.142578125,0.857421875,20,8
010,0.103515625,0.896484375,20,12
011,0.12890625,0.87109375,16,8
