state,p_marked,error,gate_count,depth
000,0.1328125,0.8671875,33,17
001,0.0,1.0,31,15
010,0.138671875,0.861328125,31,17
011,0.1171875,0.8828125,29,15
