state,p_marked,error,gate_count,depth
000,0.546875,0.453125,51,26
001,0.52734375,0.47265625,45,20
010,0.583984375,0.416015625,45,26
011,0.541015625,0.458984375,39,20
