state,p_marked,error,gate_count,depth
000,0.59765625,0.40234375,33,16
001,0.576171875,0.423828125,31,14
010,0.546875,0.453125,31,16
011,0.537109375,0.462890625,29,14
