state,p_marked,error,gate_count,depth
000,0.056640625,0.943359375,33,17
001,0.0625,0.9375,31,15
010,0.056640625,0.943359375,31,17
011,0.080078125,0.919921875,29,15
