state,p_marked,error,gate_count,depth
000,0.060546875,0.939453125,32,16
001,0.0859375,0.9140625,30,14
010,0.0859375,0.9140625,30,16
011,0.0703125,0.9296875,28,14
