state,p_marked,error,gate_count,depth
000,0.130859375,0.869140625,59,31
001,0.119140625,0.880859375,55,27
010,0.150390625,0.849609375,55,31
011,0.099609375,0.900390625,51,27
