state,p_marked,error,gate_count,depth
000,0.0,1.0,50,25
001,0.0,1.0,48,23
010,0.0,1.0,48,25
011,0.1015625,0.8984375,46,23
