state,p_marked,error,gate_count,depth
000,0.1171875,0.8828125,32,16
001,0.125,0.875,30,14
010,0.14453125,0.85546875,30,16
011,0.154296875,0.845703125,28,14
