state,p_marked,error,gate_count,depth
000,0.2578125,0.7421875,51,26
001,0.216796875,0.783203125,45,20
010,0.24609375,0.75390625,45,26
011,0.2578125,0.7421875,39,20
