state,p_marked,error,gate_count,depth
000,0.13671875,0.86328125,15,7
001,0.146484375,0.853515625,13,5
010,0.134765625,0.865234375,13,7
011,0.126953125,0.873046875,11,5
