state,p_marked,error,gate_count,depth
000,0.111328125,0.888671875,33,17
001,0.14453125,0.85546875,27,11
010,0.12890625,0.87109375,27,17
011,0.091796875,0.908203125,21,11
