state,p_marked,error,gate_count,depth
000,0.5234375,0.4765625,50,26
001,0.49609375,0.50390625,44,20
010,0.53125,0.46875,44,26
011,0.556640625,0.443359375,38,20
