state,p_marked,error,gate_count,depth
000,0.11328125,0.88671875,55,28
001,0.134765625,0.865234375,53,26
010,0.12890625,0.87109375,53,28
011,0.142578125,0.857421875,51,26
