state,p_marked,error,gate_count,depth
000,0.15234375,0.84765625,42,22
001,0.12890625,0.87109375,34,14
010,0.10546875,0.89453125,34,22
011,0.12890625,0.87109375,26,14
