state,p_marked,error,gate_count,depth
000,0.623046875,0.376953125,33,16
001,0.541015625,0.458984375,31,14
010,0.599609375,0.400390625,31,16
011,0.55859375,0.44140625,29,14
