state,p_marked,error,gate_count,depth
000,0.12109375,0.87890625,40,19
001,0.125,0.875,40,19
010,0.1328125,0.8671875,40,19
011,0.11328125,0.88671875,40,19
