state,p_marked,error,gate_count,depth
000,0.501953125,0.498046875,34,18
001,0.474609375,0.525390625,32,16
010,0.142578125,0.857421875,32,18
011,0.0,1.0,30,16
