state,p_marked,error,gate_count,depth
000,0.46484375,0.53515625,33,17
001,0.48046875,0.51953125,31,15
010,0.458984375,0.541015625,31,17
011,0.494140625,0.505859375,29,15
