state,p_marked,error,gate_count,depth
000,0.1171875,0.8828125,46,22
001,0.126953125,0.873046875,46,22
010,0.1015625,0.8984375,46,22
011,0.095703125,0.904296875,46,22
