state,p_marked,error,gate_count,depth
000,0.130859375,0.869140625,93,48
001,0.095703125,0.904296875,89,44
010,0.53515625,0.46484375,89,48
011,0.12109375,0.87890625,85,44
