state,p_marked,error,gate_count,depth
000,0.111328125,0.888671875,85,54
001,0.21484375,0.78515625,81,50
010,0.001953125,0.998046875,81,54
011,0.0,1.0,77,50
