state,p_marked,error,gate_count,depth
000,0.283203125,0.716796875,33,17
001,0.267578125,0.732421875,31,15
010,0.2265625,0.7734375,31,17
011,0.267578125,0.732421875,29,15
