state,p_marked,error,gate_count,depth
000,0.236328125,0.763671875,38,19
001,0.12890625,0.87109375,36,17
010,0.2578125,0.7421875,36,19
011,0.11328125,0.88671875,34,17
