state,p_marked,error,gate_count,depth
000,0.0625,0.9375,35,18
001,0.0703125,0.9296875,33,16
010,0.068359375,0.931640625,33,18
011,0.0625,0.9375,31,16
