state,p_marked,error,gate_count,depth
000,0.234375,0.765625,50,24
001,0.21875,0.78125,48,22
010,0.25,0.75,48,24
011,0.240234375,0.759765625,46,22
