state,p_marked,error,gate_count,depth
000,0.072265625,0.927734375,59,30
001,0.0703125,0.9296875,55,26
010,0.060546875,0.939453125,55,30
011,0.068359375,0.931640625,51,26
