state,p_marked,error,gate_count,depth
000,0.1328125,0.8671875,41,21
001,0.486328125,0.513671875,39,19
010,0.521484375,0.478515625,39,21
011,0.142578125,0.857421875,37,19
