state,p_marked,error,gate_count,depth
000,0.55078125,0.44921875,33,16
001,0.6171875,0.3828125,31,14
010,0.5234375,0.4765625,31,16
011,0.56640625,0.43359375,29,14
