state,p_marked,error,gate_count,depth
000,0.125,0.875,41,21
001,0.115234375,0.884765625,37,17
010,0.138671875,0.861328125,37,21
011,0.1484375,0.8515625,33,17
