state,p_marked,error,gate_count,depth
000,0.271484375,0.728515625,51,25
001,0.0,1.0,49,23
010,0.255859375,0.744140625,49,25
011,0.0,1.0,47,23
