state,p_marked,error,gate_count,depth
000,0.478515625,0.521484375,35,18
001,0.48828125,0.51171875,33,16
010,0.470703125,0.529296875,33,18
011,0.13671875,0.86328125,31,16
