state,p_marked,error,gate_count,depth
000,0.119140625,0.880859375,15,7
001,0.130859375,0.869140625,13,5
010,0.150390625,0.849609375,13,7
011,0.111328125,0.888671875,11,5
