state,p_marked,error,gate_count,depth
000,0.4921875,0.5078125,33,17
001,0.498046875,0.501953125,31,15
010,0.513671875,0.486328125,31,17
011,0.478515625,0.521484375,29,15
