state,p_marked,error,gate_count,depth
000,0.080078125,0.919921875,35,19
001,0.05859375,0.94140625,33,17
010,0.078125,0.921875,33,19
011,0.060546875,0.939453125,31,17
