state,p_marked,error,gate_count,depth
000,0.576171875,0.423828125,51,26
001,0.58984375,0.41015625,45,20
010,0.5625,0.4375,45,26
011,0.572265625,0.427734375,39,20
