state,p_marked,error,gate_count,depth
000,0.5390625,0.4609375,33,17
001,0.119140625,0.880859375,31,15
010,0.130859375,0.869140625,31,17
011,0.5078125,0.4921875,29,15
