state,p_marked,error,gate_count,depth
000,0.0,1.0,47,25
001,0.111328125,0.888671875,43,21
010,0.125,0.875,43,25
011,0.0,1.0,39,21
