state,p_marked,error,gate_count,depth
000,0.140625,0.859375,41,21
001,0.126953125,0.873046875,37,17
010,0.15625,0.84375,37,21
011,0.138671875,0.861328125,33,17
