state,p_marked,error,gate_count,depth
000,0.513671875,0.486328125,33,16
001,0.53125,0.46875,31,14
010,0.53515625,0.46484375,31,16
011,0.544921875,0.455078125,29,14
