state,p_marked,error,gate_count,depth
000,0.0,1.0,57,31
001,0.115234375,0.884765625,51,25
010,0.12109375,0.87890625,51,31
011,0.48046875,0.51953125,45,25
