state,p_marked,error,gate_count,depth
000,0.126953125,0.873046875,24,12
001,0.142578125,0.857421875,20,8
010,0.13671875,0.86328125,20,12
011,0.115234375,0.884765625,16,8
