state,p_marked,error,gate_count,depth
000,0.48828125,0.51171875,32,16
001,0.5390625,0.4609375,30,14
010,0.541015625,0.458984375,30,16
011,0.529296875,0.470703125,28,14
