state,p_marked,error,gate_count,depth
000,0.48046875,0.51953125,41,21
001,0.482421875,0.517578125,37,17
010,0.490234375,0.509765625,37,21
011,0.515625,0.484375,33,17
