state,p_marked,error,gate_count,depth
000,0.59375,0.40625,42,21
001,0.548828125,0.451171875,38,17
010,0.521484375,0.478515625,38,21
011,0.529296875,0.470703125,34,17
