state,p_marked,error,gate_count,depth
000,0.353515625,0.646484375,153,78
001,0.1328125,0.8671875,149,74
010,0.0234375,0.9765625,149,78
011,0.060546875,0.939453125,145,74
