state,p_marked,error,gate_count,depth
000,0.12109375,0.87890625,34,17
001,0.1328125,0.8671875,32,15
010,0.126953125,0.873046875,32,17
011,0.0,1.0,30,15
