state,p_marked,error,gate_count,depth
000,0.259765625,0.740234375,32,16
001,0.236328125,0.763671875,30,14
010,0.2421875,0.7578125,30,16
011,0.255859375,0.744140625,28,14
