state,p_marked,error,gate_count,depth
000,0.126953125,0.873046875,87,47
001,0.1171875,0.8828125,77,37
010,0.142578125,0.857421875,77,47
011,0.111328125,0.888671875,67,37
