state,p_marked,error,gate_count,depth
000,0.513671875,0.486328125,33,17
001,0.46875,0.53125,31,15
010,0.4609375,0.5390625,31,17
011,0.521484375,0.478515625,29,15
