state,p_marked,error,gate_count,depth
000,0.060546875,0.939453125,34,17
001,0.0546875,0.9453125,32,15
010,0.0546875,0.9453125,32,17
011,0.0625,0.9375,30,15
