state,p_marked,error,gate_count,depth
000,0.125,0.875,33,17
001,0.1484375,0.8515625,27,11
010,0.109375,0.890625,27,17
011,0.154296875,0.845703125,21,11
