state,p_marked,error,gate_count,depth
000,0.0625,0.9375,33,16
001,0.072265625,0.927734375,31,14
010,0.06640625,0.93359375,31,16
011,0.05078125,0.94921875,29,14
