state,p_marked,error,gate_count,depth
000,0.109375,0.890625,33,17
001,0.12109375,0.87890625,27,11
010,0.107421875,0.892578125,27,17
011,0.146484375,0.853515625,21,11
