state,p_marked,error,gate_count,depth
000,0.26953125,0.73046875,58,29
001,0.248046875,0.751953125,54,25
010,0.23828125,0.76171875,54,29
011,0.25390625,0.74609375,50,25
