state,p_marked,error,gate_count,depth
000,0.5546875,0.4453125,34,17
001,0.587890625,0.412109375,32,15
010,0.55078125,0.44921875,32,17
011,0.060546875,0.939453125,30,15
