state,p_marked,error,gate_count,depth
000,0.130859375,0.869140625,51,26
001,0.130859375,0.869140625,49,24
010,0.12890625,0.87109375,49,26
011,0.125,0.875,47,24
