state,p_marked,error,gate_count,depth
000,0.611328125,0.388671875,33,16
001,0.529296875,0.470703125,31,14
010,0.5625,0.4375,31,16
011,0.564453125,0.435546875,29,14
