state,p_marked,error,gate_count,depth
000,0.146484375,0.853515625,24,12
001,0.10546875,0.89453125,20,8
010,0.14453125,0.85546875,20,12
011,0.095703125,0.904296875,16,8
