state,p_marked,error,gate_count,depth
000,0.564453125,0.435546875,43,22
001,0.5,0.5,39,19
010,0.521484375,0.478515625,39,22
011,0.568359375,0.431640625,35,19
