state,p_marked,error,gate_count,depth
000,0.12109375,0.87890625,59,31
001,0.140625,0.859375,53,25
010,0.125,0.875,53,31
011,0.119140625,0.880859375,47,25
