state,p_marked,error,gate_count,depth
000,0.115234375,0.884765625,41,22
001,0.505859375,0.494140625,39,20
010,0.484375,0.515625,39,22
011,0.1328125,0.8671875,37,20
