state,p_marked,error,gate_count,depth
000,0.115234375,0.884765625,42,22
001,0.15625,0.84375,34,14
010,0.154296875,0.845703125,34,22
011,0.11328125,0.88671875,26,14
