state,p_marked,error,gate_count,depth
000,0.14453125,0.85546875,33,16
001,0.5234375,0.4765625,31,14
010,0.48828125,0.51171875,31,16
011,0.095703125,0.904296875,29,14
