state,p_marked,error,gate_count,depth
000,0.548828125,0.451171875,33,17
001,0.49609375,0.50390625,31,15
010,0.541015625,0.458984375,31,17
011,0.486328125,0.513671875,29,15
