state,p_marked,error,gate_count,depth
000,0.18359375,0.81640625,42,25
001,0.013671875,0.986328125,42,25
010,0.169921875,0.830078125,42,25
011,0.001953125,0.998046875,42,25
