state,p_marked,error,gate_count,depth
000,0.517578125,0.482421875,33,17
001,0.50390625,0.49609375,31,15
010,0.494140625,0.505859375,31,17
011,0.48828125,0.51171875,29,15
