state,p_marked,error,gate_count,depth
000,0.52734375,0.47265625,41,21
001,0.515625,0.484375,37,17
010,0.48828125,0.51171875,37,21
011,0.482421875,0.517578125,33,17
