state,p_marked,error,gate_count,depth
000,0.068359375,0.931640625,51,26
001,0.064453125,0.935546875,45,20
010,0.064453125,0.935546875,45,26
011,0.06640625,0.93359375,39,20
