state,p_marked,error,gate_count,depth
000,0.044921875,0.955078125,103,60
001,0.15625,0.84375,99,57
010,0.154296875,0.845703125,99,60
011,0.296875,0.703125,95,57
