state,p_marked,error,gate_count,depth
000,0.59375,0.40625,33,16
001,0.603515625,0.396484375,31,14
010,0.595703125,0.404296875,31,16
011,0.5625,0.4375,29,14
