state,p_marked,error,gate_count,depth
000,0.05859375,0.94140625,36,19
001,0.05859375,0.94140625,34,17
010,0.056640625,0.943359375,34,19
011,0.06640625,0.93359375,32,17
