state,p_marked,error,gate_count,depth
000,0.111328125,0.888671875,41,20
001,0.1015625,0.8984375,37,16
010,0.091796875,0.908203125,37,20
011,0.125,0.875,33,16
