state,p_marked,error,gate_count,depth
000,0.48046875,0.51953125,41,21
001,0.48046875,0.51953125,37,17
010,0.478515625,0.521484375,37,21
011,0.482421875,0.517578125,33,17
