state,p_marked,error,gate_count,depth
000,0.482421875,0.517578125,32,16
001,0.455078125,0.544921875,30,14
010,0.53125,0.46875,30,16
011,0.54296875,0.45703125,28,14
