state,p_marked,error,gate_count,depth
000,0.1171875,0.8828125,33,16
001,0.09765625,0.90234375,31,14
010,0.125,0.875,31,16
011,0.126953125,0.873046875,29,14
