state,p_marked,error,gate_count,depth
000,0.232421875,0.767578125,33,17
001,0.248046875,0.751953125,31,15
010,0.283203125,0.716796875,31,17
011,0.19921875,0.80078125,29,15
