state,p_marked,error,gate_count,depth
000,0.517578125,0.482421875,33,16
001,0.5,0.5,31,14
010,0.478515625,0.521484375,31,16
011,0.466796875,0.533203125,29,14
