state,p_marked,error,gate_count,depth
000,0.123046875,0.876953125,60,32
001,0.12890625,0.87109375,52,24
010,0.138671875,0.861328125,52,32
011,0.126953125,0.873046875,44,24
