state,p_marked,error,gate_count,depth
000,0.068359375,0.931640625,42,21
001,0.064453125,0.935546875,38,18
010,0.05859375,0.94140625,38,21
011,0.080078125,0.919921875,34,18
