state,p_marked,error,gate_count,depth
000,0.12109375,0.87890625,60,32
001,0.12890625,0.87109375,48,20
010,0.10546875,0.89453125,48,32
011,0.11328125,0.88671875,36,20
