state,p_marked,error,gate_count,depth
000,0.453125,0.546875,32,16
001,0.451171875,0.548828125,30,14
010,0.478515625,0.521484375,30,16
011,0.470703125,0.529296875,28,14
