state,p_marked,error,gate_count,depth
000,0.537109375,0.462890625,33,16
001,0.46875,0.53125,31,14
010,0.44921875,0.55078125,31,16
011,0.466796875,0.533203125,29,14
