state,p_marked,error,gate_count,depth
000,0.123046875,0.876953125,41,21
001,0.1015625,0.8984375,37,17
010,0.126953125,0.873046875,37,21
011,0.11328125,0.88671875,33,17
