state,p_marked,error,gate_count,depth
000,0.091796875,0.908203125,52,28
001,0.158203125,0.841796875,48,24
010,0.125,0.875,48,28
011,0.12109375,0.87890625,44,24
