state,p_marked,error,gate_count,depth
000,0.525390625,0.474609375,32,16
001,0.490234375,0.509765625,30,14
010,0.513671875,0.486328125,30,16
011,0.55078125,0.44921875,28,14
