state,p_marked,error,gate_count,depth
000,0.06640625,0.93359375,42,20
001,0.076171875,0.923828125,38,16
010,0.08203125,0.91796875,38,20
011,0.052734375,0.947265625,34,16
