state,p_marked,error,gate_count,depth
000,0.037109375,0.962890625,74,49
001,0.330078125,0.669921875,70,45
010,0.060546875,0.939453125,70,49
011,0.06640625,0.93359375,66,45
