state,p_marked,error,gate_count,depth
000,0.12890625,0.87109375,60,32
001,0.087890625,0.912109375,48,20
010,0.130859375,0.869140625,48,32
011,0.140625,0.859375,36,20
