state,p_marked,error,gate_count,depth
000,0.50390625,0.49609375,33,17
001,0.5234375,0.4765625,31,15
010,0.494140625,0.505859375,31,17
011,0.501953125,0.498046875,29,15
