state,p_marked,error,gate_count,depth
000,0.033203125,0.966796875,70,35
001,0.033203125,0.966796875,68,33
010,0.056640625,0.943359375,68,35
011,0.21484375,0.78515625,66,33
