state,p_marked,error,gate_count,depth
000,0.5,0.5,33,17
001,0.509765625,0.490234375,31,15
010,0.46875,0.53125,31,17
011,0.0,1.0,29,15
