state,p_marked,error,gate_count,depth
000,0.5625,0.4375,35,19
001,0.537109375,0.462890625,33,17
010,0.583984375,0.416015625,33,19
011,0.5234375,0.4765625,31,17
