state,p_marked,error,gate_count,depth
000,0.1328125,0.8671875,32,15
001,0.115234375,0.884765625,30,13
010,0.107421875,0.892578125,30,15
011,0.126953125,0.873046875,28,13
