state,p_marked,error,gate_count,depth
000,0.10546875,0.89453125,24,12
001,0.123046875,0.876953125,20,8
010,0.14453125,0.85546875,20,12
011,0.12890625,0.87109375,16,8
