state,p_marked,error,gate_count,depth
000,0.548828125,0.451171875,41,21
001,0.49609375,0.50390625,37,17
010,0.513671875,0.486328125,37,21
011,0.505859375,0.494140625,33,17
