state,p_marked,error,gate_count,depth
000,0.49609375,0.50390625,38,20
001,0.134765625,0.865234375,36,18
010,0.52734375,0.47265625,36,20
011,0.1328125,0.8671875,34,18
