state,p_marked,error,gate_count,depth
000,0.029296875,0.970703125,51,26
001,0.02734375,0.97265625,49,24
010,0.01953125,0.98046875,49,26
011,0.283203125,0.716796875,47,24
