state,p_marked,error,gate_count,depth
000,0.14453125,0.85546875,32,15
001,0.14453125,0.85546875,30,13
010,0.1015625,0.8984375,30,15
011,0.099609375,0.900390625,28,13
