state,p_marked,error,gate_count,depth
000,0.13671875,0.86328125,115,72
001,0.123046875,0.876953125,113,70
010,0.291015625,0.708984375,113,72
011,0.34375,0.65625,111,70
