state,p_marked,error,gate_count,depth
000,0.05859375,0.94140625,41,22
001,0.056640625,0.943359375,39,20
010,0.06640625,0.93359375,39,22
011,0.0703125,0.9296875,37,20
