state,p_marked,error,gate_count,depth
000,0.560546875,0.439453125,34,18
001,0.544921875,0.455078125,32,16
010,0.537109375,0.462890625,32,18
011,0.5703125,0.4296875,30,16
