state,p_marked,error,gate_count,depth
000,0.302734375,0.697265625,50,25
001,0.140625,0.859375,48,23
010,0.2265625,0.7734375,48,25
011,0.146484375,0.853515625,46,23
