state,p_marked,error,gate_count,depth
000,0.521484375,0.478515625,32,16
001,0.50390625,0.49609375,30,14
010,0.453125,0.546875,30,16
011,0.51953125,0.48046875,28,14
