state,p_marked,error,gate_count,depth
000,0.578125,0.421875,42,21
001,0.572265625,0.427734375,38,17
010,0.505859375,0.494140625,38,21
011,0.607421875,0.392578125,34,17
