state,p_marked,error,gate_count,depth
000,0.095703125,0.904296875,50,27
001,0.2734375,0.7265625,46,24
010,0.2265625,0.7734375,46,27
011,0.041015625,0.958984375,42,23
