state,p_marked,error,gate_count,depth
000,0.130859375,0.869140625,51,27
001,0.1328125,0.8671875,41,17
010,0.142578125,0.857421875,41,27
011,0.14453125,0.85546875,31,17
