state,p_marked,error,gate_count,depth
000,0.111328125,0.888671875,40,22
001,0.29296875,0.70703125,38,20
010,0.677734375,0.322265625,38,22
011,0.126953125,0.873046875,36,20
