state,p_marked,error,gate_count,depth
000,0.103515625,0.896484375,33,17
001,0.0,1.0,31,15
010,0.146484375,0.853515625,31,17
011,0.13671875,0.86328125,29,15
