state,p_marked,error,gate_count,depth
000,0.12890625,0.87109375,46,23
001,0.140625,0.859375,46,23
010,0.13671875,0.86328125,46,23
011,0.115234375,0.884765625,46,23
