state,p_marked,error,gate_count,depth
000,0.572265625,0.427734375,42,21
001,0.529296875,0.470703125,38,17
010,0.552734375,0.447265625,38,21
011,0.568359375,0.431640625,34,17
