state,p_marked,error,gate_count,depth
000,0.1328125,0.8671875,15,7
001,0.158203125,0.841796875,13,5
010,0.1484375,0.8515625,13,7
011,0.15234375,0.84765625,11,5
