state,p_marked,error,gate_count,depth
000,0.53125,0.46875,42,21
001,0.57421875,0.42578125,38,17
010,0.537109375,0.462890625,38,21
011,0.603515625,0.396484375,34,17
