state,p_marked,error,gate_count,depth
000,0.50390625,0.49609375,33,16
001,0.509765625,0.490234375,31,14
010,0.537109375,0.462890625,31,16
011,0.529296875,0.470703125,29,14
