state,p_marked,error,gate_count,depth
000,0.24609375,0.75390625,41,20
001,0.26171875,0.73828125,41,20
010,0.2421875,0.7578125,41,20
011,0.265625,0.734375,41,20
