state,p_marked,error,gate_count,depth
000,0.115234375,0.884765625,15,7
001,0.0859375,0.9140625,13,5
010,0.140625,0.859375,13,7
011,0.123046875,0.876953125,11,5
