state,p_marked,error,gate_count,depth
000,0.095703125,0.904296875,47,30
001,0.009765625,0.990234375,47,30
010,0.01171875,0.98828125,47,30
011,0.384765625,0.615234375,47,30
