state,p_marked,error,gate_count,depth
000,0.115234375,0.884765625,33,17
001,0.15234375,0.84765625,27,11
010,0.13671875,0.86328125,27,17
011,0.134765625,0.865234375,21,11
