state,p_marked,error,gate_count,depth
000,0.08984375,0.91015625,85,43
001,0.044921875,0.955078125,79,38
010,0.15234375,0.84765625,79,43
011,0.142578125,0.857421875,73,37
