state,p_marked,error,gate_count,depth
000,0.548828125,0.451171875,42,21
001,0.576171875,0.423828125,38,17
010,0.58203125,0.41796875,38,21
011,0.599609375,0.400390625,34,17
