state,p_marked,error,gate_count,depth
000,0.005859375,0.994140625,48,29
001,0.10546875,0.89453125,48,29
010,0.0,1.0,48,29
011,0.232421875,0.767578125,48,29
