state,p_marked,error,gate_count,depth
000,0.1640625,0.8359375,114,63
001,0.021484375,0.978515625,108,58
010,0.328125,0.671875,108,63
011,0.16796875,0.83203125,102,58
