state,p_marked,error,gate_count,depth
000,0.1328125,0.8671875,33,16
001,0.1328125,0.8671875,31,14
010,0.109375,0.890625,31,16
011,0.158203125,0.841796875,29,14
