state,p_marked,error,gate_count,depth
000,0.578125,0.421875,42,21
001,0.603515625,0.396484375,38,17
010,0.591796875,0.408203125,38,21
011,0.548828125,0.451171875,34,17
