state,p_marked,error,gate_count,depth
000,0.111328125,0.888671875,38,20
001,0.47265625,0.52734375,36,18
010,0.462890625,0.537109375,36,20
011,0.134765625,0.865234375,34,18
