state,p_marked,error,gate_count,depth
000,0.0546875,0.9453125,33,16
001,0.060546875,0.939453125,31,14
010,0.0703125,0.9296875,31,16
011,0.052734375,0.947265625,29,14
