state,p_marked,error,gate_count,depth
000,0.109375,0.890625,46,24
001,0.138671875,0.861328125,42,20
010,0.142578125,0.857421875,42,24
011,0.103515625,0.896484375,38,20
