state,p_marked,error,gate_count,depth
000,0.11328125,0.88671875,15,7
001,0.15234375,0.84765625,13,5
010,0.09765625,0.90234375,13,7
011,0.10546875,0.89453125,11,5
