state,p_marked,error,gate_count,depth
000,0.0703125,0.9296875,72,44
001,0.197265625,0.802734375,70,42
010,0.208984375,0.791015625,70,44
011,0.24609375,0.75390625,68,42
