state,p_marked,error,gate_count,depth
000,0.115234375,0.884765625,69,37
001,0.11328125,0.88671875,55,23
010,0.142578125,0.857421875,55,37
011,0.125,0.875,41,23
