state,p_marked,error,gate_count,depth
000,0.224609375,0.775390625,32,16
001,0.255859375,0.744140625,32,16
010,0.236328125,0.763671875,32,16
011,0.251953125,0.748046875,32,16
