state,p_marked,error,gate_count,depth
000,0.287109375,0.712890625,84,43
001,0.29296875,0.70703125,82,41
010,0.802734375,0.197265625,82,43
011,0.029296875,0.970703125,80,41
