state,p_marked,error,gate_count,depth
000,0.107421875,0.892578125,50,25
001,0.125,0.875,48,23
010,0.130859375,0.869140625,48,25
011,0.10546875,0.89453125,46,23
