state,p_marked,error,gate_count,depth
000,0.51953125,0.48046875,32,16
001,0.515625,0.484375,30,14
010,0.49609375,0.50390625,30,16
011,0.466796875,0.533203125,28,14
