state,p_marked,error,gate_count,depth
000,0.54296875,0.45703125,33,16
001,0.55859375,0.44140625,31,14
010,0.556640625,0.443359375,31,16
011,0.541015625,0.458984375,29,14
