state,p_marked,error,gate_count,depth
000,0.0,1.0,59,30
001,0.0,1.0,51,22
010,0.115234375,0.884765625,51,30
011,0.115234375,0.884765625,43,22
