state,p_marked,error,gate_count,depth
000,0.146484375,0.853515625,58,41
001,0.0546875,0.9453125,58,41
010,0.666015625,0.333984375,58,41
011,0.009765625,0.990234375,58,41
