state,p_marked,error,gate_count,depth
000,0.107421875,0.892578125,42,22
001,0.115234375,0.884765625,34,14
010,0.111328125,0.888671875,34,22
011,0.087890625,0.912109375,26,14
