state,p_marked,error,gate_count,depth
000,0.5078125,0.4921875,33,17
001,0.47265625,0.52734375,31,15
010,0.4921875,0.5078125,31,17
011,0.521484375,0.478515625,29,15
