state,p_marked,error,gate_count,depth
000,0.13671875,0.86328125,33,17
001,0.115234375,0.884765625,27,11
010,0.107421875,0.892578125,27,17
011,0.123046875,0.876953125,21,11
