state,p_marked,error,gate_count,depth
000,0.123046875,0.876953125,42,21
001,0.111328125,0.888671875,38,17
010,0.126953125,0.873046875,38,21
011,0.109375,0.890625,34,17
