state,p_marked,error,gate_count,depth
000,0.447265625,0.552734375,33,17
001,0.513671875,0.486328125,31,15
010,0.486328125,0.513671875,31,17
011,0.51171875,0.48828125,29,15
