state,p_marked,error,gate_count,depth
000,0.19140625,0.80859375,50,28
001,0.02734375,0.97265625,46,24
010,0.208984375,0.791015625,46,28
011,0.041015625,0.958984375,42,24
