state,p_marked,error,gate_count,depth
000,0.099609375,0.900390625,51,27
001,0.12890625,0.87109375,41,17
010,0.123046875,0.876953125,41,27
011,0.125,0.875,31,17
