state,p_marked,error,gate_count,depth
000,0.3671875,0.6328125,33,16
001,0.365234375,0.634765625,31,14
010,0.349609375,0.650390625,31,16
011,0.37109375,0.62890625,29,14
