state,p_marked,error,gate_count,depth
000,0.544921875,0.455078125,34,17
001,0.572265625,0.427734375,32,15
010,0.533203125,0.466796875,32,17
011,0.533203125,0.466796875,30,15
