state,p_marked,error,gate_count,depth
000,0.08203125,0.91796875,49,29
001,0.0546875,0.9453125,47,27
010,0.080078125,0.919921875,47,29
011,0.126953125,0.873046875,45,27
