state,p_marked,error,gate_count,depth
000,0.029296875,0.970703125,82,47
001,0.263671875,0.736328125,82,47
010,0.01953125,0.98046875,82,47
011,0.12109375,0.87890625,82,47
