state,p_marked,error,gate_count,depth
000,0.486328125,0.513671875,69,37
001,0.4609375,0.5390625,67,35
010,0.171875,0.828125,67,37
011,0.017578125,0.982421875,65,35
