state,p_marked,error,gate_count,depth
000,0.115234375,0.884765625,41,20
001,0.12890625,0.87109375,37,16
010,0.125,0.875,37,20
011,0.111328125,0.888671875,33,16
