state,p_marked,error,gate_count,depth
000,0.48828125,0.51171875,32,16
001,0.48046875,0.51953125,30,14
010,0.537109375,0.462890625,30,16
011,0.4921875,0.5078125,28,14
