state,p_marked,error,gate_count,depth
000,0.078125,0.921875,33,15
001,0.05859375,0.94140625,31,13
010,0.0703125,0.9296875,31,15
011,0.060546875,0.939453125,29,13
