state,p_marked,error,gate_count,depth
000,0.533203125,0.466796875,41,21
001,0.498046875,0.501953125,37,17
010,0.474609375,0.525390625,37,21
011,0.466796875,0.533203125,33,17
