state,p_marked,error,gate_count,depth
000,0.0,1.0,98,56
001,0.09375,0.90625,96,54
010,0.048828125,0.951171875,96,56
011,0.26171875,0.73828125,94,54
