state,p_marked,error,gate_count,depth
000,0.552734375,0.447265625,34,17
001,0.576171875,0.423828125,32,15
010,0.572265625,0.427734375,32,17
011,0.556640625,0.443359375,30,15
