state,p_marked,error,gate_count,depth
000,0.52734375,0.47265625,33,17
001,0.505859375,0.494140625,31,15
010,0.4765625,0.5234375,31,17
011,0.51953125,0.48046875,29,15
