state,p_marked,error,gate_count,depth
000,0.501953125,0.498046875,41,21
001,0.51953125,0.48046875,37,17
010,0.47265625,0.52734375,37,21
011,0.45703125,0.54296875,33,17
