state,p_marked,error,gate_count,depth
000,0.541015625,0.458984375,33,16
001,0.5,0.5,31,14
010,0.505859375,0.494140625,31,16
011,0.525390625,0.474609375,29,14
