state,p_marked,error,gate_count,depth
000,0.1171875,0.8828125,33,17
001,0.1015625,0.8984375,27,11
010,0.115234375,0.884765625,27,17
011,0.123046875,0.876953125,21,11
