state,p_marked,error,gate_count,depth
000,0.537109375,0.462890625,35,18
001,0.564453125,0.435546875,33,16
010,0.5625,0.4375,33,18
011,0.064453125,0.935546875,31,16
