state,p_marked,error,gate_count,depth
000,0.4765625,0.5234375,34,17
001,0.498046875,0.501953125,32,15
010,0.54296875,0.45703125,32,17
011,0.478515625,0.521484375,30,15
