state,p_marked,error,gate_count,depth
000,0.056640625,0.943359375,33,17
001,0.0703125,0.9296875,31,15
010,0.0859375,0.9140625,31,17
011,0.056640625,0.943359375,29,15
