state,p_marked,error,gate_count,depth
000,0.4921875,0.5078125,34,18
001,0.462890625,0.537109375,32,16
010,0.5078125,0.4921875,32,18
011,0.47265625,0.52734375,30,16
