state,p_marked,error,gate_count,depth
000,0.123046875,0.876953125,41,21
001,0.13671875,0.86328125,37,17
010,0.140625,0.859375,37,21
011,0.12890625,0.87109375,33,17
