state,p_marked,error,gate_count,depth
000,0.140625,0.859375,15,7
001,0.1328125,0.8671875,13,5
010,0.109375,0.890625,13,7
011,0.12890625,0.87109375,11,5
