state,p_marked,error,gate_count,depth
000,0.078125,0.921875,67,34
001,0.056640625,0.943359375,65,32
010,0.0625,0.9375,65,34
011,0.064453125,0.935546875,63,32
