state,p_marked,error,gate_count,depth
000,0.021484375,0.978515625,57,31
001,0.27734375,0.72265625,55,29
010,0.03125,0.96875,55,31
011,0.265625,0.734375,53,29
