state,p_marked,error,gate_count,depth
000,0.078125,0.921875,33,17
001,0.041015625,0.958984375,31,15
010,0.060546875,0.939453125,31,17
011,0.044921875,0.955078125,29,15
