state,p_marked,error,gate_count,depth
000,0.552734375,0.447265625,33,16
001,0.560546875,0.439453125,31,14
010,0.57421875,0.42578125,31,16
011,0.572265625,0.427734375,29,14
