state,p_marked,error,gate_count,depth
000,0.130859375,0.869140625,32,15
001,0.119140625,0.880859375,30,13
010,0.119140625,0.880859375,30,15
011,0.158203125,0.841796875,28,13
