state,p_marked,error,gate_count,depth
000,0.53125,0.46875,33,16
001,0.591796875,0.408203125,31,14
010,0.568359375,0.431640625,31,16
011,0.5546875,0.4453125,29,14
