state,p_marked,error,gate_count,depth
000,0.109375,0.890625,41,23
001,0.265625,0.734375,39,21
010,0.64453125,0.35546875,39,23
011,0.11328125,0.88671875,37,21
