state,p_marked,error,gate_count,depth
000,0.037109375,0.962890625,36,19
001,0.03515625,0.96484375,34,17
010,0.0390625,0.9609375,34,19
011,0.037109375,0.962890625,32,17
