state,p_marked,error,gate_count,depth
000,0.154296875,0.845703125,51,27
001,0.103515625,0.896484375,41,17
010,0.1328125,0.8671875,41,27
011,0.13671875,0.86328125,31,17
