state,p_marked,error,gate_count,depth
000,0.115234375,0.884765625,59,30
001,0.123046875,0.876953125,55,26
010,0.126953125,0.873046875,55,30
011,0.103515625,0.896484375,51,26
