state,p_marked,error,gate_count,depth
000,0.0703125,0.9296875,41,20
001,0.060546875,0.939453125,37,16
010,0.0390625,0.9609375,37,20
011,0.0625,0.9375,33,16
