state,p_marked,error,gate_count,depth
000,0.53515625,0.46484375,33,16
001,0.59765625,0.40234375,31,14
010,0.064453125,0.935546875,31,16
011,0.06640625,0.93359375,29,14
