state,p_marked,error,gate_count,depth
000,0.146484375,0.853515625,32,16
001,0.103515625,0.896484375,30,14
010,0.10546875,0.89453125,30,16
011,0.091796875,0.908203125,28,14
