state,p_marked,error,gate_count,depth
000,0.119140625,0.880859375,51,27
001,0.107421875,0.892578125,41,17
010,0.134765625,0.865234375,41,27
011,0.126953125,0.873046875,31,17
