state,p_marked,error,gate_count,depth
000,0.15234375,0.84765625,33,17
001,0.103515625,0.896484375,27,11
010,0.142578125,0.857421875,27,17
011,0.123046875,0.876953125,21,11
