state,p_marked,error,gate_count,depth
000,0.548828125,0.451171875,33,16
001,0.55859375,0.44140625,31,14
010,0.57421875,0.42578125,31,16
011,0.521484375,0.478515625,29,14
