state,p_marked,error,gate_count,depth
000,0.53515625,0.46484375,33,16
001,0.52734375,0.47265625,31,14
010,0.533203125,0.466796875,31,16
011,0.5078125,0.4921875,29,14
