state,p_marked,error,gate_count,depth
000,0.080078125,0.919921875,35,18
001,0.060546875,0.939453125,33,16
010,0.056640625,0.943359375,33,18
011,0.080078125,0.919921875,31,16
