state,p_marked,error,gate_count,depth
000,0.056640625,0.943359375,32,15
001,0.06640625,0.93359375,30,13
010,0.05859375,0.94140625,30,15
011,0.068359375,0.931640625,28,13
