state,p_marked,error,gate_count,depth
000,0.58203125,0.41796875,33,16
001,0.52734375,0.47265625,31,14
010,0.58203125,0.41796875,31,16
011,0.580078125,0.419921875,29,14
