state,p_marked,error,gate_count,depth
000,0.10546875,0.89453125,53,36
001,0.017578125,0.982421875,53,36
010,0.060546875,0.939453125,53,36
011,0.037109375,0.962890625,53,36
