state,p_marked,error,gate_count,depth
000,0.572265625,0.427734375,43,22
001,0.5703125,0.4296875,39,18
010,0.5859375,0.4140625,39,22
011,0.552734375,0.447265625,35,18
