state,p_marked,error,gate_count,depth
000,0.537109375,0.462890625,33,16
001,0.56640625,0.43359375,31,14
010,0.578125,0.421875,31,16
011,0.552734375,0.447265625,29,14
