state,p_marked,error,gate_count,depth
000,0.517578125,0.482421875,41,21
001,0.486328125,0.513671875,37,17
010,0.44921875,0.55078125,37,21
011,0.533203125,0.466796875,33,17
