state,p_marked,error,gate_count,depth
000,0.208984375,0.791015625,33,17
001,0.291015625,0.708984375,31,15
010,0.2421875,0.7578125,31,17
011,0.26953125,0.73046875,29,15
