state,p_marked,error,gate_count,depth
000,0.13671875,0.86328125,47,24
001,0.146484375,0.853515625,43,20
010,0.11328125,0.88671875,43,24
011,0.099609375,0.900390625,39,20
