state,p_marked,error,gate_count,depth
000,0.5390625,0.4609375,33,16
001,0.5625,0.4375,31,14
010,0.576171875,0.423828125,31,16
011,0.578125,0.421875,29,14
