state,p_marked,error,gate_count,depth
000,0.111328125,0.888671875,33,16
001,0.1015625,0.8984375,31,14
010,0.09375,0.90625,31,16
011,0.0,1.0,29,14
