state,p_marked,error,gate_count,depth
000,0.51953125,0.48046875,34,18
001,0.46484375,0.53515625,32,16
010,0.53125,0.46875,32,18
011,0.4765625,0.5234375,30,16
