state,p_marked,error,gate_count,depth
000,0.130859375,0.869140625,41,21
001,0.125,0.875,37,17
010,0.142578125,0.857421875,37,21
011,0.1484375,0.8515625,33,17
