state,p_marked,error,gate_count,depth
000,0.45703125,0.54296875,33,17
001,0.498046875,0.501953125,31,15
010,0.50390625,0.49609375,31,17
011,0.494140625,0.505859375,29,15
