state,p_marked,error,gate_count,depth
000,0.5078125,0.4921875,32,16
001,0.5390625,0.4609375,30,14
010,0.53515625,0.46484375,30,16
011,0.525390625,0.474609375,28,14
