state,p_marked,error,gate_count,depth
000,0.484375,0.515625,33,16
001,0.47265625,0.52734375,31,14
010,0.505859375,0.494140625,31,16
011,0.517578125,0.482421875,29,14
