state,p_marked,error,gate_count,depth
000,0.126953125,0.873046875,32,16
001,0.107421875,0.892578125,30,14
010,0.134765625,0.865234375,30,16
011,0.130859375,0.869140625,28,14
