state,p_marked,error,gate_count,depth
000,0.259765625,0.740234375,33,17
001,0.248046875,0.751953125,31,15
010,0.232421875,0.767578125,31,17
011,0.228515625,0.771484375,29,15
