state,p_marked,error,gate_count,depth
000,0.0703125,0.9296875,33,16
001,0.05859375,0.94140625,31,14
010,0.080078125,0.919921875,31,16
011,0.033203125,0.966796875,29,14
