state,p_marked,error,gate_count,depth
000,0.11328125,0.88671875,27,14
001,0.15625,0.84375,27,14
010,0.125,0.875,27,14
011,0.1015625,0.8984375,27,14
