state,p_marked,error,gate_count,depth
000,0.119140625,0.880859375,55,30
001,0.109375,0.890625,53,28
010,0.099609375,0.900390625,53,30
011,0.1015625,0.8984375,51,28
