state,p_marked,error,gate_count,depth
000,0.08203125,0.91796875,56,29
001,0.06640625,0.93359375,54,27
010,0.064453125,0.935546875,54,29
011,0.044921875,0.955078125,52,27
