state,p_marked,error,gate_count,depth
000,0.1015625,0.8984375,15,7
001,0.109375,0.890625,13,5
010,0.09765625,0.90234375,13,7
011,0.130859375,0.869140625,11,5
