state,p_marked,error,gate_count,depth
000,0.5,0.5,33,17
001,0.517578125,0.482421875,31,15
010,0.529296875,0.470703125,31,17
011,0.46484375,0.53515625,29,15
