state,p_marked,error,gate_count,depth
000,0.11328125,0.88671875,49,24
001,0.15234375,0.84765625,47,22
010,0.099609375,0.900390625,47,24
011,0.123046875,0.876953125,45,22
