state,p_marked,error,gate_count,depth
000,0.083984375,0.916015625,34,17
001,0.05078125,0.94921875,32,15
010,0.060546875,0.939453125,32,17
011,0.05078125,0.94921875,30,15
