state,p_marked,error,gate_count,depth
000,0.126953125,0.873046875,24,12
001,0.162109375,0.837890625,20,8
010,0.158203125,0.841796875,20,12
011,0.126953125,0.873046875,16,8
