state,p_marked,error,gate_count,depth
000,0.55859375,0.44140625,42,21
001,0.53125,0.46875,38,17
010,0.580078125,0.419921875,38,21
011,0.55859375,0.44140625,34,17
