state,p_marked,error,gate_count,depth
000,0.021484375,0.978515625,90,61
001,0.013671875,0.986328125,86,57
010,0.044921875,0.955078125,86,61
011,0.015625,0.984375,82,57
