state,p_marked,error,gate_count,depth
000,0.55078125,0.44921875,42,21
001,0.56640625,0.43359375,38,17
010,0.515625,0.484375,38,21
011,0.603515625,0.396484375,34,17
