state,p_marked,error,gate_count,depth
000,0.142578125,0.857421875,44,22
001,0.130859375,0.869140625,40,18
010,0.142578125,0.857421875,40,22
011,0.123046875,0.876953125,36,18
