state,p_marked,error,gate_count,depth
000,0.099609375,0.900390625,32,16
001,0.12109375,0.87890625,30,14
010,0.109375,0.890625,30,16
011,0.107421875,0.892578125,28,14
