state,p_marked,error,gate_count,depth
000,0.115234375,0.884765625,63,34
001,0.15625,0.84375,61,32
010,0.310546875,0.689453125,61,34
011,0.115234375,0.884765625,59,32
