state,p_marked,error,gate_count,depth
000,0.0,1.0,68,35
001,0.0,1.0,58,25
010,0.123046875,0.876953125,58,35
011,0.115234375,0.884765625,48,25
