state,p_marked,error,gate_count,depth
000,0.583984375,0.416015625,34,17
001,0.544921875,0.455078125,32,15
010,0.57421875,0.42578125,32,17
011,0.544921875,0.455078125,30,15
