state,p_marked,error,gate_count,depth
000,0.12890625,0.87109375,60,32
001,0.123046875,0.876953125,48,20
010,0.15625,0.84375,48,32
011,0.138671875,0.861328125,36,20
