state,p_marked,error,gate_count,depth
000,0.513671875,0.486328125,33,16
001,0.478515625,0.521484375,31,14
010,0.50390625,0.49609375,31,16
011,0.4609375,0.5390625,29,14
