state,p_marked,error,gate_count,depth
000,0.1015625,0.8984375,42,22
001,0.125,0.875,34,14
010,0.115234375,0.884765625,34,22
011,0.158203125,0.841796875,26,14
