state,p_marked,error,gate_count,depth
000,0.498046875,0.501953125,34,17
001,0.498046875,0.501953125,32,15
010,0.521484375,0.478515625,32,17
011,0.47265625,0.52734375,30,15
