state,p_marked,error,gate_count,depth
000,0.5625,0.4375,33,16
001,0.54296875,0.45703125,31,14
010,0.5703125,0.4296875,31,16
011,0.578125,0.421875,29,14
