state,p_marked,error,gate_count,depth
000,0.138671875,0.861328125,50,25
001,0.1171875,0.8828125,44,19
010,0.10546875,0.89453125,44,25
011,0.107421875,0.892578125,38,19
