state,p_marked,error,gate_count,depth
000,0.123046875,0.876953125,42,21
001,0.130859375,0.869140625,38,17
010,0.12109375,0.87890625,38,21
011,0.12890625,0.87109375,34,17
