state,p_marked,error,gate_count,depth
000,0.09765625,0.90234375,59,33
001,0.2421875,0.7578125,53,27
010,0.59765625,0.40234375,53,33
011,0.1015625,0.8984375,47,27
