state,p_marked,error,gate_count,depth
000,0.521484375,0.478515625,40,21
001,0.140625,0.859375,38,19
010,0.130859375,0.869140625,38,21
011,0.470703125,0.529296875,36,19
