state,p_marked,error,gate_count,depth
000,0.470703125,0.529296875,41,21
001,0.533203125,0.466796875,37,17
010,0.513671875,0.486328125,37,21
011,0.5234375,0.4765625,33,17
