state,p_marked,error,gate_count,depth
000,0.095703125,0.904296875,33,17
001,0.1171875,0.8828125,27,11
010,0.099609375,0.900390625,27,17
011,0.115234375,0.884765625,21,11
