state,p_marked,error,gate_count,depth
000,0.23046875,0.76953125,42,21
001,0.25,0.75,38,17
010,0.240234375,0.759765625,38,21
011,0.265625,0.734375,34,17
