state,p_marked,error,gate_count,depth
000,0.02734375,0.97265625,32,16
001,0.04296875,0.95703125,30,14
010,0.033203125,0.966796875,30,16
011,0.04296875,0.95703125,28,14
