state,p_marked,error,gate_count,depth
000,0.001953125,0.998046875,33,16
001,0.12109375,0.87890625,31,14
010,0.0,1.0,31,16
011,0.1484375,0.8515625,29,14
