state,p_marked,error,gate_count,depth
000,0.25390625,0.74609375,74,37
001,0.25,0.75,74,37
010,0.216796875,0.783203125,74,37
011,0.232421875,0.767578125,74,37
