state,p_marked,error,gate_count,depth
000,0.11328125,0.88671875,70,44
001,0.4296875,0.5703125,70,44
010,0.0703125,0.9296875,70,44
011,0.009765625,0.990234375,70,44
