state,p_marked,error,gate_count,depth
000,0.142578125,0.857421875,15,7
001,0.14453125,0.85546875,13,5
010,0.1328125,0.8671875,13,7
011,0.1171875,0.8828125,11,5
