state,p_marked,error,gate_count,depth
000,0.0,1.0,49,32
001,0.125,0.875,49,32
010,0.0,1.0,49,32
011,0.34765625,0.65234375,49,32
