state,p_marked,error,gate_count,depth
000,0.0390625,0.9609375,78,41
001,0.228515625,0.771484375,76,39
010,0.0390625,0.9609375,76,41
011,0.056640625,0.943359375,74,39
