state,p_marked,error,gate_count,depth
000,0.029296875,0.970703125,55,28
001,0.052734375,0.947265625,53,26
010,0.048828125,0.951171875,53,28
011,0.017578125,0.982421875,51,26
