state,p_marked,error,gate_count,depth
000,0.28125,0.71875,34,17
001,0.29296875,0.70703125,32,15
010,0.62890625,0.37109375,32,17
011,0.65625,0.34375,30,15
