state,p_marked,error,gate_count,depth
000,0.05859375,0.94140625,73,42
001,0.0546875,0.9453125,67,36
010,0.37890625,0.62109375,67,42
011,0.13671875,0.86328125,61,36
