state,p_marked,error,gate_count,depth
000,0.099609375,0.900390625,42,22
001,0.1171875,0.8828125,34,14
010,0.12890625,0.87109375,34,22
011,0.134765625,0.865234375,26,14
