state,p_marked,error,gate_count,depth
000,0.306640625,0.693359375,124,87
001,0.013671875,0.986328125,124,87
010,0.283203125,0.716796875,124,87
011,0.0390625,0.9609375,124,87
