state,p_marked,error,gate_count,depth
000,0.494140625,0.505859375,33,17
001,0.48046875,0.51953125,31,15
010,0.513671875,0.486328125,31,17
011,0.505859375,0.494140625,29,15
