state,p_marked,error,gate_count,depth
000,0.068359375,0.931640625,32,16
001,0.052734375,0.947265625,30,14
010,0.056640625,0.943359375,30,16
011,0.056640625,0.943359375,28,14
