state,p_marked,error,gate_count,depth
000,0.208984375,0.791015625,74,45
001,0.318359375,0.681640625,72,43
010,0.00390625,0.99609375,72,45
011,0.029296875,0.970703125,70,43
