state,p_marked,error,gate_count,depth
000,0.3671875,0.6328125,33,17
001,0.353515625,0.646484375,31,15
010,0.357421875,0.642578125,31,17
011,0.365234375,0.634765625,29,15
