state,p_marked,error,gate_count,depth
000,0.13671875,0.86328125,15,7
001,0.150390625,0.849609375,13,5
010,0.13671875,0.86328125,13,7
011,0.087890625,0.912109375,11,5
