state,p_marked,error,gate_count,depth
000,0.087890625,0.912109375,46,24
001,0.107421875,0.892578125,42,20
010,0.154296875,0.845703125,42,24
011,0.115234375,0.884765625,38,20
