state,p_marked,error,gate_count,depth
000,0.125,0.875,49,25
001,0.12890625,0.87109375,47,23
010,0.123046875,0.876953125,47,25
011,0.123046875,0.876953125,45,23
