state,p_marked,error,gate_count,depth
000,0.265625,0.734375,49,24
001,0.2265625,0.7734375,47,22
010,0.240234375,0.759765625,47,24
011,0.25390625,0.74609375,45,22
