state,p_marked,error,gate_count,depth
000,0.11328125,0.88671875,51,27
001,0.1328125,0.8671875,41,17
010,0.150390625,0.849609375,41,27
011,0.13671875,0.86328125,31,17
