state,p_marked,error,gate_count,depth
000,0.1171875,0.8828125,42,22
001,0.12109375,0.87890625,34,14
010,0.10546875,0.89453125,34,22
011,0.14453125,0.85546875,26,14
