state,p_marked,error,gate_count,depth
000,0.486328125,0.513671875,38,21
001,0.142578125,0.857421875,36,19
010,0.123046875,0.876953125,36,21
011,0.505859375,0.494140625,34,19
