state,p_marked,error,gate_count,depth
000,0.107421875,0.892578125,42,22
001,0.12890625,0.87109375,34,14
010,0.154296875,0.845703125,34,22
011,0.115234375,0.884765625,26,14
