state,p_marked,error,gate_count,depth
000,0.12109375,0.87890625,41,21
001,0.13671875,0.86328125,37,17
010,0.14453125,0.85546875,37,21
011,0.115234375,0.884765625,33,17
