state,p_marked,error,gate_count,depth
000,0.544921875,0.455078125,33,16
001,0.56640625,0.43359375,31,14
010,0.55859375,0.44140625,31,16
011,0.537109375,0.462890625,29,14
