state,p_marked,error,gate_count,depth
000,0.05859375,0.94140625,35,18
001,0.068359375,0.931640625,33,16
010,0.07421875,0.92578125,33,18
011,0.041015625,0.958984375,31,16
