state,p_marked,error,gate_count,depth
000,0.552734375,0.447265625,33,16
001,0.583984375,0.416015625,31,14
010,0.51953125,0.48046875,31,16
011,0.576171875,0.423828125,29,14
