state,p_marked,error,gate_count,depth
000,0.572265625,0.427734375,42,21
001,0.6015625,0.3984375,38,17
010,0.59765625,0.40234375,38,21
011,0.54296875,0.45703125,34,17
