state,p_marked,error,gate_count,depth
000,0.099609375,0.900390625,15,7
001,0.134765625,0.865234375,13,5
010,0.126953125,0.873046875,13,7
011,0.154296875,0.845703125,11,5
