state,p_marked,error,gate_count,depth
000,0.0078125,0.9921875,36,19
001,0.1015625,0.8984375,34,17
010,0.119140625,0.880859375,34,19
011,0.486328125,0.513671875,32,17
