state,p_marked,error,gate_count,depth
000,0.6015625,0.3984375,33,16
001,0.58203125,0.41796875,31,14
010,0.55859375,0.44140625,31,16
011,0.57421875,0.42578125,29,14
