state,p_marked,error,gate_count,depth
000,0.119140625,0.880859375,32,15
001,0.138671875,0.861328125,30,13
010,0.1171875,0.8828125,30,15
011,0.099609375,0.900390625,28,13
