state,p_marked,error,gate_count,depth
000,0.58203125,0.41796875,33,16
001,0.548828125,0.451171875,31,14
010,0.55078125,0.44921875,31,16
011,0.537109375,0.462890625,29,14
