state,p_marked,error,gate_count,depth
000,0.158203125,0.841796875,24,12
001,0.1328125,0.8671875,20,8
010,0.1328125,0.8671875,20,12
011,0.13671875,0.86328125,16,8
