state,p_marked,error,gate_count,depth
000,0.14453125,0.85546875,33,17
001,0.15625,0.84375,27,11
010,0.109375,0.890625,27,17
011,0.099609375,0.900390625,21,11
