state,p_marked,error,gate_count,depth
000,0.130859375,0.869140625,33,17
001,0.162109375,0.837890625,27,11
010,0.125,0.875,27,17
011,0.1015625,0.8984375,21,11
