state,p_marked,error,gate_count,depth
000,0.244140625,0.755859375,50,25
001,0.26953125,0.73046875,48,23
010,0.0,1.0,48,25
011,0.0,1.0,46,23
