state,p_marked,error,gate_count,depth
000,0.4765625,0.5234375,42,21
001,0.5234375,0.4765625,38,17
010,0.494140625,0.505859375,38,21
011,0.525390625,0.474609375,34,17
