state,p_marked,error,gate_count,depth
000,0.5,0.5,32,16
001,0.47265625,0.52734375,30,14
010,0.49609375,0.50390625,30,16
011,0.4921875,0.5078125,28,14
