state,p_marked,error,gate_count,depth
000,0.515625,0.484375,41,21
001,0.47265625,0.52734375,37,17
010,0.494140625,0.505859375,37,21
011,0.4921875,0.5078125,33,17
