state,p_marked,error,gate_count,depth
000,0.13671875,0.86328125,60,32
001,0.1171875,0.8828125,48,20
010,0.125,0.875,48,32
011,0.09765625,0.90234375,36,20
