state,p_marked,error,gate_count,depth
000,0.53125,0.46875,34,17
001,0.53515625,0.46484375,32,15
010,0.55078125,0.44921875,32,17
011,0.056640625,0.943359375,30,15
