state,p_marked,error,gate_count,depth
000,0.078125,0.921875,33,15
001,0.080078125,0.919921875,31,13
010,0.048828125,0.951171875,31,15
011,0.072265625,0.927734375,29,13
