state,p_marked,error,gate_count,depth
000,0.56640625,0.43359375,33,16
001,0.578125,0.421875,31,14
010,0.572265625,0.427734375,31,16
011,0.54296875,0.45703125,29,14
