state,p_marked,error,gate_count,depth
000,0.0,1.0,59,29
001,0.0,1.0,55,25
010,0.12109375,0.87890625,55,29
011,0.12890625,0.87109375,51,25
