state,p_marked,error,gate_count,depth
000,0.5703125,0.4296875,51,26
001,0.58203125,0.41796875,45,20
010,0.55078125,0.44921875,45,26
011,0.59375,0.40625,39,20
