state,p_marked,error,gate_count,depth
000,0.1171875,0.8828125,33,17
001,0.134765625,0.865234375,27,11
010,0.107421875,0.892578125,27,17
011,0.10546875,0.89453125,21,11
