state,p_marked,error,gate_count,depth
000,0.048828125,0.951171875,37,20
001,0.0,1.0,35,18
010,0.0,1.0,35,20
011,0.064453125,0.935546875,33,18
