state,p_marked,error,gate_count,depth
000,0.119140625,0.880859375,41,19
001,0.103515625,0.896484375,41,19
010,0.126953125,0.873046875,41,19
011,0.123046875,0.876953125,41,19
