state,p_marked,error,gate_count,depth
000,0.0859375,0.9140625,32,15
001,0.119140625,0.880859375,30,13
010,0.115234375,0.884765625,30,15
011,0.115234375,0.884765625,28,13
