state,p_marked,error,gate_count,depth
000,0.126953125,0.873046875,32,16
001,0.154296875,0.845703125,30,14
010,0.138671875,0.861328125,30,16
011,0.119140625,0.880859375,28,14
