state,p_marked,error,gate_count,depth
000,0.138671875,0.861328125,46,22
001,0.150390625,0.849609375,46,22
010,0.12109375,0.87890625,46,22
011,0.095703125,0.904296875,46,22
