state,p_marked,error,gate_count,depth
000,0.01171875,0.98828125,46,27
001,0.169921875,0.830078125,44,25
010,0.1484375,0.8515625,44,27
011,0.333984375,0.666015625,42,25
