state,p_marked,error,gate_count,depth
000,0.12109375,0.87890625,55,30
001,0.123046875,0.876953125,53,28
010,0.138671875,0.861328125,53,30
011,0.1484375,0.8515625,51,28
