state,p_marked,error,gate_count,depth
000,0.5546875,0.4453125,60,31
001,0.56640625,0.43359375,52,23
010,0.544921875,0.455078125,52,31
011,0.5859375,0.4140625,44,23
