state,p_marked,error,gate_count,depth
000,0.1328125,0.8671875,51,26
001,0.134765625,0.865234375,49,25
010,0.123046875,0.876953125,49,26
011,0.123046875,0.876953125,47,25
