state,p_marked,error,gate_count,depth
000,0.072265625,0.927734375,33,16
001,0.05078125,0.94921875,31,14
010,0.046875,0.953125,31,16
011,0.0625,0.9375,29,14
