state,p_marked,error,gate_count,depth
000,0.267578125,0.732421875,33,17
001,0.259765625,0.740234375,31,15
010,0.232421875,0.767578125,31,17
011,0.2734375,0.7265625,29,15
