state,p_marked,error,gate_count,depth
000,0.494140625,0.505859375,33,16
001,0.498046875,0.501953125,31,14
010,0.5,0.5,31,16
011,0.45703125,0.54296875,29,14
