state,p_marked,error,gate_count,depth
000,0.533203125,0.466796875,33,16
001,0.544921875,0.455078125,31,14
010,0.05859375,0.94140625,31,16
011,0.05078125,0.94921875,29,14
