state,p_marked,error,gate_count,depth
000,0.478515625,0.521484375,68,44
001,0.0,1.0,68,44
010,0.0,1.0,68,44
011,0.005859375,0.994140625,68,44
