state,p_marked,error,gate_count,depth
000,0.48828125,0.51171875,32,16
001,0.51953125,0.48046875,30,14
010,0.4453125,0.5546875,30,16
011,0.49609375,0.50390625,28,14
