state,p_marked,error,gate_count,depth
000,0.130859375,0.869140625,33,16
001,0.11328125,0.88671875,31,14
010,0.109375,0.890625,31,16
011,0.0,1.0,29,14
