state,p_marked,error,gate_count,depth
000,0.140625,0.859375,42,22
001,0.14453125,0.85546875,34,14
010,0.130859375,0.869140625,34,22
011,0.10546875,0.89453125,26,14
