state,p_marked,error,gate_count,depth
000,0.001953125,0.998046875,24,11
001,0.2578125,0.7421875,24,11
010,0.0,1.0,24,11
011,0.25390625,0.74609375,24,11
