state,p_marked,error,gate_count,depth
000,0.1328125,0.8671875,33,15
001,0.109375,0.890625,31,13
010,0.134765625,0.865234375,31,15
011,0.095703125,0.904296875,29,13
