state,p_marked,error,gate_count,depth
000,0.537109375,0.462890625,33,16
001,0.546875,0.453125,31,14
010,0.578125,0.421875,31,16
011,0.603515625,0.396484375,29,14
