state,p_marked,error,gate_count,depth
000,0.12890625,0.87109375,41,21
001,0.111328125,0.888671875,37,17
010,0.103515625,0.896484375,37,21
011,0.123046875,0.876953125,33,17
