state,p_marked,error,gate_count,depth
000,0.576171875,0.423828125,34,17
001,0.58984375,0.41015625,32,15
010,0.578125,0.421875,32,17
011,0.08203125,0.91796875,30,15
