state,p_marked,error,gate_count,depth
000,0.134765625,0.865234375,23,10
001,0.12109375,0.87890625,23,10
010,0.146484375,0.853515625,23,10
011,0.1171875,0.8828125,23,10
