state,p_marked,error,gate_count,depth
000,0.537109375,0.462890625,34,17
001,0.560546875,0.439453125,32,15
010,0.5546875,0.4453125,32,17
011,0.55859375,0.44140625,30,15
