state,p_marked,error,gate_count,depth
000,0.283203125,0.716796875,33,17
001,0.25,0.75,31,15
010,0.259765625,0.740234375,31,17
011,0.244140625,0.755859375,29,15
