state,p_marked,error,gate_count,depth
000,0.095703125,0.904296875,51,27
001,0.115234375,0.884765625,41,17
010,0.12109375,0.87890625,41,27
011,0.12109375,0.87890625,31,17
