state,p_marked,error,gate_count,depth
000,0.220703125,0.779296875,94,47
001,0.236328125,0.763671875,88,41
010,0.044921875,0.955078125,88,47
011,0.0546875,0.9453125,82,41
