state,p_marked,error,gate_count,depth
000,0.0625,0.9375,33,17
001,0.068359375,0.931640625,31,15
010,0.0625,0.9375,31,17
011,0.078125,0.921875,29,15
