state,p_marked,error,gate_count,depth
000,0.19921875,0.80078125,59,31
001,0.251953125,0.748046875,51,23
010,0.26953125,0.73046875,51,31
011,0.263671875,0.736328125,43,23
