state,p_marked,error,gate_count,depth
000,0.0,1.0,98,50
001,0.236328125,0.763671875,94,46
010,0.025390625,0.974609375,94,50
011,0.208984375,0.791015625,90,46
