state,p_marked,error,gate_count,depth
000,0.21875,0.78125,48,28
001,0.146484375,0.853515625,48,28
010,0.126953125,0.873046875,48,28
011,0.07421875,0.92578125,48,28
