state,p_marked,error,gate_count,depth
000,0.484375,0.515625,53,26
001,0.50390625,0.49609375,47,20
010,0.5078125,0.4921875,47,26
011,0.552734375,0.447265625,41,20
