state,p_marked,error,gate_count,depth
000,0.046875,0.953125,34,18
001,0.05078125,0.94921875,32,16
010,0.052734375,0.947265625,32,18
011,0.0546875,0.9453125,30,16
