state,p_marked,error,gate_count,depth
000,0.115234375,0.884765625,33,17
001,0.1328125,0.8671875,27,11
010,0.15625,0.84375,27,17
011,0.12890625,0.87109375,21,11
