state,p_marked,error,gate_count,depth
000,0.138671875,0.861328125,49,25
001,0.12109375,0.87890625,47,23
010,0.11328125,0.88671875,47,25
011,0.125,0.875,45,23
