state,p_marked,error,gate_count,depth
000,0.48046875,0.51953125,32,16
001,0.533203125,0.466796875,30,14
010,0.470703125,0.529296875,30,16
011,0.509765625,0.490234375,28,14
