state,p_marked,error,gate_count,depth
000,0.015625,0.984375,25,12
001,0.498046875,0.501953125,25,12
010,0.0,1.0,25,12
011,0.0,1.0,25,12
