state,p_marked,error,gate_count,depth
000,0.0390625,0.9609375,34,17
001,0.05078125,0.94921875,32,15
010,0.0625,0.9375,32,17
011,0.072265625,0.927734375,30,15
