state,p_marked,error,gate_count,depth
000,0.1015625,0.8984375,64,34
001,0.119140625,0.880859375,56,26
010,0.134765625,0.865234375,56,34
011,0.1015625,0.8984375,48,26
