state,p_marked,error,gate_count,depth
000,0.126953125,0.873046875,60,31
001,0.1171875,0.8828125,52,23
010,0.111328125,0.888671875,52,31
011,0.126953125,0.873046875,44,23
