state,p_marked,error,gate_count,depth
000,0.146484375,0.853515625,41,20
001,0.13671875,0.86328125,37,16
010,0.14453125,0.85546875,37,20
011,0.126953125,0.873046875,33,16
