state,p_marked,error,gate_count,depth
000,0.1328125,0.8671875,39,19
001,0.0,1.0,37,17
010,0.0,1.0,37,19
011,0.134765625,0.865234375,35,17
