state,p_marked,error,gate_count,depth
000,0.14453125,0.85546875,33,17
001,0.115234375,0.884765625,27,11
010,0.125,0.875,27,17
011,0.15234375,0.84765625,21,11
