state,p_marked,error,gate_count,depth
000,0.51953125,0.48046875,33,16
001,0.55078125,0.44921875,31,14
010,0.564453125,0.435546875,31,16
011,0.5703125,0.4296875,29,14
