state,p_marked,error,gate_count,depth
000,0.51171875,0.48828125,32,16
001,0.451171875,0.548828125,30,14
010,0.5078125,0.4921875,30,16
011,0.50390625,0.49609375,28,14
