state,p_marked,error,gate_count,depth
000,0.5546875,0.4453125,51,26
001,0.55859375,0.44140625,45,20
010,0.5546875,0.4453125,45,26
011,0.515625,0.484375,39,20
