state,p_marked,error,gate_count,depth
000,0.107421875,0.892578125,51,26
001,0.130859375,0.869140625,45,21
010,0.13671875,0.86328125,45,26
011,0.13671875,0.86328125,39,21
