state,p_marked,error,gate_count,depth
000,0.125,0.875,34,16
001,0.09765625,0.90234375,32,14
010,0.109375,0.890625,32,16
011,0.12890625,0.87109375,30,14
