state,p_marked,error,gate_count,depth
000,0.158203125,0.841796875,51,25
001,0.125,0.875,49,23
010,0.1171875,0.8828125,49,25
011,0.16015625,0.83984375,47,23
