state,p_marked,error,gate_count,depth
000,0.283203125,0.716796875,41,20
001,0.25390625,0.74609375,41,20
010,0.244140625,0.755859375,41,20
011,0.20703125,0.79296875,41,20
