state,p_marked,error,gate_count,depth
000,0.0625,0.9375,38,20
001,0.173828125,0.826171875,36,18
010,0.07421875,0.92578125,36,20
011,0.189453125,0.810546875,34,18
