state,p_marked,error,gate_count,depth
000,0.015625,0.984375,32,16
001,0.009765625,0.990234375,30,14
010,0.025390625,0.974609375,30,16
011,0.013671875,0.986328125,28,14
