state,p_marked,error,gate_count,depth
000,0.28125,0.71875,32,16
001,0.23046875,0.76953125,30,14
010,0.244140625,0.755859375,30,16
011,0.2578125,0.7421875,28,14
