state,p_marked,error,gate_count,depth
000,0.2265625,0.7734375,163,95
001,0.185546875,0.814453125,159,91
010,0.013671875,0.986328125,159,95
011,0.181640625,0.818359375,155,91
