state,p_marked,error,gate_count,depth
000,0.1484375,0.8515625,32,15
001,0.1015625,0.8984375,30,13
010,0.115234375,0.884765625,30,15
011,0.150390625,0.849609375,28,13
