state,p_marked,error,gate_count,depth
000,0.552734375,0.447265625,34,18
001,0.55859375,0.44140625,32,16
010,0.58203125,0.41796875,32,18
011,0.583984375,0.416015625,30,16
