state,p_marked,error,gate_count,depth
000,0.54296875,0.45703125,60,31
001,0.564453125,0.435546875,52,23
010,0.56640625,0.43359375,52,31
011,0.58984375,0.41015625,44,23
