state,p_marked,error,gate_count,depth
000,0.080078125,0.919921875,34,16
001,0.08203125,0.91796875,32,14
010,0.05859375,0.94140625,32,16
011,0.048828125,0.951171875,30,14
