state,p_marked,error,gate_count,depth
000,0.138671875,0.861328125,47,24
001,0.11328125,0.88671875,43,20
010,0.119140625,0.880859375,43,24
011,0.138671875,0.861328125,39,20
