state,p_marked,error,gate_count,depth
000,0.087890625,0.912109375,32,15
001,0.134765625,0.865234375,30,13
010,0.140625,0.859375,30,15
011,0.146484375,0.853515625,28,13
