state,p_marked,error,gate_count,depth
000,0.50390625,0.49609375,33,17
001,0.556640625,0.443359375,31,15
010,0.47265625,0.52734375,31,17
011,0.50390625,0.49609375,29,15
