state,p_marked,error,gate_count,depth
000,0.09375,0.90625,41,21
001,0.12890625,0.87109375,37,17
010,0.146484375,0.853515625,37,21
011,0.10546875,0.89453125,33,17
