state,p_marked,error,gate_count,depth
000,0.12890625,0.87109375,47,25
001,0.126953125,0.873046875,43,21
010,0.119140625,0.880859375,43,25
011,0.10546875,0.89453125,39,21
