state,p_marked,error,gate_count,depth
000,0.13671875,0.86328125,42,22
001,0.150390625,0.849609375,34,14
010,0.126953125,0.873046875,34,22
011,0.125,0.875,26,14
