state,p_marked,error,gate_count,depth
000,0.1640625,0.8359375,158,113
001,0.28125,0.71875,156,111
010,0.05859375,0.94140625,156,113
011,0.01171875,0.98828125,154,111
