state,p_marked,error,gate_count,depth
000,0.119140625,0.880859375,51,27
001,0.119140625,0.880859375,49,25
010,0.14453125,0.85546875,49,27
011,0.15234375,0.84765625,47,25
