state,p_marked,error,gate_count,depth
000,0.27734375,0.72265625,80,52
001,0.25390625,0.74609375,78,50
010,0.3046875,0.6953125,78,52
011,0.017578125,0.982421875,76,50
