state,p_marked,error,gate_count,depth
000,0.5078125,0.4921875,60,29
001,0.57421875,0.42578125,56,25
010,0.251953125,0.748046875,56,29
011,0.2578125,0.7421875,52,25
