state,p_marked,error,gate_count,depth
000,0.15234375,0.84765625,64,43
001,0.00390625,0.99609375,62,41
010,0.1015625,0.8984375,62,43
011,0.119140625,0.880859375,60,41
