state,p_marked,error,gate_count,depth
000,0.548828125,0.451171875,42,21
001,0.572265625,0.427734375,38,17
010,0.552734375,0.447265625,38,21
011,0.56640625,0.43359375,34,17
