state,p_marked,error,gate_count,depth
000,0.142578125,0.857421875,33,16
001,0.15625,0.84375,31,14
010,0.125,0.875,31,16
011,0.146484375,0.853515625,29,14
