state,p_marked,error,gate_count,depth
000,0.0625,0.9375,35,18
001,0.048828125,0.951171875,33,16
010,0.068359375,0.931640625,33,18
011,0.052734375,0.947265625,31,16
