state,p_marked,error,gate_count,depth
000,0.078125,0.921875,42,21
001,0.0546875,0.9453125,38,18
010,0.052734375,0.947265625,38,21
011,0.05859375,0.94140625,34,18
