state,p_marked,error,gate_count,depth
000,0.134765625,0.865234375,51,27
001,0.10546875,0.89453125,41,17
010,0.134765625,0.865234375,41,27
011,0.10546875,0.89453125,31,17
