state,p_marked,error,gate_count,depth
000,0.130859375,0.869140625,32,16
001,0.126953125,0.873046875,30,14
010,0.12109375,0.87890625,30,16
011,0.123046875,0.876953125,28,14
