state,p_marked,error,gate_count,depth
000,0.5625,0.4375,42,21
001,0.51171875,0.48828125,38,17
010,0.552734375,0.447265625,38,21
011,0.541015625,0.458984375,34,17
