state,p_marked,error,gate_count,depth
000,0.26171875,0.73828125,32,16
001,0.263671875,0.736328125,30,14
010,0.232421875,0.767578125,30,16
011,0.2421875,0.7578125,28,14
