state,p_marked,error,gate_count,depth
000,0.59375,0.40625,33,16
001,0.578125,0.421875,31,14
010,0.5234375,0.4765625,31,16
011,0.58984375,0.41015625,29,14
