state,p_marked,error,gate_count,depth
000,0.541015625,0.458984375,42,21
001,0.55078125,0.44921875,38,17
010,0.576171875,0.423828125,38,21
011,0.56640625,0.43359375,34,17
