state,p_marked,error,gate_count,depth
000,0.1171875,0.8828125,41,20
001,0.158203125,0.841796875,37,16
010,0.125,0.875,37,20
011,0.103515625,0.896484375,33,16
