state,p_marked,error,gate_count,depth
000,0.556640625,0.443359375,42,21
001,0.568359375,0.431640625,38,17
010,0.578125,0.421875,38,21
011,0.541015625,0.458984375,34,17
