state,p_marked,error,gate_count,depth
000,0.201171875,0.798828125,46,28
001,0.02734375,0.97265625,44,26
010,0.56640625,0.43359375,44,28
011,0.400390625,0.599609375,42,26
