state,p_marked,error,gate_count,depth
000,0.12890625,0.87109375,32,15
001,0.146484375,0.853515625,30,13
010,0.111328125,0.888671875,30,15
011,0.09375,0.90625,28,13
