state,p_marked,error,gate_count,depth
000,0.248046875,0.751953125,47,24
001,0.125,0.875,43,20
010,0.263671875,0.736328125,43,24
011,0.138671875,0.861328125,39,20
