state,p_marked,error,gate_count,depth
000,0.115234375,0.884765625,49,25
001,0.125,0.875,47,23
010,0.123046875,0.876953125,47,25
011,0.09375,0.90625,45,23
