state,p_marked,error,gate_count,depth
000,0.125,0.875,50,26
001,0.126953125,0.873046875,44,20
010,0.123046875,0.876953125,44,26
011,0.13671875,0.86328125,38,20
