state,p_marked,error,gate_count,depth
000,0.484375,0.515625,33,17
001,0.505859375,0.494140625,31,15
010,0.4609375,0.5390625,31,17
011,0.5078125,0.4921875,29,15
