state,p_marked,error,gate_count,depth
000,0.521484375,0.478515625,42,21
001,0.568359375,0.431640625,38,17
010,0.53515625,0.46484375,38,21
011,0.552734375,0.447265625,34,17
