state,p_marked,error,gate_count,depth
000,0.109375,0.890625,42,22
001,0.109375,0.890625,38,18
010,0.115234375,0.884765625,38,22
011,0.11328125,0.88671875,34,18
