state,p_marked,error,gate_count,depth
000,0.111328125,0.888671875,15,7
001,0.091796875,0.908203125,13,5
010,0.134765625,0.865234375,13,7
011,0.140625,0.859375,11,5
