state,p_marked,error,gate_count,depth
000,0.578125,0.421875,34,17
001,0.576171875,0.423828125,32,15
010,0.564453125,0.435546875,32,17
011,0.560546875,0.439453125,30,15
