state,p_marked,error,gate_count,depth
000,0.55078125,0.44921875,52,27
001,0.544921875,0.455078125,46,22
010,0.564453125,0.435546875,46,27
011,0.552734375,0.447265625,40,22
