state,p_marked,error,gate_count,depth
000,0.490234375,0.509765625,41,21
001,0.50390625,0.49609375,37,17
010,0.54296875,0.45703125,37,21
011,0.48828125,0.51171875,33,17
