state,p_marked,error,gate_count,depth
000,0.322265625,0.677734375,68,46
001,0.02734375,0.97265625,68,46
010,0.029296875,0.970703125,68,46
011,0.283203125,0.716796875,68,46
