state,p_marked,error,gate_count,depth
000,0.1328125,0.8671875,41,20
001,0.103515625,0.896484375,37,16
010,0.12890625,0.87109375,37,20
011,0.10546875,0.89453125,33,16
