state,p_marked,error,gate_count,depth
000,0.064453125,0.935546875,33,17
001,0.05859375,0.94140625,31,15
010,0.0546875,0.9453125,31,17
011,0.037109375,0.962890625,29,15
