state,p_marked,error,gate_count,depth
000,0.15234375,0.84765625,32,15
001,0.09765625,0.90234375,30,13
010,0.11328125,0.88671875,30,15
011,0.134765625,0.865234375,28,13
