state,p_marked,error,gate_count,depth
000,0.552734375,0.447265625,33,16
001,0.59765625,0.40234375,31,14
010,0.607421875,0.392578125,31,16
011,0.5625,0.4375,29,14
