state,p_marked,error,gate_count,depth
000,0.0,1.0,45,30
001,0.390625,0.609375,45,30
010,0.09765625,0.90234375,45,30
011,0.00390625,0.99609375,45,30
