state,p_marked,error,gate_count,depth
000,0.1015625,0.8984375,24,12
001,0.115234375,0.884765625,20,8
010,0.134765625,0.865234375,20,12
011,0.130859375,0.869140625,16,8
