state,p_marked,error,gate_count,depth
000,0.515625,0.484375,59,31
001,0.52734375,0.47265625,51,23
010,0.494140625,0.505859375,51,31
011,0.458984375,0.541015625,43,23
