state,p_marked,error,gate_count,depth
000,0.12890625,0.87109375,42,22
001,0.12109375,0.87890625,38,18
010,0.107421875,0.892578125,38,22
011,0.111328125,0.888671875,34,18
