state,p_marked,error,gate_count,depth
000,0.115234375,0.884765625,33,17
001,0.1484375,0.8515625,27,11
010,0.130859375,0.869140625,27,17
011,0.134765625,0.865234375,21,11
