state,p_marked,error,gate_count,depth
000,0.142578125,0.857421875,41,21
001,0.111328125,0.888671875,37,17
010,0.111328125,0.888671875,37,21
011,0.119140625,0.880859375,33,17
