state,p_marked,error,gate_count,depth
000,0.123046875,0.876953125,58,34
001,0.08984375,0.91015625,58,34
010,0.0546875,0.9453125,58,34
011,0.2890625,0.7109375,58,34
