state,p_marked,error,gate_count,depth
000,0.13671875,0.86328125,50,26
001,0.123046875,0.876953125,48,24
010,0.130859375,0.869140625,48,26
011,0.111328125,0.888671875,46,24
