state,p_marked,error,gate_count,depth
000,0.236328125,0.763671875,42,22
001,0.2421875,0.7578125,38,18
010,0.283203125,0.716796875,38,22
011,0.2265625,0.7734375,34,18
