state,p_marked,error,gate_count,depth
000,0.48828125,0.51171875,32,16
001,0.482421875,0.517578125,30,14
010,0.50390625,0.49609375,30,16
011,0.466796875,0.533203125,28,14
