state,p_marked,error,gate_count,depth
000,0.0,1.0,52,28
001,0.123046875,0.876953125,46,22
010,0.0,1.0,46,28
011,0.166015625,0.833984375,40,22
