state,p_marked,error,gate_count,depth
000,0.009765625,0.990234375,27,14
001,0.23046875,0.76953125,27,14
010,0.009765625,0.990234375,27,14
011,0.248046875,0.751953125,27,14
