state,p_marked,error,gate_count,depth
000,0.271484375,0.728515625,41,20
001,0.28125,0.71875,41,20
010,0.220703125,0.779296875,41,20
011,0.2578125,0.7421875,41,20
