state,p_marked,error,gate_count,depth
000,0.04296875,0.95703125,63,44
001,0.044921875,0.955078125,63,44
010,0.01171875,0.98828125,63,44
011,0.220703125,0.779296875,63,44
