state,p_marked,error,gate_count,depth
000,0.5078125,0.4921875,34,18
001,0.482421875,0.517578125,32,16
010,0.529296875,0.470703125,32,18
011,0.513671875,0.486328125,30,16
