state,p_marked,error,gate_count,depth
000,0.125,0.875,51,27
001,0.13671875,0.86328125,41,17
010,0.103515625,0.896484375,41,27
011,0.12109375,0.87890625,31,17
