state,p_marked,error,gate_count,depth
000,0.125,0.875,40,20
001,0.142578125,0.857421875,40,20
010,0.111328125,0.888671875,40,20
011,0.119140625,0.880859375,40,20
