state,p_marked,error,gate_count,depth
000,0.103515625,0.896484375,15,7
001,0.140625,0.859375,13,5
010,0.103515625,0.896484375,13,7
011,0.16796875,0.83203125,11,5
