state,p_marked,error,gate_count,depth
000,0.140625,0.859375,78,42
001,0.1171875,0.8828125,66,30
010,0.125,0.875,66,42
011,0.119140625,0.880859375,54,30
