state,p_marked,error,gate_count,depth
000,0.111328125,0.888671875,42,22
001,0.138671875,0.861328125,34,14
010,0.126953125,0.873046875,34,22
011,0.134765625,0.865234375,26,14
