state,p_marked,error,gate_count,depth
000,0.14453125,0.85546875,33,17
001,0.12890625,0.87109375,31,15
010,0.15234375,0.84765625,31,17
011,0.150390625,0.849609375,29,15
