state,p_marked,error,gate_count,depth
000,0.025390625,0.974609375,55,37
001,0.01171875,0.98828125,55,37
010,0.3203125,0.6796875,55,37
011,0.025390625,0.974609375,55,37
