state,p_marked,error,gate_count,depth
000,0.064453125,0.935546875,33,17
001,0.05078125,0.94921875,31,15
010,0.044921875,0.955078125,31,17
011,0.068359375,0.931640625,29,15
