state,p_marked,error,gate_count,depth
000,0.123046875,0.876953125,33,16
001,0.111328125,0.888671875,31,14
010,0.1171875,0.8828125,31,16
011,0.11328125,0.88671875,29,14
