state,p_marked,error,gate_count,depth
000,0.13671875,0.86328125,42,22
001,0.140625,0.859375,34,14
010,0.103515625,0.896484375,34,22
011,0.125,0.875,26,14
