state,p_marked,error,gate_count,depth
000,0.10546875,0.89453125,32,15
001,0.1171875,0.8828125,30,13
010,0.12109375,0.87890625,30,15
011,0.134765625,0.865234375,28,13
