state,p_marked,error,gate_count,depth
000,0.0,1.0,43,22
001,0.0,1.0,39,18
010,0.0,1.0,39,22
011,0.138671875,0.861328125,35,18
