state,p_marked,error,gate_count,depth
000,0.099609375,0.900390625,60,30
001,0.1484375,0.8515625,56,26
010,0.1484375,0.8515625,56,30
011,0.125,0.875,52,26
