state,p_marked,error,gate_count,depth
000,0.125,0.875,41,20
001,0.14453125,0.85546875,37,16
010,0.123046875,0.876953125,37,20
011,0.142578125,0.857421875,33,16
