state,p_marked,error,gate_count,depth
000,0.15234375,0.84765625,15,7
001,0.103515625,0.896484375,13,5
010,0.123046875,0.876953125,13,7
011,0.158203125,0.841796875,11,5
