state,p_marked,error,gate_count,depth
000,0.041015625,0.958984375,152,103
001,0.01171875,0.98828125,142,93
010,0.078125,0.921875,142,103
011,0.28125,0.71875,132,93
