state,p_marked,error,gate_count,depth
000,0.1328125,0.8671875,42,22
001,0.111328125,0.888671875,34,14
010,0.130859375,0.869140625,34,22
011,0.115234375,0.884765625,26,14
