state,p_marked,error,gate_count,depth
000,0.115234375,0.884765625,24,12
001,0.140625,0.859375,20,8
010,0.146484375,0.853515625,20,12
011,0.091796875,0.908203125,16,8
