state,p_marked,error,gate_count,depth
000,0.109375,0.890625,42,22
001,0.134765625,0.865234375,34,14
010,0.123046875,0.876953125,34,22
011,0.130859375,0.869140625,26,14
