state,p_marked,error,gate_count,depth
000,0.00390625,0.99609375,26,13
001,0.00390625,0.99609375,26,13
010,0.271484375,0.728515625,26,13
011,0.248046875,0.751953125,26,13
