state,p_marked,error,gate_count,depth
000,0.1328125,0.8671875,32,15
001,0.123046875,0.876953125,30,13
010,0.111328125,0.888671875,30,15
011,0.1015625,0.8984375,28,13
