state,p_marked,error,gate_count,depth
000,0.126953125,0.873046875,23,10
001,0.126953125,0.873046875,23,10
010,0.126953125,0.873046875,23,10
011,0.142578125,0.857421875,23,10
