state,p_marked,error,gate_count,depth
000,0.263671875,0.736328125,50,25
001,0.228515625,0.771484375,48,23
010,0.263671875,0.736328125,48,25
011,0.23828125,0.76171875,46,23
