state,p_marked,error,gate_count,depth
000,0.119140625,0.880859375,51,27
001,0.126953125,0.873046875,45,21
010,0.119140625,0.880859375,45,27
011,0.0,1.0,39,21
