state,p_marked,error,gate_count,depth
000,0.455078125,0.544921875,33,16
001,0.515625,0.484375,31,14
010,0.49609375,0.50390625,31,16
011,0.5078125,0.4921875,29,14
