state,p_marked,error,gate_count,depth
000,0.125,0.875,49,24
001,0.14453125,0.85546875,47,22
010,0.111328125,0.888671875,47,24
011,0.13671875,0.86328125,45,22
