state,p_marked,error,gate_count,depth
000,0.126953125,0.873046875,32,15
001,0.095703125,0.904296875,30,13
010,0.13671875,0.86328125,30,15
011,0.1015625,0.8984375,28,13
