state,p_marked,error,gate_count,depth
000,0.470703125,0.529296875,51,27
001,0.482421875,0.517578125,45,21
010,0.53125,0.46875,45,27
011,0.095703125,0.904296875,39,21
