state,p_marked,error,gate_count,depth
000,0.146484375,0.853515625,33,17
001,0.15234375,0.84765625,27,11
010,0.126953125,0.873046875,27,17
011,0.154296875,0.845703125,21,11
