state,p_marked,error,gate_count,depth
000,0.515625,0.484375,32,16
001,0.470703125,0.529296875,30,14
010,0.5234375,0.4765625,30,16
011,0.48046875,0.51953125,28,14
