state,p_marked,error,gate_count,depth
000,0.61328125,0.38671875,51,26
001,0.58984375,0.41015625,45,20
010,0.357421875,0.642578125,45,26
011,0.337890625,0.662109375,39,20
