state,p_marked,error,gate_count,depth
000,0.564453125,0.435546875,34,17
001,0.572265625,0.427734375,32,15
010,0.5625,0.4375,32,17
011,0.572265625,0.427734375,30,15
