state,p_marked,error,gate_count,depth
000,0.51953125,0.48046875,33,17
001,0.447265625,0.552734375,31,15
010,0.486328125,0.513671875,31,17
011,0.49609375,0.50390625,29,15
