state,p_marked,error,gate_count,depth
000,0.12890625,0.87109375,15,7
001,0.125,0.875,13,5
010,0.146484375,0.853515625,13,7
011,0.154296875,0.845703125,11,5
