state,p_marked,error,gate_count,depth
000,0.15625,0.84375,24,12
001,0.1015625,0.8984375,20,8
010,0.115234375,0.884765625,20,12
011,0.130859375,0.869140625,16,8
