state,p_marked,error,gate_count,depth
000,0.119140625,0.880859375,42,22
001,0.125,0.875,34,14
010,0.140625,0.859375,34,22
011,0.119140625,0.880859375,26,14
