state,p_marked,error,gate_count,depth
000,0.24609375,0.75390625,95,50
001,0.2109375,0.7890625,87,42
010,0.310546875,0.689453125,87,50
011,0.0234375,0.9765625,79,42
