state,p_marked,error,gate_count,depth
000,0.4609375,0.5390625,33,17
001,0.525390625,0.474609375,31,15
010,0.55078125,0.44921875,31,17
011,0.552734375,0.447265625,29,15
