state,p_marked,error,gate_count,depth
000,0.041015625,0.958984375,33,15
001,0.0625,0.9375,31,13
010,0.048828125,0.951171875,31,15
011,0.064453125,0.935546875,29,13
