state,p_marked,error,gate_count,depth
000,0.15625,0.84375,48,31
001,0.052734375,0.947265625,48,31
010,0.138671875,0.861328125,48,31
011,0.080078125,0.919921875,48,31
