state,p_marked,error,gate_count,depth
000,0.095703125,0.904296875,42,22
001,0.115234375,0.884765625,34,14
010,0.125,0.875,34,22
011,0.111328125,0.888671875,26,14
