state,p_marked,error,gate_count,depth
000,0.09765625,0.90234375,46,25
001,0.140625,0.859375,42,21
010,0.12890625,0.87109375,42,25
011,0.12109375,0.87890625,38,21
