state,p_marked,error,gate_count,depth
000,0.251953125,0.748046875,34,18
001,0.259765625,0.740234375,32,16
010,0.25390625,0.74609375,32,18
011,0.2578125,0.7421875,30,16
