state,p_marked,error,gate_count,depth
000,0.103515625,0.896484375,24,12
001,0.125,0.875,20,8
010,0.146484375,0.853515625,20,12
011,0.125,0.875,16,8
