state,p_marked,error,gate_count,depth
000,0.099609375,0.900390625,32,16
001,0.1171875,0.8828125,30,14
010,0.10546875,0.89453125,30,16
011,0.10546875,0.89453125,28,14
