state,p_marked,error,gate_count,depth
000,0.119140625,0.880859375,47,25
001,0.12890625,0.87109375,43,21
010,0.13671875,0.86328125,43,25
011,0.115234375,0.884765625,39,21
