state,p_marked,error,gate_count,depth
000,0.142578125,0.857421875,59,30
001,0.12109375,0.87890625,51,22
010,0.103515625,0.896484375,51,30
011,0.119140625,0.880859375,43,22
