state,p_marked,error,gate_count,depth
000,0.123046875,0.876953125,60,32
001,0.138671875,0.861328125,48,20
010,0.126953125,0.873046875,48,32
011,0.12109375,0.87890625,36,20
