state,p_marked,error,gate_count,depth
000,0.130859375,0.869140625,60,32
001,0.134765625,0.865234375,48,20
010,0.103515625,0.896484375,48,32
011,0.109375,0.890625,36,20
