state,p_marked,error,gate_count,depth
000,0.076171875,0.923828125,42,21
001,0.072265625,0.927734375,38,17
010,0.0703125,0.9296875,38,21
011,0.044921875,0.955078125,34,17
