state,p_marked,error,gate_count,depth
000,0.1484375,0.8515625,58,29
001,0.142578125,0.857421875,54,25
010,0.130859375,0.869140625,54,29
011,0.1171875,0.8828125,50,25
