state,p_marked,error,gate_count,depth
000,0.041015625,0.958984375,76,46
001,0.078125,0.921875,74,44
010,0.0,1.0,74,46
011,0.0,1.0,72,44
