state,p_marked,error,gate_count,depth
000,0.138671875,0.861328125,29,15
001,0.1171875,0.8828125,29,15
010,0.134765625,0.865234375,29,15
011,0.115234375,0.884765625,29,15
