state,p_marked,error,gate_count,depth
000,0.130859375,0.869140625,28,16
001,0.11328125,0.88671875,28,16
010,0.140625,0.859375,28,16
011,0.12890625,0.87109375,28,16
