state,p_marked,error,gate_count,depth
000,0.115234375,0.884765625,51,27
001,0.09375,0.90625,41,17
010,0.138671875,0.861328125,41,27
011,0.12109375,0.87890625,31,17
