state,p_marked,error,gate_count,depth
000,0.052734375,0.947265625,32,16
001,0.060546875,0.939453125,30,14
010,0.072265625,0.927734375,30,16
011,0.044921875,0.955078125,28,14
