state,p_marked,error,gate_count,depth
000,0.515625,0.484375,33,17
001,0.146484375,0.853515625,31,15
010,0.125,0.875,31,17
011,0.47265625,0.52734375,29,15
