state,p_marked,error,gate_count,depth
000,0.140625,0.859375,33,17
001,0.138671875,0.861328125,27,11
010,0.11328125,0.88671875,27,17
011,0.142578125,0.857421875,21,11
