state,p_marked,error,gate_count,depth
000,0.12890625,0.87109375,88,43
001,0.255859375,0.744140625,86,41
010,0.01171875,0.98828125,86,43
011,0.12890625,0.87109375,84,41
