state,p_marked,error,gate_count,depth
000,0.26171875,0.73828125,50,25
001,0.26953125,0.73046875,48,23
010,0.220703125,0.779296875,48,25
011,0.22265625,0.77734375,46,23
