state,p_marked,error,gate_count,depth
000,0.15625,0.84375,94,50
001,0.13671875,0.86328125,82,38
010,0.1484375,0.8515625,82,50
011,0.13671875,0.86328125,70,38
