state,p_marked,error,gate_count,depth
000,0.58984375,0.41015625,42,21
001,0.55859375,0.44140625,38,17
010,0.53515625,0.46484375,38,21
011,0.583984375,0.416015625,34,17
