state,p_marked,error,gate_count,depth
000,0.560546875,0.439453125,42,21
001,0.595703125,0.404296875,38,17
010,0.599609375,0.400390625,38,21
011,0.6171875,0.3828125,34,17
