state,p_marked,error,gate_count,depth
000,0.119140625,0.880859375,32,16
001,0.119140625,0.880859375,30,14
010,0.111328125,0.888671875,30,16
011,0.130859375,0.869140625,28,14
