state,p_marked,error,gate_count,depth
000,0.115234375,0.884765625,32,15
001,0.154296875,0.845703125,30,13
010,0.138671875,0.861328125,30,15
011,0.1171875,0.8828125,28,13
