state,p_marked,error,gate_count,depth
000,0.13671875,0.86328125,33,16
001,0.1171875,0.8828125,31,14
010,0.1328125,0.8671875,31,16
011,0.0,1.0,29,14
