state,p_marked,error,gate_count,depth
000,0.021484375,0.978515625,39,21
001,0.0703125,0.9296875,37,20
010,0.15625,0.84375,37,21
011,0.3125,0.6875,35,20
