state,p_marked,error,gate_count,depth
000,0.107421875,0.892578125,67,44
001,0.13671875,0.86328125,65,43
010,0.033203125,0.966796875,65,44
011,0.13671875,0.86328125,63,43
