state,p_marked,error,gate_count,depth
000,0.537109375,0.462890625,34,17
001,0.564453125,0.435546875,32,15
010,0.56640625,0.43359375,32,17
011,0.548828125,0.451171875,30,15
