state,p_marked,error,gate_count,depth
000,0.5234375,0.4765625,33,17
001,0.5078125,0.4921875,31,15
010,0.505859375,0.494140625,31,17
011,0.48046875,0.51953125,29,15
