state,p_marked,error,gate_count,depth
000,0.4921875,0.5078125,33,17
001,0.50390625,0.49609375,31,15
010,0.50390625,0.49609375,31,17
011,0.4765625,0.5234375,29,15
