state,p_marked,error,gate_count,depth
000,0.119140625,0.880859375,33,17
001,0.1328125,0.8671875,27,11
010,0.107421875,0.892578125,27,17
011,0.107421875,0.892578125,21,11
