state,p_marked,error,gate_count,depth
000,0.138671875,0.861328125,32,15
001,0.154296875,0.845703125,30,13
010,0.142578125,0.857421875,30,15
011,0.10546875,0.89453125,28,13
