state,p_marked,error,gate_count,depth
000,0.12109375,0.87890625,41,21
001,0.12890625,0.87109375,37,17
010,0.134765625,0.865234375,37,21
011,0.154296875,0.845703125,33,17
