state,p_marked,error,gate_count,depth
000,0.123046875,0.876953125,33,16
001,0.09375,0.90625,31,14
010,0.111328125,0.888671875,31,16
011,0.14453125,0.85546875,29,14
