state,p_marked,error,gate_count,depth
000,0.115234375,0.884765625,33,17
001,0.09375,0.90625,27,11
010,0.107421875,0.892578125,27,17
011,0.115234375,0.884765625,21,11
