state,p_marked,error,gate_count,depth
000,0.568359375,0.431640625,84,43
001,0.05859375,0.94140625,82,41
010,0.046875,0.953125,82,43
011,0.06640625,0.93359375,80,41
