state,p_marked,error,gate_count,depth
000,0.10546875,0.89453125,41,23
001,0.306640625,0.693359375,39,21
010,0.646484375,0.353515625,39,23
011,0.1015625,0.8984375,37,21
