state,p_marked,error,gate_count,depth
000,0.09375,0.90625,41,21
001,0.111328125,0.888671875,37,17
010,0.0859375,0.9140625,37,21
011,0.12890625,0.87109375,33,17
