state,p_marked,error,gate_count,depth
000,0.51953125,0.48046875,34,17
001,0.52734375,0.47265625,32,15
010,0.515625,0.484375,32,17
011,0.5078125,0.4921875,30,15
