state,p_marked,error,gate_count,depth
000,0.51953125,0.48046875,34,17
001,0.572265625,0.427734375,32,15
010,0.546875,0.453125,32,17
011,0.5703125,0.4296875,30,15
