state,p_marked,error,gate_count,depth
000,0.1171875,0.8828125,68,35
001,0.111328125,0.888671875,62,29
010,0.109375,0.890625,62,35
011,0.12890625,0.87109375,56,29
