state,p_marked,error,gate_count,depth
000,0.12890625,0.87109375,24,12
001,0.138671875,0.861328125,20,8
010,0.111328125,0.888671875,20,12
011,0.1328125,0.8671875,16,8
