state,p_marked,error,gate_count,depth
000,0.109375,0.890625,33,17
001,0.12109375,0.87890625,27,11
010,0.134765625,0.865234375,27,17
011,0.15625,0.84375,21,11
