state,p_marked,error,gate_count,depth
000,0.142578125,0.857421875,93,47
001,0.138671875,0.861328125,85,39
010,0.314453125,0.685546875,85,47
011,0.0859375,0.9140625,77,39
