state,p_marked,error,gate_count,depth
000,0.501953125,0.498046875,34,18
001,0.525390625,0.474609375,32,16
010,0.51171875,0.48828125,32,18
011,0.55859375,0.44140625,30,16
