state,p_marked,error,gate_count,depth
000,0.1015625,0.8984375,33,17
001,0.0,1.0,31,15
010,0.126953125,0.873046875,31,17
011,0.130859375,0.869140625,29,15
