state,p_marked,error,gate_count,depth
000,0.0,1.0,41,21
001,0.0,1.0,37,17
010,0.48046875,0.51953125,37,21
011,0.544921875,0.455078125,33,17
