state,p_marked,error,gate_count,depth
000,0.5859375,0.4140625,33,16
001,0.5703125,0.4296875,31,14
010,0.044921875,0.955078125,31,16
011,0.064453125,0.935546875,29,14
