state,p_marked,error,gate_count,depth
000,0.087890625,0.912109375,41,23
001,0.025390625,0.974609375,39,21
010,0.578125,0.421875,39,23
011,0.09765625,0.90234375,37,21
