state,p_marked,error,gate_count,depth
000,0.1328125,0.8671875,42,22
001,0.146484375,0.853515625,34,14
010,0.12890625,0.87109375,34,22
011,0.134765625,0.865234375,26,14
