state,p_marked,error,gate_count,depth
000,0.259765625,0.740234375,33,17
001,0.263671875,0.736328125,31,15
010,0.228515625,0.771484375,31,17
011,0.236328125,0.763671875,29,15
