state,p_marked,error,gate_count,depth
000,0.115234375,0.884765625,60,32
001,0.125,0.875,48,20
010,0.15625,0.84375,48,32
011,0.130859375,0.869140625,36,20
