state,p_marked,error,gate_count,depth
000,0.517578125,0.482421875,33,17
001,0.466796875,0.533203125,31,15
010,0.509765625,0.490234375,31,17
011,0.515625,0.484375,29,15
