state,p_marked,error,gate_count,depth
000,0.5,0.5,34,18
001,0.521484375,0.478515625,32,16
010,0.509765625,0.490234375,32,18
011,0.44921875,0.55078125,30,16
