state,p_marked,error,gate_count,depth
000,0.603515625,0.396484375,33,16
001,0.546875,0.453125,31,14
010,0.59765625,0.40234375,31,16
011,0.556640625,0.443359375,29,14
