state,p_marked,error,gate_count,depth
000,0.048828125,0.951171875,34,16
001,0.064453125,0.935546875,32,14
010,0.056640625,0.943359375,32,16
011,0.078125,0.921875,30,14
