state,p_marked,error,gate_count,depth
000,0.521484375,0.478515625,41,21
001,0.537109375,0.462890625,37,17
010,0.51953125,0.48046875,37,21
011,0.4765625,0.5234375,33,17
