state,p_marked,error,gate_count,depth
000,0.0546875,0.9453125,33,15
001,0.046875,0.953125,31,13
010,0.052734375,0.947265625,31,15
011,0.0625,0.9375,29,13
