state,p_marked,error,gate_count,depth
000,0.111328125,0.888671875,15,7
001,0.1328125,0.8671875,13,5
010,0.138671875,0.861328125,13,7
011,0.1328125,0.8671875,11,5
