state,p_marked,error,gate_count,depth
000,0.556640625,0.443359375,32,16
001,0.546875,0.453125,30,14
010,0.52734375,0.47265625,30,16
011,0.46484375,0.53515625,28,14
