state,p_marked,error,gate_count,depth
000,0.521484375,0.478515625,41,21
001,0.505859375,0.494140625,37,17
010,0.51171875,0.48828125,37,21
011,0.521484375,0.478515625,33,17
