state,p_marked,error,gate_count,depth
000,0.099609375,0.900390625,55,28
001,0.126953125,0.873046875,53,26
010,0.15625,0.84375,53,28
011,0.087890625,0.912109375,51,26
