state,p_marked,error,gate_count,depth
000,0.0,1.0,41,22
001,0.12109375,0.87890625,39,20
010,0.109375,0.890625,39,22
011,0.0,1.0,37,20
