state,p_marked,error,gate_count,depth
000,0.51171875,0.48828125,33,17
001,0.46484375,0.53515625,31,15
010,0.51953125,0.48046875,31,17
011,0.51953125,0.48046875,29,15
