state,p_marked,error,gate_count,depth
000,0.0,1.0,42,21
001,0.14453125,0.85546875,38,17
010,0.0,1.0,38,21
011,0.140625,0.859375,34,17
