state,p_marked,error,gate_count,depth
000,0.0078125,0.9921875,41,20
001,0.00390625,0.99609375,37,16
010,0.228515625,0.771484375,37,20
011,0.2265625,0.7734375,33,16
