state,p_marked,error,gate_count,depth
000,0.10546875,0.89453125,33,16
001,0.1484375,0.8515625,31,15
010,0.1171875,0.8828125,31,16
011,0.12109375,0.87890625,29,15
