state,p_marked,error,gate_count,depth
000,0.111328125,0.888671875,42,21
001,0.134765625,0.865234375,38,17
010,0.130859375,0.869140625,38,21
011,0.1171875,0.8828125,34,17
