state,p_marked,error,gate_count,depth
000,0.556640625,0.443359375,34,17
001,0.5625,0.4375,32,15
010,0.0625,0.9375,32,17
011,0.078125,0.921875,30,15
