state,p_marked,error,gate_count,depth
000,0.126953125,0.873046875,32,15
001,0.140625,0.859375,30,13
010,0.115234375,0.884765625,30,15
011,0.16015625,0.83984375,28,13
