state,p_marked,error,gate_count,depth
000,0.103515625,0.896484375,33,16
001,0.10546875,0.89453125,31,14
010,0.12109375,0.87890625,31,16
011,0.146484375,0.853515625,29,14
