state,p_marked,error,gate_count,depth
000,0.111328125,0.888671875,42,22
001,0.140625,0.859375,34,14
010,0.099609375,0.900390625,34,22
011,0.1484375,0.8515625,26,14
