state,p_marked,error,gate_count,depth
000,0.501953125,0.498046875,33,17
001,0.478515625,0.521484375,31,15
010,0.49609375,0.50390625,31,17
011,0.490234375,0.509765625,29,15
