state,p_marked,error,gate_count,depth
000,0.4765625,0.5234375,35,19
001,0.51171875,0.48828125,33,17
010,0.515625,0.484375,33,19
011,0.53125,0.46875,31,17
