state,p_marked,error,gate_count,depth
000,0.12890625,0.87109375,34,17
001,0.1171875,0.8828125,32,15
010,0.111328125,0.888671875,32,17
011,0.13671875,0.86328125,30,15
