state,p_marked,error,gate_count,depth
000,0.138671875,0.861328125,45,24
001,0.1484375,0.8515625,41,20
010,0.12109375,0.87890625,41,24
011,0.099609375,0.900390625,37,20
