state,p_marked,error,gate_count,depth
000,0.11328125,0.88671875,49,24
001,0.119140625,0.880859375,47,22
010,0.099609375,0.900390625,47,24
011,0.068359375,0.931640625,45,22
