state,p_marked,error,gate_count,depth
000,0.228515625,0.771484375,119,83
001,0.10546875,0.89453125,119,83
010,0.103515625,0.896484375,119,83
011,0.119140625,0.880859375,119,83
