state,p_marked,error,gate_count,depth
000,0.236328125,0.763671875,103,55
001,0.232421875,0.767578125,89,41
010,0.234375,0.765625,89,55
011,0.220703125,0.779296875,75,41
