state,p_marked,error,gate_count,depth
000,0.095703125,0.904296875,24,12
001,0.142578125,0.857421875,20,8
010,0.138671875,0.861328125,20,12
011,0.138671875,0.861328125,16,8
