state,p_marked,error,gate_count,depth
000,0.427734375,0.572265625,76,40
001,0.453125,0.546875,72,36
010,0.43359375,0.56640625,72,40
011,0.4296875,0.5703125,68,36
