state,p_marked,error,gate_count,depth
000,0.5234375,0.4765625,42,21
001,0.576171875,0.423828125,38,17
010,0.587890625,0.412109375,38,21
011,0.541015625,0.458984375,34,17
