state,p_marked,error,gate_count,depth
000,0.140625,0.859375,32,15
001,0.125,0.875,30,13
010,0.1015625,0.8984375,30,15
011,0.13671875,0.86328125,28,13
