state,p_marked,error,gate_count,depth
000,0.109375,0.890625,26,14
001,0.134765625,0.865234375,26,14
010,0.099609375,0.900390625,26,14
011,0.1328125,0.8671875,26,14
