state,p_marked,error,gate_count,depth
000,0.125,0.875,45,24
001,0.11328125,0.88671875,41,20
010,0.125,0.875,41,24
011,0.12109375,0.87890625,37,20
