state,p_marked,error,gate_count,depth
000,0.169921875,0.830078125,25,12
001,0.0859375,0.9140625,25,12
010,0.166015625,0.833984375,25,12
011,0.087890625,0.912109375,25,12
