state,p_marked,error,gate_count,depth
000,0.28515625,0.71484375,33,17
001,0.1953125,0.8046875,31,15
010,0.25,0.75,31,17
011,0.23046875,0.76953125,29,15
