state,p_marked,error,gate_count,depth
000,0.140625,0.859375,43,22
001,0.123046875,0.876953125,43,22
010,0.126953125,0.873046875,43,22
011,0.103515625,0.896484375,43,22
