state,p_marked,error,gate_count,depth
000,0.119140625,0.880859375,41,21
001,0.125,0.875,37,17
010,0.1171875,0.8828125,37,21
011,0.146484375,0.853515625,33,17
