state,p_marked,error,gate_count,depth
000,0.107421875,0.892578125,51,27
001,0.083984375,0.916015625,41,17
010,0.142578125,0.857421875,41,27
011,0.123046875,0.876953125,31,17
