state,p_marked,error,gate_count,depth
000,0.322265625,0.677734375,114,81
001,0.068359375,0.931640625,114,81
010,0.302734375,0.697265625,114,81
011,0.111328125,0.888671875,114,81
