state,p_marked,error,gate_count,depth
000,0.119140625,0.880859375,78,42
001,0.146484375,0.853515625,62,26
010,0.12109375,0.87890625,62,42
011,0.142578125,0.857421875,46,26
