state,p_marked,error,gate_count,depth
000,0.19921875,0.80078125,63,43
001,0.095703125,0.904296875,63,43
010,0.0,1.0,63,43
011,0.296875,0.703125,63,43
