state,p_marked,error,gate_count,depth
000,0.12890625,0.87109375,42,21
001,0.138671875,0.861328125,42,21
010,0.10546875,0.89453125,42,21
011,0.162109375,0.837890625,42,21
