state,p_marked,error,gate_count,depth
000,0.54296875,0.45703125,51,26
001,0.60546875,0.39453125,45,20
010,0.5859375,0.4140625,45,26
011,0.568359375,0.431640625,39,20
