state,p_marked,error,gate_count,depth
000,0.23828125,0.76171875,68,38
001,0.01953125,0.98046875,60,30
010,0.216796875,0.783203125,60,38
011,0.03125,0.96875,52,30
