state,p_marked,error,gate_count,depth
000,0.126953125,0.873046875,32,15
001,0.12890625,0.87109375,30,13
010,0.14453125,0.85546875,30,15
011,0.11328125,0.88671875,28,13
