state,p_marked,error,gate_count,depth
000,0.044921875,0.955078125,51,31
001,0.048828125,0.951171875,49,29
010,0.01953125,0.98046875,49,31
011,0.01953125,0.98046875,47,29
