state,p_marked,error,gate_count,depth
000,0.103515625,0.896484375,15,7
001,0.10546875,0.89453125,13,5
010,0.140625,0.859375,13,7
011,0.13671875,0.86328125,11,5
