state,p_marked,error,gate_count,depth
000,0.1328125,0.8671875,44,29
001,0.15625,0.84375,44,29
010,0.111328125,0.888671875,44,29
011,0.134765625,0.865234375,44,29
