state,p_marked,error,gate_count,depth
000,0.5625,0.4375,33,16
001,0.61328125,0.38671875,31,14
010,0.56640625,0.43359375,31,16
011,0.576171875,0.423828125,29,14
