state,p_marked,error,gate_count,depth
000,0.05859375,0.94140625,42,21
001,0.0546875,0.9453125,38,18
010,0.0546875,0.9453125,38,21
011,0.060546875,0.939453125,34,18
