state,p_marked,error,gate_count,depth
000,0.087890625,0.912109375,58,30
001,0.12890625,0.87109375,58,30
010,0.134765625,0.865234375,58,30
011,0.12109375,0.87890625,58,30
