state,p_marked,error,gate_count,depth
000,0.234375,0.765625,32,16
001,0.26171875,0.73828125,30,14
010,0.279296875,0.720703125,30,16
011,0.28125,0.71875,28,14
