state,p_marked,error,gate_count,depth
000,0.587890625,0.412109375,51,26
001,0.55859375,0.44140625,45,20
010,0.568359375,0.431640625,45,26
011,0.541015625,0.458984375,39,20
