state,p_marked,error,gate_count,depth
000,0.517578125,0.482421875,32,16
001,0.48828125,0.51171875,30,14
010,0.478515625,0.521484375,30,16
011,0.529296875,0.470703125,28,14
