state,p_marked,error,gate_count,depth
000,0.080078125,0.919921875,34,17
001,0.068359375,0.931640625,32,15
010,0.08203125,0.91796875,32,17
011,0.060546875,0.939453125,30,15
