state,p_marked,error,gate_count,depth
000,0.5859375,0.4140625,42,21
001,0.5703125,0.4296875,38,17
010,0.578125,0.421875,38,21
011,0.53515625,0.46484375,34,17
