state,p_marked,error,gate_count,depth
000,0.251953125,0.748046875,98,62
001,0.064453125,0.935546875,96,60
010,0.0703125,0.9296875,96,62
011,0.0859375,0.9140625,94,60
