state,p_marked,error,gate_count,depth
000,0.521484375,0.478515625,51,26
001,0.591796875,0.408203125,45,20
010,0.583984375,0.416015625,45,26
011,0.5546875,0.4453125,39,20
