state,p_marked,error,gate_count,depth
000,0.029296875,0.970703125,58,30
001,0.02734375,0.97265625,54,26
010,0.03515625,0.96484375,54,30
011,0.017578125,0.982421875,50,26
