state,p_marked,error,gate_count,depth
000,0.056640625,0.943359375,35,18
001,0.048828125,0.951171875,33,16
010,0.0546875,0.9453125,33,18
011,0.044921875,0.955078125,31,16
