state,p_marked,error,gate_count,depth
000,0.49609375,0.50390625,33,17
001,0.54296875,0.45703125,31,15
010,0.544921875,0.455078125,31,17
011,0.119140625,0.880859375,29,15
