state,p_marked,error,gate_count,depth
000,0.126953125,0.873046875,23,11
001,0.138671875,0.861328125,23,11
010,0.11328125,0.88671875,23,11
011,0.11328125,0.88671875,23,11
