state,p_marked,error,gate_count,depth
000,0.12890625,0.87109375,42,22
001,0.103515625,0.896484375,34,14
010,0.125,0.875,34,22
011,0.134765625,0.865234375,26,14
