state,p_marked,error,gate_count,depth
000,0.046875,0.953125,32,15
001,0.080078125,0.919921875,30,13
010,0.05078125,0.94921875,30,15
011,0.0546875,0.9453125,28,13
