state,p_marked,error,gate_count,depth
000,0.611328125,0.388671875,33,16
001,0.564453125,0.435546875,31,14
010,0.521484375,0.478515625,31,16
011,0.59765625,0.40234375,29,14
