state,p_marked,error,gate_count,depth
000,0.09765625,0.90234375,60,32
001,0.1328125,0.8671875,48,20
010,0.123046875,0.876953125,48,32
011,0.12109375,0.87890625,36,20
