state,p_marked,error,gate_count,depth
000,0.0859375,0.9140625,32,16
001,0.064453125,0.935546875,30,14
010,0.08203125,0.91796875,30,16
011,0.072265625,0.927734375,28,14
