state,p_marked,error,gate_count,depth
000,0.572265625,0.427734375,33,16
001,0.595703125,0.404296875,31,14
010,0.5390625,0.4609375,31,16
011,0.5625,0.4375,29,14
