state,p_marked,error,gate_count,depth
000,0.126953125,0.873046875,65,35
001,0.1171875,0.8828125,61,31
010,0.11328125,0.88671875,61,35
011,0.126953125,0.873046875,57,31
