state,p_marked,error,gate_count,depth
000,0.224609375,0.775390625,33,17
001,0.259765625,0.740234375,31,15
010,0.287109375,0.712890625,31,17
011,0.248046875,0.751953125,29,15
