state,p_marked,error,gate_count,depth
000,0.494140625,0.505859375,32,16
001,0.48828125,0.51171875,30,14
010,0.51171875,0.48828125,30,16
011,0.486328125,0.513671875,28,14
