state,p_marked,error,gate_count,depth
000,0.115234375,0.884765625,15,7
001,0.095703125,0.904296875,13,5
010,0.119140625,0.880859375,13,7
011,0.103515625,0.896484375,11,5
