state,p_marked,error,gate_count,depth
000,0.1328125,0.8671875,42,20
001,0.146484375,0.853515625,42,20
010,0.138671875,0.861328125,42,20
011,0.140625,0.859375,42,20
