state,p_marked,error,gate_count,depth
000,0.1171875,0.8828125,33,15
001,0.1015625,0.8984375,31,13
010,0.1328125,0.8671875,31,15
011,0.14453125,0.85546875,29,13
