state,p_marked,error,gate_count,depth
000,0.052734375,0.947265625,35,18
001,0.06640625,0.93359375,33,16
010,0.0703125,0.9296875,33,18
011,0.05859375,0.94140625,31,16
