state,p_marked,error,gate_count,depth
000,0.0546875,0.9453125,34,17
001,0.076171875,0.923828125,32,15
010,0.05859375,0.94140625,32,17
011,0.052734375,0.947265625,30,15
