state,p_marked,error,gate_count,depth
000,0.265625,0.734375,50,24
001,0.2265625,0.7734375,48,22
010,0.0,1.0,48,24
011,0.0,1.0,46,22
