state,p_marked,error,gate_count,depth
000,0.244140625,0.755859375,43,22
001,0.23046875,0.76953125,43,22
010,0.236328125,0.763671875,43,22
011,0.224609375,0.775390625,43,22
