state,p_marked,error,gate_count,depth
000,0.1484375,0.8515625,33,17
001,0.150390625,0.849609375,31,15
010,0.126953125,0.873046875,31,17
011,0.140625,0.859375,29,15
