state,p_marked,error,gate_count,depth
000,0.576171875,0.423828125,42,21
001,0.515625,0.484375,38,17
010,0.53125,0.46875,38,21
011,0.552734375,0.447265625,34,17
