state,p_marked,error,gate_count,depth
000,0.119140625,0.880859375,117,64
001,0.115234375,0.884765625,111,58
010,0.140625,0.859375,111,64
011,0.072265625,0.927734375,105,58
