state,p_marked,error,gate_count,depth
000,0.126953125,0.873046875,33,16
001,0.10546875,0.89453125,31,14
010,0.111328125,0.888671875,31,16
011,0.126953125,0.873046875,29,14
