state,p_marked,error,gate_count,depth
000,0.052734375,0.947265625,32,16
001,0.05859375,0.94140625,30,14
010,0.0625,0.9375,30,16
011,0.060546875,0.939453125,28,14
