state,p_marked,error,gate_count,depth
000,0.00390625,0.99609375,73,46
001,0.146484375,0.853515625,73,46
010,0.0,1.0,73,46
011,0.23046875,0.76953125,73,46
