state,p_marked,error,gate_count,depth
000,0.5703125,0.4296875,34,16
001,0.546875,0.453125,32,14
010,0.55859375,0.44140625,32,16
011,0.591796875,0.408203125,30,14
