state,p_marked,error,gate_count,depth
000,0.541015625,0.458984375,42,21
001,0.548828125,0.451171875,38,17
010,0.56640625,0.43359375,38,21
011,0.587890625,0.412109375,34,17
