state,p_marked,error,gate_count,depth
000,0.13671875,0.86328125,32,16
001,0.1171875,0.8828125,30,14
010,0.123046875,0.876953125,30,16
011,0.1171875,0.8828125,28,14
