state,p_marked,error,gate_count,depth
000,0.451171875,0.548828125,32,16
001,0.533203125,0.466796875,30,14
010,0.515625,0.484375,30,16
011,0.4921875,0.5078125,28,14
