state,p_marked,error,gate_count,depth
000,0.13671875,0.86328125,51,27
001,0.146484375,0.853515625,41,17
010,0.125,0.875,41,27
011,0.09765625,0.90234375,31,17
