state,p_marked,error,gate_count,depth
000,0.1171875,0.8828125,24,12
001,0.1171875,0.8828125,20,8
010,0.107421875,0.892578125,20,12
011,0.10546875,0.89453125,16,8
