state,p_marked,error,gate_count,depth
000,0.53515625,0.46484375,33,16
001,0.55859375,0.44140625,31,14
010,0.572265625,0.427734375,31,16
011,0.556640625,0.443359375,29,14
