state,p_marked,error,gate_count,depth
000,0.134765625,0.865234375,42,22
001,0.115234375,0.884765625,34,14
010,0.099609375,0.900390625,34,22
011,0.138671875,0.861328125,26,14
