state,p_marked,error,gate_count,depth
000,0.107421875,0.892578125,58,30
001,0.126953125,0.873046875,54,26
010,0.13671875,0.86328125,54,30
011,0.12890625,0.87109375,50,26
