state,p_marked,error,gate_count,depth
000,0.125,0.875,42,22
001,0.1171875,0.8828125,34,14
010,0.134765625,0.865234375,34,22
011,0.146484375,0.853515625,26,14
