state,p_marked,error,gate_count,depth
000,0.490234375,0.509765625,33,17
001,0.513671875,0.486328125,31,15
010,0.48828125,0.51171875,31,17
011,0.484375,0.515625,29,15
