state,p_marked,error,gate_count,depth
000,0.52734375,0.47265625,41,21
001,0.58984375,0.41015625,37,17
010,0.455078125,0.544921875,37,21
011,0.498046875,0.501953125,33,17
