state,p_marked,error,gate_count,depth
000,0.466796875,0.533203125,32,16
001,0.501953125,0.498046875,30,14
010,0.515625,0.484375,30,16
011,0.4765625,0.5234375,28,14
