state,p_marked,error,gate_count,depth
000,0.0234375,0.9765625,65,38
001,0.291015625,0.708984375,63,36
010,0.029296875,0.970703125,63,38
011,0.0234375,0.9765625,61,36
