state,p_marked,error,gate_count,depth
000,0.564453125,0.435546875,33,16
001,0.6328125,0.3671875,31,14
010,0.552734375,0.447265625,31,16
011,0.54296875,0.45703125,29,14
