state,p_marked,error,gate_count,depth
000,0.1328125,0.8671875,60,32
001,0.11328125,0.88671875,48,20
010,0.14453125,0.85546875,48,32
011,0.166015625,0.833984375,36,20
