state,p_marked,error,gate_count,depth
000,0.103515625,0.896484375,50,27
001,0.2421875,0.7578125,46,24
010,0.212890625,0.787109375,46,27
011,0.03515625,0.96484375,42,23
