state,p_marked,error,gate_count,depth
000,0.087890625,0.912109375,33,17
001,0.142578125,0.857421875,27,11
010,0.13671875,0.86328125,27,17
011,0.158203125,0.841796875,21,11
