state,p_marked,error,gate_count,depth
000,0.11328125,0.88671875,42,22
001,0.142578125,0.857421875,34,14
010,0.13671875,0.86328125,34,22
011,0.1171875,0.8828125,26,14
