state,p_marked,error,gate_count,depth
000,0.056640625,0.943359375,51,26
001,0.08203125,0.91796875,45,21
010,0.0625,0.9375,45,26
011,0.072265625,0.927734375,39,21
