state,p_marked,error,gate_count,depth
000,0.453125,0.546875,42,21
001,0.513671875,0.486328125,38,17
010,0.52734375,0.47265625,38,21
011,0.478515625,0.521484375,34,17
