state,p_marked,error,gate_count,depth
000,0.134765625,0.865234375,51,27
001,0.1484375,0.8515625,41,17
010,0.12890625,0.87109375,41,27
011,0.1328125,0.8671875,31,17
