state,p_marked,error,gate_count,depth
000,0.080078125,0.919921875,32,16
001,0.0703125,0.9296875,30,14
010,0.0625,0.9375,30,16
011,0.076171875,0.923828125,28,14
