state,p_marked,error,gate_count,depth
000,0.166015625,0.833984375,63,43
001,0.197265625,0.802734375,63,43
010,0.048828125,0.951171875,63,43
011,0.11328125,0.88671875,63,43
