state,p_marked,error,gate_count,depth
000,0.078125,0.921875,32,16
001,0.08203125,0.91796875,30,14
010,0.087890625,0.912109375,30,16
011,0.064453125,0.935546875,28,14
