state,p_marked,error,gate_count,depth
000,0.517578125,0.482421875,34,18
001,0.55078125,0.44921875,32,16
010,0.544921875,0.455078125,32,18
011,0.5625,0.4375,30,16
