state,p_marked,error,gate_count,depth
000,0.283203125,0.716796875,38,19
001,0.140625,0.859375,36,17
010,0.251953125,0.748046875,36,19
011,0.12109375,0.87890625,34,17
