state,p_marked,error,gate_count,depth
000,0.521484375,0.478515625,33,17
001,0.486328125,0.513671875,31,15
010,0.52734375,0.47265625,31,17
011,0.50390625,0.49609375,29,15
