state,p_marked,error,gate_count,depth
000,0.1484375,0.8515625,33,17
001,0.095703125,0.904296875,27,11
010,0.11328125,0.88671875,27,17
011,0.126953125,0.873046875,21,11
