state,p_marked,error,gate_count,depth
000,0.490234375,0.509765625,35,17
001,0.48046875,0.51953125,33,15
010,0.466796875,0.533203125,33,17
011,0.53125,0.46875,31,15
