state,p_marked,error,gate_count,depth
000,0.54296875,0.45703125,33,16
001,0.587890625,0.412109375,31,14
010,0.56640625,0.43359375,31,16
011,0.5546875,0.4453125,29,14
