state,p_marked,error,gate_count,depth
000,0.54296875,0.45703125,42,21
001,0.58984375,0.41015625,38,17
010,0.55078125,0.44921875,38,21
011,0.5390625,0.4609375,34,17
