state,p_marked,error,gate_count,depth
000,0.509765625,0.490234375,41,21
001,0.521484375,0.478515625,37,17
010,0.546875,0.453125,37,21
011,0.533203125,0.466796875,33,17
