state,p_marked,error,gate_count,depth
000,0.560546875,0.439453125,34,17
001,0.568359375,0.431640625,32,15
010,0.56640625,0.43359375,32,17
011,0.572265625,0.427734375,30,15
