state,p_marked,error,gate_count,depth
000,0.09375,0.90625,51,27
001,0.125,0.875,41,17
010,0.1171875,0.8828125,41,27
011,0.099609375,0.900390625,31,17
