state,p_marked,error,gate_count,depth
000,0.103515625,0.896484375,60,32
001,0.146484375,0.853515625,48,20
010,0.10546875,0.89453125,48,32
011,0.1015625,0.8984375,36,20
