state,p_marked,error,gate_count,depth
000,0.580078125,0.419921875,34,17
001,0.58203125,0.41796875,32,15
010,0.54296875,0.45703125,32,17
011,0.580078125,0.419921875,30,15
