state,p_marked,error,gate_count,depth
000,0.115234375,0.884765625,41,19
001,0.140625,0.859375,41,19
010,0.12109375,0.87890625,41,19
011,0.126953125,0.873046875,41,19
