state,p_marked,error,gate_count,depth
000,0.47265625,0.52734375,50,26
001,0.47265625,0.52734375,44,20
010,0.494140625,0.505859375,44,26
011,0.47265625,0.52734375,38,20
