state,p_marked,error,gate_count,depth
000,0.08984375,0.91015625,41,23
001,0.263671875,0.736328125,39,21
010,0.603515625,0.396484375,39,23
011,0.095703125,0.904296875,37,21
