state,p_marked,error,gate_count,depth
000,0.052734375,0.947265625,93,58
001,0.220703125,0.779296875,89,54
010,0.27734375,0.72265625,89,58
011,0.2109375,0.7890625,85,54
