state,p_marked,error,gate_count,depth
000,0.5,0.5,32,16
001,0.458984375,0.541015625,30,14
010,0.494140625,0.505859375,30,16
011,0.509765625,0.490234375,28,14
