state,p_marked,error,gate_count,depth
000,0.484375,0.515625,33,17
001,0.494140625,0.505859375,31,15
010,0.4921875,0.5078125,31,17
011,0.48828125,0.51171875,29,15
