state,p_marked,error,gate_count,depth
000,0.15234375,0.84765625,51,27
001,0.123046875,0.876953125,41,17
010,0.140625,0.859375,41,27
011,0.095703125,0.904296875,31,17
