state,p_marked,error,gate_count,depth
000,0.513671875,0.486328125,32,16
001,0.451171875,0.548828125,30,14
010,0.482421875,0.517578125,30,16
011,0.54296875,0.45703125,28,14
