state,p_marked,error,gate_count,depth
000,0.515625,0.484375,42,22
001,0.5078125,0.4921875,38,18
010,0.47265625,0.52734375,38,22
011,0.4921875,0.5078125,34,18
