state,p_marked,error,gate_count,depth
000,0.251953125,0.748046875,35,18
001,0.234375,0.765625,35,18
010,0.236328125,0.763671875,35,18
011,0.236328125,0.763671875,35,18
