state,p_marked,error,gate_count,depth
000,0.029296875,0.970703125,32,16
001,0.02734375,0.97265625,30,14
010,0.029296875,0.970703125,30,16
011,0.041015625,0.958984375,28,14
