state,p_marked,error,gate_count,depth
000,0.572265625,0.427734375,42,21
001,0.548828125,0.451171875,38,17
010,0.517578125,0.482421875,38,21
011,0.58203125,0.41796875,34,17
