state,p_marked,error,gate_count,depth
000,0.521484375,0.478515625,33,17
001,0.486328125,0.513671875,31,15
010,0.546875,0.453125,31,17
011,0.478515625,0.521484375,29,15
