state,p_marked,error,gate_count,depth
000,0.50390625,0.49609375,41,21
001,0.47265625,0.52734375,37,17
010,0.505859375,0.494140625,37,21
011,0.505859375,0.494140625,33,17
