state,p_marked,error,gate_count,depth
000,0.0,1.0,41,22
001,0.119140625,0.880859375,39,20
010,0.115234375,0.884765625,39,22
011,0.0,1.0,37,20
