state,p_marked,error,gate_count,depth
000,0.11328125,0.88671875,34,17
001,0.126953125,0.873046875,32,15
010,0.10546875,0.89453125,32,17
011,0.12109375,0.87890625,30,15
