state,p_marked,error,gate_count,depth
000,0.119140625,0.880859375,51,27
001,0.1328125,0.8671875,41,17
010,0.123046875,0.876953125,41,27
011,0.138671875,0.861328125,31,17
