state,p_marked,error,gate_count,depth
000,0.580078125,0.419921875,42,21
001,0.564453125,0.435546875,38,17
010,0.560546875,0.439453125,38,21
011,0.56640625,0.43359375,34,17
