state,p_marked,error,gate_count,depth
000,0.052734375,0.947265625,32,15
001,0.048828125,0.951171875,30,13
010,0.064453125,0.935546875,30,15
011,0.072265625,0.927734375,28,13
