state,p_marked,error,gate_count,depth
000,0.1171875,0.8828125,33,17
001,0.107421875,0.892578125,27,11
010,0.1484375,0.8515625,27,17
011,0.115234375,0.884765625,21,11
