state,p_marked,error,gate_count,depth
000,0.37109375,0.62890625,53,34
001,0.00390625,0.99609375,53,34
010,0.046875,0.953125,53,34
011,0.02734375,0.97265625,53,34
