state,p_marked,error,gate_count,depth
000,0.57421875,0.42578125,33,16
001,0.556640625,0.443359375,31,14
010,0.533203125,0.466796875,31,16
011,0.51953125,0.48046875,29,14
