state,p_marked,error,gate_count,depth
000,0.513671875,0.486328125,33,17
001,0.501953125,0.498046875,31,15
010,0.5390625,0.4609375,31,17
011,0.509765625,0.490234375,29,15
