state,p_marked,error,gate_count,depth
000,0.064453125,0.935546875,33,15
001,0.060546875,0.939453125,31,13
010,0.068359375,0.931640625,31,15
011,0.048828125,0.951171875,29,13
