state,p_marked,error,gate_count,depth
000,0.5859375,0.4140625,34,18
001,0.564453125,0.435546875,32,16
010,0.521484375,0.478515625,32,18
011,0.53515625,0.46484375,30,16
