state,p_marked,error,gate_count,depth
000,0.029296875,0.970703125,41,23
001,0.359375,0.640625,39,21
010,0.001953125,0.998046875,39,23
011,0.013671875,0.986328125,37,21
