state,p_marked,error,gate_count,depth
000,0.06640625,0.93359375,34,16
001,0.072265625,0.927734375,32,14
010,0.060546875,0.939453125,32,16
011,0.05859375,0.94140625,30,14
