state,p_marked,error,gate_count,depth
000,0.126953125,0.873046875,33,17
001,0.126953125,0.873046875,27,11
010,0.126953125,0.873046875,27,17
011,0.126953125,0.873046875,21,11
