state,p_marked,error,gate_count,depth
000,0.072265625,0.927734375,34,17
001,0.041015625,0.958984375,32,15
010,0.060546875,0.939453125,32,17
011,0.083984375,0.916015625,30,15
