state,p_marked,error,gate_count,depth
000,0.09765625,0.90234375,51,27
001,0.13671875,0.86328125,41,17
010,0.11328125,0.88671875,41,27
011,0.134765625,0.865234375,31,17
