state,p_marked,error,gate_count,depth
000,0.59765625,0.40234375,42,21
001,0.59375,0.40625,38,17
010,0.546875,0.453125,38,21
011,0.611328125,0.388671875,34,17
