state,p_marked,error,gate_count,depth
000,0.115234375,0.884765625,42,22
001,0.12890625,0.87109375,34,14
010,0.15625,0.84375,34,22
011,0.14453125,0.85546875,26,14
