state,p_marked,error,gate_count,depth
000,0.490234375,0.509765625,46,24
001,0.140625,0.859375,42,20
010,0.13671875,0.86328125,42,24
011,0.53515625,0.46484375,38,20
