state,p_marked,error,gate_count,depth
000,0.2109375,0.7890625,38,19
001,0.09765625,0.90234375,36,17
010,0.279296875,0.720703125,36,19
011,0.12890625,0.87109375,34,17
