state,p_marked,error,gate_count,depth
000,0.12109375,0.87890625,24,12
001,0.166015625,0.833984375,20,8
010,0.08984375,0.91015625,20,12
011,0.11328125,0.88671875,16,8
