state,p_marked,error,gate_count,depth
000,0.5234375,0.4765625,42,21
001,0.564453125,0.435546875,38,17
010,0.537109375,0.462890625,38,21
011,0.5625,0.4375,34,17
