state,p_marked,error,gate_count,depth
000,0.544921875,0.455078125,32,16
001,0.5390625,0.4609375,30,14
010,0.44921875,0.55078125,30,16
011,0.4921875,0.5078125,28,14
