state,p_marked,error,gate_count,depth
000,0.55859375,0.44140625,66,33
001,0.57421875,0.42578125,64,31
010,0.59375,0.40625,64,33
011,0.54296875,0.45703125,62,31
