state,p_marked,error,gate_count,depth
000,0.248046875,0.751953125,78,41
001,0.248046875,0.751953125,66,29
010,0.232421875,0.767578125,66,41
011,0.265625,0.734375,54,29
