state,p_marked,error,gate_count,depth
000,0.4921875,0.5078125,32,16
001,0.505859375,0.494140625,30,14
010,0.501953125,0.498046875,30,16
011,0.466796875,0.533203125,28,14
