state,p_marked,error,gate_count,depth
000,0.0,1.0,55,28
001,0.25,0.75,53,26
010,0.0,1.0,53,28
011,0.115234375,0.884765625,51,26
