state,p_marked,error,gate_count,depth
000,0.552734375,0.447265625,41,21
001,0.51953125,0.48046875,37,17
010,0.51171875,0.48828125,37,21
011,0.46875,0.53125,33,17
