state,p_marked,error,gate_count,depth
000,0.005859375,0.994140625,34,18
001,0.01953125,0.98046875,32,16
010,0.009765625,0.990234375,32,18
011,0.009765625,0.990234375,30,16
