state,p_marked,error,gate_count,depth
000,0.1328125,0.8671875,42,21
001,0.103515625,0.896484375,42,21
010,0.107421875,0.892578125,42,21
011,0.138671875,0.861328125,42,21
