state,p_marked,error,gate_count,depth
000,0.568359375,0.431640625,33,16
001,0.54296875,0.45703125,31,14
010,0.568359375,0.431640625,31,16
011,0.57421875,0.42578125,29,14
