state,p_marked,error,gate_count,depth
000,0.005859375,0.994140625,32,16
001,0.0078125,0.9921875,30,14
010,0.005859375,0.994140625,30,16
011,0.0078125,0.9921875,28,14
