state,p_marked,error,gate_count,depth
000,0.0859375,0.9140625,33,17
001,0.1328125,0.8671875,27,11
010,0.10546875,0.89453125,27,17
011,0.1328125,0.8671875,21,11
