state,p_marked,error,gate_count,depth
000,0.416015625,0.583984375,43,26
001,0.421875,0.578125,43,26
010,0.0,1.0,43,26
011,0.0,1.0,43,26
