state,p_marked,error,gate_count,depth
000,0.146484375,0.853515625,65,38
001,0.029296875,0.970703125,63,36
010,0.15625,0.84375,63,38
011,0.267578125,0.732421875,61,36
