state,p_marked,error,gate_count,depth
000,0.134765625,0.865234375,67,34
001,0.12109375,0.87890625,61,28
010,0.16015625,0.83984375,61,34
011,0.099609375,0.900390625,55,28
