state,p_marked,error,gate_count,depth
000,0.603515625,0.396484375,42,21
001,0.552734375,0.447265625,38,17
010,0.5625,0.4375,38,21
011,0.5390625,0.4609375,34,17
