state,p_marked,error,gate_count,depth
000,0.48046875,0.51953125,41,21
001,0.515625,0.484375,37,17
010,0.46484375,0.53515625,37,21
011,0.478515625,0.521484375,33,17
