state,p_marked,error,gate_count,depth
000,0.314453125,0.685546875,109,72
001,0.12109375,0.87890625,109,72
010,0.05078125,0.94921875,109,72
011,0.046875,0.953125,109,72
