state,p_marked,error,gate_count,depth
000,0.572265625,0.427734375,42,21
001,0.59375,0.40625,38,17
010,0.5703125,0.4296875,38,21
011,0.572265625,0.427734375,34,17
