state,p_marked,error,gate_count,depth
000,0.1171875,0.8828125,33,16
001,0.11328125,0.88671875,31,15
010,0.1640625,0.8359375,31,16
011,0.109375,0.890625,29,14
