state,p_marked,error,gate_count,depth
000,0.173828125,0.826171875,63,33
001,0.255859375,0.744140625,59,29
010,0.25,0.75,59,33
011,0.10546875,0.89453125,55,29
