state,p_marked,error,gate_count,depth
000,0.126953125,0.873046875,42,22
001,0.14453125,0.85546875,34,14
010,0.126953125,0.873046875,34,22
011,0.140625,0.859375,26,14
