state,p_marked,error,gate_count,depth
000,0.517578125,0.482421875,33,16
001,0.560546875,0.439453125,31,14
010,0.564453125,0.435546875,31,16
011,0.54296875,0.45703125,29,14
