state,p_marked,error,gate_count,depth
000,0.134765625,0.865234375,43,23
001,0.130859375,0.869140625,39,19
010,0.138671875,0.861328125,39,23
011,0.123046875,0.876953125,35,19
