state,p_marked,error,gate_count,depth
000,0.255859375,0.744140625,50,25
001,0.021484375,0.978515625,48,23
010,0.271484375,0.728515625,48,25
011,0.0234375,0.9765625,46,23
