state,p_marked,error,gate_count,depth
000,0.47265625,0.52734375,33,16
001,0.515625,0.484375,31,14
010,0.51171875,0.48828125,31,16
011,0.4921875,0.5078125,29,14
