state,p_marked,error,gate_count,depth
000,0.1171875,0.8828125,25,12
001,0.12890625,0.87109375,25,12
010,0.142578125,0.857421875,25,12
011,0.1328125,0.8671875,25,12
