state,p_marked,error,gate_count,depth
000,0.12109375,0.87890625,24,12
001,0.087890625,0.912109375,20,8
010,0.123046875,0.876953125,20,12
011,0.146484375,0.853515625,16,8
