state,p_marked,error,gate_count,depth
000,0.552734375,0.447265625,33,16
001,0.57421875,0.42578125,31,14
010,0.6171875,0.3828125,31,16
011,0.5390625,0.4609375,29,14
