state,p_marked,error,gate_count,depth
000,0.31640625,0.68359375,58,30
001,0.2421875,0.7578125,54,26
010,0.03125,0.96875,54,30
011,0.03515625,0.96484375,50,26
