state,p_marked,error,gate_count,depth
000,0.1484375,0.8515625,42,21
001,0.1484375,0.8515625,38,18
010,0.1015625,0.8984375,38,21
011,0.119140625,0.880859375,34,17
