state,p_marked,error,gate_count,depth
000,0.501953125,0.498046875,33,17
001,0.509765625,0.490234375,31,15
010,0.505859375,0.494140625,31,17
011,0.5234375,0.4765625,29,15
