state,p_marked,error,gate_count,depth
000,0.1171875,0.8828125,41,23
001,0.26171875,0.73828125,39,21
010,0.619140625,0.380859375,39,23
011,0.119140625,0.880859375,37,21
