state,p_marked,error,gate_count,depth
000,0.25,0.75,33,17
001,0.263671875,0.736328125,31,15
010,0.25,0.75,31,17
011,0.251953125,0.748046875,29,15
