state,p_marked,error,gate_count,depth
000,0.046875,0.953125,33,15
001,0.06640625,0.93359375,31,13
010,0.0546875,0.9453125,31,15
011,0.056640625,0.943359375,29,13
