state,p_marked,error,gate_count,depth
000,0.546875,0.453125,33,16
001,0.541015625,0.458984375,31,14
010,0.5390625,0.4609375,31,16
011,0.62109375,0.37890625,29,14
