state,p_marked,error,gate_count,depth
000,0.0,1.0,65,35
001,0.125,0.875,57,27
010,0.115234375,0.884765625,57,35
011,0.0,1.0,49,27
