state,p_marked,error,gate_count,depth
000,0.12890625,0.87109375,42,22
001,0.1171875,0.8828125,34,14
010,0.130859375,0.869140625,34,22
011,0.158203125,0.841796875,26,14
