state,p_marked,error,gate_count,depth
000,0.134765625,0.865234375,24,12
001,0.16015625,0.83984375,20,8
010,0.1484375,0.8515625,20,12
011,0.13671875,0.86328125,16,8
