state,p_marked,error,gate_count,depth
000,0.09765625,0.90234375,33,17
001,0.109375,0.890625,27,11
010,0.142578125,0.857421875,27,17
011,0.12109375,0.87890625,21,11
