state,p_marked,error,gate_count,depth
000,0.044921875,0.955078125,33,17
001,0.056640625,0.943359375,31,15
010,0.064453125,0.935546875,31,17
011,0.0625,0.9375,29,15
