state,p_marked,error,gate_count,depth
000,0.056640625,0.943359375,92,48
001,0.224609375,0.775390625,90,46
010,0.06640625,0.93359375,90,48
011,0.0390625,0.9609375,88,46
