state,p_marked,error,gate_count,depth
000,0.494140625,0.505859375,33,17
001,0.517578125,0.482421875,31,15
010,0.525390625,0.474609375,31,17
011,0.51171875,0.48828125,29,15
