state,p_marked,error,gate_count,depth
000,0.123046875,0.876953125,50,26
001,0.158203125,0.841796875,44,20
010,0.123046875,0.876953125,44,26
011,0.119140625,0.880859375,38,20
