state,p_marked,error,gate_count,depth
000,0.134765625,0.865234375,60,32
001,0.111328125,0.888671875,52,24
010,0.111328125,0.888671875,52,32
011,0.12890625,0.87109375,44,24
