state,p_marked,error,gate_count,depth
000,0.498046875,0.501953125,33,17
001,0.103515625,0.896484375,31,15
010,0.111328125,0.888671875,31,17
011,0.5,0.5,29,15
