state,p_marked,error,gate_count,depth
000,0.125,0.875,32,15
001,0.14453125,0.85546875,30,13
010,0.126953125,0.873046875,30,15
011,0.134765625,0.865234375,28,13
