state,p_marked,error,gate_count,depth
000,0.51953125,0.48046875,33,16
001,0.458984375,0.541015625,31,14
010,0.5078125,0.4921875,31,16
011,0.509765625,0.490234375,29,14
