state,p_marked,error,gate_count,depth
000,0.572265625,0.427734375,51,26
001,0.578125,0.421875,45,20
010,0.54296875,0.45703125,45,26
011,0.537109375,0.462890625,39,20
