state,p_marked,error,gate_count,depth
000,0.267578125,0.732421875,41,21
001,0.2578125,0.7421875,37,17
010,0.228515625,0.771484375,37,21
011,0.2734375,0.7265625,33,17
