state,p_marked,error,gate_count,depth
000,0.00390625,0.99609375,41,21
001,0.0,1.0,37,17
010,0.001953125,0.998046875,37,21
011,0.001953125,0.998046875,33,17
