state,p_marked,error,gate_count,depth
000,0.11328125,0.88671875,33,17
001,0.1328125,0.8671875,31,15
010,0.109375,0.890625,31,17
011,0.125,0.875,29,15
