state,p_marked,error,gate_count,depth
000,0.044921875,0.955078125,34,17
001,0.080078125,0.919921875,32,15
010,0.0546875,0.9453125,32,17
011,0.068359375,0.931640625,30,15
