state,p_marked,error,gate_count,depth
000,0.22265625,0.77734375,41,22
001,0.037109375,0.962890625,39,21
010,0.2265625,0.7734375,39,22
011,0.029296875,0.970703125,37,20
