state,p_marked,error,gate_count,depth
000,0.126953125,0.873046875,67,35
001,0.1171875,0.8828125,61,29
010,0.125,0.875,61,35
011,0.150390625,0.849609375,55,29
