state,p_marked,error,gate_count,depth
000,0.611328125,0.388671875,33,16
001,0.556640625,0.443359375,31,14
010,0.599609375,0.400390625,31,16
011,0.55078125,0.44921875,29,14
