state,p_marked,error,gate_count,depth
000,0.1171875,0.8828125,51,27
001,0.119140625,0.880859375,41,17
010,0.12109375,0.87890625,41,27
011,0.1484375,0.8515625,31,17
