state,p_marked,error,gate_count,depth
000,0.12109375,0.87890625,42,20
001,0.11328125,0.88671875,42,20
010,0.150390625,0.849609375,42,20
011,0.13671875,0.86328125,42,20
