state,p_marked,error,gate_count,depth
000,0.583984375,0.416015625,33,16
001,0.5390625,0.4609375,31,14
010,0.53515625,0.46484375,31,16
011,0.54296875,0.45703125,29,14
