state,p_marked,error,gate_count,depth
000,0.060546875,0.939453125,58,34
001,0.17578125,0.82421875,56,32
010,0.193359375,0.806640625,56,34
011,0.162109375,0.837890625,54,32
