state,p_marked,error,gate_count,depth
000,0.15234375,0.84765625,51,27
001,0.123046875,0.876953125,49,25
010,0.12109375,0.87890625,49,27
011,0.146484375,0.853515625,47,25
