state,p_marked,error,gate_count,depth
000,0.544921875,0.455078125,41,21
001,0.482421875,0.517578125,37,17
010,0.517578125,0.482421875,37,21
011,0.4921875,0.5078125,33,17
