state,p_marked,error,gate_count,depth
000,0.521484375,0.478515625,33,16
001,0.580078125,0.419921875,31,14
010,0.59765625,0.40234375,31,16
011,0.560546875,0.439453125,29,14
