state,p_marked,error,gate_count,depth
000,0.486328125,0.513671875,34,18
001,0.52734375,0.47265625,32,16
010,0.52734375,0.47265625,32,18
011,0.11328125,0.88671875,30,16
