state,p_marked,error,gate_count,depth
000,0.064453125,0.935546875,125,76
001,0.31640625,0.68359375,123,74
010,0.15625,0.84375,123,76
011,0.02734375,0.97265625,121,74
