state,p_marked,error,gate_count,depth
000,0.150390625,0.849609375,24,12
001,0.146484375,0.853515625,20,8
010,0.123046875,0.876953125,20,12
011,0.10546875,0.89453125,16,8
