state,p_marked,error,gate_count,depth
000,0.1328125,0.8671875,42,22
001,0.126953125,0.873046875,34,14
010,0.119140625,0.880859375,34,22
011,0.111328125,0.888671875,26,14
