state,p_marked,error,gate_count,depth
000,0.59375,0.40625,34,17
001,0.560546875,0.439453125,32,15
010,0.583984375,0.416015625,32,17
011,0.533203125,0.466796875,30,15
