state,p_marked,error,gate_count,depth
000,0.126953125,0.873046875,45,22
001,0.115234375,0.884765625,45,22
010,0.126953125,0.873046875,45,22
011,0.09765625,0.90234375,45,22
