state,p_marked,error,gate_count,depth
000,0.12890625,0.87109375,33,16
001,0.138671875,0.861328125,31,14
010,0.15234375,0.84765625,31,16
011,0.158203125,0.841796875,29,14
