state,p_marked,error,gate_count,depth
000,0.099609375,0.900390625,60,32
001,0.09375,0.90625,48,20
010,0.111328125,0.888671875,48,32
011,0.115234375,0.884765625,36,20
