state,p_marked,error,gate_count,depth
000,0.478515625,0.521484375,41,21
001,0.501953125,0.498046875,37,17
010,0.44921875,0.55078125,37,21
011,0.49609375,0.50390625,33,17
