state,p_marked,error,gate_count,depth
000,0.521484375,0.478515625,34,18
001,0.6171875,0.3828125,32,16
010,0.537109375,0.462890625,32,18
011,0.568359375,0.431640625,30,16
