state,p_marked,error,gate_count,depth
000,0.044921875,0.955078125,33,16
001,0.048828125,0.951171875,31,14
010,0.044921875,0.955078125,31,16
011,0.07421875,0.92578125,29,14
