state,p_marked,error,gate_count,depth
000,0.48828125,0.51171875,34,17
001,0.11328125,0.88671875,32,15
010,0.498046875,0.501953125,32,17
011,0.12109375,0.87890625,30,15
