state,p_marked,error,gate_count,depth
000,0.119140625,0.880859375,32,16
001,0.126953125,0.873046875,30,14
010,0.146484375,0.853515625,30,16
011,0.125,0.875,28,14
