state,p_marked,error,gate_count,depth
000,0.1171875,0.8828125,32,15
001,0.162109375,0.837890625,30,13
010,0.146484375,0.853515625,30,15
011,0.099609375,0.900390625,28,13
