state,p_marked,error,gate_count,depth
000,0.591796875,0.408203125,33,16
001,0.525390625,0.474609375,31,14
010,0.080078125,0.919921875,31,16
011,0.07421875,0.92578125,29,14
