state,p_marked,error,gate_count,depth
000,0.2890625,0.7109375,51,27
001,0.021484375,0.978515625,49,25
010,0.029296875,0.970703125,49,27
011,0.01953125,0.98046875,47,25
