state,p_marked,error,gate_count,depth
000,0.119140625,0.880859375,40,19
001,0.142578125,0.857421875,40,19
010,0.125,0.875,40,19
011,0.134765625,0.865234375,40,19
