state,p_marked,error,gate_count,depth
000,0.255859375,0.744140625,52,27
001,0.291015625,0.708984375,46,22
010,0.259765625,0.740234375,46,27
011,0.240234375,0.759765625,40,22
