state,p_marked,error,gate_count,depth
000,0.119140625,0.880859375,41,20
001,0.15234375,0.84765625,37,16
010,0.126953125,0.873046875,37,20
011,0.123046875,0.876953125,33,16
