state,p_marked,error,gate_count,depth
000,0.13671875,0.86328125,51,27
001,0.130859375,0.869140625,41,17
010,0.130859375,0.869140625,41,27
011,0.11328125,0.88671875,31,17
