state,p_marked,error,gate_count,depth
000,0.0546875,0.9453125,32,15
001,0.060546875,0.939453125,30,13
010,0.0703125,0.9296875,30,15
011,0.072265625,0.927734375,28,13
