state,p_marked,error,gate_count,depth
000,0.5,0.5,33,16
001,0.49609375,0.50390625,31,14
010,0.484375,0.515625,31,16
011,0.49609375,0.50390625,29,14
