state,p_marked,error,gate_count,depth
000,0.119140625,0.880859375,41,20
001,0.130859375,0.869140625,37,16
010,0.130859375,0.869140625,37,20
011,0.130859375,0.869140625,33,16
