state,p_marked,error,gate_count,depth
000,0.509765625,0.490234375,33,16
001,0.568359375,0.431640625,31,14
010,0.576171875,0.423828125,31,16
011,0.59375,0.40625,29,14
