state,p_marked,error,gate_count,depth
000,0.0,1.0,73,38
001,0.126953125,0.873046875,67,32
010,0.0,1.0,67,38
011,0.126953125,0.873046875,61,32
