state,p_marked,error,gate_count,depth
000,0.4921875,0.5078125,34,18
001,0.130859375,0.869140625,32,16
010,0.47265625,0.52734375,32,18
011,0.10546875,0.89453125,30,16
