state,p_marked,error,gate_count,depth
000,0.529296875,0.470703125,32,16
001,0.490234375,0.509765625,30,14
010,0.48828125,0.51171875,30,16
011,0.4921875,0.5078125,28,14
