state,p_marked,error,gate_count,depth
000,0.125,0.875,15,7
001,0.12109375,0.87890625,13,5
010,0.126953125,0.873046875,13,7
011,0.103515625,0.896484375,11,5
