state,p_marked,error,gate_count,depth
000,0.130859375,0.869140625,48,32
001,0.0,1.0,46,30
010,0.09765625,0.90234375,46,32
011,0.0,1.0,44,30
