state,p_marked,error,gate_count,depth
000,0.271484375,0.728515625,41,21
001,0.255859375,0.744140625,37,17
010,0.26953125,0.73046875,37,21
011,0.28515625,0.71484375,33,17
