state,p_marked,error,gate_count,depth
000,0.482421875,0.517578125,41,21
001,0.548828125,0.451171875,37,17
010,0.501953125,0.498046875,37,21
011,0.505859375,0.494140625,33,17
