state,p_marked,error,gate_count,depth
000,0.580078125,0.419921875,34,17
001,0.5546875,0.4453125,32,15
010,0.587890625,0.412109375,32,17
011,0.0625,0.9375,30,15
