state,p_marked,error,gate_count,depth
000,0.0390625,0.9609375,32,16
001,0.072265625,0.927734375,30,14
010,0.052734375,0.947265625,30,16
011,0.052734375,0.947265625,28,14
