state,p_marked,error,gate_count,depth
000,0.009765625,0.990234375,34,18
001,0.15625,0.84375,32,16
010,0.0234375,0.9765625,32,18
011,0.181640625,0.818359375,30,16
