state,p_marked,error,gate_count,depth
000,0.02734375,0.97265625,50,25
001,0.02734375,0.97265625,48,23
010,0.01953125,0.98046875,48,25
011,0.251953125,0.748046875,46,23
