state,p_marked,error,gate_count,depth
000,0.484375,0.515625,33,16
001,0.470703125,0.529296875,31,14
010,0.494140625,0.505859375,31,16
011,0.52734375,0.47265625,29,14
