state,p_marked,error,gate_count,depth
000,0.09765625,0.90234375,32,15
001,0.14453125,0.85546875,30,13
010,0.109375,0.890625,30,15
011,0.107421875,0.892578125,28,13
