state,p_marked,error,gate_count,depth
000,0.529296875,0.470703125,33,16
001,0.498046875,0.501953125,31,14
010,0.49609375,0.50390625,31,16
011,0.482421875,0.517578125,29,14
