state,p_marked,error,gate_count,depth
000,0.06640625,0.93359375,81,52
001,0.12890625,0.87109375,79,50
010,0.138671875,0.861328125,79,52
011,0.021484375,0.978515625,77,50
