state,p_marked,error,gate_count,depth
000,0.078125,0.921875,33,16
001,0.048828125,0.951171875,31,14
010,0.078125,0.921875,31,16
011,0.068359375,0.931640625,29,14
