state,p_marked,error,gate_count,depth
000,0.490234375,0.509765625,43,23
001,0.44921875,0.55078125,39,19
010,0.52734375,0.47265625,39,23
011,0.548828125,0.451171875,35,19
