state,p_marked,error,gate_count,depth
000,0.12109375,0.87890625,42,20
001,0.158203125,0.841796875,42,20
010,0.1328125,0.8671875,42,20
011,0.123046875,0.876953125,42,20
