state,p_marked,error,gate_count,depth
000,0.62890625,0.37109375,69,36
001,0.607421875,0.392578125,59,26
010,0.302734375,0.697265625,59,36
011,0.380859375,0.619140625,49,26
