state,p_marked,error,gate_count,depth
000,0.5546875,0.4453125,34,18
001,0.5546875,0.4453125,32,16
010,0.59765625,0.40234375,32,18
011,0.5625,0.4375,30,16
