state,p_marked,error,gate_count,depth
000,0.287109375,0.712890625,33,17
001,0.236328125,0.763671875,31,15
010,0.251953125,0.748046875,31,17
011,0.21484375,0.78515625,29,15
