state,p_marked,error,gate_count,depth
000,0.1328125,0.8671875,51,27
001,0.1328125,0.8671875,41,17
010,0.134765625,0.865234375,41,27
011,0.109375,0.890625,31,17
