state,p_marked,error,gate_count,depth
000,0.10546875,0.89453125,51,27
001,0.11328125,0.88671875,41,17
010,0.150390625,0.849609375,41,27
011,0.150390625,0.849609375,31,17
