state,p_marked,error,gate_count,depth
000,0.115234375,0.884765625,32,16
001,0.111328125,0.888671875,30,14
010,0.154296875,0.845703125,30,16
011,0.12109375,0.87890625,28,14
