state,p_marked,error,gate_count,depth
000,0.1328125,0.8671875,33,17
001,0.11328125,0.88671875,27,11
010,0.14453125,0.85546875,27,17
011,0.1484375,0.8515625,21,11
