state,p_marked,error,gate_count,depth
000,0.123046875,0.876953125,25,12
001,0.134765625,0.865234375,25,12
010,0.09375,0.90625,25,12
011,0.11328125,0.88671875,25,12
