state,p_marked,error,gate_count,depth
000,0.56640625,0.43359375,82,41
001,0.060546875,0.939453125,78,38
010,0.06640625,0.93359375,78,41
011,0.0546875,0.9453125,74,37
