state,p_marked,error,gate_count,depth
000,0.06640625,0.93359375,33,15
001,0.0625,0.9375,31,13
010,0.083984375,0.916015625,31,15
011,0.056640625,0.943359375,29,13
