state,p_marked,error,gate_count,depth
000,0.548828125,0.451171875,34,16
001,0.52734375,0.47265625,32,14
010,0.525390625,0.474609375,32,16
011,0.46484375,0.53515625,30,14
