state,p_marked,error,gate_count,depth
000,0.09765625,0.90234375,24,12
001,0.134765625,0.865234375,20,8
010,0.12890625,0.87109375,20,12
011,0.111328125,0.888671875,16,8
