state,p_marked,error,gate_count,depth
000,0.25390625,0.74609375,50,25
001,0.2265625,0.7734375,48,23
010,0.220703125,0.779296875,48,25
011,0.267578125,0.732421875,46,23
