state,p_marked,error,gate_count,depth
000,0.521484375,0.478515625,32,16
001,0.505859375,0.494140625,30,14
010,0.498046875,0.501953125,30,16
011,0.529296875,0.470703125,28,14
