state,p_marked,error,gate_count,depth
000,0.505859375,0.494140625,32,16
001,0.45703125,0.54296875,30,14
010,0.51171875,0.48828125,30,16
011,0.49609375,0.50390625,28,14
