state,p_marked,error,gate_count,depth
000,0.12109375,0.87890625,24,12
001,0.134765625,0.865234375,20,8
010,0.1015625,0.8984375,20,12
011,0.103515625,0.896484375,16,8
