state,p_marked,error,gate_count,depth
000,0.599609375,0.400390625,33,16
001,0.541015625,0.458984375,31,14
010,0.6171875,0.3828125,31,16
011,0.56640625,0.43359375,29,14
