state,p_marked,error,gate_count,depth
000,0.146484375,0.853515625,35,19
001,0.1328125,0.8671875,33,17
010,0.154296875,0.845703125,33,19
011,0.109375,0.890625,31,17
