state,p_marked,error,gate_count,depth
000,0.123046875,0.876953125,42,22
001,0.107421875,0.892578125,34,14
010,0.10546875,0.89453125,34,22
011,0.115234375,0.884765625,26,14
