state,p_marked,error,gate_count,depth
000,0.1328125,0.8671875,32,15
001,0.134765625,0.865234375,30,13
010,0.125,0.875,30,15
011,0.130859375,0.869140625,28,13
