state,p_marked,error,gate_count,depth
000,0.033203125,0.966796875,73,38
001,0.306640625,0.693359375,71,36
010,0.041015625,0.958984375,71,38
011,0.04296875,0.95703125,69,36
