state,p_marked,error,gate_count,depth
000,0.134765625,0.865234375,32,15
001,0.16015625,0.83984375,30,13
010,0.15625,0.84375,30,15
011,0.111328125,0.888671875,28,13
