state,p_marked,error,gate_count,depth
000,0.54296875,0.45703125,51,26
001,0.572265625,0.427734375,45,20
010,0.59375,0.40625,45,26
011,0.560546875,0.439453125,39,20
