state,p_marked,error,gate_count,depth
000,0.486328125,0.513671875,41,21
001,0.439453125,0.560546875,37,17
010,0.533203125,0.466796875,37,21
011,0.46875,0.53125,33,17
