state,p_marked,error,gate_count,depth
000,0.47265625,0.52734375,41,21
001,0.529296875,0.470703125,37,17
010,0.48828125,0.51171875,37,21
011,0.490234375,0.509765625,33,17
