state,p_marked,error,gate_count,depth
000,0.1328125,0.8671875,51,27
001,0.095703125,0.904296875,41,17
010,0.12109375,0.87890625,41,27
011,0.119140625,0.880859375,31,17
