state,p_marked,error,gate_count,depth
000,0.13671875,0.86328125,48,24
001,0.126953125,0.873046875,44,20
010,0.09765625,0.90234375,44,24
011,0.109375,0.890625,40,20
