state,p_marked,error,gate_count,depth
000,0.25390625,0.74609375,60,31
001,0.26171875,0.73828125,56,28
010,0.240234375,0.759765625,56,31
011,0.23046875,0.76953125,52,28
