state,p_marked,error,gate_count,depth
000,0.146484375,0.853515625,60,32
001,0.140625,0.859375,48,20
010,0.126953125,0.873046875,48,32
011,0.099609375,0.900390625,36,20
