state,p_marked,error,gate_count,depth
000,0.13671875,0.86328125,69,37
001,0.130859375,0.869140625,55,23
010,0.14453125,0.85546875,55,37
011,0.130859375,0.869140625,41,23
