state,p_marked,error,gate_count,depth
000,0.138671875,0.861328125,33,16
001,0.126953125,0.873046875,31,14
010,0.115234375,0.884765625,31,16
011,0.09375,0.90625,29,14
