state,p_marked,error,gate_count,depth
000,0.525390625,0.474609375,42,21
001,0.56640625,0.43359375,38,17
010,0.58203125,0.41796875,38,21
011,0.52734375,0.47265625,34,17
