state,p_marked,error,gate_count,depth
000,0.125,0.875,60,32
001,0.103515625,0.896484375,48,20
010,0.115234375,0.884765625,48,32
011,0.123046875,0.876953125,36,20
