state,p_marked,error,gate_count,depth
000,0.583984375,0.416015625,33,16
001,0.55859375,0.44140625,31,14
010,0.5234375,0.4765625,31,16
011,0.595703125,0.404296875,29,14
