state,p_marked,error,gate_count,depth
000,0.119140625,0.880859375,41,21
001,0.111328125,0.888671875,37,17
010,0.138671875,0.861328125,37,21
011,0.138671875,0.861328125,33,17
