state,p_marked,error,gate_count,depth
000,0.33203125,0.66796875,49,33
001,0.0546875,0.9453125,49,33
010,0.119140625,0.880859375,49,33
011,0.08984375,0.91015625,49,33
