state,p_marked,error,gate_count,depth
000,0.0234375,0.9765625,65,33
001,0.30859375,0.69140625,61,29
010,0.05859375,0.94140625,61,33
011,0.02734375,0.97265625,57,29
