state,p_marked,error,gate_count,depth
000,0.126953125,0.873046875,50,26
001,0.134765625,0.865234375,44,20
010,0.14453125,0.85546875,44,26
011,0.125,0.875,38,20
