state,p_marked,error,gate_count,depth
000,0.572265625,0.427734375,33,16
001,0.5703125,0.4296875,31,14
010,0.544921875,0.455078125,31,16
011,0.548828125,0.451171875,29,14
