state,p_marked,error,gate_count,depth
000,0.2578125,0.7421875,54,34
001,0.0,1.0,54,34
010,0.0,1.0,54,34
011,0.4453125,0.5546875,54,34
