state,p_marked,error,gate_count,depth
000,0.134765625,0.865234375,32,15
001,0.08984375,0.91015625,30,13
010,0.11328125,0.88671875,30,15
011,0.16015625,0.83984375,28,13
