state,p_marked,error,gate_count,depth
000,0.125,0.875,33,17
001,0.111328125,0.888671875,27,11
010,0.134765625,0.865234375,27,17
011,0.11328125,0.88671875,21,11
