state,p_marked,error,gate_count,depth
000,0.119140625,0.880859375,50,26
001,0.10546875,0.89453125,44,20
010,0.12109375,0.87890625,44,26
011,0.119140625,0.880859375,38,20
