state,p_marked,error,gate_count,depth
000,0.578125,0.421875,34,17
001,0.583984375,0.416015625,32,15
010,0.5703125,0.4296875,32,17
011,0.56640625,0.43359375,30,15
