state,p_marked,error,gate_count,depth
000,0.4765625,0.5234375,34,18
001,0.486328125,0.513671875,32,16
010,0.517578125,0.482421875,32,18
011,0.5390625,0.4609375,30,16
