state,p_marked,error,gate_count,depth
000,0.04296875,0.95703125,32,16
001,0.064453125,0.935546875,30,14
010,0.076171875,0.923828125,30,16
011,0.068359375,0.931640625,28,14
