state,p_marked,error,gate_count,depth
000,0.271484375,0.728515625,33,17
001,0.244140625,0.755859375,31,15
010,0.263671875,0.736328125,31,17
011,0.2734375,0.7265625,29,15
