state,p_marked,error,gate_count,depth
000,0.10546875,0.89453125,63,33
001,0.236328125,0.763671875,59,29
010,0.263671875,0.736328125,59,33
011,0.146484375,0.853515625,55,29
