state,p_marked,error,gate_count,depth
000,0.123046875,0.876953125,115,63
001,0.134765625,0.865234375,105,53
010,0.119140625,0.880859375,105,63
011,0.474609375,0.525390625,95,53
