state,p_marked,error,gate_count,depth
000,0.123046875,0.876953125,32,15
001,0.103515625,0.896484375,30,13
010,0.146484375,0.853515625,30,15
011,0.125,0.875,28,13
