state,p_marked,error,gate_count,depth
000,0.5234375,0.4765625,34,17
001,0.560546875,0.439453125,32,15
010,0.052734375,0.947265625,32,17
011,0.083984375,0.916015625,30,15
