state,p_marked,error,gate_count,depth
000,0.1953125,0.8046875,60,31
001,0.14453125,0.85546875,56,27
010,0.0859375,0.9140625,56,31
011,0.064453125,0.935546875,52,27
