state,p_marked,error,gate_count,depth
000,0.482421875,0.517578125,41,21
001,0.5078125,0.4921875,37,17
010,0.46484375,0.53515625,37,21
011,0.4609375,0.5390625,33,17
