state,p_marked,error,gate_count,depth
000,0.08984375,0.91015625,50,33
001,0.232421875,0.767578125,50,33
010,0.103515625,0.896484375,50,33
011,0.025390625,0.974609375,50,33
