state,p_marked,error,gate_count,depth
000,0.140625,0.859375,45,23
001,0.119140625,0.880859375,45,23
010,0.119140625,0.880859375,45,23
011,0.134765625,0.865234375,45,23
