state,p_marked,error,gate_count,depth
000,0.134765625,0.865234375,24,10
001,0.10546875,0.89453125,24,10
010,0.111328125,0.888671875,24,10
011,0.103515625,0.896484375,24,10
