state,p_marked,error,gate_count,depth
000,0.130859375,0.869140625,32,15
001,0.12890625,0.87109375,30,13
010,0.14453125,0.85546875,30,15
011,0.134765625,0.865234375,28,13
