state,p_marked,error,gate_count,depth
000,0.568359375,0.431640625,33,16
001,0.580078125,0.419921875,31,14
010,0.576171875,0.423828125,31,16
011,0.53515625,0.46484375,29,14
