state,p_marked,error,gate_count,depth
000,0.107421875,0.892578125,15,7
001,0.09765625,0.90234375,13,5
010,0.109375,0.890625,13,7
011,0.125,0.875,11,5
