state,p_marked,error,gate_count,depth
000,0.423828125,0.576171875,84,54
001,0.0,1.0,80,50
010,0.431640625,0.568359375,80,54
011,0.0,1.0,76,50
