state,p_marked,error,gate_count,depth
000,0.10546875,0.89453125,42,22
001,0.138671875,0.861328125,34,14
010,0.123046875,0.876953125,34,22
011,0.115234375,0.884765625,26,14
