state,p_marked,error,gate_count,depth
000,0.095703125,0.904296875,33,16
001,0.146484375,0.853515625,31,14
010,0.12890625,0.87109375,31,16
011,0.109375,0.890625,29,14
