state,p_marked,error,gate_count,depth
000,0.021484375,0.978515625,41,23
001,0.197265625,0.802734375,39,21
010,0.134765625,0.865234375,39,23
011,0.13671875,0.86328125,37,21
