state,p_marked,error,gate_count,depth
000,0.12890625,0.87109375,41,19
001,0.109375,0.890625,41,19
010,0.126953125,0.873046875,41,19
011,0.1328125,0.8671875,41,19
