state,p_marked,error,gate_count,depth
000,0.529296875,0.470703125,42,22
001,0.4921875,0.5078125,38,18
010,0.4609375,0.5390625,38,22
011,0.486328125,0.513671875,34,18
