state,p_marked,error,gate_count,depth
000,0.1171875,0.8828125,64,33
001,0.119140625,0.880859375,60,30
010,0.115234375,0.884765625,60,33
011,0.123046875,0.876953125,56,30
