state,p_marked,error,gate_count,depth
000,0.099609375,0.900390625,42,22
001,0.08984375,0.91015625,38,18
010,0.115234375,0.884765625,38,22
011,0.1171875,0.8828125,34,18
