state,p_marked,error,gate_count,depth
000,0.048828125,0.951171875,33,17
001,0.0625,0.9375,31,15
010,0.06640625,0.93359375,31,17
011,0.06640625,0.93359375,29,15
