state,p_marked,error,gate_count,depth
000,0.041015625,0.958984375,50,26
001,0.048828125,0.951171875,44,20
010,0.05078125,0.94921875,44,26
011,0.05078125,0.94921875,38,20
