state,p_marked,error,gate_count,depth
000,0.5546875,0.4453125,51,26
001,0.587890625,0.412109375,45,20
010,0.55078125,0.44921875,45,26
011,0.55859375,0.44140625,39,20
