state,p_marked,error,gate_count,depth
000,0.5859375,0.4140625,60,31
001,0.568359375,0.431640625,52,23
010,0.5703125,0.4296875,52,31
011,0.564453125,0.435546875,44,23
