state,p_marked,error,gate_count,depth
000,0.10546875,0.89453125,58,30
001,0.13671875,0.86328125,54,26
010,0.123046875,0.876953125,54,30
011,0.142578125,0.857421875,50,26
