state,p_marked,error,gate_count,depth
000,0.197265625,0.802734375,50,28
001,0.04296875,0.95703125,46,24
010,0.212890625,0.787109375,46,28
011,0.025390625,0.974609375,42,24
