state,p_marked,error,gate_count,depth
000,0.455078125,0.544921875,41,21
001,0.482421875,0.517578125,37,17
010,0.49609375,0.50390625,37,21
011,0.51171875,0.48828125,33,17
