state,p_marked,error,gate_count,depth
000,0.12890625,0.87109375,51,27
001,0.1328125,0.8671875,41,17
010,0.1171875,0.8828125,41,27
011,0.142578125,0.857421875,31,17
