state,p_marked,error,gate_count,depth
000,0.06640625,0.93359375,54,29
001,0.06640625,0.93359375,52,27
010,0.078125,0.921875,52,29
011,0.07421875,0.92578125,50,27
