state,p_marked,error,gate_count,depth
000,0.11328125,0.88671875,24,12
001,0.1015625,0.8984375,20,8
010,0.123046875,0.876953125,20,12
011,0.095703125,0.904296875,16,8
