state,p_marked,error,gate_count,depth
000,0.02734375,0.97265625,54,28
001,0.2734375,0.7265625,52,26
010,0.291015625,0.708984375,52,28
011,0.029296875,0.970703125,50,26
