state,p_marked,error,gate_count,depth
000,0.125,0.875,23,10
001,0.119140625,0.880859375,23,10
010,0.138671875,0.861328125,23,10
011,0.111328125,0.888671875,23,10
