state,p_marked,error,gate_count,depth
000,0.6015625,0.3984375,33,16
001,0.541015625,0.458984375,31,14
010,0.53515625,0.46484375,31,16
011,0.55078125,0.44921875,29,14
