state,p_marked,error,gate_count,depth
000,0.140625,0.859375,33,17
001,0.1015625,0.8984375,27,11
010,0.08984375,0.91015625,27,17
011,0.130859375,0.869140625,21,11
