state,p_marked,error,gate_count,depth
000,0.5,0.5,50,26
001,0.537109375,0.462890625,44,20
010,0.490234375,0.509765625,44,26
011,0.46484375,0.53515625,38,20
