state,p_marked,error,gate_count,depth
000,0.0546875,0.9453125,35,18
001,0.046875,0.953125,33,16
010,0.068359375,0.931640625,33,18
011,0.083984375,0.916015625,31,16
