state,p_marked,error,gate_count,depth
000,0.146484375,0.853515625,38,21
001,0.10546875,0.89453125,38,21
010,0.126953125,0.873046875,38,21
011,0.115234375,0.884765625,38,21
