state,p_marked,error,gate_count,depth
000,0.59765625,0.40234375,42,21
001,0.57421875,0.42578125,38,17
010,0.564453125,0.435546875,38,21
011,0.556640625,0.443359375,34,17
