state,p_marked,error,gate_count,depth
000,0.07421875,0.92578125,33,16
001,0.05078125,0.94921875,31,14
010,0.0859375,0.9140625,31,16
011,0.07421875,0.92578125,29,14
