state,p_marked,error,gate_count,depth
000,0.11328125,0.88671875,49,24
001,0.130859375,0.869140625,47,22
010,0.103515625,0.896484375,47,24
011,0.130859375,0.869140625,45,22
