state,p_marked,error,gate_count,depth
000,0.0,1.0,49,24
001,0.0,1.0,47,22
010,0.466796875,0.533203125,47,24
011,0.498046875,0.501953125,45,22
