state,p_marked,error,gate_count,depth
000,0.46875,0.53125,41,21
001,0.49609375,0.50390625,37,17
010,0.46484375,0.53515625,37,21
011,0.50390625,0.49609375,33,17
