state,p_marked,error,gate_count,depth
000,0.0,1.0,38,20
001,0.146484375,0.853515625,36,18
010,0.13671875,0.86328125,36,20
011,0.0,1.0,34,18
