state,p_marked,error,gate_count,depth
000,0.484375,0.515625,51,27
001,0.4765625,0.5234375,45,21
010,0.490234375,0.509765625,45,27
011,0.115234375,0.884765625,39,21
