state,p_marked,error,gate_count,depth
000,0.0,1.0,64,34
001,0.111328125,0.888671875,56,26
010,0.107421875,0.892578125,56,34
011,0.0,1.0,48,26
