state,p_marked,error,gate_count,depth
000,0.017578125,0.982421875,32,16
001,0.00390625,0.99609375,30,14
010,0.015625,0.984375,30,16
011,0.015625,0.984375,28,14
