state,p_marked,error,gate_count,depth
000,0.099609375,0.900390625,149,98
001,0.09375,0.90625,145,94
010,0.123046875,0.876953125,145,98
011,0.228515625,0.771484375,141,94
