state,p_marked,error,gate_count,depth
000,0.48828125,0.51171875,34,17
001,0.45703125,0.54296875,32,15
010,0.4609375,0.5390625,32,17
011,0.486328125,0.513671875,30,15
