state,p_marked,error,gate_count,depth
000,0.47265625,0.52734375,32,16
001,0.5390625,0.4609375,30,14
010,0.53125,0.46875,30,16
011,0.49609375,0.50390625,28,14
