state,p_marked,error,gate_count,depth
000,0.291015625,0.708984375,33,17
001,0.2265625,0.7734375,31,15
010,0.25,0.75,31,17
011,0.23828125,0.76171875,29,15
