state,p_marked,error,gate_count,depth
000,0.11328125,0.88671875,34,16
001,0.11328125,0.88671875,32,14
010,0.099609375,0.900390625,32,16
011,0.115234375,0.884765625,30,14
