state,p_marked,error,gate_count,depth
000,0.5234375,0.4765625,42,22
001,0.486328125,0.513671875,38,18
010,0.48046875,0.51953125,38,22
011,0.50390625,0.49609375,34,18
