state,p_marked,error,gate_count,depth
000,0.109375,0.890625,32,15
001,0.119140625,0.880859375,30,13
010,0.115234375,0.884765625,30,15
011,0.14453125,0.85546875,28,13
