state,p_marked,error,gate_count,depth
000,0.138671875,0.861328125,59,30
001,0.12890625,0.87109375,55,26
010,0.119140625,0.880859375,55,30
011,0.107421875,0.892578125,51,26
