state,p_marked,error,gate_count,depth
000,0.490234375,0.509765625,71,36
001,0.12890625,0.87109375,69,34
010,0.1171875,0.8828125,69,36
011,0.45703125,0.54296875,67,34
