state,p_marked,error,gate_count,depth
000,0.12109375,0.87890625,32,15
001,0.09375,0.90625,30,13
010,0.119140625,0.880859375,30,15
011,0.142578125,0.857421875,28,13
