state,p_marked,error,gate_count,depth
000,0.224609375,0.775390625,77,51
001,0.125,0.875,73,47
010,0.03515625,0.96484375,73,51
011,0.091796875,0.908203125,69,47
