state,p_marked,error,gate_count,depth
000,0.498046875,0.501953125,33,17
001,0.490234375,0.509765625,31,15
010,0.482421875,0.517578125,31,17
011,0.525390625,0.474609375,29,15
