state,p_marked,error,gate_count,depth
000,0.076171875,0.923828125,160,110
001,0.015625,0.984375,158,108
010,0.35546875,0.64453125,158,110
011,0.033203125,0.966796875,156,108
