state,p_marked,error,gate_count,depth
000,0.140625,0.859375,51,27
001,0.146484375,0.853515625,41,17
010,0.119140625,0.880859375,41,27
011,0.13671875,0.86328125,31,17
