state,p_marked,error,gate_count,depth
000,0.130859375,0.869140625,24,12
001,0.142578125,0.857421875,20,8
010,0.119140625,0.880859375,20,12
011,0.12109375,0.87890625,16,8
