state,p_marked,error,gate_count,depth
000,0.294921875,0.705078125,85,44
001,0.1875,0.8125,79,38
010,0.265625,0.734375,79,44
011,0.2421875,0.7578125,73,38
