state,p_marked,error,gate_count,depth
000,0.0,1.0,33,16
001,0.11328125,0.88671875,31,14
010,0.0,1.0,31,16
011,0.1484375,0.8515625,29,14
