state,p_marked,error,gate_count,depth
000,0.267578125,0.732421875,32,16
001,0.265625,0.734375,30,14
010,0.25,0.75,30,16
011,0.224609375,0.775390625,28,14
