state,p_marked,error,gate_count,depth
000,0.123046875,0.876953125,60,32
001,0.123046875,0.876953125,48,20
010,0.130859375,0.869140625,48,32
011,0.12890625,0.87109375,36,20
