state,p_marked,error,gate_count,depth
000,0.130859375,0.869140625,15,7
001,0.12109375,0.87890625,13,5
010,0.125,0.875,13,7
011,0.150390625,0.849609375,11,5
