state,p_marked,error,gate_count,depth
000,0.12890625,0.87109375,33,17
001,0.15234375,0.84765625,27,11
010,0.12109375,0.87890625,27,17
011,0.130859375,0.869140625,21,11
