state,p_marked,error,gate_count,depth
000,0.126953125,0.873046875,32,16
001,0.125,0.875,30,14
010,0.142578125,0.857421875,30,16
011,0.138671875,0.861328125,28,14
