state,p_marked,error,gate_count,depth
000,0.51171875,0.48828125,33,16
001,0.583984375,0.416015625,31,14
010,0.505859375,0.494140625,31,16
011,0.58984375,0.41015625,29,14
