state,p_marked,error,gate_count,depth
000,0.0,1.0,51,26
001,0.0625,0.9375,49,24
010,0.0,1.0,49,26
011,0.068359375,0.931640625,47,24
