state,p_marked,error,gate_count,depth
000,0.466796875,0.533203125,33,17
001,0.521484375,0.478515625,31,15
010,0.515625,0.484375,31,17
011,0.505859375,0.494140625,29,15
