state,p_marked,error,gate_count,depth
000,0.103515625,0.896484375,34,15
001,0.1015625,0.8984375,32,13
010,0.11328125,0.88671875,32,15
011,0.1171875,0.8828125,30,13
