state,p_marked,error,gate_count,depth
000,0.12890625,0.87109375,86,44
001,0.12109375,0.87890625,80,38
010,0.02734375,0.97265625,80,44
011,0.00390625,0.99609375,74,38
