state,p_marked,error,gate_count,depth
000,0.505859375,0.494140625,33,17
001,0.51171875,0.48828125,31,15
010,0.529296875,0.470703125,31,17
011,0.123046875,0.876953125,29,15
