state,p_marked,error,gate_count,depth
000,0.572265625,0.427734375,51,26
001,0.5546875,0.4453125,45,20
010,0.556640625,0.443359375,45,26
011,0.587890625,0.412109375,39,20
