state,p_marked,error,gate_count,depth
000,0.5859375,0.4140625,69,36
001,0.548828125,0.451171875,59,26
010,0.5234375,0.4765625,59,36
011,0.580078125,0.419921875,49,26
