state,p_marked,error,gate_count,depth
000,0.1484375,0.8515625,49,24
001,0.09765625,0.90234375,47,22
010,0.126953125,0.873046875,47,24
011,0.12109375,0.87890625,45,22
