state,p_marked,error,gate_count,depth
000,0.142578125,0.857421875,55,27
001,0.138671875,0.861328125,53,25
010,0.130859375,0.869140625,53,27
011,0.123046875,0.876953125,51,25
