state,p_marked,error,gate_count,depth
000,0.5390625,0.4609375,41,21
001,0.529296875,0.470703125,37,17
010,0.490234375,0.509765625,37,21
011,0.53515625,0.46484375,33,17
