state,p_marked,error,gate_count,depth
000,0.2578125,0.7421875,34,18
001,0.259765625,0.740234375,32,16
010,0.236328125,0.763671875,32,18
011,0.27734375,0.72265625,30,16
