state,p_marked,error,gate_count,depth
000,0.1171875,0.8828125,24,12
001,0.15234375,0.84765625,20,8
010,0.140625,0.859375,20,12
011,0.10546875,0.89453125,16,8
