state,p_marked,error,gate_count,depth
000,0.14453125,0.85546875,62,33
001,0.12890625,0.87109375,54,26
010,0.130859375,0.869140625,54,33
011,0.5234375,0.4765625,46,26
