state,p_marked,error,gate_count,depth
000,0.498046875,0.501953125,32,16
001,0.51953125,0.48046875,30,14
010,0.51953125,0.48046875,30,16
011,0.46875,0.53125,28,14
