state,p_marked,error,gate_count,depth
000,0.521484375,0.478515625,42,22
001,0.5,0.5,38,18
010,0.501953125,0.498046875,38,22
011,0.48828125,0.51171875,34,18
