state,p_marked,error,gate_count,depth
000,0.5703125,0.4296875,42,21
001,0.546875,0.453125,38,17
010,0.541015625,0.458984375,38,21
011,0.52734375,0.47265625,34,17
