state,p_marked,error,gate_count,depth
000,0.12890625,0.87109375,42,22
001,0.134765625,0.865234375,34,14
010,0.15234375,0.84765625,34,22
011,0.125,0.875,26,14
