state,p_marked,error,gate_count,depth
000,0.11328125,0.88671875,15,7
001,0.162109375,0.837890625,13,5
010,0.09375,0.90625,13,7
011,0.125,0.875,11,5
