state,p_marked,error,gate_count,depth
000,0.130859375,0.869140625,32,15
001,0.095703125,0.904296875,30,13
010,0.134765625,0.865234375,30,15
011,0.130859375,0.869140625,28,13
