state,p_marked,error,gate_count,depth
000,0.103515625,0.896484375,33,15
001,0.123046875,0.876953125,31,13
010,0.123046875,0.876953125,31,15
011,0.111328125,0.888671875,29,13
