state,p_marked,error,gate_count,depth
000,0.5859375,0.4140625,33,16
001,0.521484375,0.478515625,31,14
010,0.541015625,0.458984375,31,16
011,0.548828125,0.451171875,29,14
