state,p_marked,error,gate_count,depth
000,0.55078125,0.44921875,42,21
001,0.583984375,0.416015625,38,17
010,0.568359375,0.431640625,38,21
011,0.5703125,0.4296875,34,17
