state,p_marked,error,gate_count,depth
000,0.1171875,0.8828125,41,21
001,0.125,0.875,41,21
010,0.173828125,0.826171875,41,21
011,0.1015625,0.8984375,41,21
