state,p_marked,error,gate_count,depth
000,0.5390625,0.4609375,33,16
001,0.59375,0.40625,31,14
010,0.560546875,0.439453125,31,16
011,0.599609375,0.400390625,29,14
