state,p_marked,error,gate_count,depth
000,0.111328125,0.888671875,40,19
001,0.12890625,0.87109375,40,19
010,0.13671875,0.86328125,40,19
011,0.181640625,0.818359375,40,19
