state,p_marked,error,gate_count,depth
000,0.552734375,0.447265625,32,16
001,0.46484375,0.53515625,30,14
010,0.455078125,0.544921875,30,16
011,0.546875,0.453125,28,14
