state,p_marked,error,gate_count,depth
000,0.076171875,0.923828125,33,16
001,0.06640625,0.93359375,31,14
010,0.568359375,0.431640625,31,16
011,0.5546875,0.4453125,29,14
