state,p_marked,error,gate_count,depth
000,0.017578125,0.982421875,42,23
001,0.005859375,0.994140625,40,21
010,0.34375,0.65625,40,23
011,0.02734375,0.97265625,38,21
