state,p_marked,error,gate_count,depth
000,0.107421875,0.892578125,33,17
001,0.12109375,0.87890625,27,11
010,0.126953125,0.873046875,27,17
011,0.091796875,0.908203125,21,11
