state,p_marked,error,gate_count,depth
000,0.546875,0.453125,68,36
001,0.50390625,0.49609375,58,26
010,0.5390625,0.4609375,58,36
011,0.53125,0.46875,48,26
