state,p_marked,error,gate_count,depth
000,0.251953125,0.748046875,41,20
001,0.212890625,0.787109375,41,20
010,0.220703125,0.779296875,41,20
011,0.240234375,0.759765625,41,20
