state,p_marked,error,gate_count,depth
000,0.513671875,0.486328125,41,21
001,0.498046875,0.501953125,37,17
010,0.5859375,0.4140625,37,21
011,0.517578125,0.482421875,33,17
