state,p_marked,error,gate_count,depth
000,0.1171875,0.8828125,41,23
001,0.271484375,0.728515625,39,21
010,0.611328125,0.388671875,39,23
011,0.134765625,0.865234375,37,21
