state,p_marked,error,gate_count,depth
000,0.12890625,0.87109375,15,7
001,0.15234375,0.84765625,13,5
010,0.126953125,0.873046875,13,7
011,0.140625,0.859375,11,5
