state,p_marked,error,gate_count,depth
000,0.544921875,0.455078125,33,16
001,0.546875,0.453125,31,14
010,0.513671875,0.486328125,31,16
011,0.55859375,0.44140625,29,14
