state,p_marked,error,gate_count,depth
000,0.0234375,0.9765625,42,23
001,0.009765625,0.990234375,40,21
010,0.32421875,0.67578125,40,23
011,0.017578125,0.982421875,38,21
