state,p_marked,error,gate_count,depth
000,0.0625,0.9375,34,17
001,0.0625,0.9375,32,15
010,0.078125,0.921875,32,17
011,0.08203125,0.91796875,30,15
