state,p_marked,error,gate_count,depth
000,0.583984375,0.416015625,42,21
001,0.58203125,0.41796875,38,17
010,0.576171875,0.423828125,38,21
011,0.544921875,0.455078125,34,17
