state,p_marked,error,gate_count,depth
000,0.5078125,0.4921875,33,17
001,0.51171875,0.48828125,31,15
010,0.484375,0.515625,31,17
011,0.484375,0.515625,29,15
