state,p_marked,error,gate_count,depth
000,0.1015625,0.8984375,42,22
001,0.11328125,0.88671875,38,18
010,0.1171875,0.8828125,38,22
011,0.103515625,0.896484375,34,18
