state,p_marked,error,gate_count,depth
000,0.0,1.0,74,39
001,0.232421875,0.767578125,74,39
010,0.0,1.0,74,39
011,0.234375,0.765625,74,39
