state,p_marked,error,gate_count,depth
000,0.08984375,0.91015625,15,7
001,0.09375,0.90625,13,5
010,0.12109375,0.87890625,13,7
011,0.123046875,0.876953125,11,5
