state,p_marked,error,gate_count,depth
000,0.0625,0.9375,42,21
001,0.072265625,0.927734375,38,17
010,0.064453125,0.935546875,38,21
011,0.060546875,0.939453125,34,17
