state,p_marked,error,gate_count,depth
000,0.572265625,0.427734375,42,21
001,0.56640625,0.43359375,38,17
010,0.5859375,0.4140625,38,21
011,0.53125,0.46875,34,17
