state,p_marked,error,gate_count,depth
000,0.56640625,0.43359375,33,16
001,0.576171875,0.423828125,31,14
010,0.083984375,0.916015625,31,16
011,0.046875,0.953125,29,14
