state,p_marked,error,gate_count,depth
000,0.11328125,0.88671875,32,15
001,0.107421875,0.892578125,30,13
010,0.12890625,0.87109375,30,15
011,0.12109375,0.87890625,28,13
