state,p_marked,error,gate_count,depth
000,0.486328125,0.513671875,33,17
001,0.46484375,0.53515625,31,15
010,0.46875,0.53125,31,17
011,0.50390625,0.49609375,29,15
