state,p_marked,error,gate_count,depth
000,0.154296875,0.845703125,24,12
001,0.109375,0.890625,20,8
010,0.126953125,0.873046875,20,12
011,0.11328125,0.88671875,16,8
