state,p_marked,error,gate_count,depth
000,0.0703125,0.9296875,34,17
001,0.080078125,0.919921875,32,15
010,0.060546875,0.939453125,32,17
011,0.0625,0.9375,30,15
