state,p_marked,error,gate_count,depth
000,0.521484375,0.478515625,32,16
001,0.5,0.5,30,14
010,0.552734375,0.447265625,30,16
011,0.47265625,0.52734375,28,14
