state,p_marked,error,gate_count,depth
000,0.078125,0.921875,32,15
001,0.09375,0.90625,30,13
010,0.056640625,0.943359375,30,15
011,0.07421875,0.92578125,28,13
