state,p_marked,error,gate_count,depth
000,0.53125,0.46875,33,16
001,0.5078125,0.4921875,31,14
010,0.484375,0.515625,31,16
011,0.4453125,0.5546875,29,14
