state,p_marked,error,gate_count,depth
000,0.55859375,0.44140625,42,21
001,0.587890625,0.412109375,38,17
010,0.5859375,0.4140625,38,21
011,0.560546875,0.439453125,34,17
