state,p_marked,error,gate_count,depth
000,0.1015625,0.8984375,60,31
001,0.095703125,0.904296875,56,27
010,0.126953125,0.873046875,56,31
011,0.123046875,0.876953125,52,27
