state,p_marked,error,gate_count,depth
000,0.0,1.0,55,28
001,0.25390625,0.74609375,53,26
010,0.0,1.0,53,28
011,0.244140625,0.755859375,51,26
