state,p_marked,error,gate_count,depth
000,0.126953125,0.873046875,63,32
001,0.115234375,0.884765625,59,28
010,0.12109375,0.87890625,59,32
011,0.12890625,0.87109375,55,28
