state,p_marked,error,gate_count,depth
000,0.111328125,0.888671875,51,27
001,0.154296875,0.845703125,41,17
010,0.13671875,0.86328125,41,27
011,0.1171875,0.8828125,31,17
