state,p_marked,error,gate_count,depth
000,0.533203125,0.466796875,32,16
001,0.490234375,0.509765625,30,14
010,0.537109375,0.462890625,30,16
011,0.49609375,0.50390625,28,14
