state,p_marked,error,gate_count,depth
000,0.001953125,0.998046875,24,11
001,0.279296875,0.720703125,24,11
010,0.001953125,0.998046875,24,11
011,0.259765625,0.740234375,24,11
