state,p_marked,error,gate_count,depth
000,0.1171875,0.8828125,67,35
001,0.12109375,0.87890625,61,29
010,0.12109375,0.87890625,61,35
011,0.126953125,0.873046875,55,29
