state,p_marked,error,gate_count,depth
000,0.146484375,0.853515625,33,16
001,0.115234375,0.884765625,31,14
010,0.103515625,0.896484375,31,16
011,0.134765625,0.865234375,29,14
