state,p_marked,error,gate_count,depth
000,0.470703125,0.529296875,41,21
001,0.537109375,0.462890625,37,17
010,0.505859375,0.494140625,37,21
011,0.501953125,0.498046875,33,17
