state,p_marked,error,gate_count,depth
000,0.458984375,0.541015625,33,17
001,0.4921875,0.5078125,31,15
010,0.462890625,0.537109375,31,17
011,0.478515625,0.521484375,29,15
