state,p_marked,error,gate_count,depth
000,0.109375,0.890625,41,26
001,0.26171875,0.73828125,41,26
010,0.080078125,0.919921875,41,26
011,0.05078125,0.94921875,41,26
