state,p_marked,error,gate_count,depth
000,0.50390625,0.49609375,32,16
001,0.48828125,0.51171875,30,14
010,0.48828125,0.51171875,30,16
011,0.533203125,0.466796875,28,14
