state,p_marked,error,gate_count,depth
000,0.154296875,0.845703125,163,93
001,0.142578125,0.857421875,161,91
010,0.06640625,0.93359375,161,93
011,0.259765625,0.740234375,159,91
