state,p_marked,error,gate_count,depth
000,0.025390625,0.974609375,43,22
001,0.02734375,0.97265625,39,18
010,0.021484375,0.978515625,39,22
011,0.029296875,0.970703125,35,18
