state,p_marked,error,gate_count,depth
000,0.234375,0.765625,33,17
001,0.259765625,0.740234375,31,15
010,0.24609375,0.75390625,31,17
011,0.23828125,0.76171875,29,15
