state,p_marked,error,gate_count,depth
000,0.224609375,0.775390625,33,17
001,0.236328125,0.763671875,31,15
010,0.251953125,0.748046875,31,17
011,0.23828125,0.76171875,29,15
