state,p_marked,error,gate_count,depth
000,0.263671875,0.736328125,33,16
001,0.2109375,0.7890625,31,14
010,0.19921875,0.80078125,31,16
011,0.251953125,0.748046875,29,14
