state,p_marked,error,gate_count,depth
000,0.1328125,0.8671875,41,20
001,0.1484375,0.8515625,37,16
010,0.1484375,0.8515625,37,20
011,0.142578125,0.857421875,33,16
