state,p_marked,error,gate_count,depth
000,0.240234375,0.759765625,54,29
001,0.2578125,0.7421875,52,27
010,0.0,1.0,52,29
011,0.0,1.0,50,27
