state,p_marked,error,gate_count,depth
000,0.5078125,0.4921875,51,26
001,0.453125,0.546875,45,20
010,0.49609375,0.50390625,45,26
011,0.537109375,0.462890625,39,20
