state,p_marked,error,gate_count,depth
000,0.505859375,0.494140625,33,16
001,0.474609375,0.525390625,31,14
010,0.53125,0.46875,31,16
011,0.5703125,0.4296875,29,14
