state,p_marked,error,gate_count,depth
000,0.236328125,0.763671875,42,22
001,0.275390625,0.724609375,38,18
010,0.2578125,0.7421875,38,22
011,0.240234375,0.759765625,34,18
