state,p_marked,error,gate_count,depth
000,0.05859375,0.94140625,33,17
001,0.076171875,0.923828125,31,15
010,0.05859375,0.94140625,31,17
011,0.046875,0.953125,29,15
