state,p_marked,error,gate_count,depth
000,0.134765625,0.865234375,60,32
001,0.123046875,0.876953125,48,20
010,0.099609375,0.900390625,48,32
011,0.126953125,0.873046875,36,20
