state,p_marked,error,gate_count,depth
000,0.4765625,0.5234375,34,17
001,0.5390625,0.4609375,32,15
010,0.494140625,0.505859375,32,17
011,0.501953125,0.498046875,30,15
