state,p_marked,error,gate_count,depth
000,0.125,0.875,40,19
001,0.103515625,0.896484375,40,19
010,0.13671875,0.86328125,40,19
011,0.13671875,0.86328125,40,19
