state,p_marked,error,gate_count,depth
000,0.12109375,0.87890625,32,15
001,0.115234375,0.884765625,30,13
010,0.123046875,0.876953125,30,15
011,0.103515625,0.896484375,28,13
