state,p_marked,error,gate_count,depth
000,0.24609375,0.75390625,145,77
001,0.236328125,0.763671875,141,73
010,0.271484375,0.728515625,141,77
011,0.533203125,0.466796875,137,73
