state,p_marked,error,gate_count,depth
000,0.59765625,0.40234375,42,21
001,0.5703125,0.4296875,38,17
010,0.556640625,0.443359375,38,21
011,0.587890625,0.412109375,34,17
