state,p_marked,error,gate_count,depth
000,0.1328125,0.8671875,33,16
001,0.10546875,0.89453125,31,14
010,0.12109375,0.87890625,31,16
011,0.12890625,0.87109375,29,14
