state,p_marked,error,gate_count,depth
000,0.5,0.5,33,17
001,0.474609375,0.525390625,31,15
010,0.4453125,0.5546875,31,17
011,0.505859375,0.494140625,29,15
