state,p_marked,error,gate_count,depth
000,0.103515625,0.896484375,41,21
001,0.125,0.875,37,17
010,0.09765625,0.90234375,37,21
011,0.123046875,0.876953125,33,17
