state,p_marked,error,gate_count,depth
000,0.142578125,0.857421875,33,16
001,0.150390625,0.849609375,31,14
010,0.134765625,0.865234375,31,16
011,0.103515625,0.896484375,29,14
