state,p_marked,error,gate_count,depth
000,0.56640625,0.43359375,32,16
001,0.515625,0.484375,30,14
010,0.525390625,0.474609375,30,16
011,0.51171875,0.48828125,28,14
