state,p_marked,error,gate_count,depth
000,0.576171875,0.423828125,33,16
001,0.56640625,0.43359375,31,14
010,0.05078125,0.94921875,31,16
011,0.044921875,0.955078125,29,14
