state,p_marked,error,gate_count,depth
000,0.490234375,0.509765625,33,16
001,0.125,0.875,31,14
010,0.490234375,0.509765625,31,16
011,0.107421875,0.892578125,29,14
