state,p_marked,error,gate_count,depth
000,0.126953125,0.873046875,33,15
001,0.123046875,0.876953125,31,13
010,0.115234375,0.884765625,31,15
011,0.1015625,0.8984375,29,13
