state,p_marked,error,gate_count,depth
000,0.123046875,0.876953125,41,21
001,0.1171875,0.8828125,37,17
010,0.1328125,0.8671875,37,21
011,0.115234375,0.884765625,33,17
