state,p_marked,error,gate_count,depth
000,0.5546875,0.4453125,42,21
001,0.525390625,0.474609375,38,17
010,0.56640625,0.43359375,38,21
011,0.580078125,0.419921875,34,17
