state,p_marked,error,gate_count,depth
000,0.482421875,0.517578125,33,17
001,0.544921875,0.455078125,31,15
010,0.5703125,0.4296875,31,17
011,0.505859375,0.494140625,29,15
