state,p_marked,error,gate_count,depth
000,0.109375,0.890625,42,22
001,0.138671875,0.861328125,34,14
010,0.107421875,0.892578125,34,22
011,0.1171875,0.8828125,26,14
