state,p_marked,error,gate_count,depth
000,0.1328125,0.8671875,24,12
001,0.107421875,0.892578125,20,8
010,0.15234375,0.84765625,20,12
011,0.123046875,0.876953125,16,8
