state,p_marked,error,gate_count,depth
000,0.501953125,0.498046875,33,17
001,0.50390625,0.49609375,31,15
010,0.517578125,0.482421875,31,17
011,0.138671875,0.861328125,29,15
