state,p_marked,error,gate_count,depth
000,0.578125,0.421875,42,21
001,0.560546875,0.439453125,38,17
010,0.548828125,0.451171875,38,21
011,0.525390625,0.474609375,34,17
