state,p_marked,error,gate_count,depth
000,0.1171875,0.8828125,24,12
001,0.099609375,0.900390625,20,8
010,0.150390625,0.849609375,20,12
011,0.1015625,0.8984375,16,8
