state,p_marked,error,gate_count,depth
000,0.236328125,0.763671875,32,16
001,0.240234375,0.759765625,30,14
010,0.267578125,0.732421875,30,16
011,0.26171875,0.73828125,28,14
