state,p_marked,error,gate_count,depth
000,0.130859375,0.869140625,42,21
001,0.1171875,0.8828125,42,21
010,0.130859375,0.869140625,42,21
011,0.1171875,0.8828125,42,21
