state,p_marked,error,gate_count,depth
000,0.072265625,0.927734375,33,17
001,0.0546875,0.9453125,31,15
010,0.041015625,0.958984375,31,17
011,0.0703125,0.9296875,29,15
