state,p_marked,error,gate_count,depth
000,0.466796875,0.533203125,49,24
001,0.474609375,0.525390625,47,22
010,0.490234375,0.509765625,47,24
011,0.5234375,0.4765625,45,22
