state,p_marked,error,gate_count,depth
000,0.48828125,0.51171875,34,17
001,0.484375,0.515625,32,15
010,0.4609375,0.5390625,32,17
011,0.099609375,0.900390625,30,15
