state,p_marked,error,gate_count,depth
000,0.12890625,0.87109375,28,14
001,0.130859375,0.869140625,28,14
010,0.1171875,0.8828125,28,14
011,0.115234375,0.884765625,28,14
