state,p_marked,error,gate_count,depth
000,0.10546875,0.89453125,15,7
001,0.154296875,0.845703125,13,5
010,0.115234375,0.884765625,13,7
011,0.140625,0.859375,11,5
