state,p_marked,error,gate_count,depth
000,0.4921875,0.5078125,33,17
001,0.5078125,0.4921875,31,15
010,0.54296875,0.45703125,31,17
011,0.53515625,0.46484375,29,15
