state,p_marked,error,gate_count,depth
000,0.115234375,0.884765625,42,22
001,0.1328125,0.8671875,38,18
010,0.125,0.875,38,22
011,0.1640625,0.8359375,34,18
