state,p_marked,error,gate_count,depth
000,0.298828125,0.701171875,68,34
001,0.263671875,0.736328125,62,29
010,0.28515625,0.71484375,62,34
011,0.271484375,0.728515625,56,29
