state,p_marked,error,gate_count,depth
000,0.142578125,0.857421875,15,7
001,0.08984375,0.91015625,13,5
010,0.103515625,0.896484375,13,7
011,0.10546875,0.89453125,11,5
