state,p_marked,error,gate_count,depth
000,0.12890625,0.87109375,25,12
001,0.15625,0.84375,25,12
010,0.16015625,0.83984375,25,12
011,0.123046875,0.876953125,25,12
