state,p_marked,error,gate_count,depth
000,0.111328125,0.888671875,81,42
001,0.115234375,0.884765625,73,34
010,0.1015625,0.8984375,73,42
011,0.11328125,0.88671875,65,34
