state,p_marked,error,gate_count,depth
000,0.0,1.0,54,28
001,0.107421875,0.892578125,52,26
010,0.08203125,0.91796875,52,28
011,0.0,1.0,50,26
