state,p_marked,error,gate_count,depth
000,0.056640625,0.943359375,34,17
001,0.07421875,0.92578125,32,15
010,0.03515625,0.96484375,32,17
011,0.078125,0.921875,30,15
