state,p_marked,error,gate_count,depth
000,0.47265625,0.52734375,33,16
001,0.14453125,0.85546875,31,14
010,0.521484375,0.478515625,31,16
011,0.11328125,0.88671875,29,14
