state,p_marked,error,gate_count,depth
000,0.0,1.0,49,29
001,0.005859375,0.994140625,47,27
010,0.49609375,0.50390625,47,29
011,0.0,1.0,45,27
