state,p_marked,error,gate_count,depth
000,0.0,1.0,34,16
001,0.0,1.0,32,14
010,0.0,1.0,32,16
011,0.09765625,0.90234375,30,14
