state,p_marked,error,gate_count,depth
000,0.056640625,0.943359375,45,23
001,0.0,1.0,41,19
010,0.080078125,0.919921875,41,23
011,0.0546875,0.9453125,37,19
