state,p_marked,error,gate_count,depth
000,0.59765625,0.40234375,33,16
001,0.56640625,0.43359375,31,14
010,0.548828125,0.451171875,31,16
011,0.55078125,0.44921875,29,14
