state,p_marked,error,gate_count,depth
000,0.552734375,0.447265625,32,16
001,0.53125,0.46875,30,14
010,0.513671875,0.486328125,30,16
011,0.521484375,0.478515625,28,14
