state,p_marked,error,gate_count,depth
000,0.134765625,0.865234375,51,27
001,0.12109375,0.87890625,41,17
010,0.09765625,0.90234375,41,27
011,0.123046875,0.876953125,31,17
