state,p_marked,error,gate_count,depth
000,0.130859375,0.869140625,33,16
001,0.173828125,0.826171875,31,14
010,0.12109375,0.87890625,31,16
011,0.140625,0.859375,29,14
