state,p_marked,error,gate_count,depth
000,0.12109375,0.87890625,40,22
001,0.4453125,0.5546875,38,20
010,0.533203125,0.466796875,38,22
011,0.12890625,0.87109375,36,20
