state,p_marked,error,gate_count,depth
000,0.1171875,0.8828125,34,17
001,0.12890625,0.87109375,32,15
010,0.0,1.0,32,17
011,0.0,1.0,30,15
