state,p_marked,error,gate_count,depth
000,0.1484375,0.8515625,42,22
001,0.142578125,0.857421875,34,14
010,0.126953125,0.873046875,34,22
011,0.123046875,0.876953125,26,14
