state,p_marked,error,gate_count,depth
000,0.12890625,0.87109375,51,27
001,0.103515625,0.896484375,41,17
010,0.1640625,0.8359375,41,27
011,0.140625,0.859375,31,17
