state,p_marked,error,gate_count,depth
000,0.57421875,0.42578125,42,21
001,0.548828125,0.451171875,38,17
010,0.54296875,0.45703125,38,21
011,0.578125,0.421875,34,17
