state,p_marked,error,gate_count,depth
000,0.572265625,0.427734375,34,16
001,0.5859375,0.4140625,32,14
010,0.55859375,0.44140625,32,16
011,0.5625,0.4375,30,14
