state,p_marked,error,gate_count,depth
000,0.57421875,0.42578125,42,21
001,0.587890625,0.412109375,38,17
010,0.572265625,0.427734375,38,21
011,0.603515625,0.396484375,34,17
