state,p_marked,error,gate_count,depth
000,0.1171875,0.8828125,41,21
001,0.125,0.875,41,21
010,0.119140625,0.880859375,41,21
011,0.126953125,0.873046875,41,21
