state,p_marked,error,gate_count,depth
000,0.0,1.0,34,18
001,0.130859375,0.869140625,32,16
010,0.0,1.0,32,18
011,0.140625,0.859375,30,16
