state,p_marked,error,gate_count,depth
000,0.119140625,0.880859375,51,27
001,0.1171875,0.8828125,41,17
010,0.1484375,0.8515625,41,27
011,0.1328125,0.8671875,31,17
