state,p_marked,error,gate_count,depth
000,0.05859375,0.94140625,33,15
001,0.048828125,0.951171875,31,13
010,0.087890625,0.912109375,31,15
011,0.064453125,0.935546875,29,13
