state,p_marked,error,gate_count,depth
000,0.107421875,0.892578125,33,16
001,0.125,0.875,31,14
010,0.1328125,0.8671875,31,16
011,0.09375,0.90625,29,14
