state,p_marked,error,gate_count,depth
000,0.515625,0.484375,41,21
001,0.5078125,0.4921875,37,17
010,0.49609375,0.50390625,37,21
011,0.443359375,0.556640625,33,17
