state,p_marked,error,gate_count,depth
000,0.111328125,0.888671875,60,32
001,0.109375,0.890625,48,20
010,0.109375,0.890625,48,32
011,0.12890625,0.87109375,36,20
