state,p_marked,error,gate_count,depth
000,0.52734375,0.47265625,77,41
001,0.51171875,0.48828125,65,29
010,0.509765625,0.490234375,65,41
011,0.521484375,0.478515625,53,29
