state,p_marked,error,gate_count,depth
000,0.146484375,0.853515625,86,46
001,0.140625,0.859375,76,36
010,0.1171875,0.8828125,76,46
011,0.123046875,0.876953125,66,36
