state,p_marked,error,gate_count,depth
000,0.142578125,0.857421875,50,25
001,0.119140625,0.880859375,48,23
010,0.14453125,0.85546875,48,25
011,0.119140625,0.880859375,46,23
