state,p_marked,error,gate_count,depth
000,0.10546875,0.89453125,33,16
001,0.125,0.875,31,14
010,0.15625,0.84375,31,16
011,0.126953125,0.873046875,29,14
