state,p_marked,error,gate_count,depth
000,0.537109375,0.462890625,33,16
001,0.564453125,0.435546875,31,14
010,0.546875,0.453125,31,16
011,0.5625,0.4375,29,14
