state,p_marked,error,gate_count,depth
000,0.484375,0.515625,33,17
001,0.45703125,0.54296875,31,15
010,0.5,0.5,31,17
011,0.5234375,0.4765625,29,15
