state,p_marked,error,gate_count,depth
000,0.572265625,0.427734375,34,18
001,0.564453125,0.435546875,32,16
010,0.544921875,0.455078125,32,18
011,0.55859375,0.44140625,30,16
