state,p_marked,error,gate_count,depth
000,0.0,1.0,46,25
001,0.0,1.0,42,22
010,0.0,1.0,42,25
011,0.119140625,0.880859375,38,22
