state,p_marked,error,gate_count,depth
000,0.107421875,0.892578125,33,17
001,0.14453125,0.85546875,27,11
010,0.13671875,0.86328125,27,17
011,0.13671875,0.86328125,21,11
