state,p_marked,error,gate_count,depth
000,0.12890625,0.87109375,42,22
001,0.109375,0.890625,34,14
010,0.12890625,0.87109375,34,22
011,0.115234375,0.884765625,26,14
