state,p_marked,error,gate_count,depth
000,0.119140625,0.880859375,32,15
001,0.111328125,0.888671875,30,13
010,0.126953125,0.873046875,30,15
011,0.150390625,0.849609375,28,13
