state,p_marked,error,gate_count,depth
000,0.177734375,0.822265625,39,21
001,0.03125,0.96875,37,20
010,0.220703125,0.779296875,37,21
011,0.041015625,0.958984375,35,19
