state,p_marked,error,gate_count,depth
000,0.2421875,0.7578125,33,17
001,0.23046875,0.76953125,31,15
010,0.251953125,0.748046875,31,17
011,0.234375,0.765625,29,15
