state,p_marked,error,gate_count,depth
000,0.115234375,0.884765625,26,13
001,0.130859375,0.869140625,26,13
010,0.13671875,0.86328125,26,13
011,0.138671875,0.861328125,26,13
