state,p_marked,error,gate_count,depth
000,0.27734375,0.72265625,86,49
001,0.044921875,0.955078125,80,43
010,0.2109375,0.7890625,80,49
011,0.06640625,0.93359375,74,43
