state,p_marked,error,gate_count,depth
000,0.48046875,0.51953125,41,21
001,0.484375,0.515625,37,17
010,0.482421875,0.517578125,37,21
011,0.5,0.5,33,17
