state,p_marked,error,gate_count,depth
000,0.107421875,0.892578125,41,23
001,0.267578125,0.732421875,39,21
010,0.650390625,0.349609375,39,23
011,0.09375,0.90625,37,21
