state,p_marked,error,gate_count,depth
000,0.498046875,0.501953125,32,16
001,0.509765625,0.490234375,30,14
010,0.48046875,0.51953125,30,16
011,0.54296875,0.45703125,28,14
