state,p_marked,error,gate_count,depth
000,0.0703125,0.9296875,69,37
001,0.072265625,0.927734375,59,27
010,0.109375,0.890625,59,37
011,0.078125,0.921875,49,27
