state,p_marked,error,gate_count,depth
000,0.162109375,0.837890625,49,24
001,0.125,0.875,47,22
010,0.125,0.875,47,24
011,0.1328125,0.8671875,45,22
