state,p_marked,error,gate_count,depth
000,0.103515625,0.896484375,69,37
001,0.16796875,0.83203125,55,23
010,0.13671875,0.86328125,55,37
011,0.109375,0.890625,41,23
