state,p_marked,error,gate_count,depth
000,0.4921875,0.5078125,32,16
001,0.447265625,0.552734375,30,14
010,0.525390625,0.474609375,30,16
011,0.5546875,0.4453125,28,14
