state,p_marked,error,gate_count,depth
000,0.12890625,0.87109375,32,15
001,0.109375,0.890625,30,13
010,0.1171875,0.8828125,30,15
011,0.158203125,0.841796875,28,13
