state,p_marked,error,gate_count,depth
000,0.048828125,0.951171875,33,16
001,0.060546875,0.939453125,31,14
010,0.05859375,0.94140625,31,16
011,0.056640625,0.943359375,29,14
