state,p_marked,error,gate_count,depth
000,0.01953125,0.98046875,59,31
001,0.041015625,0.958984375,55,27
010,0.025390625,0.974609375,55,31
011,0.025390625,0.974609375,51,27
