state,p_marked,error,gate_count,depth
000,0.498046875,0.501953125,33,16
001,0.52734375,0.47265625,31,14
010,0.521484375,0.478515625,31,16
011,0.521484375,0.478515625,29,14
