state,p_marked,error,gate_count,depth
000,0.125,0.875,51,27
001,0.146484375,0.853515625,49,25
010,0.123046875,0.876953125,49,27
011,0.119140625,0.880859375,47,25
