state,p_marked,error,gate_count,depth
000,0.115234375,0.884765625,51,26
001,0.107421875,0.892578125,49,24
010,0.126953125,0.873046875,49,26
011,0.13671875,0.86328125,47,24
