state,p_marked,error,gate_count,depth
000,0.01953125,0.98046875,91,53
001,0.09765625,0.90234375,89,51
010,0.029296875,0.970703125,89,53
011,0.412109375,0.587890625,87,51
