state,p_marked,error,gate_count,depth
000,0.099609375,0.900390625,63,33
001,0.1328125,0.8671875,59,29
010,0.162109375,0.837890625,59,33
011,0.1328125,0.8671875,55,29
