state,p_marked,error,gate_count,depth
000,0.12890625,0.87109375,32,16
001,0.123046875,0.876953125,30,14
010,0.103515625,0.896484375,30,16
011,0.115234375,0.884765625,28,14
