state,p_marked,error,gate_count,depth
000,0.486328125,0.513671875,55,37
001,0.009765625,0.990234375,55,37
010,0.0,1.0,55,37
011,0.0,1.0,55,37
