state,p_marked,error,gate_count,depth
000,0.134765625,0.865234375,41,23
001,0.244140625,0.755859375,39,21
010,0.59765625,0.40234375,39,23
011,0.0859375,0.9140625,37,21
