state,p_marked,error,gate_count,depth
000,0.130859375,0.869140625,77,41
001,0.119140625,0.880859375,69,33
010,0.119140625,0.880859375,69,41
011,0.111328125,0.888671875,61,33
