state,p_marked,error,gate_count,depth
000,0.27734375,0.72265625,33,17
001,0.234375,0.765625,31,15
010,0.302734375,0.697265625,31,17
011,0.251953125,0.748046875,29,15
