state,p_marked,error,gate_count,depth
000,0.115234375,0.884765625,32,15
001,0.1171875,0.8828125,30,13
010,0.119140625,0.880859375,30,15
011,0.111328125,0.888671875,28,13
