state,p_marked,error,gate_count,depth
000,0.134765625,0.865234375,15,7
001,0.14453125,0.85546875,13,5
010,0.15234375,0.84765625,13,7
011,0.130859375,0.869140625,11,5
