state,p_marked,error,gate_count,depth
000,0.119140625,0.880859375,32,15
001,0.140625,0.859375,30,13
010,0.158203125,0.841796875,30,15
011,0.1171875,0.8828125,28,13
