state,p_marked,error,gate_count,depth
000,0.544921875,0.455078125,33,17
001,0.505859375,0.494140625,31,15
010,0.51171875,0.48828125,31,17
011,0.470703125,0.529296875,29,15
