state,p_marked,error,gate_count,depth
000,0.515625,0.484375,32,16
001,0.548828125,0.451171875,30,14
010,0.4921875,0.5078125,30,16
011,0.50390625,0.49609375,28,14
