state,p_marked,error,gate_count,depth
000,0.57421875,0.42578125,42,21
001,0.58984375,0.41015625,38,17
010,0.546875,0.453125,38,21
011,0.59765625,0.40234375,34,17
