state,p_marked,error,gate_count,depth
000,0.57421875,0.42578125,33,16
001,0.556640625,0.443359375,31,14
010,0.54296875,0.45703125,31,16
011,0.587890625,0.412109375,29,14
