state,p_marked,error,gate_count,depth
000,0.47265625,0.52734375,41,21
001,0.5078125,0.4921875,37,17
010,0.505859375,0.494140625,37,21
011,0.5234375,0.4765625,33,17
