state,p_marked,error,gate_count,depth
000,0.087890625,0.912109375,64,34
001,0.111328125,0.888671875,56,26
010,0.1171875,0.8828125,56,34
011,0.13671875,0.86328125,48,26
