state,p_marked,error,gate_count,depth
000,0.142578125,0.857421875,41,21
001,0.107421875,0.892578125,41,21
010,0.1171875,0.8828125,41,21
011,0.12109375,0.87890625,41,21
