state,p_marked,error,gate_count,depth
000,0.126953125,0.873046875,42,22
001,0.119140625,0.880859375,34,14
010,0.154296875,0.845703125,34,22
011,0.099609375,0.900390625,26,14
