state,p_marked,error,gate_count,depth
000,0.125,0.875,64,34
001,0.123046875,0.876953125,56,26
010,0.13671875,0.86328125,56,34
011,0.115234375,0.884765625,48,26
