state,p_marked,error,gate_count,depth
000,0.525390625,0.474609375,32,16
001,0.48828125,0.51171875,30,14
010,0.482421875,0.517578125,30,16
011,0.5390625,0.4609375,28,14
