state,p_marked,error,gate_count,depth
000,0.58203125,0.41796875,34,18
001,0.5859375,0.4140625,32,16
010,0.537109375,0.462890625,32,18
011,0.572265625,0.427734375,30,16
