state,p_marked,error,gate_count,depth
000,0.0,1.0,37,19
001,0.11328125,0.88671875,35,17
010,0.130859375,0.869140625,35,19
011,0.0,1.0,33,17
