state,p_marked,error,gate_count,depth
000,0.2265625,0.7734375,32,16
001,0.279296875,0.720703125,30,14
010,0.236328125,0.763671875,30,16
011,0.279296875,0.720703125,28,14
