state,p_marked,error,gate_count,depth
000,0.0,1.0,54,29
001,0.1171875,0.8828125,48,23
010,0.0,1.0,48,29
011,0.146484375,0.853515625,42,23
