state,p_marked,error,gate_count,depth
000,0.154296875,0.845703125,24,12
001,0.1328125,0.8671875,20,8
010,0.12890625,0.87109375,20,12
011,0.14453125,0.85546875,16,8
