state,p_marked,error,gate_count,depth
000,0.533203125,0.466796875,33,17
001,0.51953125,0.48046875,31,15
010,0.4921875,0.5078125,31,17
011,0.138671875,0.861328125,29,15
