state,p_marked,error,gate_count,depth
000,0.46484375,0.53515625,33,17
001,0.50390625,0.49609375,31,15
010,0.4921875,0.5078125,31,17
011,0.505859375,0.494140625,29,15
