state,p_marked,error,gate_count,depth
000,0.107421875,0.892578125,50,25
001,0.146484375,0.853515625,44,19
010,0.115234375,0.884765625,44,25
011,0.1171875,0.8828125,38,19
