state,p_marked,error,gate_count,depth
000,0.02734375,0.97265625,32,16
001,0.03125,0.96875,30,14
010,0.029296875,0.970703125,30,16
011,0.037109375,0.962890625,28,14
