state,p_marked,error,gate_count,depth
000,0.0078125,0.9921875,32,15
001,0.005859375,0.994140625,30,13
010,0.005859375,0.994140625,30,15
011,0.0078125,0.9921875,28,13
