state,p_marked,error,gate_count,depth
000,0.068359375,0.931640625,33,16
001,0.048828125,0.951171875,31,14
010,0.0390625,0.9609375,31,16
011,0.064453125,0.935546875,29,14
