state,p_marked,error,gate_count,depth
000,0.478515625,0.521484375,41,21
001,0.53515625,0.46484375,37,17
010,0.48828125,0.51171875,37,21
011,0.486328125,0.513671875,33,17
