state,p_marked,error,gate_count,depth
000,0.27734375,0.72265625,33,17
001,0.25390625,0.74609375,31,15
010,0.2421875,0.7578125,31,17
011,0.28125,0.71875,29,15
