state,p_marked,error,gate_count,depth
000,0.505859375,0.494140625,41,21
001,0.494140625,0.505859375,37,17
010,0.498046875,0.501953125,37,21
011,0.447265625,0.552734375,33,17
