state,p_marked,error,gate_count,depth
000,0.109375,0.890625,42,22
001,0.140625,0.859375,34,14
010,0.111328125,0.888671875,34,22
011,0.11328125,0.88671875,26,14
