state,p_marked,error,gate_count,depth
000,0.509765625,0.490234375,61,32
001,0.439453125,0.560546875,53,24
010,0.521484375,0.478515625,53,32
011,0.146484375,0.853515625,45,24
