state,p_marked,error,gate_count,depth
000,0.140625,0.859375,42,22
001,0.119140625,0.880859375,34,14
010,0.126953125,0.873046875,34,22
011,0.12890625,0.87109375,26,14
