state,p_marked,error,gate_count,depth
000,0.552734375,0.447265625,33,16
001,0.56640625,0.43359375,31,14
010,0.076171875,0.923828125,31,16
011,0.05859375,0.94140625,29,14
