state,p_marked,error,gate_count,depth
000,0.134765625,0.865234375,32,15
001,0.140625,0.859375,30,13
010,0.150390625,0.849609375,30,15
011,0.115234375,0.884765625,28,13
