state,p_marked,error,gate_count,depth
000,0.251953125,0.748046875,53,28
001,0.23828125,0.76171875,51,26
010,0.23046875,0.76953125,51,28
011,0.259765625,0.740234375,49,26
