state,p_marked,error,gate_count,depth
000,0.158203125,0.841796875,42,24
001,0.478515625,0.521484375,40,22
010,0.5390625,0.4609375,40,24
011,0.115234375,0.884765625,38,22
