state,p_marked,error,gate_count,depth
000,0.578125,0.421875,71,37
001,0.58984375,0.41015625,65,31
010,0.357421875,0.642578125,65,37
011,0.38671875,0.61328125,59,31
