state,p_marked,error,gate_count,depth
000,0.130859375,0.869140625,33,15
001,0.154296875,0.845703125,31,13
010,0.12109375,0.87890625,31,15
011,0.11328125,0.88671875,29,13
