state,p_marked,error,gate_count,depth
000,0.107421875,0.892578125,53,31
001,0.27734375,0.72265625,53,31
010,0.033203125,0.966796875,53,31
011,0.060546875,0.939453125,53,31
