state,p_marked,error,gate_count,depth
000,0.0,1.0,27,13
001,0.00390625,0.99609375,27,13
010,0.0,1.0,27,13
011,0.001953125,0.998046875,27,13
