state,p_marked,error,gate_count,depth
000,0.048828125,0.951171875,33,16
001,0.0625,0.9375,31,14
010,0.0703125,0.9296875,31,16
011,0.05078125,0.94921875,29,14
