state,p_marked,error,gate_count,depth
000,0.537109375,0.462890625,51,26
001,0.5546875,0.4453125,45,20
010,0.595703125,0.404296875,45,26
011,0.544921875,0.455078125,39,20
