state,p_marked,error,gate_count,depth
000,0.560546875,0.439453125,51,26
001,0.57421875,0.42578125,45,20
010,0.5703125,0.4296875,45,26
011,0.57421875,0.42578125,39,20
