state,p_marked,error,gate_count,depth
000,0.533203125,0.466796875,32,16
001,0.45703125,0.54296875,30,14
010,0.509765625,0.490234375,30,16
011,0.482421875,0.517578125,28,14
