state,p_marked,error,gate_count,depth
000,0.12890625,0.87109375,50,25
001,0.12890625,0.87109375,48,23
010,0.134765625,0.865234375,48,25
011,0.109375,0.890625,46,23
