state,p_marked,error,gate_count,depth
000,0.470703125,0.529296875,41,21
001,0.47265625,0.52734375,37,17
010,0.486328125,0.513671875,37,21
011,0.470703125,0.529296875,33,17
