state,p_marked,error,gate_count,depth
000,0.0625,0.9375,33,17
001,0.080078125,0.919921875,31,15
010,0.087890625,0.912109375,31,17
011,0.03515625,0.96484375,29,15
