state,p_marked,error,gate_count,depth
000,0.125,0.875,48,25
001,0.09375,0.90625,44,21
010,0.150390625,0.849609375,44,25
011,0.13671875,0.86328125,40,21
