state,p_marked,error,gate_count,depth
000,0.154296875,0.845703125,33,17
001,0.125,0.875,31,15
010,0.130859375,0.869140625,31,17
011,0.12890625,0.87109375,29,15
