state,p_marked,error,gate_count,depth
000,0.1171875,0.8828125,15,7
001,0.140625,0.859375,13,5
010,0.150390625,0.849609375,13,7
011,0.130859375,0.869140625,11,5
