state,p_marked,error,gate_count,depth
000,0.125,0.875,61,32
001,0.123046875,0.876953125,57,28
010,0.140625,0.859375,57,32
011,0.126953125,0.873046875,53,28
