state,p_marked,error,gate_count,depth
000,0.25,0.75,50,25
001,0.224609375,0.775390625,48,23
010,0.2421875,0.7578125,48,25
011,0.224609375,0.775390625,46,23
