state,p_marked,error,gate_count,depth
000,0.115234375,0.884765625,32,16
001,0.123046875,0.876953125,30,14
010,0.140625,0.859375,30,16
011,0.1015625,0.8984375,28,14
