state,p_marked,error,gate_count,depth
000,0.119140625,0.880859375,32,16
001,0.095703125,0.904296875,30,14
010,0.123046875,0.876953125,30,16
011,0.107421875,0.892578125,28,14
