state,p_marked,error,gate_count,depth
000,0.169921875,0.830078125,42,21
001,0.126953125,0.873046875,42,21
010,0.125,0.875,42,21
011,0.115234375,0.884765625,42,21
