state,p_marked,error,gate_count,depth
000,0.13671875,0.86328125,51,27
001,0.111328125,0.888671875,41,17
010,0.115234375,0.884765625,41,27
011,0.1171875,0.8828125,31,17
