state,p_marked,error,gate_count,depth
000,0.14453125,0.85546875,53,29
001,0.478515625,0.521484375,51,27
010,0.107421875,0.892578125,51,29
011,0.01171875,0.98828125,49,27
