state,p_marked,error,gate_count,depth
000,0.0,1.0,49,24
001,0.0,1.0,47,22
010,0.28515625,0.71484375,47,24
011,0.25390625,0.74609375,45,22
