state,p_marked,error,gate_count,depth
000,0.130859375,0.869140625,50,26
001,0.138671875,0.861328125,44,20
010,0.1328125,0.8671875,44,26
011,0.146484375,0.853515625,38,20
