state,p_marked,error,gate_count,depth
000,0.228515625,0.771484375,32,16
001,0.259765625,0.740234375,30,14
010,0.2578125,0.7421875,30,16
011,0.259765625,0.740234375,28,14
