state,p_marked,error,gate_count,depth
000,0.119140625,0.880859375,49,25
001,0.140625,0.859375,47,23
010,0.10546875,0.89453125,47,25
011,0.140625,0.859375,45,23
