state,p_marked,error,gate_count,depth
000,0.544921875,0.455078125,33,16
001,0.5546875,0.4453125,31,14
010,0.5703125,0.4296875,31,16
011,0.568359375,0.431640625,29,14
