state,p_marked,error,gate_count,depth
000,0.140625,0.859375,73,38
001,0.001953125,0.998046875,71,36
010,0.08984375,0.91015625,71,38
011,0.00390625,0.99609375,69,36
