state,p_marked,error,gate_count,depth
000,0.2265625,0.7734375,86,47
001,0.216796875,0.783203125,82,43
010,0.15625,0.84375,82,47
011,0.140625,0.859375,78,43
