state,p_marked,error,gate_count,depth
000,0.154296875,0.845703125,55,31
001,0.119140625,0.880859375,55,31
010,0.111328125,0.888671875,55,31
011,0.134765625,0.865234375,55,31
