state,p_marked,error,gate_count,depth
000,0.107421875,0.892578125,33,16
001,0.095703125,0.904296875,31,14
010,0.125,0.875,31,16
011,0.0,1.0,29,14
