state,p_marked,error,gate_count,depth
000,0.11328125,0.88671875,33,17
001,0.142578125,0.857421875,27,11
010,0.15234375,0.84765625,27,17
011,0.10546875,0.89453125,21,11
