state,p_marked,error,gate_count,depth
000,0.240234375,0.759765625,90,50
001,0.0234375,0.9765625,90,50
010,0.013671875,0.986328125,90,50
011,0.255859375,0.744140625,90,50
