state,p_marked,error,gate_count,depth
000,0.21875,0.78125,110,64
001,0.03515625,0.96484375,102,57
010,0.005859375,0.994140625,102,64
011,0.18359375,0.81640625,94,57
