state,p_marked,error,gate_count,depth
000,0.107421875,0.892578125,58,30
001,0.1015625,0.8984375,54,26
010,0.140625,0.859375,54,30
011,0.138671875,0.861328125,50,26
