state,p_marked,error,gate_count,depth
000,0.458984375,0.541015625,53,28
001,0.5078125,0.4921875,47,22
010,0.4609375,0.5390625,47,28
011,0.443359375,0.556640625,41,22
