state,p_marked,error,gate_count,depth
000,0.064453125,0.935546875,104,64
001,0.236328125,0.763671875,102,62
010,0.130859375,0.869140625,102,64
011,0.158203125,0.841796875,100,62
