state,p_marked,error,gate_count,depth
000,0.10546875,0.89453125,76,48
001,0.232421875,0.767578125,74,46
010,0.28125,0.71875,74,48
011,0.119140625,0.880859375,72,46
