state,p_marked,error,gate_count,depth
000,0.5625,0.4375,34,17
001,0.5234375,0.4765625,32,15
010,0.580078125,0.419921875,32,17
011,0.580078125,0.419921875,30,15
