state,p_marked,error,gate_count,depth
000,0.525390625,0.474609375,33,16
001,0.515625,0.484375,31,14
010,0.564453125,0.435546875,31,16
011,0.5546875,0.4453125,29,14
