state,p_marked,error,gate_count,depth
000,0.548828125,0.451171875,42,21
001,0.55859375,0.44140625,38,17
010,0.544921875,0.455078125,38,21
011,0.556640625,0.443359375,34,17
