state,p_marked,error,gate_count,depth
000,0.138671875,0.861328125,32,15
001,0.119140625,0.880859375,30,13
010,0.134765625,0.865234375,30,15
011,0.16015625,0.83984375,28,13
