state,p_marked,error,gate_count,depth
000,0.142578125,0.857421875,33,16
001,0.1171875,0.8828125,31,14
010,0.125,0.875,31,16
011,0.09765625,0.90234375,29,14
