state,p_marked,error,gate_count,depth
000,0.140625,0.859375,32,15
001,0.1328125,0.8671875,30,13
010,0.15625,0.84375,30,15
011,0.1015625,0.8984375,28,13
