state,p_marked,error,gate_count,depth
000,0.125,0.875,41,20
001,0.103515625,0.896484375,37,16
010,0.142578125,0.857421875,37,20
011,0.107421875,0.892578125,33,16
