state,p_marked,error,gate_count,depth
000,0.244140625,0.755859375,33,17
001,0.2421875,0.7578125,31,15
010,0.2421875,0.7578125,31,17
011,0.248046875,0.751953125,29,15
