state,p_marked,error,gate_count,depth
000,0.150390625,0.849609375,42,22
001,0.140625,0.859375,34,14
010,0.1171875,0.8828125,34,22
011,0.134765625,0.865234375,26,14
