state,p_marked,error,gate_count,depth
000,0.0625,0.9375,33,17
001,0.07421875,0.92578125,31,15
010,0.076171875,0.923828125,31,17
011,0.068359375,0.931640625,29,15
