state,p_marked,error,gate_count,depth
000,0.111328125,0.888671875,50,25
001,0.11328125,0.88671875,44,19
010,0.1171875,0.8828125,44,25
011,0.119140625,0.880859375,38,19
