state,p_marked,error,gate_count,depth
000,0.197265625,0.802734375,51,25
001,0.150390625,0.849609375,49,23
010,0.154296875,0.845703125,49,25
011,0.16015625,0.83984375,47,23
