state,p_marked,error,gate_count,depth
000,0.22265625,0.77734375,33,17
001,0.22265625,0.77734375,31,15
010,0.255859375,0.744140625,31,17
011,0.275390625,0.724609375,29,15
