state,p_marked,error,gate_count,depth
000,0.064453125,0.935546875,33,15
001,0.041015625,0.958984375,31,13
010,0.068359375,0.931640625,31,15
011,0.0625,0.9375,29,13
