state,p_marked,error,gate_count,depth
000,0.072265625,0.927734375,34,18
001,0.056640625,0.943359375,32,16
010,0.087890625,0.912109375,32,18
011,0.0625,0.9375,30,16
