state,p_marked,error,gate_count,depth
000,0.1484375,0.8515625,94,50
001,0.162109375,0.837890625,82,38
010,0.1484375,0.8515625,82,50
011,0.150390625,0.849609375,70,38
