state,p_marked,error,gate_count,depth
000,0.1640625,0.8359375,15,7
001,0.1328125,0.8671875,13,5
010,0.125,0.875,13,7
011,0.09375,0.90625,11,5
