state,p_marked,error,gate_count,depth
000,0.103515625,0.896484375,41,21
001,0.125,0.875,37,17
010,0.12890625,0.87109375,37,21
011,0.12890625,0.87109375,33,17
