state,p_marked,error,gate_count,depth
000,0.517578125,0.482421875,32,16
001,0.50390625,0.49609375,30,14
010,0.517578125,0.482421875,30,16
011,0.5234375,0.4765625,28,14
