state,p_marked,error,gate_count,depth
000,0.0,1.0,63,37
001,0.154296875,0.845703125,63,37
010,0.052734375,0.947265625,63,37
011,0.064453125,0.935546875,63,37
