state,p_marked,error,gate_count,depth
000,0.57421875,0.42578125,42,21
001,0.5546875,0.4453125,38,17
010,0.0703125,0.9296875,38,21
011,0.056640625,0.943359375,34,17
