state,p_marked,error,gate_count,depth
000,0.111328125,0.888671875,42,22
001,0.4765625,0.5234375,40,20
010,0.46875,0.53125,40,22
011,0.09375,0.90625,38,20
