state,p_marked,error,gate_count,depth
000,0.111328125,0.888671875,32,15
001,0.109375,0.890625,30,13
010,0.15625,0.84375,30,15
011,0.125,0.875,28,13
