state,p_marked,error,gate_count,depth
000,0.05859375,0.94140625,35,19
001,0.0546875,0.9453125,33,17
010,0.0625,0.9375,33,19
011,0.068359375,0.931640625,31,17
