state,p_marked,error,gate_count,depth
000,0.0,1.0,43,22
001,0.0,1.0,39,18
010,0.25390625,0.74609375,39,22
011,0.2265625,0.7734375,35,18
