state,p_marked,error,gate_count,depth
000,0.126953125,0.873046875,33,16
001,0.1015625,0.8984375,31,14
010,0.1171875,0.8828125,31,16
011,0.12890625,0.87109375,29,14
