state,p_marked,error,gate_count,depth
000,0.10546875,0.89453125,33,17
001,0.134765625,0.865234375,27,11
010,0.109375,0.890625,27,17
011,0.13671875,0.86328125,21,11
