state,p_marked,error,gate_count,depth
000,0.12109375,0.87890625,33,17
001,0.14453125,0.85546875,27,11
010,0.12890625,0.87109375,27,17
011,0.142578125,0.857421875,21,11
