state,p_marked,error,gate_count,depth
000,0.57421875,0.42578125,33,16
001,0.5546875,0.4453125,31,14
010,0.078125,0.921875,31,16
011,0.0703125,0.9296875,29,14
