state,p_marked,error,gate_count,depth
000,0.12109375,0.87890625,24,11
001,0.150390625,0.849609375,24,11
010,0.12890625,0.87109375,24,11
011,0.126953125,0.873046875,24,11
