state,p_marked,error,gate_count,depth
000,0.275390625,0.724609375,72,50
001,0.04296875,0.95703125,70,48
010,0.060546875,0.939453125,70,50
011,0.080078125,0.919921875,68,48
