state,p_marked,error,gate_count,depth
000,0.181640625,0.818359375,85,43
001,0.15625,0.84375,83,41
010,0.265625,0.734375,83,43
011,0.134765625,0.865234375,81,41
