state,p_marked,error,gate_count,depth
000,0.015625,0.984375,96,55
001,0.076171875,0.923828125,92,51
010,0.033203125,0.966796875,92,55
011,0.033203125,0.966796875,88,51
