state,p_marked,error,gate_count,depth
000,0.146484375,0.853515625,51,27
001,0.14453125,0.85546875,41,17
010,0.125,0.875,41,27
011,0.138671875,0.861328125,31,17
