state,p_marked,error,gate_count,depth
000,0.169921875,0.830078125,35,18
001,0.333984375,0.666015625,33,16
010,0.193359375,0.806640625,33,18
011,0.291015625,0.708984375,31,16
