state,p_marked,error,gate_count,depth
000,0.111328125,0.888671875,41,19
001,0.111328125,0.888671875,41,19
010,0.12109375,0.87890625,41,19
011,0.13671875,0.86328125,41,19
