state,p_marked,error,gate_count,depth
000,0.255859375,0.744140625,51,27
001,0.03515625,0.96484375,49,25
010,0.021484375,0.978515625,49,27
011,0.03125,0.96875,47,25
