state,p_marked,error,gate_count,depth
000,0.529296875,0.470703125,32,16
001,0.509765625,0.490234375,30,14
010,0.51953125,0.48046875,30,16
011,0.513671875,0.486328125,28,14
