state,p_marked,error,gate_count,depth
000,0.1640625,0.8359375,54,28
001,0.109375,0.890625,52,26
010,0.11328125,0.88671875,52,28
011,0.140625,0.859375,50,26
