state,p_marked,error,gate_count,depth
000,0.505859375,0.494140625,33,17
001,0.46875,0.53125,31,15
010,0.5234375,0.4765625,31,17
011,0.478515625,0.521484375,29,15
