state,p_marked,error,gate_count,depth
000,0.494140625,0.505859375,32,16
001,0.494140625,0.505859375,30,14
010,0.55078125,0.44921875,30,16
011,0.490234375,0.509765625,28,14
