state,p_marked,error,gate_count,depth
000,0.044921875,0.955078125,60,30
001,0.171875,0.828125,56,26
010,0.03515625,0.96484375,56,30
011,0.28125,0.71875,52,26
