state,p_marked,error,gate_count,depth
000,0.314453125,0.685546875,145,82
001,0.013671875,0.986328125,143,80
010,0.078125,0.921875,143,82
011,0.005859375,0.994140625,141,80
