state,p_marked,error,gate_count,depth
000,0.11328125,0.88671875,33,17
001,0.126953125,0.873046875,31,15
010,0.1171875,0.8828125,31,17
011,0.119140625,0.880859375,29,15
