state,p_marked,error,gate_count,depth
000,0.15625,0.84375,41,21
001,0.107421875,0.892578125,37,17
010,0.150390625,0.849609375,37,21
011,0.123046875,0.876953125,33,17
