state,p_marked,error,gate_count,depth
000,0.1328125,0.8671875,33,17
001,0.09765625,0.90234375,31,15
010,0.130859375,0.869140625,31,17
011,0.12109375,0.87890625,29,15
