state,p_marked,error,gate_count,depth
000,0.134765625,0.865234375,42,22
001,0.126953125,0.873046875,34,14
010,0.103515625,0.896484375,34,22
011,0.134765625,0.865234375,26,14
