state,p_marked,error,gate_count,depth
000,0.111328125,0.888671875,33,17
001,0.12109375,0.87890625,27,11
010,0.119140625,0.880859375,27,17
011,0.107421875,0.892578125,21,11
