state,p_marked,error,gate_count,depth
000,0.525390625,0.474609375,34,18
001,0.505859375,0.494140625,32,16
010,0.1171875,0.8828125,32,18
011,0.54296875,0.45703125,30,16
