state,p_marked,error,gate_count,depth
000,0.55859375,0.44140625,85,43
001,0.568359375,0.431640625,79,38
010,0.056640625,0.943359375,79,43
011,0.05859375,0.94140625,73,37
