state,p_marked,error,gate_count,depth
000,0.517578125,0.482421875,34,16
001,0.498046875,0.501953125,32,14
010,0.1171875,0.8828125,32,16
011,0.125,0.875,30,14
