state,p_marked,error,gate_count,depth
000,0.25,0.75,49,24
001,0.255859375,0.744140625,47,22
010,0.0,1.0,47,24
011,0.0,1.0,45,22
