state,p_marked,error,gate_count,depth
000,0.14453125,0.85546875,59,31
001,0.158203125,0.841796875,55,27
010,0.1171875,0.8828125,55,31
011,0.125,0.875,51,27
