state,p_marked,error,gate_count,depth
000,0.130859375,0.869140625,59,31
001,0.095703125,0.904296875,55,27
010,0.091796875,0.908203125,55,31
011,0.119140625,0.880859375,51,27
