state,p_marked,error,gate_count,depth
000,0.029296875,0.970703125,74,49
001,0.283203125,0.716796875,70,45
010,0.060546875,0.939453125,70,49
011,0.029296875,0.970703125,66,45
