state,p_marked,error,gate_count,depth
000,0.08984375,0.91015625,33,17
001,0.083984375,0.916015625,31,15
010,0.06640625,0.93359375,31,17
011,0.048828125,0.951171875,29,15
