state,p_marked,error,gate_count,depth
000,0.576171875,0.423828125,33,16
001,0.599609375,0.400390625,31,14
010,0.556640625,0.443359375,31,16
011,0.5703125,0.4296875,29,14
