state,p_marked,error,gate_count,depth
000,0.142578125,0.857421875,33,17
001,0.126953125,0.873046875,27,11
010,0.1328125,0.8671875,27,17
011,0.107421875,0.892578125,21,11
