state,p_marked,error,gate_count,depth
000,0.1328125,0.8671875,24,12
001,0.111328125,0.888671875,20,8
010,0.1796875,0.8203125,20,12
011,0.146484375,0.853515625,16,8
