state,p_marked,error,gate_count,depth
000,0.1171875,0.8828125,32,16
001,0.107421875,0.892578125,30,14
010,0.119140625,0.880859375,30,16
011,0.126953125,0.873046875,28,14
