state,p_marked,error,gate_count,depth
000,0.53125,0.46875,33,16
001,0.54296875,0.45703125,31,14
010,0.060546875,0.939453125,31,16
011,0.060546875,0.939453125,29,14
