state,p_marked,error,gate_count,depth
000,0.513671875,0.486328125,42,22
001,0.515625,0.484375,38,18
010,0.509765625,0.490234375,38,22
011,0.486328125,0.513671875,34,18
