state,p_marked,error,gate_count,depth
000,0.115234375,0.884765625,24,12
001,0.130859375,0.869140625,20,8
010,0.140625,0.859375,20,12
011,0.13671875,0.86328125,16,8
