state,p_marked,error,gate_count,depth
000,0.451171875,0.548828125,67,35
001,0.40234375,0.59765625,65,33
010,0.421875,0.578125,65,35
011,0.412109375,0.587890625,63,33
