state,p_marked,error,gate_count,depth
000,0.1484375,0.8515625,15,7
001,0.123046875,0.876953125,13,5
010,0.150390625,0.849609375,13,7
011,0.138671875,0.861328125,11,5
