state,p_marked,error,gate_count,depth
000,0.478515625,0.521484375,41,21
001,0.482421875,0.517578125,37,17
010,0.439453125,0.560546875,37,21
011,0.525390625,0.474609375,33,17
