state,p_marked,error,gate_count,depth
000,0.521484375,0.478515625,32,16
001,0.509765625,0.490234375,30,14
010,0.48828125,0.51171875,30,16
011,0.48046875,0.51953125,28,14
