state,p_marked,error,gate_count,depth
000,0.474609375,0.525390625,33,17
001,0.51953125,0.48046875,31,15
010,0.525390625,0.474609375,31,17
011,0.470703125,0.529296875,29,15
