state,p_marked,error,gate_count,depth
000,0.232421875,0.767578125,33,17
001,0.25390625,0.74609375,31,15
010,0.234375,0.765625,31,17
011,0.271484375,0.728515625,29,15
