state,p_marked,error,gate_count,depth
000,0.134765625,0.865234375,41,21
001,0.10546875,0.89453125,37,17
010,0.134765625,0.865234375,37,21
011,0.134765625,0.865234375,33,17
