state,p_marked,error,gate_count,depth
000,0.11328125,0.88671875,41,22
001,0.248046875,0.751953125,39,20
010,0.6484375,0.3515625,39,22
011,0.109375,0.890625,37,20
