state,p_marked,error,gate_count,depth
000,0.205078125,0.794921875,34,17
001,0.185546875,0.814453125,32,15
010,0.173828125,0.826171875,32,17
011,0.158203125,0.841796875,30,15
