state,p_marked,error,gate_count,depth
000,0.109375,0.890625,33,16
001,0.12890625,0.87109375,31,14
010,0.099609375,0.900390625,31,16
011,0.126953125,0.873046875,29,14
