state,p_marked,error,gate_count,depth
000,0.5234375,0.4765625,41,21
001,0.486328125,0.513671875,37,17
010,0.48046875,0.51953125,37,21
011,0.4453125,0.5546875,33,17
