state,p_marked,error,gate_count,depth
000,0.126953125,0.873046875,42,22
001,0.1796875,0.8203125,34,14
010,0.1328125,0.8671875,34,22
011,0.130859375,0.869140625,26,14
