state,p_marked,error,gate_count,depth
000,0.509765625,0.490234375,41,21
001,0.51953125,0.48046875,37,17
010,0.48046875,0.51953125,37,21
011,0.470703125,0.529296875,33,17
