state,p_marked,error,gate_count,depth
000,0.525390625,0.474609375,33,16
001,0.48046875,0.51953125,31,14
010,0.462890625,0.537109375,31,16
011,0.515625,0.484375,29,14
