state,p_marked,error,gate_count,depth
000,0.0078125,0.9921875,25,12
001,0.458984375,0.541015625,25,12
010,0.0,1.0,25,12
011,0.0,1.0,25,12
