state,p_marked,error,gate_count,depth
000,0.1328125,0.8671875,46,24
001,0.087890625,0.912109375,42,20
010,0.107421875,0.892578125,42,24
011,0.12109375,0.87890625,38,20
