state,p_marked,error,gate_count,depth
000,0.107421875,0.892578125,78,42
001,0.138671875,0.861328125,66,30
010,0.119140625,0.880859375,66,42
011,0.12890625,0.87109375,54,30
