state,p_marked,error,gate_count,depth
000,0.0625,0.9375,33,16
001,0.076171875,0.923828125,31,14
010,0.06640625,0.93359375,31,16
011,0.052734375,0.947265625,29,14
