state,p_marked,error,gate_count,depth
000,0.291015625,0.708984375,64,34
001,0.24609375,0.75390625,60,31
010,0.255859375,0.744140625,60,34
011,0.021484375,0.978515625,56,31
