state,p_marked,error,gate_count,depth
000,0.146484375,0.853515625,41,20
001,0.138671875,0.861328125,37,16
010,0.11328125,0.88671875,37,20
011,0.103515625,0.896484375,33,16
