state,p_marked,error,gate_count,depth
000,0.109375,0.890625,102,57
001,0.01953125,0.98046875,96,51
010,0.0078125,0.9921875,96,57
011,0.046875,0.953125,90,51
