state,p_marked,error,gate_count,depth
000,0.458984375,0.541015625,33,17
001,0.4765625,0.5234375,31,15
010,0.517578125,0.482421875,31,17
011,0.0,1.0,29,15
