state,p_marked,error,gate_count,depth
000,0.12109375,0.87890625,46,24
001,0.142578125,0.857421875,42,20
010,0.158203125,0.841796875,42,24
011,0.1328125,0.8671875,38,20
