state,p_marked,error,gate_count,depth
000,0.01171875,0.98828125,81,58
001,0.00390625,0.99609375,79,56
010,0.13671875,0.86328125,79,58
011,0.154296875,0.845703125,77,56
