state,p_marked,error,gate_count,depth
000,0.470703125,0.529296875,32,16
001,0.490234375,0.509765625,30,14
010,0.51171875,0.48828125,30,16
011,0.474609375,0.525390625,28,14
