state,p_marked,error,gate_count,depth
000,0.11328125,0.88671875,52,26
001,0.12109375,0.87890625,50,24
010,0.123046875,0.876953125,50,26
011,0.158203125,0.841796875,48,24
