state,p_marked,error,gate_count,depth
000,0.181640625,0.818359375,52,31
001,0.05859375,0.94140625,50,29
010,0.080078125,0.919921875,50,31
011,0.072265625,0.927734375,48,29
