state,p_marked,error,gate_count,depth
000,0.125,0.875,59,33
001,0.271484375,0.728515625,53,27
010,0.61328125,0.38671875,53,33
011,0.099609375,0.900390625,47,27
