state,p_marked,error,gate_count,depth
000,0.55859375,0.44140625,42,21
001,0.580078125,0.419921875,38,17
010,0.5546875,0.4453125,38,21
011,0.572265625,0.427734375,34,17
