state,p_marked,error,gate_count,depth
000,0.50390625,0.49609375,54,29
001,0.12109375,0.87890625,48,23
010,0.54296875,0.45703125,48,29
011,0.119140625,0.880859375,42,23
