state,p_marked,error,gate_count,depth
000,0.119140625,0.880859375,41,21
001,0.091796875,0.908203125,37,17
010,0.140625,0.859375,37,21
011,0.111328125,0.888671875,33,17
