state,p_marked,error,gate_count,depth
000,0.1171875,0.8828125,41,20
001,0.109375,0.890625,41,20
010,0.123046875,0.876953125,41,20
011,0.150390625,0.849609375,41,20
