state,p_marked,error,gate_count,depth
000,0.123046875,0.876953125,59,29
001,0.123046875,0.876953125,55,25
010,0.11328125,0.88671875,55,29
011,0.115234375,0.884765625,51,25
