state,p_marked,error,gate_count,depth
000,0.55859375,0.44140625,42,21
001,0.556640625,0.443359375,38,17
010,0.50390625,0.49609375,38,21
011,0.556640625,0.443359375,34,17
