state,p_marked,error,gate_count,depth
000,0.482421875,0.517578125,33,16
001,0.498046875,0.501953125,31,14
010,0.451171875,0.548828125,31,16
011,0.46484375,0.53515625,29,14
