state,p_marked,error,gate_count,depth
000,0.5625,0.4375,42,21
001,0.54296875,0.45703125,38,17
010,0.548828125,0.451171875,38,21
011,0.58984375,0.41015625,34,17
