state,p_marked,error,gate_count,depth
000,0.27734375,0.72265625,42,22
001,0.271484375,0.728515625,38,18
010,0.26171875,0.73828125,38,22
011,0.28515625,0.71484375,34,18
