state,p_marked,error,gate_count,depth
000,0.50390625,0.49609375,50,26
001,0.515625,0.484375,44,20
010,0.52734375,0.47265625,44,26
011,0.478515625,0.521484375,38,20
