state,p_marked,error,gate_count,depth
000,0.107421875,0.892578125,58,30
001,0.12109375,0.87890625,54,26
010,0.12109375,0.87890625,54,30
011,0.130859375,0.869140625,50,26
