state,p_marked,error,gate_count,depth
000,0.212890625,0.787109375,116,64
001,0.00390625,0.99609375,112,61
010,0.09375,0.90625,112,64
011,0.193359375,0.806640625,108,61
