state,p_marked,error,gate_count,depth
000,0.255859375,0.744140625,51,27
001,0.248046875,0.751953125,45,21
010,0.251953125,0.748046875,45,27
011,0.234375,0.765625,39,21
