state,p_marked,error,gate_count,depth
000,0.146484375,0.853515625,42,22
001,0.1328125,0.8671875,34,14
010,0.111328125,0.888671875,34,22
011,0.126953125,0.873046875,26,14
