state,p_marked,error,gate_count,depth
000,0.06640625,0.93359375,36,19
001,0.041015625,0.958984375,34,17
010,0.048828125,0.951171875,34,19
011,0.03515625,0.96484375,32,17
