state,p_marked,error,gate_count,depth
000,0.15625,0.84375,33,17
001,0.109375,0.890625,27,11
010,0.11328125,0.88671875,27,17
011,0.15234375,0.84765625,21,11
