state,p_marked,error,gate_count,depth
000,0.130859375,0.869140625,42,22
001,0.13671875,0.86328125,34,14
010,0.123046875,0.876953125,34,22
011,0.142578125,0.857421875,26,14
