state,p_marked,error,gate_count,depth
000,0.095703125,0.904296875,51,27
001,0.15234375,0.84765625,41,17
010,0.126953125,0.873046875,41,27
011,0.146484375,0.853515625,31,17
