state,p_marked,error,gate_count,depth
000,0.091796875,0.908203125,24,12
001,0.140625,0.859375,20,8
010,0.111328125,0.888671875,20,12
011,0.1484375,0.8515625,16,8
