state,p_marked,error,gate_count,depth
000,0.498046875,0.501953125,41,21
001,0.470703125,0.529296875,37,17
010,0.5078125,0.4921875,37,21
011,0.474609375,0.525390625,33,17
