state,p_marked,error,gate_count,depth
000,0.51953125,0.48046875,32,16
001,0.501953125,0.498046875,30,14
010,0.521484375,0.478515625,30,16
011,0.466796875,0.533203125,28,14
