state,p_marked,error,gate_count,depth
000,0.126953125,0.873046875,29,16
001,0.123046875,0.876953125,29,16
010,0.091796875,0.908203125,29,16
011,0.134765625,0.865234375,29,16
