state,p_marked,error,gate_count,depth
000,0.111328125,0.888671875,15,7
001,0.140625,0.859375,13,5
010,0.11328125,0.88671875,13,7
011,0.107421875,0.892578125,11,5
