state,p_marked,error,gate_count,depth
000,0.244140625,0.755859375,175,116
001,0.244140625,0.755859375,173,114
010,0.01953125,0.98046875,173,116
011,0.09765625,0.90234375,171,114
