state,p_marked,error,gate_count,depth
000,0.10546875,0.89453125,24,12
001,0.146484375,0.853515625,20,8
010,0.15625,0.84375,20,12
011,0.12890625,0.87109375,16,8
