state,p_marked,error,gate_count,depth
000,0.1015625,0.8984375,26,13
001,0.125,0.875,26,13
010,0.083984375,0.916015625,26,13
011,0.15234375,0.84765625,26,13
