state,p_marked,error,gate_count,depth
000,0.05859375,0.94140625,32,16
001,0.0703125,0.9296875,30,14
010,0.052734375,0.947265625,30,16
011,0.05078125,0.94921875,28,14
