state,p_marked,error,gate_count,depth
000,0.06640625,0.93359375,80,41
001,0.056640625,0.943359375,76,37
010,0.30859375,0.69140625,76,41
011,0.33203125,0.66796875,72,37
