state,p_marked,error,gate_count,depth
000,0.12109375,0.87890625,64,34
001,0.126953125,0.873046875,60,30
010,0.12109375,0.87890625,60,34
011,0.123046875,0.876953125,56,30
