state,p_marked,error,gate_count,depth
000,0.046875,0.953125,32,15
001,0.0703125,0.9296875,30,13
010,0.06640625,0.93359375,30,15
011,0.056640625,0.943359375,28,13
