state,p_marked,error,gate_count,depth
000,0.12109375,0.87890625,15,7
001,0.13671875,0.86328125,13,5
010,0.146484375,0.853515625,13,7
011,0.123046875,0.876953125,11,5
