state,p_marked,error,gate_count,depth
000,0.1796875,0.8203125,127,84
001,0.12109375,0.87890625,125,82
010,0.09375,0.90625,125,84
011,0.23828125,0.76171875,123,82
