state,p_marked,error,gate_count,depth
000,0.140625,0.859375,51,27
001,0.109375,0.890625,41,17
010,0.10546875,0.89453125,41,27
011,0.138671875,0.861328125,31,17
