state,p_marked,error,gate_count,depth
000,0.14453125,0.85546875,33,17
001,0.146484375,0.853515625,27,11
010,0.15625,0.84375,27,17
011,0.12109375,0.87890625,21,11
