state,p_marked,error,gate_count,depth
000,0.255859375,0.744140625,54,27
001,0.0,1.0,52,25
010,0.0,1.0,52,27
011,0.25,0.75,50,25
