state,p_marked,error,gate_count,depth
000,0.5078125,0.4921875,33,16
001,0.478515625,0.521484375,31,14
010,0.4921875,0.5078125,31,16
011,0.4609375,0.5390625,29,14
