state,p_marked,error,gate_count,depth
000,0.568359375,0.431640625,42,21
001,0.57421875,0.42578125,38,17
010,0.603515625,0.396484375,38,21
011,0.552734375,0.447265625,34,17
