state,p_marked,error,gate_count,depth
000,0.0,1.0,49,23
001,0.0,1.0,47,21
010,0.12109375,0.87890625,47,23
011,0.111328125,0.888671875,45,21
