state,p_marked,error,gate_count,depth
000,0.107421875,0.892578125,42,22
001,0.140625,0.859375,34,14
010,0.16015625,0.83984375,34,22
011,0.11328125,0.88671875,26,14
