state,p_marked,error,gate_count,depth
000,0.125,0.875,33,17
001,0.173828125,0.826171875,27,11
010,0.111328125,0.888671875,27,17
011,0.125,0.875,21,11
