state,p_marked,error,gate_count,depth
000,0.044921875,0.955078125,137,77
001,0.138671875,0.861328125,135,75
010,0.0078125,0.9921875,135,77
011,0.2109375,0.7890625,133,75
