state,p_marked,error,gate_count,depth
000,0.244140625,0.755859375,66,45
001,0.353515625,0.646484375,64,43
010,0.49609375,0.50390625,64,45
011,0.029296875,0.970703125,62,43
