state,p_marked,error,gate_count,depth
000,0.138671875,0.861328125,32,15
001,0.14453125,0.85546875,30,13
010,0.103515625,0.896484375,30,15
011,0.09375,0.90625,28,13
