state,p_marked,error,gate_count,depth
000,0.12109375,0.87890625,50,25
001,0.12890625,0.87109375,44,19
010,0.13671875,0.86328125,44,25
011,0.10546875,0.89453125,38,19
