state,p_marked,error,gate_count,depth
000,0.501953125,0.498046875,33,17
001,0.48828125,0.51171875,31,15
010,0.474609375,0.525390625,31,17
011,0.498046875,0.501953125,29,15
