state,p_marked,error,gate_count,depth
000,0.103515625,0.896484375,24,12
001,0.1484375,0.8515625,20,8
010,0.10546875,0.89453125,20,12
011,0.13671875,0.86328125,16,8
