state,p_marked,error,gate_count,depth
000,0.103515625,0.896484375,78,42
001,0.123046875,0.876953125,62,26
010,0.142578125,0.857421875,62,42
011,0.1328125,0.8671875,46,26
