state,p_marked,error,gate_count,depth
000,0.154296875,0.845703125,24,12
001,0.126953125,0.873046875,20,8
010,0.103515625,0.896484375,20,12
011,0.09375,0.90625,16,8
