state,p_marked,error,gate_count,depth
000,0.478515625,0.521484375,33,17
001,0.482421875,0.517578125,31,15
010,0.51171875,0.48828125,31,17
011,0.513671875,0.486328125,29,15
