state,p_marked,error,gate_count,depth
000,0.02734375,0.97265625,115,76
001,0.01953125,0.98046875,113,74
010,0.216796875,0.783203125,113,76
011,0.0625,0.9375,111,74
