state,p_marked,error,gate_count,depth
000,0.076171875,0.923828125,60,32
001,0.0234375,0.9765625,56,28
010,0.056640625,0.943359375,56,32
011,0.025390625,0.974609375,52,28
