state,p_marked,error,gate_count,depth
000,0.52734375,0.47265625,42,21
001,0.568359375,0.431640625,38,17
010,0.5703125,0.4296875,38,21
011,0.568359375,0.431640625,34,17
