state,p_marked,error,gate_count,depth
000,0.109375,0.890625,24,12
001,0.162109375,0.837890625,20,8
010,0.1484375,0.8515625,20,12
011,0.083984375,0.916015625,16,8
