state,p_marked,error,gate_count,depth
000,0.013671875,0.986328125,49,24
001,0.2109375,0.7890625,49,24
010,0.013671875,0.986328125,49,24
011,0.228515625,0.771484375,49,24
