state,p_marked,error,gate_count,depth
000,0.130859375,0.869140625,32,15
001,0.1171875,0.8828125,30,13
010,0.107421875,0.892578125,30,15
011,0.099609375,0.900390625,28,13
