state,p_marked,error,gate_count,depth
000,0.1328125,0.8671875,41,21
001,0.12109375,0.87890625,37,17
010,0.138671875,0.861328125,37,21
011,0.09375,0.90625,33,17
