state,p_marked,error,gate_count,depth
000,0.130859375,0.869140625,33,17
001,0.15625,0.84375,27,11
010,0.125,0.875,27,17
011,0.1171875,0.8828125,21,11
