state,p_marked,error,gate_count,depth
000,0.2890625,0.7109375,105,57
001,0.005859375,0.994140625,101,53
010,0.02734375,0.97265625,101,57
011,0.181640625,0.818359375,97,53
