state,p_marked,error,gate_count,depth
000,0.134765625,0.865234375,50,26
001,0.111328125,0.888671875,44,20
010,0.1328125,0.8671875,44,26
011,0.12109375,0.87890625,38,20
