state,p_marked,error,gate_count,depth
000,0.478515625,0.521484375,33,16
001,0.50390625,0.49609375,31,14
010,0.48828125,0.51171875,31,16
011,0.4921875,0.5078125,29,14
