state,p_marked,error,gate_count,depth
000,0.564453125,0.435546875,33,16
001,0.60546875,0.39453125,31,14
010,0.544921875,0.455078125,31,16
011,0.544921875,0.455078125,29,14
