state,p_marked,error,gate_count,depth
000,0.49609375,0.50390625,33,17
001,0.494140625,0.505859375,31,15
010,0.4609375,0.5390625,31,17
011,0.490234375,0.509765625,29,15
