state,p_marked,error,gate_count,depth
000,0.056640625,0.943359375,34,17
001,0.056640625,0.943359375,32,15
010,0.072265625,0.927734375,32,17
011,0.05859375,0.94140625,30,15
