state,p_marked,error,gate_count,depth
000,0.107421875,0.892578125,42,22
001,0.146484375,0.853515625,34,14
010,0.140625,0.859375,34,22
011,0.123046875,0.876953125,26,14
