state,p_marked,error,gate_count,depth
000,0.01953125,0.98046875,42,23
001,0.00390625,0.99609375,40,21
010,0.349609375,0.650390625,40,23
011,0.033203125,0.966796875,38,21
