state,p_marked,error,gate_count,depth
000,0.134765625,0.865234375,24,12
001,0.111328125,0.888671875,20,8
010,0.150390625,0.849609375,20,12
011,0.142578125,0.857421875,16,8
