state,p_marked,error,gate_count,depth
000,0.12890625,0.87109375,51,27
001,0.13671875,0.86328125,41,17
010,0.138671875,0.861328125,41,27
011,0.08984375,0.91015625,31,17
