state,p_marked,error,gate_count,depth
000,0.134765625,0.865234375,23,11
001,0.142578125,0.857421875,23,11
010,0.115234375,0.884765625,23,11
011,0.146484375,0.853515625,23,11
