state,p_marked,error,gate_count,depth
000,0.06640625,0.93359375,37,20
001,0.07421875,0.92578125,35,18
010,0.06640625,0.93359375,35,20
011,0.076171875,0.923828125,33,18
