state,p_marked,error,gate_count,depth
000,0.279296875,0.720703125,49,24
001,0.029296875,0.970703125,47,22
010,0.291015625,0.708984375,47,24
011,0.01953125,0.98046875,45,22
