state,p_marked,error,gate_count,depth
000,0.5,0.5,41,21
001,0.458984375,0.541015625,37,17
010,0.509765625,0.490234375,37,21
011,0.49609375,0.50390625,33,17
