state,p_marked,error,gate_count,depth
000,0.140625,0.859375,33,16
001,0.115234375,0.884765625,31,14
010,0.126953125,0.873046875,31,16
011,0.123046875,0.876953125,29,14
