state,p_marked,error,gate_count,depth
000,0.494140625,0.505859375,33,16
001,0.5078125,0.4921875,31,14
010,0.53125,0.46875,31,16
011,0.5078125,0.4921875,29,14
