state,p_marked,error,gate_count,depth
000,0.12890625,0.87109375,46,23
001,0.107421875,0.892578125,46,23
010,0.107421875,0.892578125,46,23
011,0.125,0.875,46,23
