state,p_marked,error,gate_count,depth
000,0.52734375,0.47265625,33,16
001,0.5625,0.4375,31,14
010,0.056640625,0.943359375,31,16
011,0.05078125,0.94921875,29,14
