state,p_marked,error,gate_count,depth
000,0.109375,0.890625,33,17
001,0.13671875,0.86328125,27,11
010,0.17578125,0.82421875,27,17
011,0.1171875,0.8828125,21,11
