state,p_marked,error,gate_count,depth
000,0.48046875,0.51953125,33,17
001,0.486328125,0.513671875,31,15
010,0.490234375,0.509765625,31,17
011,0.490234375,0.509765625,29,15
