state,p_marked,error,gate_count,depth
000,0.029296875,0.970703125,65,35
001,0.283203125,0.716796875,61,31
010,0.27734375,0.72265625,61,35
011,0.03125,0.96875,57,31
