state,p_marked,error,gate_count,depth
000,0.16015625,0.83984375,24,12
001,0.125,0.875,20,8
010,0.134765625,0.865234375,20,12
011,0.14453125,0.85546875,16,8
