state,p_marked,error,gate_count,depth
000,0.130859375,0.869140625,41,20
001,0.109375,0.890625,37,16
010,0.1171875,0.8828125,37,20
011,0.130859375,0.869140625,33,16
