state,p_marked,error,gate_count,depth
000,0.16015625,0.83984375,24,12
001,0.119140625,0.880859375,20,8
010,0.1328125,0.8671875,20,12
011,0.08984375,0.91015625,16,8
