state,p_marked,error,gate_count,depth
000,0.107421875,0.892578125,25,13
001,0.126953125,0.873046875,25,13
010,0.13671875,0.86328125,25,13
011,0.119140625,0.880859375,25,13
