state,p_marked,error,gate_count,depth
000,0.12109375,0.87890625,42,22
001,0.154296875,0.845703125,34,14
010,0.09375,0.90625,34,22
011,0.099609375,0.900390625,26,14
