state,p_marked,error,gate_count,depth
000,0.2265625,0.7734375,33,16
001,0.267578125,0.732421875,31,14
010,0.240234375,0.759765625,31,16
011,0.236328125,0.763671875,29,14
