state,p_marked,error,gate_count,depth
000,0.177734375,0.822265625,131,74
001,0.146484375,0.853515625,129,72
010,0.005859375,0.994140625,129,74
011,0.173828125,0.826171875,127,72
