state,p_marked,error,gate_count,depth
000,0.4921875,0.5078125,41,21
001,0.5,0.5,37,17
010,0.51953125,0.48046875,37,21
011,0.4453125,0.5546875,33,17
