state,p_marked,error,gate_count,depth
000,0.236328125,0.763671875,33,16
001,0.263671875,0.736328125,31,15
010,0.30859375,0.69140625,31,16
011,0.24609375,0.75390625,29,15
