state,p_marked,error,gate_count,depth
000,0.564453125,0.435546875,33,16
001,0.55859375,0.44140625,31,14
010,0.525390625,0.474609375,31,16
011,0.505859375,0.494140625,29,14
