state,p_marked,error,gate_count,depth
000,0.578125,0.421875,33,16
001,0.53515625,0.46484375,31,14
010,0.0546875,0.9453125,31,16
011,0.0625,0.9375,29,14
