state,p_marked,error,gate_count,depth
000,0.287109375,0.712890625,42,22
001,0.26953125,0.73046875,38,18
010,0.2734375,0.7265625,38,22
011,0.228515625,0.771484375,34,18
