state,p_marked,error,gate_count,depth
000,0.45703125,0.54296875,32,16
001,0.486328125,0.513671875,30,14
010,0.498046875,0.501953125,30,16
011,0.494140625,0.505859375,28,14
