state,p_marked,error,gate_count,depth
000,0.533203125,0.466796875,42,21
001,0.509765625,0.490234375,38,17
010,0.517578125,0.482421875,38,21
011,0.486328125,0.513671875,34,17
