state,p_marked,error,gate_count,depth
000,0.12109375,0.87890625,32,16
001,0.140625,0.859375,30,14
010,0.13671875,0.86328125,30,16
011,0.109375,0.890625,28,14
