state,p_marked,error,gate_count,depth
000,0.46484375,0.53515625,32,16
001,0.5078125,0.4921875,30,14
010,0.484375,0.515625,30,16
011,0.513671875,0.486328125,28,14
