state,p_marked,error,gate_count,depth
000,0.1171875,0.8828125,51,27
001,0.109375,0.890625,41,17
010,0.109375,0.890625,41,27
011,0.1328125,0.8671875,31,17
