state,p_marked,error,gate_count,depth
000,0.111328125,0.888671875,33,21
001,0.12109375,0.87890625,33,21
010,0.1328125,0.8671875,33,21
011,0.10546875,0.89453125,33,21
