state,p_marked,error,gate_count,depth
000,0.537109375,0.462890625,42,21
001,0.546875,0.453125,38,17
010,0.544921875,0.455078125,38,21
011,0.517578125,0.482421875,34,17
