state,p_marked,error,gate_count,depth
000,0.109375,0.890625,15,7
001,0.123046875,0.876953125,13,5
010,0.1484375,0.8515625,13,7
011,0.123046875,0.876953125,11,5
