state,p_marked,error,gate_count,depth
000,0.525390625,0.474609375,41,21
001,0.455078125,0.544921875,37,17
010,0.51171875,0.48828125,37,21
011,0.50390625,0.49609375,33,17
