state,p_marked,error,gate_count,depth
000,0.123046875,0.876953125,33,17
001,0.126953125,0.873046875,27,11
010,0.109375,0.890625,27,17
011,0.12890625,0.87109375,21,11
