state,p_marked,error,gate_count,depth
000,0.58203125,0.41796875,33,16
001,0.55859375,0.44140625,31,14
010,0.583984375,0.416015625,31,16
011,0.578125,0.421875,29,14
