state,p_marked,error,gate_count,depth
000,0.01171875,0.98828125,144,91
001,0.064453125,0.935546875,140,88
010,0.056640625,0.943359375,140,90
011,0.04296875,0.95703125,136,87
