state,p_marked,error,gate_count,depth
000,0.052734375,0.947265625,51,26
001,0.08984375,0.91015625,45,20
010,0.072265625,0.927734375,45,26
011,0.080078125,0.919921875,39,20
