state,p_marked,error,gate_count,depth
000,0.056640625,0.943359375,53,28
001,0.064453125,0.935546875,47,22
010,0.06640625,0.93359375,47,28
011,0.056640625,0.943359375,41,22
