state,p_marked,error,gate_count,depth
000,0.05859375,0.94140625,32,16
001,0.080078125,0.919921875,30,14
010,0.08203125,0.91796875,30,16
011,0.068359375,0.931640625,28,14
