state,p_marked,error,gate_count,depth
000,0.564453125,0.435546875,42,21
001,0.57421875,0.42578125,38,17
010,0.556640625,0.443359375,38,21
011,0.548828125,0.451171875,34,17
