state,p_marked,error,gate_count,depth
000,0.48046875,0.51953125,32,16
001,0.498046875,0.501953125,30,14
010,0.5078125,0.4921875,30,16
011,0.49609375,0.50390625,28,14
