state,p_marked,error,gate_count,depth
000,0.501953125,0.498046875,34,16
001,0.53125,0.46875,32,14
010,0.5234375,0.4765625,32,16
011,0.478515625,0.521484375,30,14
