state,p_marked,error,gate_count,depth
000,0.494140625,0.505859375,33,16
001,0.5078125,0.4921875,31,14
010,0.4765625,0.5234375,31,16
011,0.505859375,0.494140625,29,14
