state,p_marked,error,gate_count,depth
000,0.556640625,0.443359375,34,17
001,0.537109375,0.462890625,32,15
010,0.5390625,0.4609375,32,17
011,0.541015625,0.458984375,30,15
