state,p_marked,error,gate_count,depth
000,0.46484375,0.53515625,33,16
001,0.515625,0.484375,31,14
010,0.548828125,0.451171875,31,16
011,0.533203125,0.466796875,29,14
