state,p_marked,error,gate_count,depth
000,0.0,1.0,37,20
001,0.12109375,0.87890625,35,18
010,0.0,1.0,35,20
011,0.13671875,0.86328125,33,18
