state,p_marked,error,gate_count,depth
000,0.130859375,0.869140625,42,22
001,0.109375,0.890625,34,14
010,0.111328125,0.888671875,34,22
011,0.13671875,0.86328125,26,14
