state,p_marked,error,gate_count,depth
000,0.0625,0.9375,32,15
001,0.083984375,0.916015625,30,13
010,0.07421875,0.92578125,30,15
011,0.068359375,0.931640625,28,13
