state,p_marked,error,gate_count,depth
000,0.466796875,0.533203125,34,16
001,0.470703125,0.529296875,32,14
010,0.494140625,0.505859375,32,16
011,0.4453125,0.5546875,30,14
