state,p_marked,error,gate_count,depth
000,0.0625,0.9375,34,16
001,0.060546875,0.939453125,32,14
010,0.0703125,0.9296875,32,16
011,0.060546875,0.939453125,30,14
