state,p_marked,error,gate_count,depth
000,0.111328125,0.888671875,33,15
001,0.10546875,0.89453125,31,13
010,0.138671875,0.861328125,31,15
011,0.119140625,0.880859375,29,13
