state,p_marked,error,gate_count,depth
000,0.466796875,0.533203125,41,21
001,0.453125,0.546875,37,17
010,0.513671875,0.486328125,37,21
011,0.509765625,0.490234375,33,17
