state,p_marked,error,gate_count,depth
000,0.568359375,0.431640625,34,17
001,0.56640625,0.43359375,32,15
010,0.58984375,0.41015625,32,17
011,0.056640625,0.943359375,30,15
