state,p_marked,error,gate_count,depth
000,0.1015625,0.8984375,42,22
001,0.125,0.875,34,14
010,0.13671875,0.86328125,34,22
011,0.1171875,0.8828125,26,14
