state,p_marked,error,gate_count,depth
000,0.134765625,0.865234375,59,30
001,0.14453125,0.85546875,55,27
010,0.1328125,0.8671875,55,30
011,0.142578125,0.857421875,51,27
