state,p_marked,error,gate_count,depth
000,0.16796875,0.83203125,33,16
001,0.162109375,0.837890625,31,14
010,0.1328125,0.8671875,31,16
011,0.119140625,0.880859375,29,14
