state,p_marked,error,gate_count,depth
000,0.6015625,0.3984375,34,17
001,0.568359375,0.431640625,32,15
010,0.580078125,0.419921875,32,17
011,0.591796875,0.408203125,30,15
