state,p_marked,error,gate_count,depth
000,0.123046875,0.876953125,35,19
001,0.513671875,0.486328125,33,17
010,0.12890625,0.87109375,33,19
011,0.474609375,0.525390625,31,17
