state,p_marked,error,gate_count,depth
000,0.009765625,0.990234375,61,41
001,0.076171875,0.923828125,59,39
010,0.43359375,0.56640625,59,41
011,0.0,1.0,57,39
