state,p_marked,error,gate_count,depth
000,0.134765625,0.865234375,15,7
001,0.1171875,0.8828125,13,5
010,0.09765625,0.90234375,13,7
011,0.109375,0.890625,11,5
