state,p_marked,error,gate_count,depth
000,0.490234375,0.509765625,32,16
001,0.474609375,0.525390625,30,14
010,0.5078125,0.4921875,30,16
011,0.484375,0.515625,28,14
