state,p_marked,error,gate_count,depth
000,0.14453125,0.85546875,50,25
001,0.1015625,0.8984375,48,23
010,0.1328125,0.8671875,48,25
011,0.111328125,0.888671875,46,23
