state,p_marked,error,gate_count,depth
000,0.123046875,0.876953125,42,22
001,0.12109375,0.87890625,34,14
010,0.15234375,0.84765625,34,22
011,0.109375,0.890625,26,14
