state,p_marked,error,gate_count,depth
000,0.0546875,0.9453125,38,21
001,0.0625,0.9375,36,19
010,0.076171875,0.923828125,36,21
011,0.03125,0.96875,34,19
