state,p_marked,error,gate_count,depth
000,0.095703125,0.904296875,23,10
001,0.119140625,0.880859375,23,10
010,0.134765625,0.865234375,23,10
011,0.158203125,0.841796875,23,10
