state,p_marked,error,gate_count,depth
000,0.50390625,0.49609375,33,17
001,0.48828125,0.51171875,31,15
010,0.484375,0.515625,31,17
011,0.41796875,0.58203125,29,15
