state,p_marked,error,gate_count,depth
000,0.56640625,0.43359375,42,21
001,0.546875,0.453125,38,17
010,0.59765625,0.40234375,38,21
011,0.599609375,0.400390625,34,17
