state,p_marked,error,gate_count,depth
000,0.146484375,0.853515625,15,7
001,0.109375,0.890625,13,5
010,0.109375,0.890625,13,7
011,0.16015625,0.83984375,11,5
