state,p_marked,error,gate_count,depth
000,0.12109375,0.87890625,55,30
001,0.095703125,0.904296875,53,28
010,0.123046875,0.876953125,53,30
011,0.134765625,0.865234375,51,28
