state,p_marked,error,gate_count,depth
000,0.052734375,0.947265625,52,27
001,0.318359375,0.681640625,50,25
010,0.353515625,0.646484375,50,27
011,0.056640625,0.943359375,48,25
