state,p_marked,error,gate_count,depth
000,0.001953125,0.998046875,119,66
001,0.154296875,0.845703125,109,56
010,0.119140625,0.880859375,109,66
011,0.1328125,0.8671875,99,56
