state,p_marked,error,gate_count,depth
000,0.5625,0.4375,51,26
001,0.5546875,0.4453125,45,20
010,0.556640625,0.443359375,45,26
011,0.55859375,0.44140625,39,20
