state,p_marked,error,gate_count,depth
000,0.140625,0.859375,42,22
001,0.1328125,0.8671875,34,14
010,0.123046875,0.876953125,34,22
011,0.123046875,0.876953125,26,14
