state,p_marked,error,gate_count,depth
000,0.0859375,0.9140625,50,36
001,0.03515625,0.96484375,50,36
010,0.677734375,0.322265625,50,36
011,0.052734375,0.947265625,50,36
