state,p_marked,error,gate_count,depth
000,0.12109375,0.87890625,24,12
001,0.111328125,0.888671875,20,8
010,0.123046875,0.876953125,20,12
011,0.16015625,0.83984375,16,8
