state,p_marked,error,gate_count,depth
000,0.005859375,0.994140625,34,18
001,0.16015625,0.83984375,32,16
010,0.017578125,0.982421875,32,18
011,0.193359375,0.806640625,30,16
