state,p_marked,error,gate_count,depth
000,0.119140625,0.880859375,42,22
001,0.142578125,0.857421875,34,14
010,0.1171875,0.8828125,34,22
011,0.1015625,0.8984375,26,14
