state,p_marked,error,gate_count,depth
000,0.13671875,0.86328125,46,24
001,0.115234375,0.884765625,42,20
010,0.12109375,0.87890625,42,24
011,0.123046875,0.876953125,38,20
