state,p_marked,error,gate_count,depth
000,0.0,1.0,38,21
001,0.12109375,0.87890625,36,19
010,0.125,0.875,36,21
011,0.0,1.0,34,19
