state,p_marked,error,gate_count,depth
000,0.48828125,0.51171875,33,17
001,0.482421875,0.517578125,31,15
010,0.48828125,0.51171875,31,17
011,0.51953125,0.48046875,29,15
