state,p_marked,error,gate_count,depth
000,0.509765625,0.490234375,41,21
001,0.44140625,0.55859375,37,17
010,0.451171875,0.548828125,37,21
011,0.494140625,0.505859375,33,17
