state,p_marked,error,gate_count,depth
000,0.0,1.0,89,48
001,0.0,1.0,79,38
010,0.234375,0.765625,79,48
011,0.25390625,0.74609375,69,38
