state,p_marked,error,gate_count,depth
000,0.43359375,0.56640625,33,17
001,0.1328125,0.8671875,31,15
010,0.529296875,0.470703125,31,17
011,0.095703125,0.904296875,29,15
