state,p_marked,error,gate_count,depth
000,0.10546875,0.89453125,24,12
001,0.130859375,0.869140625,20,8
010,0.11328125,0.88671875,20,12
011,0.12890625,0.87109375,16,8
