state,p_marked,error,gate_count,depth
000,0.5078125,0.4921875,41,21
001,0.462890625,0.537109375,37,17
010,0.51171875,0.48828125,37,21
011,0.458984375,0.541015625,33,17
