state,p_marked,error,gate_count,depth
000,0.5234375,0.4765625,33,17
001,0.48828125,0.51171875,31,15
010,0.5078125,0.4921875,31,17
011,0.501953125,0.498046875,29,15
