state,p_marked,error,gate_count,depth
000,0.572265625,0.427734375,33,16
001,0.5703125,0.4296875,31,14
010,0.53125,0.46875,31,16
011,0.521484375,0.478515625,29,14
