state,p_marked,error,gate_count,depth
000,0.119140625,0.880859375,106,58
001,0.103515625,0.896484375,98,50
010,0.12890625,0.87109375,98,58
011,0.109375,0.890625,90,50
