state,p_marked,error,gate_count,depth
000,0.05078125,0.94921875,33,16
001,0.068359375,0.931640625,31,14
010,0.056640625,0.943359375,31,16
011,0.046875,0.953125,29,14
