state,p_marked,error,gate_count,depth
000,0.5390625,0.4609375,42,21
001,0.564453125,0.435546875,38,17
010,0.55078125,0.44921875,38,21
011,0.560546875,0.439453125,34,17
