state,p_marked,error,gate_count,depth
000,0.517578125,0.482421875,33,17
001,0.54296875,0.45703125,31,15
010,0.513671875,0.486328125,31,17
011,0.505859375,0.494140625,29,15
