state,p_marked,error,gate_count,depth
000,0.25,0.75,60,31
001,0.251953125,0.748046875,56,27
010,0.25390625,0.74609375,56,31
011,0.28515625,0.71484375,52,27
