state,p_marked,error,gate_count,depth
000,0.162109375,0.837890625,24,12
001,0.130859375,0.869140625,20,8
010,0.123046875,0.876953125,20,12
011,0.14453125,0.85546875,16,8
