state,p_marked,error,gate_count,depth
000,0.064453125,0.935546875,282,189
001,0.048828125,0.951171875,278,185
010,0.123046875,0.876953125,278,189
011,0.0,1.0,274,185
