state,p_marked,error,gate_count,depth
000,0.142578125,0.857421875,78,42
001,0.1328125,0.8671875,66,30
010,0.134765625,0.865234375,66,42
011,0.12109375,0.87890625,54,30
