state,p_marked,error,gate_count,depth
000,0.10546875,0.89453125,49,25
001,0.126953125,0.873046875,47,23
010,0.1328125,0.8671875,47,25
011,0.111328125,0.888671875,45,23
