state,p_marked,error,gate_count,depth
000,0.08984375,0.91015625,34,18
001,0.05078125,0.94921875,32,16
010,0.048828125,0.951171875,32,18
011,0.07421875,0.92578125,30,16
