state,p_marked,error,gate_count,depth
000,0.560546875,0.439453125,42,21
001,0.556640625,0.443359375,38,17
010,0.5546875,0.4453125,38,21
011,0.560546875,0.439453125,34,17
