state,p_marked,error,gate_count,depth
000,0.509765625,0.490234375,42,22
001,0.482421875,0.517578125,38,18
010,0.50390625,0.49609375,38,22
011,0.515625,0.484375,34,18
