state,p_marked,error,gate_count,depth
000,0.091796875,0.908203125,60,32
001,0.142578125,0.857421875,48,20
010,0.126953125,0.873046875,48,32
011,0.12890625,0.87109375,36,20
