state,p_marked,error,gate_count,depth
000,0.068359375,0.931640625,33,16
001,0.064453125,0.935546875,31,14
010,0.0703125,0.9296875,31,16
011,0.080078125,0.919921875,29,14
