state,p_marked,error,gate_count,depth
000,0.5234375,0.4765625,40,22
001,0.099609375,0.900390625,38,20
010,0.107421875,0.892578125,38,22
011,0.509765625,0.490234375,36,20
