state,p_marked,error,gate_count,depth
000,0.48828125,0.51171875,33,16
001,0.552734375,0.447265625,31,14
010,0.48046875,0.51953125,31,16
011,0.52734375,0.47265625,29,14
