state,p_marked,error,gate_count,depth
000,0.05078125,0.94921875,32,16
001,0.080078125,0.919921875,30,14
010,0.078125,0.921875,30,16
011,0.07421875,0.92578125,28,14
