state,p_marked,error,gate_count,depth
000,0.138671875,0.861328125,60,32
001,0.107421875,0.892578125,48,20
010,0.12890625,0.87109375,48,32
011,0.134765625,0.865234375,36,20
