state,p_marked,error,gate_count,depth
000,0.546875,0.453125,34,17
001,0.548828125,0.451171875,32,15
010,0.546875,0.453125,32,17
011,0.60546875,0.39453125,30,15
