state,p_marked,error,gate_count,depth
000,0.53515625,0.46484375,33,17
001,0.49609375,0.50390625,31,15
010,0.4609375,0.5390625,31,17
011,0.537109375,0.462890625,29,15
