state,p_marked,error,gate_count,depth
000,0.18359375,0.81640625,119,86
001,0.041015625,0.958984375,119,86
010,0.009765625,0.990234375,119,86
011,0.11328125,0.88671875,119,86
