state,p_marked,error,gate_count,depth
000,0.111328125,0.888671875,41,23
001,0.0,1.0,39,21
010,0.134765625,0.865234375,39,23
011,0.130859375,0.869140625,37,21
