state,p_marked,error,gate_count,depth
000,0.125,0.875,43,22
001,0.119140625,0.880859375,39,18
010,0.138671875,0.861328125,39,22
011,0.119140625,0.880859375,35,18
