state,p_marked,error,gate_count,depth
000,0.265625,0.734375,33,17
001,0.232421875,0.767578125,31,15
010,0.259765625,0.740234375,31,17
011,0.2578125,0.7421875,29,15
