state,p_marked,error,gate_count,depth
000,0.126953125,0.873046875,49,25
001,0.15234375,0.84765625,47,23
010,0.154296875,0.845703125,47,25
011,0.154296875,0.845703125,45,23
