state,p_marked,error,gate_count,depth
000,0.50390625,0.49609375,33,16
001,0.607421875,0.392578125,31,14
010,0.6015625,0.3984375,31,16
011,0.58984375,0.41015625,29,14
