state,p_marked,error,gate_count,depth
000,0.14453125,0.85546875,49,24
001,0.107421875,0.892578125,47,22
010,0.12890625,0.87109375,47,24
011,0.138671875,0.861328125,45,22
