state,p_marked,error,gate_count,depth
000,0.58984375,0.41015625,42,21
001,0.5390625,0.4609375,38,17
010,0.560546875,0.439453125,38,21
011,0.552734375,0.447265625,34,17
