state,p_marked,error,gate_count,depth
000,0.05859375,0.94140625,42,21
001,0.07421875,0.92578125,38,17
010,0.064453125,0.935546875,38,21
011,0.06640625,0.93359375,34,17
