state,p_marked,error,gate_count,depth
000,0.115234375,0.884765625,41,23
001,0.28125,0.71875,39,21
010,0.61328125,0.38671875,39,23
011,0.091796875,0.908203125,37,21
