state,p_marked,error,gate_count,depth
000,0.53515625,0.46484375,41,21
001,0.484375,0.515625,37,17
010,0.509765625,0.490234375,37,21
011,0.44921875,0.55078125,33,17
