state,p_marked,error,gate_count,depth
000,0.09765625,0.90234375,33,17
001,0.140625,0.859375,27,11
010,0.140625,0.859375,27,17
011,0.099609375,0.900390625,21,11
