state,p_marked,error,gate_count,depth
000,0.107421875,0.892578125,60,32
001,0.1171875,0.8828125,48,20
010,0.1171875,0.8828125,48,32
011,0.12890625,0.87109375,36,20
