state,p_marked,error,gate_count,depth
000,0.57421875,0.42578125,35,18
001,0.513671875,0.486328125,33,16
010,0.53515625,0.46484375,33,18
011,0.5546875,0.4453125,31,16
