state,p_marked,error,gate_count,depth
000,0.546875,0.453125,33,17
001,0.509765625,0.490234375,31,15
010,0.517578125,0.482421875,31,17
011,0.46875,0.53125,29,15
