state,p_marked,error,gate_count,depth
000,0.568359375,0.431640625,95,48
001,0.05859375,0.94140625,87,40
010,0.064453125,0.935546875,87,48
011,0.05859375,0.94140625,79,40
