state,p_marked,error,gate_count,depth
000,0.1171875,0.8828125,41,21
001,0.1171875,0.8828125,41,21
010,0.12109375,0.87890625,41,21
011,0.115234375,0.884765625,41,21
