state,p_marked,error,gate_count,depth
000,0.109375,0.890625,24,12
001,0.15625,0.84375,20,8
010,0.14453125,0.85546875,20,12
011,0.1484375,0.8515625,16,8
