state,p_marked,error,gate_count,depth
000,0.107421875,0.892578125,33,16
001,0.130859375,0.869140625,31,14
010,0.12890625,0.87109375,31,16
011,0.08984375,0.91015625,29,14
