state,p_marked,error,gate_count,depth
000,0.55859375,0.44140625,33,16
001,0.546875,0.453125,31,14
010,0.611328125,0.388671875,31,16
011,0.556640625,0.443359375,29,14
