state,p_marked,error,gate_count,depth
000,0.111328125,0.888671875,33,17
001,0.0,1.0,31,15
010,0.15625,0.84375,31,17
011,0.111328125,0.888671875,29,15
