state,p_marked,error,gate_count,depth
000,0.48046875,0.51953125,32,16
001,0.48828125,0.51171875,30,14
010,0.494140625,0.505859375,30,16
011,0.44140625,0.55859375,28,14
