state,p_marked,error,gate_count,depth
000,0.53515625,0.46484375,33,16
001,0.552734375,0.447265625,31,14
010,0.5546875,0.4453125,31,16
011,0.595703125,0.404296875,29,14
