state,p_marked,error,gate_count,depth
000,0.138671875,0.861328125,62,33
001,0.115234375,0.884765625,58,29
010,0.119140625,0.880859375,58,33
011,0.1328125,0.8671875,54,29
