state,p_marked,error,gate_count,depth
000,0.51953125,0.48046875,32,16
001,0.52734375,0.47265625,30,14
010,0.51953125,0.48046875,30,16
011,0.509765625,0.490234375,28,14
