state,p_marked,error,gate_count,depth
000,0.125,0.875,60,31
001,0.119140625,0.880859375,56,27
010,0.138671875,0.861328125,56,31
011,0.142578125,0.857421875,52,27
