state,p_marked,error,gate_count,depth
000,0.12890625,0.87109375,46,24
001,0.103515625,0.896484375,42,20
010,0.142578125,0.857421875,42,24
011,0.115234375,0.884765625,38,20
