state,p_marked,error,gate_count,depth
000,0.080078125,0.919921875,43,22
001,0.064453125,0.935546875,39,18
010,0.056640625,0.943359375,39,22
011,0.05859375,0.94140625,35,18
