state,p_marked,error,gate_count,depth
000,0.494140625,0.505859375,33,17
001,0.515625,0.484375,31,15
010,0.451171875,0.548828125,31,17
011,0.474609375,0.525390625,29,15
