state,p_marked,error,gate_count,depth
000,0.130859375,0.869140625,60,32
001,0.12109375,0.87890625,48,20
010,0.119140625,0.880859375,48,32
011,0.123046875,0.876953125,36,20
