state,p_marked,error,gate_count,depth
000,0.47265625,0.52734375,33,17
001,0.49609375,0.50390625,31,15
010,0.494140625,0.505859375,31,17
011,0.458984375,0.541015625,29,15
