state,p_marked,error,gate_count,depth
000,0.12890625,0.87109375,42,22
001,0.13671875,0.86328125,34,14
010,0.119140625,0.880859375,34,22
011,0.119140625,0.880859375,26,14
