state,p_marked,error,gate_count,depth
000,0.4921875,0.5078125,32,16
001,0.50390625,0.49609375,30,14
010,0.47265625,0.52734375,30,16
011,0.537109375,0.462890625,28,14
