state,p_marked,error,gate_count,depth
000,0.1328125,0.8671875,51,27
001,0.1328125,0.8671875,41,17
010,0.099609375,0.900390625,41,27
011,0.091796875,0.908203125,31,17
