state,p_marked,error,gate_count,depth
000,0.0,1.0,49,24
001,0.0,1.0,47,22
010,0.24609375,0.75390625,47,24
011,0.240234375,0.759765625,45,22
