state,p_marked,error,gate_count,depth
000,0.1171875,0.8828125,41,23
001,0.259765625,0.740234375,39,21
010,0.619140625,0.380859375,39,23
011,0.103515625,0.896484375,37,21
