state,p_marked,error,gate_count,depth
000,0.005859375,0.994140625,32,15
001,0.00390625,0.99609375,30,13
010,0.0,1.0,30,15
011,0.005859375,0.994140625,28,13
