state,p_marked,error,gate_count,depth
000,0.0,1.0,57,30
001,0.10546875,0.89453125,51,24
010,0.0,1.0,51,30
011,0.123046875,0.876953125,45,24
