state,p_marked,error,gate_count,depth
000,0.107421875,0.892578125,42,22
001,0.1328125,0.8671875,38,18
010,0.12890625,0.87109375,38,22
011,0.130859375,0.869140625,34,18
