state,p_marked,error,gate_count,depth
000,0.12109375,0.87890625,42,22
001,0.1640625,0.8359375,34,14
010,0.138671875,0.861328125,34,22
011,0.13671875,0.86328125,26,14
