state,p_marked,error,gate_count,depth
000,0.2578125,0.7421875,33,17
001,0.259765625,0.740234375,31,15
010,0.220703125,0.779296875,31,17
011,0.275390625,0.724609375,29,15
