state,p_marked,error,gate_count,depth
000,0.03125,0.96875,176,130
001,0.0,1.0,174,128
010,0.107421875,0.892578125,174,130
011,0.01171875,0.98828125,172,128
