state,p_marked,error,gate_count,depth
000,0.552734375,0.447265625,42,21
001,0.59375,0.40625,38,17
010,0.583984375,0.416015625,38,21
011,0.55859375,0.44140625,34,17
