state,p_marked,error,gate_count,depth
000,0.123046875,0.876953125,47,24
001,0.115234375,0.884765625,43,20
010,0.109375,0.890625,43,24
011,0.095703125,0.904296875,39,20
