state,p_marked,error,gate_count,depth
000,0.044921875,0.955078125,32,16
001,0.05078125,0.94921875,30,14
010,0.068359375,0.931640625,30,16
011,0.052734375,0.947265625,28,14
