state,p_marked,error,gate_count,depth
000,0.22265625,0.77734375,50,28
001,0.037109375,0.962890625,46,24
010,0.208984375,0.791015625,46,28
011,0.04296875,0.95703125,42,24
