state,p_marked,error,gate_count,depth
000,0.26171875,0.73828125,58,29
001,0.26171875,0.73828125,54,25
010,0.244140625,0.755859375,54,29
011,0.23046875,0.76953125,50,25
