state,p_marked,error,gate_count,depth
000,0.0,1.0,48,32
001,0.111328125,0.888671875,46,30
010,0.0,1.0,46,32
011,0.13671875,0.86328125,44,30
