state,p_marked,error,gate_count,depth
000,0.130859375,0.869140625,15,7
001,0.12109375,0.87890625,13,5
010,0.12890625,0.87109375,13,7
011,0.134765625,0.865234375,11,5
