state,p_marked,error,gate_count,depth
000,0.140625,0.859375,60,32
001,0.14453125,0.85546875,48,20
010,0.134765625,0.865234375,48,32
011,0.115234375,0.884765625,36,20
