state,p_marked,error,gate_count,depth
000,0.0703125,0.9296875,62,32
001,0.0,1.0,58,28
010,0.11328125,0.88671875,58,32
011,0.052734375,0.947265625,54,28
