state,p_marked,error,gate_count,depth
000,0.013671875,0.986328125,90,57
001,0.021484375,0.978515625,86,53
010,0.091796875,0.908203125,86,57
011,0.373046875,0.626953125,82,53
