state,p_marked,error,gate_count,depth
000,0.150390625,0.849609375,73,53
001,0.130859375,0.869140625,73,53
010,0.119140625,0.880859375,73,53
011,0.091796875,0.908203125,73,53
