state,p_marked,error,gate_count,depth
000,0.150390625,0.849609375,83,44
001,0.1171875,0.8828125,71,32
010,0.12890625,0.87109375,71,44
011,0.12109375,0.87890625,59,32
