state,p_marked,error,gate_count,depth
000,0.130859375,0.869140625,41,20
001,0.1171875,0.8828125,37,16
010,0.12109375,0.87890625,37,20
011,0.138671875,0.861328125,33,16
