state,p_marked,error,gate_count,depth
000,0.029296875,0.970703125,91,46
001,0.068359375,0.931640625,89,44
010,0.1953125,0.8046875,89,46
011,0.0390625,0.9609375,87,44
