state,p_marked,error,gate_count,depth
000,0.06640625,0.93359375,52,27
001,0.0,1.0,50,25
010,0.2421875,0.7578125,50,27
011,0.046875,0.953125,48,25
