state,p_marked,error,gate_count,depth
000,0.259765625,0.740234375,32,16
001,0.224609375,0.775390625,30,14
010,0.236328125,0.763671875,30,16
011,0.234375,0.765625,28,14
