state,p_marked,error,gate_count,depth
000,0.1171875,0.8828125,54,28
001,0.099609375,0.900390625,52,26
010,0.14453125,0.85546875,52,28
011,0.130859375,0.869140625,50,26
