state,p_marked,error,gate_count,depth
000,0.470703125,0.529296875,54,29
001,0.11328125,0.88671875,48,23
010,0.53125,0.46875,48,29
011,0.13671875,0.86328125,42,23
