state,p_marked,error,gate_count,depth
000,0.072265625,0.927734375,34,18
001,0.0625,0.9375,32,16
010,0.05078125,0.94921875,32,18
011,0.076171875,0.923828125,30,16
