state,p_marked,error,gate_count,depth
000,0.57421875,0.42578125,42,21
001,0.537109375,0.462890625,38,17
010,0.5546875,0.4453125,38,21
011,0.556640625,0.443359375,34,17
