state,p_marked,error,gate_count,depth
000,0.49609375,0.50390625,33,17
001,0.51953125,0.48046875,31,15
010,0.48046875,0.51953125,31,17
011,0.52734375,0.47265625,29,15
