state,p_marked,error,gate_count,depth
000,0.234375,0.765625,68,35
001,0.24609375,0.75390625,62,29
010,0.232421875,0.767578125,62,35
011,0.25390625,0.74609375,56,29
