state,p_marked,error,gate_count,depth
000,0.537109375,0.462890625,33,17
001,0.49609375,0.50390625,31,15
010,0.498046875,0.501953125,31,17
011,0.533203125,0.466796875,29,15
