state,p_marked,error,gate_count,depth
000,0.125,0.875,51,27
001,0.15625,0.84375,41,17
010,0.134765625,0.865234375,41,27
011,0.134765625,0.865234375,31,17
