state,p_marked,error,gate_count,depth
000,0.134765625,0.865234375,32,15
001,0.107421875,0.892578125,30,13
010,0.09765625,0.90234375,30,15
011,0.109375,0.890625,28,13
