state,p_marked,error,gate_count,depth
000,0.05859375,0.94140625,35,18
001,0.048828125,0.951171875,33,16
010,0.037109375,0.962890625,33,18
011,0.06640625,0.93359375,31,16
