state,p_marked,error,gate_count,depth
000,0.484375,0.515625,32,16
001,0.517578125,0.482421875,30,14
010,0.5390625,0.4609375,30,16
011,0.541015625,0.458984375,28,14
