state,p_marked,error,gate_count,depth
000,0.138671875,0.861328125,33,17
001,0.1171875,0.8828125,27,11
010,0.115234375,0.884765625,27,17
011,0.15625,0.84375,21,11
