state,p_marked,error,gate_count,depth
000,0.115234375,0.884765625,24,12
001,0.11328125,0.88671875,20,8
010,0.10546875,0.89453125,20,12
011,0.12109375,0.87890625,16,8
