state,p_marked,error,gate_count,depth
000,0.1171875,0.8828125,60,32
001,0.087890625,0.912109375,48,20
010,0.12109375,0.87890625,48,32
011,0.095703125,0.904296875,36,20
