state,p_marked,error,gate_count,depth
000,0.533203125,0.466796875,33,17
001,0.517578125,0.482421875,31,15
010,0.49609375,0.50390625,31,17
011,0.46875,0.53125,29,15
