state,p_marked,error,gate_count,depth
000,0.54296875,0.45703125,42,21
001,0.54296875,0.45703125,38,17
010,0.5703125,0.4296875,38,21
011,0.59765625,0.40234375,34,17
