state,p_marked,error,gate_count,depth
000,0.0,1.0,37,20
001,0.119140625,0.880859375,35,18
010,0.14453125,0.85546875,35,20
011,0.0,1.0,33,18
