state,p_marked,error,gate_count,depth
000,0.107421875,0.892578125,59,33
001,0.232421875,0.767578125,53,27
010,0.60546875,0.39453125,53,33
011,0.115234375,0.884765625,47,27
