state,p_marked,error,gate_count,depth
000,0.109375,0.890625,23,10
001,0.125,0.875,23,10
010,0.1328125,0.8671875,23,10
011,0.103515625,0.896484375,23,10
