state,p_marked,error,gate_count,depth
000,0.05078125,0.94921875,51,27
001,0.0390625,0.9609375,49,25
010,0.041015625,0.958984375,49,27
011,0.03125,0.96875,47,25
