state,p_marked,error,gate_count,depth
000,0.30859375,0.69140625,62,35
001,0.072265625,0.927734375,60,33
010,0.0234375,0.9765625,60,35
011,0.119140625,0.880859375,58,33
