state,p_marked,error,gate_count,depth
000,0.255859375,0.744140625,113,67
001,0.0078125,0.9921875,109,63
010,0.16015625,0.83984375,109,67
011,0.0390625,0.9609375,105,63
