state,p_marked,error,gate_count,depth
000,0.109375,0.890625,54,28
001,0.134765625,0.865234375,52,26
010,0.138671875,0.861328125,52,28
011,0.119140625,0.880859375,50,26
