state,p_marked,error,gate_count,depth
000,0.115234375,0.884765625,69,37
001,0.12890625,0.87109375,55,23
010,0.107421875,0.892578125,55,37
011,0.134765625,0.865234375,41,23
