state,p_marked,error,gate_count,depth
000,0.1484375,0.8515625,33,17
001,0.1484375,0.8515625,31,15
010,0.099609375,0.900390625,31,17
011,0.0,1.0,29,15
