state,p_marked,error,gate_count,depth
000,0.111328125,0.888671875,33,17
001,0.103515625,0.896484375,27,11
010,0.095703125,0.904296875,27,17
011,0.123046875,0.876953125,21,11
