state,p_marked,error,gate_count,depth
000,0.11328125,0.88671875,15,7
001,0.119140625,0.880859375,13,5
010,0.119140625,0.880859375,13,7
011,0.12890625,0.87109375,11,5
