state,p_marked,error,gate_count,depth
000,0.4765625,0.5234375,32,16
001,0.556640625,0.443359375,30,14
010,0.521484375,0.478515625,30,16
011,0.501953125,0.498046875,28,14
