state,p_marked,error,gate_count,depth
000,0.19921875,0.80078125,68,47
001,0.015625,0.984375,68,47
010,0.28125,0.71875,68,47
011,0.125,0.875,68,47
