state,p_marked,error,gate_count,depth
000,0.041015625,0.958984375,34,17
001,0.060546875,0.939453125,32,15
010,0.05078125,0.94921875,32,17
011,0.060546875,0.939453125,30,15
