state,p_marked,error,gate_count,depth
000,0.22265625,0.77734375,33,17
001,0.236328125,0.763671875,31,15
010,0.248046875,0.751953125,31,17
011,0.25390625,0.74609375,29,15
