state,p_marked,error,gate_count,depth
000,0.5625,0.4375,33,16
001,0.552734375,0.447265625,31,14
010,0.5859375,0.4140625,31,16
011,0.556640625,0.443359375,29,14
