state,p_marked,error,gate_count,depth
000,0.072265625,0.927734375,33,17
001,0.078125,0.921875,31,15
010,0.05859375,0.94140625,31,17
011,0.0703125,0.9296875,29,15
