state,p_marked,error,gate_count,depth
000,0.279296875,0.720703125,33,17
001,0.248046875,0.751953125,31,15
010,0.263671875,0.736328125,31,17
011,0.25390625,0.74609375,29,15
