state,p_marked,error,gate_count,depth
000,0.076171875,0.923828125,81,41
001,0.076171875,0.923828125,77,37
010,0.0546875,0.9453125,77,41
011,0.330078125,0.669921875,73,37
