state,p_marked,error,gate_count,depth
000,0.125,0.875,47,25
001,0.126953125,0.873046875,43,21
010,0.150390625,0.849609375,43,25
011,0.13671875,0.86328125,39,21
