state,p_marked,error,gate_count,depth
000,0.103515625,0.896484375,32,15
001,0.130859375,0.869140625,30,13
010,0.142578125,0.857421875,30,15
011,0.10546875,0.89453125,28,13
