state,p_marked,error,gate_count,depth
000,0.494140625,0.505859375,33,17
001,0.544921875,0.455078125,31,15
010,0.443359375,0.556640625,31,17
011,0.525390625,0.474609375,29,15
