state,p_marked,error,gate_count,depth
000,0.541015625,0.458984375,32,16
001,0.498046875,0.501953125,30,14
010,0.55078125,0.44921875,30,16
011,0.486328125,0.513671875,28,14
