state,p_marked,error,gate_count,depth
000,0.0078125,0.9921875,62,35
001,0.00390625,0.99609375,60,33
010,0.30078125,0.69921875,60,35
011,0.3671875,0.6328125,58,33
