state,p_marked,error,gate_count,depth
000,0.548828125,0.451171875,33,16
001,0.56640625,0.43359375,31,14
010,0.5625,0.4375,31,16
011,0.580078125,0.419921875,29,14
