state,p_marked,error,gate_count,depth
000,0.509765625,0.490234375,32,16
001,0.474609375,0.525390625,30,14
010,0.470703125,0.529296875,30,16
011,0.5,0.5,28,14
