state,p_marked,error,gate_count,depth
000,0.0,1.0,92,58
001,0.11328125,0.88671875,90,56
010,0.115234375,0.884765625,90,58
011,0.08984375,0.91015625,88,56
