state,p_marked,error,gate_count,depth
000,0.0,1.0,38,20
001,0.12890625,0.87109375,36,18
010,0.0,1.0,36,20
011,0.125,0.875,34,18
