state,p_marked,error,gate_count,depth
000,0.47265625,0.52734375,41,21
001,0.490234375,0.509765625,37,17
010,0.51171875,0.48828125,37,21
011,0.513671875,0.486328125,33,17
