state,p_marked,error,gate_count,depth
000,0.482421875,0.517578125,32,16
001,0.47265625,0.52734375,30,14
010,0.486328125,0.513671875,30,16
011,0.46484375,0.53515625,28,14
