state,p_marked,error,gate_count,depth
000,0.150390625,0.849609375,15,7
001,0.10546875,0.89453125,13,5
010,0.154296875,0.845703125,13,7
011,0.125,0.875,11,5
