state,p_marked,error,gate_count,depth
000,0.501953125,0.498046875,32,16
001,0.453125,0.546875,30,14
010,0.48046875,0.51953125,30,16
011,0.53515625,0.46484375,28,14
