state,p_marked,error,gate_count,depth
000,0.111328125,0.888671875,32,16
001,0.095703125,0.904296875,30,14
010,0.125,0.875,30,16
011,0.09765625,0.90234375,28,14
