state,p_marked,error,gate_count,depth
000,0.052734375,0.947265625,32,15
001,0.064453125,0.935546875,30,13
010,0.044921875,0.955078125,30,15
011,0.04296875,0.95703125,28,13
