state,p_marked,error,gate_count,depth
000,0.0,1.0,51,26
001,0.0,1.0,49,24
010,0.53125,0.46875,49,26
011,0.484375,0.515625,47,24
