state,p_marked,error,gate_count,depth
000,0.40625,0.59375,50,24
001,0.05859375,0.94140625,48,22
010,0.064453125,0.935546875,48,24
011,0.0625,0.9375,46,22
