state,p_marked,error,gate_count,depth
000,0.501953125,0.498046875,41,21
001,0.5,0.5,37,17
010,0.482421875,0.517578125,37,21
011,0.4609375,0.5390625,33,17
