state,p_marked,error,gate_count,depth
000,0.283203125,0.716796875,56,33
001,0.11328125,0.88671875,54,31
010,0.103515625,0.896484375,54,33
011,0.1015625,0.8984375,52,31
