state,p_marked,error,gate_count,depth
000,0.11328125,0.88671875,64,37
001,0.3046875,0.6953125,62,35
010,0.138671875,0.861328125,62,37
011,0.0,1.0,60,35
