state,p_marked,error,gate_count,depth
000,0.130859375,0.869140625,32,15
001,0.125,0.875,30,13
010,0.12890625,0.87109375,30,15
011,0.115234375,0.884765625,28,13
