state,p_marked,error,gate_count,depth
000,0.0,1.0,39,20
001,0.134765625,0.865234375,37,18
010,0.0,1.0,37,20
011,0.13671875,0.86328125,35,18
