state,p_marked,error,gate_count,depth
000,0.185546875,0.814453125,162,111
001,0.009765625,0.990234375,160,109
010,0.12890625,0.87109375,160,111
011,0.05859375,0.94140625,158,109
