state,p_marked,error,gate_count,depth
000,0.103515625,0.896484375,32,15
001,0.1171875,0.8828125,30,13
010,0.107421875,0.892578125,30,15
011,0.12890625,0.87109375,28,13
