state,p_marked,error,gate_count,depth
000,0.142578125,0.857421875,15,7
001,0.123046875,0.876953125,13,5
010,0.125,0.875,13,7
011,0.142578125,0.857421875,11,5
