state,p_marked,error,gate_count,depth
000,0.134765625,0.865234375,61,33
001,0.14453125,0.85546875,53,25
010,0.142578125,0.857421875,53,33
011,0.115234375,0.884765625,45,25
