state,p_marked,error,gate_count,depth
000,0.0,1.0,40,21
001,0.09765625,0.90234375,38,19
010,0.12109375,0.87890625,38,21
011,0.0,1.0,36,19
