state,p_marked,error,gate_count,depth
000,0.140625,0.859375,34,17
001,0.140625,0.859375,32,15
010,0.123046875,0.876953125,32,17
011,0.107421875,0.892578125,30,15
