state,p_marked,error,gate_count,depth
000,0.109375,0.890625,62,33
001,0.134765625,0.865234375,58,29
010,0.150390625,0.849609375,58,33
011,0.12109375,0.87890625,54,29
