state,p_marked,error,gate_count,depth
000,0.0,1.0,50,26
001,0.251953125,0.748046875,48,24
010,0.056640625,0.943359375,48,26
011,0.05859375,0.94140625,46,24
