state,p_marked,error,gate_count,depth
000,0.12890625,0.87109375,32,15
001,0.140625,0.859375,30,13
010,0.1328125,0.8671875,30,15
011,0.12890625,0.87109375,28,13
