state,p_marked,error,gate_count,depth
000,0.580078125,0.419921875,42,21
001,0.529296875,0.470703125,38,17
010,0.552734375,0.447265625,38,21
011,0.564453125,0.435546875,34,17
