state,p_marked,error,gate_count,depth
000,0.068359375,0.931640625,58,29
001,0.0,1.0,54,25
010,0.2265625,0.7734375,54,29
011,0.259765625,0.740234375,50,25
