state,p_marked,error,gate_count,depth
000,0.560546875,0.439453125,33,16
001,0.53515625,0.46484375,31,14
010,0.5546875,0.4453125,31,16
011,0.5625,0.4375,29,14
