state,p_marked,error,gate_count,depth
000,0.544921875,0.455078125,34,17
001,0.580078125,0.419921875,32,15
010,0.537109375,0.462890625,32,17
011,0.578125,0.421875,30,15
