state,p_marked,error,gate_count,depth
000,0.505859375,0.494140625,33,16
001,0.50390625,0.49609375,31,14
010,0.53125,0.46875,31,16
011,0.533203125,0.466796875,29,14
