state,p_marked,error,gate_count,depth
000,0.1953125,0.8046875,106,67
001,0.09375,0.90625,106,67
010,0.017578125,0.982421875,106,67
011,0.138671875,0.861328125,106,67
