state,p_marked,error,gate_count,depth
000,0.58203125,0.41796875,42,21
001,0.578125,0.421875,38,17
010,0.548828125,0.451171875,38,21
011,0.58984375,0.41015625,34,17
