state,p_marked,error,gate_count,depth
000,0.12890625,0.87109375,15,7
001,0.130859375,0.869140625,13,5
010,0.1015625,0.8984375,13,7
011,0.150390625,0.849609375,11,5
