state,p_marked,error,gate_count,depth
000,0.1953125,0.8046875,50,28
001,0.041015625,0.958984375,46,24
010,0.2578125,0.7421875,46,28
011,0.037109375,0.962890625,42,24
