state,p_marked,error,gate_count,depth
000,0.13671875,0.86328125,15,7
001,0.107421875,0.892578125,13,5
010,0.119140625,0.880859375,13,7
011,0.109375,0.890625,11,5
