state,p_marked,error,gate_count,depth
000,0.328125,0.671875,49,29
001,0.162109375,0.837890625,49,29
010,0.123046875,0.876953125,49,29
011,0.123046875,0.876953125,49,29
