state,p_marked,error,gate_count,depth
000,0.111328125,0.888671875,49,25
001,0.115234375,0.884765625,47,23
010,0.091796875,0.908203125,47,25
011,0.1171875,0.8828125,45,23
