state,p_marked,error,gate_count,depth
000,0.150390625,0.849609375,33,16
001,0.12890625,0.87109375,31,14
010,0.095703125,0.904296875,31,16
011,0.14453125,0.85546875,29,14
