state,p_marked,error,gate_count,depth
000,0.541015625,0.458984375,34,18
001,0.572265625,0.427734375,32,16
010,0.55859375,0.44140625,32,18
011,0.5625,0.4375,30,16
