state,p_marked,error,gate_count,depth
000,0.1015625,0.8984375,32,15
001,0.1015625,0.8984375,30,13
010,0.1171875,0.8828125,30,15
011,0.1171875,0.8828125,28,13
