state,p_marked,error,gate_count,depth
000,0.07421875,0.92578125,60,37
001,0.02734375,0.97265625,58,35
010,0.21875,0.78125,58,37
011,0.15625,0.84375,56,35
