state,p_marked,error,gate_count,depth
000,0.138671875,0.861328125,15,7
001,0.14453125,0.85546875,13,5
010,0.119140625,0.880859375,13,7
011,0.140625,0.859375,11,5
