state,p_marked,error,gate_count,depth
000,0.58203125,0.41796875,34,17
001,0.599609375,0.400390625,32,15
010,0.53515625,0.46484375,32,17
011,0.5546875,0.4453125,30,15
