state,p_marked,error,gate_count,depth
000,0.259765625,0.740234375,34,17
001,0.0,1.0,32,15
010,0.29296875,0.70703125,32,17
011,0.0,1.0,30,15
