state,p_marked,error,gate_count,depth
000,0.533203125,0.466796875,33,16
001,0.587890625,0.412109375,31,14
010,0.552734375,0.447265625,31,16
011,0.6015625,0.3984375,29,14
