state,p_marked,error,gate_count,depth
000,0.576171875,0.423828125,33,16
001,0.55078125,0.44921875,31,14
010,0.548828125,0.451171875,31,16
011,0.560546875,0.439453125,29,14
