state,p_marked,error,gate_count,depth
000,0.5859375,0.4140625,33,16
001,0.541015625,0.458984375,31,14
010,0.56640625,0.43359375,31,16
011,0.576171875,0.423828125,29,14
