state,p_marked,error,gate_count,depth
000,0.15234375,0.84765625,15,7
001,0.11328125,0.88671875,13,5
010,0.158203125,0.841796875,13,7
011,0.091796875,0.908203125,11,5
