state,p_marked,error,gate_count,depth
000,0.09765625,0.90234375,33,15
001,0.05859375,0.94140625,31,13
010,0.060546875,0.939453125,31,15
011,0.048828125,0.951171875,29,13
