state,p_marked,error,gate_count,depth
000,0.478515625,0.521484375,32,16
001,0.515625,0.484375,30,14
010,0.46875,0.53125,30,16
011,0.46484375,0.53515625,28,14
