state,p_marked,error,gate_count,depth
000,0.517578125,0.482421875,33,17
001,0.505859375,0.494140625,31,15
010,0.50390625,0.49609375,31,17
011,0.13671875,0.86328125,29,15
