state,p_marked,error,gate_count,depth
000,0.486328125,0.513671875,33,16
001,0.525390625,0.474609375,31,14
010,0.51953125,0.48046875,31,16
011,0.53515625,0.46484375,29,14
