state,p_marked,error,gate_count,depth
000,0.478515625,0.521484375,33,17
001,0.494140625,0.505859375,31,15
010,0.46875,0.53125,31,17
011,0.12109375,0.87890625,29,15
