state,p_marked,error,gate_count,depth
000,0.140625,0.859375,42,22
001,0.1171875,0.8828125,34,14
010,0.126953125,0.873046875,34,22
011,0.1015625,0.8984375,26,14
