state,p_marked,error,gate_count,depth
000,0.109375,0.890625,24,12
001,0.10546875,0.89453125,20,8
010,0.1640625,0.8359375,20,12
011,0.12109375,0.87890625,16,8
