state,p_marked,error,gate_count,depth
000,0.119140625,0.880859375,24,12
001,0.107421875,0.892578125,20,8
010,0.123046875,0.876953125,20,12
011,0.138671875,0.861328125,16,8
