state,p_marked,error,gate_count,depth
000,0.49609375,0.50390625,33,17
001,0.470703125,0.529296875,31,15
010,0.513671875,0.486328125,31,17
011,0.154296875,0.845703125,29,15
