state,p_marked,error,gate_count,depth
000,0.107421875,0.892578125,24,11
001,0.140625,0.859375,24,11
010,0.140625,0.859375,24,11
011,0.09765625,0.90234375,24,11
