state,p_marked,error,gate_count,depth
000,0.482421875,0.517578125,33,17
001,0.5,0.5,31,15
010,0.54296875,0.45703125,31,17
011,0.0,1.0,29,15
