state,p_marked,error,gate_count,depth
000,0.125,0.875,42,22
001,0.123046875,0.876953125,34,14
010,0.095703125,0.904296875,34,22
011,0.146484375,0.853515625,26,14
