state,p_marked,error,gate_count,depth
000,0.513671875,0.486328125,32,16
001,0.5,0.5,30,14
010,0.455078125,0.544921875,30,16
011,0.552734375,0.447265625,28,14
