state,p_marked,error,gate_count,depth
000,0.189453125,0.810546875,50,25
001,0.125,0.875,48,23
010,0.1640625,0.8359375,48,25
011,0.087890625,0.912109375,46,23
