state,p_marked,error,gate_count,depth
000,0.12109375,0.87890625,32,15
001,0.09765625,0.90234375,30,13
010,0.107421875,0.892578125,30,15
011,0.15234375,0.84765625,28,13
