state,p_marked,error,gate_count,depth
000,0.125,0.875,50,25
001,0.123046875,0.876953125,48,23
010,0.091796875,0.908203125,48,25
011,0.1484375,0.8515625,46,23
