state,p_marked,error,gate_count,depth
000,0.1484375,0.8515625,24,12
001,0.1015625,0.8984375,20,8
010,0.1015625,0.8984375,20,12
011,0.08984375,0.91015625,16,8
