state,p_marked,error,gate_count,depth
000,0.0,1.0,54,28
001,0.125,0.875,52,26
010,0.146484375,0.853515625,52,28
011,0.0,1.0,50,26
