state,p_marked,error,gate_count,depth
000,0.0,1.0,51,25
001,0.0,1.0,49,24
010,0.12109375,0.87890625,49,25
011,0.166015625,0.833984375,47,24
