state,p_marked,error,gate_count,depth
000,0.494140625,0.505859375,42,22
001,0.13671875,0.86328125,38,18
010,0.509765625,0.490234375,38,22
011,0.12109375,0.87890625,34,18
