state,p_marked,error,gate_count,depth
000,0.12109375,0.87890625,59,31
001,0.1484375,0.8515625,55,27
010,0.111328125,0.888671875,55,31
011,0.140625,0.859375,51,27
