state,p_marked,error,gate_count,depth
000,0.12890625,0.87109375,60,32
001,0.12109375,0.87890625,48,20
010,0.119140625,0.880859375,48,32
011,0.125,0.875,36,20
