state,p_marked,error,gate_count,depth
000,0.115234375,0.884765625,42,21
001,0.123046875,0.876953125,38,17
010,0.11328125,0.88671875,38,21
011,0.126953125,0.873046875,34,17
