state,p_marked,error,gate_count,depth
000,0.568359375,0.431640625,42,21
001,0.5390625,0.4609375,38,17
010,0.572265625,0.427734375,38,21
011,0.525390625,0.474609375,34,17
