state,p_marked,error,gate_count,depth
000,0.134765625,0.865234375,41,21
001,0.1171875,0.8828125,37,17
010,0.15625,0.84375,37,21
011,0.1484375,0.8515625,33,17
