state,p_marked,error,gate_count,depth
000,0.291015625,0.708984375,51,26
001,0.24609375,0.75390625,49,24
010,0.23046875,0.76953125,49,26
011,0.22265625,0.77734375,47,24
