state,p_marked,error,gate_count,depth
000,0.54296875,0.45703125,33,16
001,0.6015625,0.3984375,31,14
010,0.568359375,0.431640625,31,16
011,0.568359375,0.431640625,29,14
