state,p_marked,error,gate_count,depth
000,0.4765625,0.5234375,34,16
001,0.521484375,0.478515625,32,14
010,0.48828125,0.51171875,32,16
011,0.48046875,0.51953125,30,14
