state,p_marked,error,gate_count,depth
000,0.4921875,0.5078125,33,17
001,0.513671875,0.486328125,31,15
010,0.53125,0.46875,31,17
011,0.505859375,0.494140625,29,15
