state,p_marked,error,gate_count,depth
000,0.115234375,0.884765625,33,17
001,0.130859375,0.869140625,27,11
010,0.11328125,0.88671875,27,17
011,0.10546875,0.89453125,21,11
