state,p_marked,error,gate_count,depth
000,0.568359375,0.431640625,42,21
001,0.51171875,0.48828125,38,17
010,0.59375,0.40625,38,21
011,0.56640625,0.43359375,34,17
