state,p_marked,error,gate_count,depth
000,0.58203125,0.41796875,34,18
001,0.537109375,0.462890625,32,16
010,0.58984375,0.41015625,32,18
011,0.517578125,0.482421875,30,16
