state,p_marked,error,gate_count,depth
000,0.55078125,0.44921875,33,16
001,0.529296875,0.470703125,31,14
010,0.599609375,0.400390625,31,16
011,0.595703125,0.404296875,29,14
