state,p_marked,error,gate_count,depth
000,0.13671875,0.86328125,32,15
001,0.134765625,0.865234375,30,13
010,0.162109375,0.837890625,30,15
011,0.154296875,0.845703125,28,13
