state,p_marked,error,gate_count,depth
000,0.119140625,0.880859375,33,17
001,0.15234375,0.84765625,27,11
010,0.138671875,0.861328125,27,17
011,0.126953125,0.873046875,21,11
