state,p_marked,error,gate_count,depth
000,0.123046875,0.876953125,50,24
001,0.119140625,0.880859375,48,22
010,0.119140625,0.880859375,48,24
011,0.126953125,0.873046875,46,22
