state,p_marked,error,gate_count,depth
000,0.486328125,0.513671875,33,17
001,0.537109375,0.462890625,31,15
010,0.5234375,0.4765625,31,17
011,0.5,0.5,29,15
