state,p_marked,error,gate_count,depth
000,0.470703125,0.529296875,32,16
001,0.466796875,0.533203125,30,14
010,0.462890625,0.537109375,30,16
011,0.490234375,0.509765625,28,14
