state,p_marked,error,gate_count,depth
000,0.50390625,0.49609375,33,17
001,0.46875,0.53125,31,15
010,0.48828125,0.51171875,31,17
011,0.5,0.5,29,15
