state,p_marked,error,gate_count,depth
000,0.546875,0.453125,33,17
001,0.501953125,0.498046875,31,15
010,0.560546875,0.439453125,31,17
011,0.484375,0.515625,29,15
