state,p_marked,error,gate_count,depth
000,0.494140625,0.505859375,33,17
001,0.515625,0.484375,31,15
010,0.486328125,0.513671875,31,17
011,0.12890625,0.87109375,29,15
