state,p_marked,error,gate_count,depth
000,0.158203125,0.841796875,33,17
001,0.12109375,0.87890625,27,11
010,0.12890625,0.87109375,27,17
011,0.123046875,0.876953125,21,11
