state,p_marked,error,gate_count,depth
000,0.10546875,0.89453125,42,22
001,0.099609375,0.900390625,34,14
010,0.134765625,0.865234375,34,22
011,0.111328125,0.888671875,26,14
