state,p_marked,error,gate_count,depth
000,0.53125,0.46875,35,19
001,0.236328125,0.763671875,33,17
010,0.22265625,0.77734375,33,19
011,0.546875,0.453125,31,17
