state,p_marked,error,gate_count,depth
000,0.09375,0.90625,53,27
001,0.10546875,0.89453125,51,25
010,0.125,0.875,51,27
011,0.119140625,0.880859375,49,25
