state,p_marked,error,gate_count,depth
000,0.052734375,0.947265625,50,25
001,0.048828125,0.951171875,44,19
010,0.060546875,0.939453125,44,25
011,0.078125,0.921875,38,19
