state,p_marked,error,gate_count,depth
000,0.103515625,0.896484375,41,21
001,0.1171875,0.8828125,37,17
010,0.140625,0.859375,37,21
011,0.109375,0.890625,33,17
