state,p_marked,error,gate_count,depth
000,0.119140625,0.880859375,40,20
001,0.09765625,0.90234375,40,20
010,0.130859375,0.869140625,40,20
011,0.130859375,0.869140625,40,20
