state,p_marked,error,gate_count,depth
000,0.05859375,0.94140625,34,16
001,0.056640625,0.943359375,32,14
010,0.072265625,0.927734375,32,16
011,0.044921875,0.955078125,30,14
