state,p_marked,error,gate_count,depth
000,0.533203125,0.466796875,33,16
001,0.556640625,0.443359375,31,14
010,0.54296875,0.45703125,31,16
011,0.578125,0.421875,29,14
