state,p_marked,error,gate_count,depth
000,0.27734375,0.72265625,67,35
001,0.244140625,0.755859375,61,29
010,0.236328125,0.763671875,61,35
011,0.255859375,0.744140625,55,29
