state,p_marked,error,gate_count,depth
000,0.533203125,0.466796875,33,17
001,0.4765625,0.5234375,31,15
010,0.478515625,0.521484375,31,17
011,0.529296875,0.470703125,29,15
