state,p_marked,error,gate_count,depth
000,0.166015625,0.833984375,59,31
001,0.14453125,0.85546875,51,23
010,0.13671875,0.86328125,51,31
011,0.125,0.875,43,23
