state,p_marked,error,gate_count,depth
000,0.0,1.0,34,17
001,0.109375,0.890625,32,15
010,0.0,1.0,32,17
011,0.0,1.0,30,15
