state,p_marked,error,gate_count,depth
000,0.49609375,0.50390625,42,22
001,0.509765625,0.490234375,38,18
010,0.48828125,0.51171875,38,22
011,0.4765625,0.5234375,34,18
