state,p_marked,error,gate_count,depth
000,0.107421875,0.892578125,69,36
001,0.12890625,0.87109375,59,26
010,0.109375,0.890625,59,36
011,0.1171875,0.8828125,49,26
