state,p_marked,error,gate_count,depth
000,0.091796875,0.908203125,61,31
001,0.0546875,0.9453125,53,23
010,0.5078125,0.4921875,53,31
011,0.4765625,0.5234375,45,23
