state,p_marked,error,gate_count,depth
000,0.109375,0.890625,15,7
001,0.146484375,0.853515625,13,5
010,0.1015625,0.8984375,13,7
011,0.11328125,0.88671875,11,5
