state,p_marked,error,gate_count,depth
000,0.080078125,0.919921875,24,12
001,0.119140625,0.880859375,20,8
010,0.158203125,0.841796875,20,12
011,0.1015625,0.8984375,16,8
