state,p_marked,error,gate_count,depth
000,0.09765625,0.90234375,41,23
001,0.24609375,0.75390625,39,21
010,0.65234375,0.34765625,39,23
011,0.083984375,0.916015625,37,21
