state,p_marked,error,gate_count,depth
000,0.109375,0.890625,15,7
001,0.1171875,0.8828125,13,5
010,0.125,0.875,13,7
011,0.14453125,0.85546875,11,5
