state,p_marked,error,gate_count,depth
000,0.5546875,0.4453125,41,21
001,0.5,0.5,37,17
010,0.46875,0.53125,37,21
011,0.49609375,0.50390625,33,17
