state,p_marked,error,gate_count,depth
000,0.255859375,0.744140625,58,30
001,0.291015625,0.708984375,54,26
010,0.02734375,0.97265625,54,30
011,0.033203125,0.966796875,50,26
