state,p_marked,error,gate_count,depth
000,0.0625,0.9375,51,26
001,0.052734375,0.947265625,45,21
010,0.052734375,0.947265625,45,26
011,0.0390625,0.9609375,39,21
