state,p_marked,error,gate_count,depth
000,0.578125,0.421875,51,26
001,0.615234375,0.384765625,45,20
010,0.56640625,0.43359375,45,26
011,0.599609375,0.400390625,39,20
