state,p_marked,error,gate_count,depth
000,0.525390625,0.474609375,32,16
001,0.525390625,0.474609375,30,14
010,0.451171875,0.548828125,30,16
011,0.490234375,0.509765625,28,14
