state,p_marked,error,gate_count,depth
000,0.52734375,0.47265625,34,17
001,0.5859375,0.4140625,32,15
010,0.552734375,0.447265625,32,17
011,0.609375,0.390625,30,15
