state,p_marked,error,gate_count,depth
000,0.125,0.875,24,12
001,0.126953125,0.873046875,20,8
010,0.15234375,0.84765625,20,12
011,0.126953125,0.873046875,16,8
