state,p_marked,error,gate_count,depth
000,0.470703125,0.529296875,32,16
001,0.529296875,0.470703125,30,14
010,0.48828125,0.51171875,30,16
011,0.505859375,0.494140625,28,14
