state,p_marked,error,gate_count,depth
000,0.537109375,0.462890625,51,26
001,0.5703125,0.4296875,45,20
010,0.544921875,0.455078125,45,26
011,0.57421875,0.42578125,39,20
