state,p_marked,error,gate_count,depth
000,0.55078125,0.44921875,34,17
001,0.54296875,0.45703125,32,15
010,0.572265625,0.427734375,32,17
011,0.541015625,0.458984375,30,15
