state,p_marked,error,gate_count,depth
000,0.513671875,0.486328125,33,16
001,0.52734375,0.47265625,31,14
010,0.48046875,0.51953125,31,16
011,0.45703125,0.54296875,29,14
