state,p_marked,error,gate_count,depth
000,0.068359375,0.931640625,32,16
001,0.064453125,0.935546875,30,14
010,0.05859375,0.94140625,30,16
011,0.072265625,0.927734375,28,14
