state,p_marked,error,gate_count,depth
000,0.25390625,0.74609375,33,17
001,0.263671875,0.736328125,31,15
010,0.236328125,0.763671875,31,17
011,0.240234375,0.759765625,29,15
