state,p_marked,error,gate_count,depth
000,0.48046875,0.51953125,33,17
001,0.5390625,0.4609375,31,15
010,0.509765625,0.490234375,31,17
011,0.517578125,0.482421875,29,15
