state,p_marked,error,gate_count,depth
000,0.123046875,0.876953125,33,18
001,0.130859375,0.869140625,33,18
010,0.1171875,0.8828125,33,18
011,0.13671875,0.86328125,33,18
