state,p_marked,error,gate_count,depth
000,0.263671875,0.736328125,63,43
001,0.01171875,0.98828125,63,43
010,0.224609375,0.775390625,63,43
011,0.3046875,0.6953125,63,43
