state,p_marked,error,gate_count,depth
000,0.05859375,0.94140625,32,16
001,0.060546875,0.939453125,30,14
010,0.05859375,0.94140625,30,16
011,0.076171875,0.923828125,28,14
