state,p_marked,error,gate_count,depth
000,0.1015625,0.8984375,60,32
001,0.095703125,0.904296875,48,20
010,0.140625,0.859375,48,32
011,0.125,0.875,36,20
