state,p_marked,error,gate_count,depth
000,0.521484375,0.478515625,51,26
001,0.5703125,0.4296875,45,20
010,0.603515625,0.396484375,45,26
011,0.591796875,0.408203125,39,20
