state,p_marked,error,gate_count,depth
000,0.11328125,0.88671875,15,7
001,0.111328125,0.888671875,13,5
010,0.15234375,0.84765625,13,7
011,0.1328125,0.8671875,11,5
