state,p_marked,error,gate_count,depth
000,0.251953125,0.748046875,40,19
001,0.244140625,0.755859375,40,19
010,0.267578125,0.732421875,40,19
011,0.2265625,0.7734375,40,19
