state,p_marked,error,gate_count,depth
000,0.568359375,0.431640625,66,33
001,0.5703125,0.4296875,64,31
010,0.5390625,0.4609375,64,33
011,0.05078125,0.94921875,62,31
