state,p_marked,error,gate_count,depth
000,0.1484375,0.8515625,60,32
001,0.099609375,0.900390625,48,20
010,0.16015625,0.83984375,48,32
011,0.13671875,0.86328125,36,20
