state,p_marked,error,gate_count,depth
000,0.24609375,0.75390625,41,20
001,0.25390625,0.74609375,41,20
010,0.267578125,0.732421875,41,20
011,0.28125,0.71875,41,20
