state,p_marked,error,gate_count,depth
000,0.578125,0.421875,33,16
001,0.599609375,0.400390625,31,14
010,0.087890625,0.912109375,31,16
011,0.06640625,0.93359375,29,14
