state,p_marked,error,gate_count,depth
000,0.11328125,0.88671875,42,22
001,0.130859375,0.869140625,34,14
010,0.13671875,0.86328125,34,22
011,0.138671875,0.861328125,26,14
