state,p_marked,error,gate_count,depth
000,0.29296875,0.70703125,34,16
001,0.349609375,0.650390625,32,14
010,0.322265625,0.677734375,32,16
011,0.3203125,0.6796875,30,14
