state,p_marked,error,gate_count,depth
000,0.111328125,0.888671875,41,21
001,0.12890625,0.87109375,37,17
010,0.125,0.875,37,21
011,0.1171875,0.8828125,33,17
