state,p_marked,error,gate_count,depth
000,0.134765625,0.865234375,15,7
001,0.162109375,0.837890625,13,5
010,0.125,0.875,13,7
011,0.107421875,0.892578125,11,5
