state,p_marked,error,gate_count,depth
000,0.248046875,0.751953125,34,18
001,0.244140625,0.755859375,32,16
010,0.267578125,0.732421875,32,18
011,0.228515625,0.771484375,30,16
