state,p_marked,error,gate_count,depth
000,0.58203125,0.41796875,33,16
001,0.56640625,0.43359375,31,14
010,0.0546875,0.9453125,31,16
011,0.0703125,0.9296875,29,14
