state,p_marked,error,gate_count,depth
000,0.09765625,0.90234375,33,15
001,0.126953125,0.873046875,31,13
010,0.099609375,0.900390625,31,15
011,0.109375,0.890625,29,13
