state,p_marked,error,gate_count,depth
000,0.52734375,0.47265625,32,16
001,0.478515625,0.521484375,30,14
010,0.5234375,0.4765625,30,16
011,0.53125,0.46875,28,14
