state,p_marked,error,gate_count,depth
000,0.05859375,0.94140625,34,17
001,0.072265625,0.927734375,32,15
010,0.0703125,0.9296875,32,17
011,0.064453125,0.935546875,30,15
