state,p_marked,error,gate_count,depth
000,0.53125,0.46875,33,17
001,0.49609375,0.50390625,31,15
010,0.484375,0.515625,31,17
011,0.505859375,0.494140625,29,15
