state,p_marked,error,gate_count,depth
000,0.474609375,0.525390625,67,35
001,0.53515625,0.46484375,61,29
010,0.48828125,0.51171875,61,35
011,0.51171875,0.48828125,55,29
