state,p_marked,error,gate_count,depth
000,0.501953125,0.498046875,33,17
001,0.126953125,0.873046875,31,15
010,0.12890625,0.87109375,31,17
011,0.501953125,0.498046875,29,15
