state,p_marked,error,gate_count,depth
000,0.0,1.0,38,21
001,0.130859375,0.869140625,36,19
010,0.123046875,0.876953125,36,21
011,0.0,1.0,34,19
