state,p_marked,error,gate_count,depth
000,0.109375,0.890625,74,54
001,0.1015625,0.8984375,72,52
010,0.36328125,0.63671875,72,54
011,0.005859375,0.994140625,70,52
