state,p_marked,error,gate_count,depth
000,0.140625,0.859375,68,35
001,0.142578125,0.857421875,58,25
010,0.13671875,0.86328125,58,35
011,0.119140625,0.880859375,48,25
