state,p_marked,error,gate_count,depth
000,0.1171875,0.8828125,33,16
001,0.11328125,0.88671875,31,14
010,0.16015625,0.83984375,31,16
011,0.103515625,0.896484375,29,14
