state,p_marked,error,gate_count,depth
000,0.376953125,0.623046875,119,75
001,0.240234375,0.759765625,113,69
010,0.025390625,0.974609375,113,75
011,0.0,1.0,107,69
