state,p_marked,error,gate_count,depth
000,0.052734375,0.947265625,34,18
001,0.056640625,0.943359375,32,16
010,0.0546875,0.9453125,32,18
011,0.068359375,0.931640625,30,16
