state,p_marked,error,gate_count,depth
000,0.244140625,0.755859375,33,17
001,0.265625,0.734375,31,15
010,0.267578125,0.732421875,31,17
011,0.23828125,0.76171875,29,15
