state,p_marked,error,gate_count,depth
000,0.564453125,0.435546875,34,17
001,0.591796875,0.408203125,32,15
010,0.552734375,0.447265625,32,17
011,0.533203125,0.466796875,30,15
