state,p_marked,error,gate_count,depth
000,0.068359375,0.931640625,60,31
001,0.07421875,0.92578125,56,27
010,0.080078125,0.919921875,56,31
011,0.087890625,0.912109375,52,27
