state,p_marked,error,gate_count,depth
000,0.095703125,0.904296875,59,30
001,0.1484375,0.8515625,55,26
010,0.125,0.875,55,30
011,0.12890625,0.87109375,51,26
