state,p_marked,error,gate_count,depth
000,0.158203125,0.841796875,33,15
001,0.115234375,0.884765625,31,13
010,0.11328125,0.88671875,31,15
011,0.130859375,0.869140625,29,13
