state,p_marked,error,gate_count,depth
000,0.08984375,0.91015625,24,12
001,0.142578125,0.857421875,20,8
010,0.1171875,0.8828125,20,12
011,0.15234375,0.84765625,16,8
