state,p_marked,error,gate_count,depth
000,0.115234375,0.884765625,32,15
001,0.126953125,0.873046875,30,13
010,0.177734375,0.822265625,30,15
011,0.123046875,0.876953125,28,13
