state,p_marked,error,gate_count,depth
000,0.4609375,0.5390625,32,16
001,0.50390625,0.49609375,30,14
010,0.513671875,0.486328125,30,16
011,0.46484375,0.53515625,28,14
