state,p_marked,error,gate_count,depth
000,0.10546875,0.89453125,33,16
001,0.125,0.875,31,14
010,0.142578125,0.857421875,31,16
011,0.13671875,0.86328125,29,14
