state,p_marked,error,gate_count,depth
000,0.048828125,0.951171875,32,15
001,0.041015625,0.958984375,30,13
010,0.08203125,0.91796875,30,15
011,0.080078125,0.919921875,28,13
