state,p_marked,error,gate_count,depth
000,0.146484375,0.853515625,33,17
001,0.099609375,0.900390625,27,11
010,0.083984375,0.916015625,27,17
011,0.119140625,0.880859375,21,11
