state,p_marked,error,gate_count,depth
000,0.5859375,0.4140625,42,21
001,0.54296875,0.45703125,38,17
010,0.560546875,0.439453125,38,21
011,0.58984375,0.41015625,34,17
