state,p_marked,error,gate_count,depth
000,0.0703125,0.9296875,72,46
001,0.060546875,0.939453125,70,44
010,0.322265625,0.677734375,70,46
011,0.259765625,0.740234375,68,44
