state,p_marked,error,gate_count,depth
000,0.09765625,0.90234375,46,24
001,0.09765625,0.90234375,42,20
010,0.12890625,0.87109375,42,24
011,0.125,0.875,38,20
