state,p_marked,error,gate_count,depth
000,0.203125,0.796875,50,28
001,0.060546875,0.939453125,46,24
010,0.203125,0.796875,46,28
011,0.046875,0.953125,42,24
