state,p_marked,error,gate_count,depth
000,0.068359375,0.931640625,41,20
001,0.076171875,0.923828125,37,16
010,0.0625,0.9375,37,20
011,0.064453125,0.935546875,33,16
