state,p_marked,error,gate_count,depth
000,0.0,1.0,39,21
001,0.138671875,0.861328125,37,19
010,0.119140625,0.880859375,37,21
011,0.0,1.0,35,19
