state,p_marked,error,gate_count,depth
000,0.095703125,0.904296875,34,18
001,0.0,1.0,32,16
010,0.0,1.0,32,18
011,0.046875,0.953125,30,16
