state,p_marked,error,gate_count,depth
000,0.03125,0.96875,41,24
001,0.654296875,0.345703125,39,22
010,0.03515625,0.96484375,39,24
011,0.04296875,0.95703125,37,22
