state,p_marked,error,gate_count,depth
000,0.1484375,0.8515625,42,22
001,0.109375,0.890625,34,14
010,0.166015625,0.833984375,34,22
011,0.12890625,0.87109375,26,14
