state,p_marked,error,gate_count,depth
000,0.134765625,0.865234375,60,32
001,0.138671875,0.861328125,48,20
010,0.1171875,0.8828125,48,32
011,0.146484375,0.853515625,36,20
