state,p_marked,error,gate_count,depth
000,0.541015625,0.458984375,42,21
001,0.55859375,0.44140625,38,17
010,0.5390625,0.4609375,38,21
011,0.5390625,0.4609375,34,17
