state,p_marked,error,gate_count,depth
000,0.0,1.0,37,20
001,0.142578125,0.857421875,35,18
010,0.08984375,0.91015625,35,20
011,0.0,1.0,33,18
