state,p_marked,error,gate_count,depth
000,0.10546875,0.89453125,50,26
001,0.138671875,0.861328125,44,20
010,0.130859375,0.869140625,44,26
011,0.13671875,0.86328125,38,20
