state,p_marked,error,gate_count,depth
000,0.12109375,0.87890625,15,7
001,0.126953125,0.873046875,13,5
010,0.12109375,0.87890625,13,7
011,0.16015625,0.83984375,11,5
