state,p_marked,error,gate_count,depth
000,0.1328125,0.8671875,44,23
001,0.4921875,0.5078125,42,21
010,0.1015625,0.8984375,42,23
011,0.0,1.0,40,21
