state,p_marked,error,gate_count,depth
000,0.54296875,0.45703125,32,16
001,0.453125,0.546875,30,14
010,0.478515625,0.521484375,30,16
011,0.52734375,0.47265625,28,14
