state,p_marked,error,gate_count,depth
000,0.115234375,0.884765625,42,22
001,0.103515625,0.896484375,38,18
010,0.103515625,0.896484375,38,22
011,0.115234375,0.884765625,34,18
