state,p_marked,error,gate_count,depth
000,0.138671875,0.861328125,33,17
001,0.083984375,0.916015625,27,11
010,0.142578125,0.857421875,27,17
011,0.142578125,0.857421875,21,11
