state,p_marked,error,gate_count,depth
000,0.14453125,0.85546875,46,24
001,0.1328125,0.8671875,42,20
010,0.11328125,0.88671875,42,24
011,0.130859375,0.869140625,38,20
