state,p_marked,error,gate_count,depth
000,0.1171875,0.8828125,49,25
001,0.09765625,0.90234375,47,23
010,0.126953125,0.873046875,47,25
011,0.109375,0.890625,45,23
