state,p_marked,error,gate_count,depth
000,0.107421875,0.892578125,51,27
001,0.125,0.875,41,17
010,0.111328125,0.888671875,41,27
011,0.107421875,0.892578125,31,17
