state,p_marked,error,gate_count,depth
000,0.03515625,0.96484375,134,82
001,0.087890625,0.912109375,120,68
010,0.046875,0.953125,120,82
011,0.021484375,0.978515625,106,68
