state,p_marked,error,gate_count,depth
000,0.484375,0.515625,41,21
001,0.5078125,0.4921875,37,17
010,0.517578125,0.482421875,37,21
011,0.55859375,0.44140625,33,17
