state,p_marked,error,gate_count,depth
000,0.234375,0.765625,50,25
001,0.251953125,0.748046875,48,23
010,0.236328125,0.763671875,48,25
011,0.25390625,0.74609375,46,23
