state,p_marked,error,gate_count,depth
000,0.103515625,0.896484375,41,20
001,0.1171875,0.8828125,41,20
010,0.115234375,0.884765625,41,20
011,0.119140625,0.880859375,41,20
