state,p_marked,error,gate_count,depth
000,0.0,1.0,43,23
001,0.50390625,0.49609375,43,23
010,0.0,1.0,43,23
011,0.5,0.5,43,23
