state,p_marked,error,gate_count,depth
000,0.24609375,0.75390625,32,16
001,0.21875,0.78125,30,14
010,0.2421875,0.7578125,30,16
011,0.25390625,0.74609375,28,14
