state,p_marked,error,gate_count,depth
000,0.537109375,0.462890625,35,18
001,0.513671875,0.486328125,33,16
010,0.525390625,0.474609375,33,18
011,0.166015625,0.833984375,31,16
