state,p_marked,error,gate_count,depth
000,0.33984375,0.66015625,63,43
001,0.0703125,0.9296875,61,41
010,0.078125,0.921875,61,43
011,0.169921875,0.830078125,59,41
