state,p_marked,error,gate_count,depth
000,0.0703125,0.9296875,42,22
001,0.07421875,0.92578125,42,22
010,0.53125,0.46875,42,22
011,0.041015625,0.958984375,42,22
