state,p_marked,error,gate_count,depth
000,0.009765625,0.990234375,51,26
001,0.00390625,0.99609375,49,24
010,0.228515625,0.771484375,49,26
011,0.25390625,0.74609375,47,24
