state,p_marked,error,gate_count,depth
000,0.11328125,0.88671875,60,32
001,0.12890625,0.87109375,48,20
010,0.138671875,0.861328125,48,32
011,0.09765625,0.90234375,36,20
