state,p_marked,error,gate_count,depth
000,0.103515625,0.896484375,15,7
001,0.16015625,0.83984375,13,5
010,0.150390625,0.849609375,13,7
011,0.10546875,0.89453125,11,5
