state,p_marked,error,gate_count,depth
000,0.228515625,0.771484375,43,22
001,0.236328125,0.763671875,43,22
010,0.205078125,0.794921875,43,22
011,0.216796875,0.783203125,43,22
