state,p_marked,error,gate_count,depth
000,0.240234375,0.759765625,32,16
001,0.265625,0.734375,30,14
010,0.2421875,0.7578125,30,16
011,0.248046875,0.751953125,28,14
