state,p_marked,error,gate_count,depth
000,0.150390625,0.849609375,30,18
001,0.09765625,0.90234375,30,18
010,0.0859375,0.9140625,30,18
011,0.16796875,0.83203125,30,18
