state,p_marked,error,gate_count,depth
000,0.560546875,0.439453125,33,16
001,0.599609375,0.400390625,31,14
010,0.548828125,0.451171875,31,16
011,0.60546875,0.39453125,29,14
