state,p_marked,error,gate_count,depth
000,0.130859375,0.869140625,33,17
001,0.134765625,0.865234375,27,11
010,0.123046875,0.876953125,27,17
011,0.115234375,0.884765625,21,11
