state,p_marked,error,gate_count,depth
000,0.109375,0.890625,32,16
001,0.11328125,0.88671875,30,14
010,0.119140625,0.880859375,30,16
011,0.099609375,0.900390625,28,14
