state,p_marked,error,gate_count,depth
000,0.109375,0.890625,50,25
001,0.125,0.875,44,19
010,0.11328125,0.88671875,44,25
011,0.142578125,0.857421875,38,19
