state,p_marked,error,gate_count,depth
000,0.12109375,0.87890625,107,73
001,0.005859375,0.994140625,105,71
010,0.0546875,0.9453125,105,73
011,0.02734375,0.97265625,103,71
