state,p_marked,error,gate_count,depth
000,0.1171875,0.8828125,51,27
001,0.142578125,0.857421875,41,17
010,0.1171875,0.8828125,41,27
011,0.119140625,0.880859375,31,17
