state,p_marked,error,gate_count,depth
000,0.11328125,0.88671875,33,17
001,0.126953125,0.873046875,27,11
010,0.130859375,0.869140625,27,17
011,0.11328125,0.88671875,21,11
