state,p_marked,error,gate_count,depth
000,0.123046875,0.876953125,40,21
001,0.0,1.0,38,19
010,0.142578125,0.857421875,38,21
011,0.12890625,0.87109375,36,19
