state,p_marked,error,gate_count,depth
000,0.232421875,0.767578125,41,20
001,0.265625,0.734375,41,20
010,0.25,0.75,41,20
011,0.291015625,0.708984375,41,20
