state,p_marked,error,gate_count,depth
000,0.115234375,0.884765625,36,19
001,0.45703125,0.54296875,34,17
010,0.44921875,0.55078125,34,19
011,0.1171875,0.8828125,32,17
