state,p_marked,error,gate_count,depth
000,0.51171875,0.48828125,32,16
001,0.486328125,0.513671875,30,14
010,0.447265625,0.552734375,30,16
011,0.470703125,0.529296875,28,14
