state,p_marked,error,gate_count,depth
000,0.26171875,0.73828125,50,24
001,0.224609375,0.775390625,48,22
010,0.271484375,0.728515625,48,24
011,0.2890625,0.7109375,46,22
