state,p_marked,error,gate_count,depth
000,0.083984375,0.916015625,41,23
001,0.255859375,0.744140625,39,21
010,0.611328125,0.388671875,39,23
011,0.103515625,0.896484375,37,21
