state,p_marked,error,gate_count,depth
000,0.5859375,0.4140625,33,16
001,0.59765625,0.40234375,31,14
010,0.548828125,0.451171875,31,16
011,0.58203125,0.41796875,29,14
