state,p_marked,error,gate_count,depth
000,0.48046875,0.51953125,32,16
001,0.47265625,0.52734375,30,14
010,0.4765625,0.5234375,30,16
011,0.4921875,0.5078125,28,14
