state,p_marked,error,gate_count,depth
000,0.140625,0.859375,87,47
001,0.0234375,0.9765625,77,37
010,0.0390625,0.9609375,77,47
011,0.16015625,0.83984375,67,37
