state,p_marked,error,gate_count,depth
000,0.1171875,0.8828125,33,17
001,0.115234375,0.884765625,27,11
010,0.14453125,0.85546875,27,17
011,0.12109375,0.87890625,21,11
