state,p_marked,error,gate_count,depth
000,0.125,0.875,32,15
001,0.09765625,0.90234375,30,13
010,0.142578125,0.857421875,30,15
011,0.125,0.875,28,13
