state,p_marked,error,gate_count,depth
000,0.0,1.0,37,19
001,0.1328125,0.8671875,35,17
010,0.09375,0.90625,35,19
011,0.0,1.0,33,17
