state,p_marked,error,gate_count,depth
000,0.134765625,0.865234375,94,49
001,0.1328125,0.8671875,86,41
010,0.1328125,0.8671875,86,49
011,0.123046875,0.876953125,78,41
