state,p_marked,error,gate_count,depth
000,0.158203125,0.841796875,60,32
001,0.103515625,0.896484375,48,20
010,0.140625,0.859375,48,32
011,0.15234375,0.84765625,36,20
