state,p_marked,error,gate_count,depth
000,0.458984375,0.541015625,33,17
001,0.505859375,0.494140625,31,15
010,0.4921875,0.5078125,31,17
011,0.5,0.5,29,15
