state,p_marked,error,gate_count,depth
000,0.490234375,0.509765625,39,21
001,0.134765625,0.865234375,37,19
010,0.134765625,0.865234375,37,21
011,0.0,1.0,35,19
