state,p_marked,error,gate_count,depth
000,0.04296875,0.95703125,33,17
001,0.0546875,0.9453125,31,15
010,0.060546875,0.939453125,31,17
011,0.05859375,0.94140625,29,15
