state,p_marked,error,gate_count,depth
000,0.5625,0.4375,71,35
001,0.54296875,0.45703125,69,33
010,0.0703125,0.9296875,69,35
011,0.05859375,0.94140625,67,33
