state,p_marked,error,gate_count,depth
000,0.15234375,0.84765625,68,35
001,0.12109375,0.87890625,62,29
010,0.1328125,0.8671875,62,35
011,0.10546875,0.89453125,56,29
