state,p_marked,error,gate_count,depth
000,0.09765625,0.90234375,32,15
001,0.12109375,0.87890625,30,13
010,0.115234375,0.884765625,30,15
011,0.123046875,0.876953125,28,13
