state,p_marked,error,gate_count,depth
000,0.064453125,0.935546875,63,42
001,0.123046875,0.876953125,63,42
010,0.326171875,0.673828125,63,42
011,0.06640625,0.93359375,63,42
