state,p_marked,error,gate_count,depth
000,0.111328125,0.888671875,33,15
001,0.15234375,0.84765625,31,13
010,0.126953125,0.873046875,31,15
011,0.11328125,0.88671875,29,13
