state,p_marked,error,gate_count,depth
000,0.275390625,0.724609375,41,20
001,0.267578125,0.732421875,37,16
010,0.24609375,0.75390625,37,20
011,0.255859375,0.744140625,33,16
