state,p_marked,error,gate_count,depth
000,0.107421875,0.892578125,49,24
001,0.109375,0.890625,47,22
010,0.158203125,0.841796875,47,24
011,0.1171875,0.8828125,45,22
