state,p_marked,error,gate_count,depth
000,0.130859375,0.869140625,41,21
001,0.11328125,0.88671875,37,17
010,0.142578125,0.857421875,37,21
011,0.107421875,0.892578125,33,17
