state,p_marked,error,gate_count,depth
000,0.13671875,0.86328125,38,21
001,0.005859375,0.994140625,36,19
010,0.04296875,0.95703125,36,21
011,0.0234375,0.9765625,34,19
