state,p_marked,error,gate_count,depth
000,0.0,1.0,39,21
001,0.125,0.875,37,19
010,0.109375,0.890625,37,21
011,0.0,1.0,35,19
