state,p_marked,error,gate_count,depth
000,0.244140625,0.755859375,71,35
001,0.115234375,0.884765625,69,33
010,0.087890625,0.912109375,69,35
011,0.240234375,0.759765625,67,33
