state,p_marked,error,gate_count,depth
000,0.134765625,0.865234375,69,37
001,0.11328125,0.88671875,55,23
010,0.126953125,0.873046875,55,37
011,0.11328125,0.88671875,41,23
