state,p_marked,error,gate_count,depth
000,0.431640625,0.568359375,76,40
001,0.4296875,0.5703125,72,36
010,0.431640625,0.568359375,72,40
011,0.39453125,0.60546875,68,36
