state,p_marked,error,gate_count,depth
000,0.11328125,0.88671875,32,15
001,0.111328125,0.888671875,30,13
010,0.14453125,0.85546875,30,15
011,0.115234375,0.884765625,28,13
