state,p_marked,error,gate_count,depth
000,0.130859375,0.869140625,41,20
001,0.140625,0.859375,37,16
010,0.115234375,0.884765625,37,20
011,0.125,0.875,33,16
