state,p_marked,error,gate_count,depth
000,0.5625,0.4375,34,17
001,0.548828125,0.451171875,32,15
010,0.56640625,0.43359375,32,17
011,0.55859375,0.44140625,30,15
