state,p_marked,error,gate_count,depth
000,0.0,1.0,72,38
001,0.115234375,0.884765625,66,32
010,0.119140625,0.880859375,66,38
011,0.0,1.0,60,32
