state,p_marked,error,gate_count,depth
000,0.5234375,0.4765625,32,16
001,0.4609375,0.5390625,30,14
010,0.439453125,0.560546875,30,16
011,0.486328125,0.513671875,28,14
