state,p_marked,error,gate_count,depth
000,0.11328125,0.88671875,60,32
001,0.1171875,0.8828125,48,20
010,0.123046875,0.876953125,48,32
011,0.1484375,0.8515625,36,20
