state,p_marked,error,gate_count,depth
000,0.529296875,0.470703125,41,21
001,0.482421875,0.517578125,37,17
010,0.53125,0.46875,37,21
011,0.5,0.5,33,17
