state,p_marked,error,gate_count,depth
000,0.044921875,0.955078125,40,21
001,0.06640625,0.93359375,38,19
010,0.06640625,0.93359375,38,21
011,0.04296875,0.95703125,36,19
