state,p_marked,error,gate_count,depth
000,0.111328125,0.888671875,23,11
001,0.126953125,0.873046875,23,11
010,0.11328125,0.88671875,23,11
011,0.1171875,0.8828125,23,11
