state,p_marked,error,gate_count,depth
000,0.146484375,0.853515625,46,24
001,0.115234375,0.884765625,42,20
010,0.130859375,0.869140625,42,24
011,0.109375,0.890625,38,20
