state,p_marked,error,gate_count,depth
000,0.0859375,0.9140625,40,21
001,0.0859375,0.9140625,38,19
010,0.080078125,0.919921875,38,21
011,0.07421875,0.92578125,36,19
