state,p_marked,error,gate_count,depth
000,0.1328125,0.8671875,41,21
001,0.12109375,0.87890625,37,17
010,0.1171875,0.8828125,37,21
011,0.119140625,0.880859375,33,17
