state,p_marked,error,gate_count,depth
000,0.556640625,0.443359375,42,21
001,0.515625,0.484375,38,17
010,0.5625,0.4375,38,21
011,0.556640625,0.443359375,34,17
