state,p_marked,error,gate_count,depth
000,0.46484375,0.53515625,41,21
001,0.5078125,0.4921875,37,17
010,0.51171875,0.48828125,37,21
011,0.5234375,0.4765625,33,17
