state,p_marked,error,gate_count,depth
000,0.255859375,0.744140625,29,13
001,0.24609375,0.75390625,29,13
010,0.265625,0.734375,29,13
011,0.244140625,0.755859375,29,13
