state,p_marked,error,gate_count,depth
000,0.5234375,0.4765625,33,16
001,0.48046875,0.51953125,31,14
010,0.484375,0.515625,31,16
011,0.548828125,0.451171875,29,14
