state,p_marked,error,gate_count,depth
000,0.50390625,0.49609375,33,17
001,0.525390625,0.474609375,31,15
010,0.486328125,0.513671875,31,17
011,0.4375,0.5625,29,15
