state,p_marked,error,gate_count,depth
000,0.11328125,0.88671875,61,32
001,0.1640625,0.8359375,53,24
010,0.099609375,0.900390625,53,32
011,0.12890625,0.87109375,45,24
