state,p_marked,error,gate_count,depth
000,0.140625,0.859375,25,11
001,0.125,0.875,25,11
010,0.1328125,0.8671875,25,11
011,0.12890625,0.87109375,25,11
