state,p_marked,error,gate_count,depth
000,0.095703125,0.904296875,68,34
001,0.048828125,0.951171875,66,32
010,0.05078125,0.94921875,66,34
011,0.2265625,0.7734375,64,32
