state,p_marked,error,gate_count,depth
000,0.0,1.0,66,34
001,0.126953125,0.873046875,62,30
010,0.119140625,0.880859375,62,34
011,0.0,1.0,58,30
