state,p_marked,error,gate_count,depth
000,0.15234375,0.84765625,32,16
001,0.09765625,0.90234375,30,14
010,0.142578125,0.857421875,30,16
011,0.130859375,0.869140625,28,14
