state,p_marked,error,gate_count,depth
000,0.515625,0.484375,50,26
001,0.53125,0.46875,44,20
010,0.48828125,0.51171875,44,26
011,0.474609375,0.525390625,38,20
