state,p_marked,error,gate_count,depth
000,0.126953125,0.873046875,42,22
001,0.134765625,0.865234375,34,14
010,0.11328125,0.88671875,34,22
011,0.142578125,0.857421875,26,14
