state,p_marked,error,gate_count,depth
000,0.36328125,0.63671875,33,17
001,0.388671875,0.611328125,31,15
010,0.359375,0.640625,31,17
011,0.392578125,0.607421875,29,15
