state,p_marked,error,gate_count,depth
000,0.1171875,0.8828125,67,35
001,0.123046875,0.876953125,61,29
010,0.107421875,0.892578125,61,35
011,0.150390625,0.849609375,55,29
