state,p_marked,error,gate_count,depth
000,0.505859375,0.494140625,33,16
001,0.587890625,0.412109375,31,14
010,0.55078125,0.44921875,31,16
011,0.564453125,0.435546875,29,14
