state,p_marked,error,gate_count,depth
000,0.02734375,0.97265625,77,41
001,0.05859375,0.94140625,75,39
010,0.015625,0.984375,75,41
011,0.05859375,0.94140625,73,39
