state,p_marked,error,gate_count,depth
000,0.154296875,0.845703125,42,22
001,0.125,0.875,34,14
010,0.15625,0.84375,34,22
011,0.1328125,0.8671875,26,14
