state,p_marked,error,gate_count,depth
000,0.0,1.0,32,16
001,0.0,1.0,30,14
010,0.4765625,0.5234375,30,16
011,0.55078125,0.44921875,28,14
