state,p_marked,error,gate_count,depth
000,0.115234375,0.884765625,48,26
001,0.126953125,0.873046875,44,22
010,0.109375,0.890625,44,26
011,0.130859375,0.869140625,40,22
