state,p_marked,error,gate_count,depth
000,0.01171875,0.98828125,34,18
001,0.203125,0.796875,32,16
010,0.0078125,0.9921875,32,18
011,0.150390625,0.849609375,30,16
