state,p_marked,error,gate_count,depth
000,0.556640625,0.443359375,33,16
001,0.5703125,0.4296875,31,14
010,0.595703125,0.404296875,31,16
011,0.59375,0.40625,29,14
