state,p_marked,error,gate_count,depth
000,0.11328125,0.88671875,41,21
001,0.10546875,0.89453125,37,17
010,0.10546875,0.89453125,37,21
011,0.14453125,0.85546875,33,17
