state,p_marked,error,gate_count,depth
000,0.603515625,0.396484375,33,16
001,0.572265625,0.427734375,31,14
010,0.541015625,0.458984375,31,16
011,0.568359375,0.431640625,29,14
