state,p_marked,error,gate_count,depth
000,0.10546875,0.89453125,42,22
001,0.14453125,0.85546875,34,14
010,0.126953125,0.873046875,34,22
011,0.1484375,0.8515625,26,14
