state,p_marked,error,gate_count,depth
000,0.1640625,0.8359375,32,15
001,0.125,0.875,30,13
010,0.099609375,0.900390625,30,15
011,0.0859375,0.9140625,28,13
