state,p_marked,error,gate_count,depth
000,0.138671875,0.861328125,55,29
001,0.125,0.875,53,27
010,0.142578125,0.857421875,53,29
011,0.146484375,0.853515625,51,27
