state,p_marked,error,gate_count,depth
000,0.4921875,0.5078125,32,16
001,0.53125,0.46875,30,14
010,0.509765625,0.490234375,30,16
011,0.533203125,0.466796875,28,14
