state,p_marked,error,gate_count,depth
000,0.0,1.0,49,30
001,0.009765625,0.990234375,47,28
010,0.49609375,0.50390625,47,30
011,0.0,1.0,45,28
