state,p_marked,error,gate_count,depth
000,0.12109375,0.87890625,72,38
001,0.1328125,0.8671875,66,32
010,0.107421875,0.892578125,66,38
011,0.125,0.875,60,32
