state,p_marked,error,gate_count,depth
000,0.123046875,0.876953125,24,12
001,0.09375,0.90625,20,8
010,0.119140625,0.880859375,20,12
011,0.1640625,0.8359375,16,8
