state,p_marked,error,gate_count,depth
000,0.123046875,0.876953125,24,12
001,0.111328125,0.888671875,20,8
010,0.1328125,0.8671875,20,12
011,0.107421875,0.892578125,16,8
