state,p_marked,error,gate_count,depth
000,0.125,0.875,49,24
001,0.11328125,0.88671875,47,22
010,0.130859375,0.869140625,47,24
011,0.119140625,0.880859375,45,22
