state,p_marked,error,gate_count,depth
000,0.140625,0.859375,32,16
001,0.13671875,0.86328125,30,14
010,0.138671875,0.861328125,30,16
011,0.10546875,0.89453125,28,14
