state,p_marked,error,gate_count,depth
000,0.154296875,0.845703125,42,22
001,0.123046875,0.876953125,34,14
010,0.134765625,0.865234375,34,22
011,0.13671875,0.86328125,26,14
