state,p_marked,error,gate_count,depth
000,0.125,0.875,27,12
001,0.13671875,0.86328125,27,12
010,0.11328125,0.88671875,27,12
011,0.095703125,0.904296875,27,12
