state,p_marked,error,gate_count,depth
000,0.107421875,0.892578125,15,7
001,0.1171875,0.8828125,13,5
010,0.130859375,0.869140625,13,7
011,0.123046875,0.876953125,11,5
