state,p_marked,error,gate_count,depth
000,0.09765625,0.90234375,33,17
001,0.12890625,0.87109375,27,11
010,0.138671875,0.861328125,27,17
011,0.140625,0.859375,21,11
