state,p_marked,error,gate_count,depth
000,0.5234375,0.4765625,33,16
001,0.486328125,0.513671875,31,14
010,0.451171875,0.548828125,31,16
011,0.490234375,0.509765625,29,14
