state,p_marked,error,gate_count,depth
000,0.291015625,0.708984375,58,30
001,0.294921875,0.705078125,54,26
010,0.029296875,0.970703125,54,30
011,0.029296875,0.970703125,50,26
