state,p_marked,error,gate_count,depth
000,0.484375,0.515625,34,18
001,0.51171875,0.48828125,32,16
010,0.509765625,0.490234375,32,18
011,0.494140625,0.505859375,30,16
