state,p_marked,error,gate_count,depth
000,0.478515625,0.521484375,42,22
001,0.513671875,0.486328125,38,18
010,0.5,0.5,38,22
011,0.541015625,0.458984375,34,18
