state,p_marked,error,gate_count,depth
000,0.142578125,0.857421875,90,54
001,0.35546875,0.64453125,82,46
010,0.0703125,0.9296875,82,54
011,0.0078125,0.9921875,74,46
