state,p_marked,error,gate_count,depth
000,0.05078125,0.94921875,33,16
001,0.0625,0.9375,31,14
010,0.0546875,0.9453125,31,16
011,0.064453125,0.935546875,29,14
