state,p_marked,error,gate_count,depth
000,0.1015625,0.8984375,15,7
001,0.14453125,0.85546875,13,5
010,0.125,0.875,13,7
011,0.11328125,0.88671875,11,5
