state,p_marked,error,gate_count,depth
000,0.0,1.0,77,41
001,0.0,1.0,65,29
010,0.0,1.0,65,41
011,0.103515625,0.896484375,53,29
