state,p_marked,error,gate_count,depth
000,0.470703125,0.529296875,50,26
001,0.4921875,0.5078125,44,20
010,0.51953125,0.48046875,44,26
011,0.4765625,0.5234375,38,20
