state,p_marked,error,gate_count,depth
000,0.072265625,0.927734375,32,15
001,0.05078125,0.94921875,30,13
010,0.0703125,0.9296875,30,15
011,0.076171875,0.923828125,28,13
