state,p_marked,error,gate_count,depth
000,0.275390625,0.724609375,59,30
001,0.03515625,0.96484375,55,26
010,0.03125,0.96875,55,30
011,0.291015625,0.708984375,51,26
