state,p_marked,error,gate_count,depth
000,0.48046875,0.51953125,41,21
001,0.50390625,0.49609375,37,17
010,0.49609375,0.50390625,37,21
011,0.46875,0.53125,33,17
