state,p_marked,error,gate_count,depth
000,0.501953125,0.498046875,42,21
001,0.494140625,0.505859375,38,17
010,0.486328125,0.513671875,38,21
011,0.533203125,0.466796875,34,17
