state,p_marked,error,gate_count,depth
000,0.0,1.0,64,33
001,0.154296875,0.845703125,60,29
010,0.0,1.0,60,33
011,0.263671875,0.736328125,56,29
