state,p_marked,error,gate_count,depth
000,0.072265625,0.927734375,33,16
001,0.052734375,0.947265625,31,14
010,0.080078125,0.919921875,31,16
011,0.0546875,0.9453125,29,14
