state,p_marked,error,gate_count,depth
000,0.140625,0.859375,57,31
001,0.162109375,0.837890625,55,29
010,0.16015625,0.83984375,55,31
011,0.171875,0.828125,53,29
