state,p_marked,error,gate_count,depth
000,0.087890625,0.912109375,41,20
001,0.125,0.875,41,20
010,0.1484375,0.8515625,41,20
011,0.134765625,0.865234375,41,20
