state,p_marked,error,gate_count,depth
000,0.46484375,0.53515625,34,18
001,0.513671875,0.486328125,32,16
010,0.513671875,0.486328125,32,18
011,0.51953125,0.48046875,30,16
