state,p_marked,error,gate_count,depth
000,0.103515625,0.896484375,60,32
001,0.125,0.875,52,24
010,0.140625,0.859375,52,32
011,0.119140625,0.880859375,44,24
