state,p_marked,error,gate_count,depth
000,0.09765625,0.90234375,40,22
001,0.259765625,0.740234375,38,20
010,0.638671875,0.361328125,38,22
011,0.111328125,0.888671875,36,20
