state,p_marked,error,gate_count,depth
000,0.49609375,0.50390625,32,16
001,0.44921875,0.55078125,30,14
010,0.46875,0.53125,30,16
011,0.53125,0.46875,28,14
