state,p_marked,error,gate_count,depth
000,0.126953125,0.873046875,42,22
001,0.146484375,0.853515625,34,14
010,0.1484375,0.8515625,34,22
011,0.109375,0.890625,26,14
