state,p_marked,error,gate_count,depth
000,0.037109375,0.962890625,148,93
001,0.353515625,0.646484375,142,87
010,0.02734375,0.97265625,142,93
011,0.173828125,0.826171875,136,87
