state,p_marked,error,gate_count,depth
000,0.240234375,0.759765625,33,17
001,0.294921875,0.705078125,31,15
010,0.248046875,0.751953125,31,17
011,0.267578125,0.732421875,29,15
