state,p_marked,error,gate_count,depth
000,0.564453125,0.435546875,35,19
001,0.57421875,0.42578125,33,17
010,0.572265625,0.427734375,33,19
011,0.052734375,0.947265625,31,17
