state,p_marked,error,gate_count,depth
000,0.1171875,0.8828125,24,12
001,0.103515625,0.896484375,20,8
010,0.099609375,0.900390625,20,12
011,0.140625,0.859375,16,8
