state,p_marked,error,gate_count,depth
000,0.0,1.0,55,30
001,0.12109375,0.87890625,49,24
010,0.0,1.0,49,30
011,0.115234375,0.884765625,43,24
