state,p_marked,error,gate_count,depth
000,0.490234375,0.509765625,41,21
001,0.525390625,0.474609375,37,17
010,0.44140625,0.55859375,37,21
011,0.48046875,0.51953125,33,17
