state,p_marked,error,gate_count,depth
000,0.50390625,0.49609375,34,16
001,0.501953125,0.498046875,32,14
010,0.466796875,0.533203125,32,16
011,0.505859375,0.494140625,30,14
