state,p_marked,error,gate_count,depth
000,0.1015625,0.8984375,33,17
001,0.14453125,0.85546875,31,15
010,0.130859375,0.869140625,31,17
011,0.1171875,0.8828125,29,15
