state,p_marked,error,gate_count,depth
000,0.234375,0.765625,86,44
001,0.25,0.75,76,35
010,0.0,1.0,76,44
011,0.0,1.0,66,34
