state,p_marked,error,gate_count,depth
000,0.59765625,0.40234375,33,16
001,0.552734375,0.447265625,31,14
010,0.56640625,0.43359375,31,16
011,0.521484375,0.478515625,29,14
