state,p_marked,error,gate_count,depth
000,0.470703125,0.529296875,68,36
001,0.48828125,0.51171875,58,26
010,0.517578125,0.482421875,58,36
011,0.5078125,0.4921875,48,26
