state,p_marked,error,gate_count,depth
000,0.140625,0.859375,33,17
001,0.091796875,0.908203125,31,15
010,0.123046875,0.876953125,31,17
011,0.126953125,0.873046875,29,15
