state,p_marked,error,gate_count,depth
000,0.0234375,0.9765625,56,30
001,0.173828125,0.826171875,54,28
010,0.173828125,0.826171875,54,30
011,0.28515625,0.71484375,52,28
