state,p_marked,error,gate_count,depth
000,0.134765625,0.865234375,15,7
001,0.09375,0.90625,13,5
010,0.162109375,0.837890625,13,7
011,0.140625,0.859375,11,5
