state,p_marked,error,gate_count,depth
000,0.49609375,0.50390625,33,16
001,0.5234375,0.4765625,31,14
010,0.48828125,0.51171875,31,16
011,0.498046875,0.501953125,29,14
