state,p_marked,error,gate_count,depth
000,0.27734375,0.72265625,107,55
001,0.150390625,0.849609375,105,53
010,0.439453125,0.560546875,105,55
011,0.142578125,0.857421875,103,53
