state,p_marked,error,gate_count,depth
000,0.123046875,0.876953125,15,7
001,0.12109375,0.87890625,13,5
010,0.125,0.875,13,7
011,0.12890625,0.87109375,11,5
