state,p_marked,error,gate_count,depth
000,0.11328125,0.88671875,15,7
001,0.125,0.875,13,5
010,0.1015625,0.8984375,13,7
011,0.103515625,0.896484375,11,5
