state,p_marked,error,gate_count,depth
000,0.544921875,0.455078125,33,16
001,0.587890625,0.412109375,31,14
010,0.515625,0.484375,31,16
011,0.5546875,0.4453125,29,14
