state,p_marked,error,gate_count,depth
000,0.10546875,0.89453125,33,17
001,0.111328125,0.888671875,27,11
010,0.08984375,0.91015625,27,17
011,0.14453125,0.85546875,21,11
