state,p_marked,error,gate_count,depth
000,0.0,1.0,55,30
001,0.109375,0.890625,49,24
010,0.0,1.0,49,30
011,0.126953125,0.873046875,43,24
