state,p_marked,error,gate_count,depth
000,0.13671875,0.86328125,32,15
001,0.130859375,0.869140625,30,13
010,0.109375,0.890625,30,15
011,0.12890625,0.87109375,28,13
