state,p_marked,error,gate_count,depth
000,0.5,0.5,33,17
001,0.47265625,0.52734375,31,15
010,0.513671875,0.486328125,31,17
011,0.513671875,0.486328125,29,15
