state,p_marked,error,gate_count,depth
000,0.13671875,0.86328125,33,17
001,0.107421875,0.892578125,31,15
010,0.1171875,0.8828125,31,17
011,0.0,1.0,29,15
