state,p_marked,error,gate_count,depth
000,0.5546875,0.4453125,42,21
001,0.548828125,0.451171875,38,17
010,0.560546875,0.439453125,38,21
011,0.564453125,0.435546875,34,17
