state,p_marked,error,gate_count,depth
000,0.568359375,0.431640625,33,16
001,0.533203125,0.466796875,31,14
010,0.548828125,0.451171875,31,16
011,0.572265625,0.427734375,29,14
