state,p_marked,error,gate_count,depth
000,0.0,1.0,34,17
001,0.0,1.0,32,15
010,0.533203125,0.466796875,32,17
011,0.548828125,0.451171875,30,15
