state,p_marked,error,gate_count,depth
000,0.03515625,0.96484375,128,79
001,0.001953125,0.998046875,124,75
010,0.03125,0.96875,124,79
011,0.38671875,0.61328125,120,75
