state,p_marked,error,gate_count,depth
000,0.48828125,0.51171875,41,21
001,0.482421875,0.517578125,37,17
010,0.52734375,0.47265625,37,21
011,0.431640625,0.568359375,33,17
