state,p_marked,error,gate_count,depth
000,0.599609375,0.400390625,33,16
001,0.5546875,0.4453125,31,14
010,0.576171875,0.423828125,31,16
011,0.609375,0.390625,29,14
