state,p_marked,error,gate_count,depth
000,0.0,1.0,39,19
001,0.1171875,0.8828125,37,17
010,0.0,1.0,37,19
011,0.103515625,0.896484375,35,17
