state,p_marked,error,gate_count,depth
000,0.05859375,0.94140625,34,18
001,0.07421875,0.92578125,32,16
010,0.064453125,0.935546875,32,18
011,0.052734375,0.947265625,30,16
