state,p_marked,error,gate_count,depth
000,0.541015625,0.458984375,33,17
001,0.5078125,0.4921875,31,15
010,0.46484375,0.53515625,31,17
011,0.462890625,0.537109375,29,15
