state,p_marked,error,gate_count,depth
000,0.240234375,0.759765625,76,38
001,0.26171875,0.73828125,72,34
010,0.240234375,0.759765625,72,38
011,0.228515625,0.771484375,68,34
