state,p_marked,error,gate_count,depth
000,0.25,0.75,33,16
001,0.212890625,0.787109375,31,14
010,0.2265625,0.7734375,31,16
011,0.26171875,0.73828125,29,14
