state,p_marked,error,gate_count,depth
000,0.232421875,0.767578125,33,16
001,0.26953125,0.73046875,31,14
010,0.216796875,0.783203125,31,16
011,0.205078125,0.794921875,29,14
