state,p_marked,error,gate_count,depth
000,0.09375,0.90625,15,7
001,0.123046875,0.876953125,13,5
010,0.1484375,0.8515625,13,7
011,0.12890625,0.87109375,11,5
