state,p_marked,error,gate_count,depth
000,0.12890625,0.87109375,15,7
001,0.107421875,0.892578125,13,5
010,0.130859375,0.869140625,13,7
011,0.1328125,0.8671875,11,5
