state,p_marked,error,gate_count,depth
000,0.26171875,0.73828125,33,16
001,0.0,1.0,31,14
010,0.244140625,0.755859375,31,16
011,0.0,1.0,29,14
