state,p_marked,error,gate_count,depth
000,0.125,0.875,15,7
001,0.12890625,0.87109375,13,5
010,0.099609375,0.900390625,13,7
011,0.123046875,0.876953125,11,5
