state,p_marked,error,gate_count,depth
000,0.15625,0.84375,41,25
001,0.0859375,0.9140625,41,25
010,0.173828125,0.826171875,41,25
011,0.09765625,0.90234375,41,25
