state,p_marked,error,gate_count,depth
000,0.0,1.0,60,31
001,0.505859375,0.494140625,56,27
010,0.0,1.0,56,31
011,0.46484375,0.53515625,52,27
