state,p_marked,error,gate_count,depth
000,0.486328125,0.513671875,33,17
001,0.5078125,0.4921875,31,15
010,0.482421875,0.517578125,31,17
011,0.46484375,0.53515625,29,15
