state,p_marked,error,gate_count,depth
000,0.470703125,0.529296875,41,21
001,0.49609375,0.50390625,37,17
010,0.517578125,0.482421875,37,21
011,0.517578125,0.482421875,33,17
