state,p_marked,error,gate_count,depth
000,0.1328125,0.8671875,42,22
001,0.12890625,0.87109375,34,14
010,0.13671875,0.86328125,34,22
011,0.138671875,0.861328125,26,14
