state,p_marked,error,gate_count,depth
000,0.498046875,0.501953125,32,16
001,0.48046875,0.51953125,30,14
010,0.474609375,0.525390625,30,16
011,0.494140625,0.505859375,28,14
