state,p_marked,error,gate_count,depth
000,0.0,1.0,33,17
001,0.109375,0.890625,31,15
010,0.0,1.0,31,17
011,0.126953125,0.873046875,29,15
