state,p_marked,error,gate_count,depth
000,0.0234375,0.9765625,71,39
001,0.03515625,0.96484375,67,35
010,0.287109375,0.712890625,67,39
011,0.021484375,0.978515625,63,35
