state,p_marked,error,gate_count,depth
000,0.486328125,0.513671875,32,16
001,0.50390625,0.49609375,30,14
010,0.529296875,0.470703125,30,16
011,0.505859375,0.494140625,28,14
