state,p_marked,error,gate_count,depth
000,0.1171875,0.8828125,33,16
001,0.115234375,0.884765625,31,14
010,0.1171875,0.8828125,31,16
011,0.119140625,0.880859375,29,14
