state,p_marked,error,gate_count,depth
000,0.44140625,0.55859375,41,21
001,0.474609375,0.525390625,37,17
010,0.548828125,0.451171875,37,21
011,0.533203125,0.466796875,33,17
