state,p_marked,error,gate_count,depth
000,0.470703125,0.529296875,33,16
001,0.478515625,0.521484375,31,14
010,0.48828125,0.51171875,31,16
011,0.51171875,0.48828125,29,14
