state,p_marked,error,gate_count,depth
000,0.12890625,0.87109375,33,17
001,0.1328125,0.8671875,27,11
010,0.130859375,0.869140625,27,17
011,0.140625,0.859375,21,11
