state,p_marked,error,gate_count,depth
000,0.138671875,0.861328125,46,24
001,0.103515625,0.896484375,42,20
010,0.142578125,0.857421875,42,24
011,0.12109375,0.87890625,38,20
