state,p_marked,error,gate_count,depth
000,0.576171875,0.423828125,33,16
001,0.564453125,0.435546875,31,14
010,0.064453125,0.935546875,31,16
011,0.060546875,0.939453125,29,14
