state,p_marked,error,gate_count,depth
000,0.130859375,0.869140625,69,37
001,0.12109375,0.87890625,55,23
010,0.123046875,0.876953125,55,37
011,0.13671875,0.86328125,41,23
