state,p_marked,error,gate_count,depth
000,0.435546875,0.564453125,58,32
001,0.05078125,0.94921875,56,30
010,0.23828125,0.76171875,56,32
011,0.0,1.0,54,30
