state,p_marked,error,gate_count,depth
000,0.142578125,0.857421875,34,16
001,0.134765625,0.865234375,32,14
010,0.123046875,0.876953125,32,16
011,0.119140625,0.880859375,30,14
