state,p_marked,error,gate_count,depth
000,0.548828125,0.451171875,33,17
001,0.5390625,0.4609375,31,15
010,0.533203125,0.466796875,31,17
011,0.505859375,0.494140625,29,15
