state,p_marked,error,gate_count,depth
000,0.5625,0.4375,42,21
001,0.54296875,0.45703125,38,17
010,0.580078125,0.419921875,38,21
011,0.544921875,0.455078125,34,17
