state,p_marked,error,gate_count,depth
000,0.1171875,0.8828125,32,16
001,0.154296875,0.845703125,30,14
010,0.140625,0.859375,30,16
011,0.130859375,0.869140625,28,14
