state,p_marked,error,gate_count,depth
000,0.201171875,0.798828125,41,20
001,0.26953125,0.73046875,41,20
010,0.259765625,0.740234375,41,20
011,0.25390625,0.74609375,41,20
