state,p_marked,error,gate_count,depth
000,0.54296875,0.45703125,42,21
001,0.576171875,0.423828125,38,17
010,0.546875,0.453125,38,21
011,0.537109375,0.462890625,34,17
