state,p_marked,error,gate_count,depth
000,0.236328125,0.763671875,33,17
001,0.294921875,0.705078125,31,15
010,0.23046875,0.76953125,31,17
011,0.2578125,0.7421875,29,15
