state,p_marked,error,gate_count,depth
000,0.115234375,0.884765625,33,17
001,0.142578125,0.857421875,27,11
010,0.119140625,0.880859375,27,17
011,0.12109375,0.87890625,21,11
