state,p_marked,error,gate_count,depth
000,0.466796875,0.533203125,40,22
001,0.13671875,0.86328125,38,20
010,0.115234375,0.884765625,38,22
011,0.466796875,0.533203125,36,20
