state,p_marked,error,gate_count,depth
000,0.111328125,0.888671875,40,19
001,0.123046875,0.876953125,40,19
010,0.11328125,0.88671875,40,19
011,0.115234375,0.884765625,40,19
