state,p_marked,error,gate_count,depth
000,0.072265625,0.927734375,36,18
001,0.05859375,0.94140625,34,16
010,0.05859375,0.94140625,34,18
011,0.048828125,0.951171875,32,16
