state,p_marked,error,gate_count,depth
000,0.0,1.0,34,17
001,0.044921875,0.955078125,32,15
010,0.0,1.0,32,17
011,0.044921875,0.955078125,30,15
