state,p_marked,error,gate_count,depth
000,0.546875,0.453125,42,21
001,0.53125,0.46875,38,17
010,0.55078125,0.44921875,38,21
011,0.54296875,0.45703125,34,17
