state,p_marked,error,gate_count,depth
000,0.126953125,0.873046875,42,21
001,0.11328125,0.88671875,38,17
010,0.140625,0.859375,38,21
011,0.099609375,0.900390625,34,17
