state,p_marked,error,gate_count,depth
000,0.142578125,0.857421875,42,22
001,0.11328125,0.88671875,38,18
010,0.125,0.875,38,22
011,0.107421875,0.892578125,34,18
