state,p_marked,error,gate_count,depth
000,0.142578125,0.857421875,50,25
001,0.119140625,0.880859375,44,19
010,0.13671875,0.86328125,44,25
011,0.12109375,0.87890625,38,19
