state,p_marked,error,gate_count,depth
000,0.2734375,0.7265625,41,21
001,0.24609375,0.75390625,39,20
010,0.265625,0.734375,39,21
011,0.25,0.75,37,20
