state,p_marked,error,gate_count,depth
000,0.134765625,0.865234375,63,37
001,0.0,1.0,61,35
010,0.0,1.0,61,37
011,0.130859375,0.869140625,59,35
