state,p_marked,error,gate_count,depth
000,0.119140625,0.880859375,33,17
001,0.087890625,0.912109375,27,11
010,0.099609375,0.900390625,27,17
011,0.138671875,0.861328125,21,11
