state,p_marked,error,gate_count,depth
000,0.55859375,0.44140625,32,16
001,0.525390625,0.474609375,30,14
010,0.5390625,0.4609375,30,16
011,0.54296875,0.45703125,28,14
