state,p_marked,error,gate_count,depth
000,0.505859375,0.494140625,32,16
001,0.5,0.5,30,14
010,0.484375,0.515625,30,16
011,0.55859375,0.44140625,28,14
