state,p_marked,error,gate_count,depth
000,0.556640625,0.443359375,42,21
001,0.583984375,0.416015625,38,17
010,0.55859375,0.44140625,38,21
011,0.556640625,0.443359375,34,17
