state,p_marked,error,gate_count,depth
000,0.140625,0.859375,32,15
001,0.10546875,0.89453125,30,13
010,0.11328125,0.88671875,30,15
011,0.126953125,0.873046875,28,13
