state,p_marked,error,gate_count,depth
000,0.0859375,0.9140625,33,17
001,0.14453125,0.85546875,27,11
010,0.111328125,0.888671875,27,17
011,0.115234375,0.884765625,21,11
