state,p_marked,error,gate_count,depth
000,0.5703125,0.4296875,42,21
001,0.55078125,0.44921875,38,17
010,0.58203125,0.41796875,38,21
011,0.564453125,0.435546875,34,17
