state,p_marked,error,gate_count,depth
000,0.05078125,0.94921875,44,23
001,0.072265625,0.927734375,44,23
010,0.22265625,0.77734375,44,23
011,0.380859375,0.619140625,44,23
