state,p_marked,error,gate_count,depth
000,0.50390625,0.49609375,41,21
001,0.509765625,0.490234375,37,17
010,0.515625,0.484375,37,21
011,0.517578125,0.482421875,33,17
