state,p_marked,error,gate_count,depth
000,0.345703125,0.654296875,71,49
001,0.048828125,0.951171875,67,45
010,0.03515625,0.96484375,67,49
011,0.033203125,0.966796875,63,45
