state,p_marked,error,gate_count,depth
000,0.53125,0.46875,32,16
001,0.552734375,0.447265625,30,14
010,0.484375,0.515625,30,16
011,0.49609375,0.50390625,28,14
