state,p_marked,error,gate_count,depth
000,0.52734375,0.47265625,32,16
001,0.4765625,0.5234375,30,14
010,0.4921875,0.5078125,30,16
011,0.5390625,0.4609375,28,14
