state,p_marked,error,gate_count,depth
000,0.52734375,0.47265625,33,16
001,0.6015625,0.3984375,31,14
010,0.572265625,0.427734375,31,16
011,0.533203125,0.466796875,29,14
