state,p_marked,error,gate_count,depth
000,0.11328125,0.88671875,40,19
001,0.1171875,0.8828125,40,19
010,0.115234375,0.884765625,40,19
011,0.140625,0.859375,40,19
