state,p_marked,error,gate_count,depth
000,0.041015625,0.958984375,34,17
001,0.529296875,0.470703125,32,15
010,0.5859375,0.4140625,32,17
011,0.060546875,0.939453125,30,15
