state,p_marked,error,gate_count,depth
000,0.111328125,0.888671875,33,16
001,0.109375,0.890625,31,14
010,0.1328125,0.8671875,31,16
011,0.142578125,0.857421875,29,14
