state,p_marked,error,gate_count,depth
000,0.111328125,0.888671875,15,7
001,0.1171875,0.8828125,13,5
010,0.09765625,0.90234375,13,7
011,0.142578125,0.857421875,11,5
