state,p_marked,error,gate_count,depth
000,0.130859375,0.869140625,49,25
001,0.119140625,0.880859375,47,23
010,0.15625,0.84375,47,25
011,0.115234375,0.884765625,45,23
