state,p_marked,error,gate_count,depth
000,0.482421875,0.517578125,41,21
001,0.466796875,0.533203125,37,17
010,0.517578125,0.482421875,37,21
011,0.45703125,0.54296875,33,17
