state,p_marked,error,gate_count,depth
000,0.111328125,0.888671875,51,27
001,0.12890625,0.87109375,41,17
010,0.1328125,0.8671875,41,27
011,0.140625,0.859375,31,17
