state,p_marked,error,gate_count,depth
000,0.1328125,0.8671875,41,20
001,0.12109375,0.87890625,37,16
010,0.115234375,0.884765625,37,20
011,0.087890625,0.912109375,33,16
