state,p_marked,error,gate_count,depth
000,0.14453125,0.85546875,40,20
001,0.1328125,0.8671875,40,20
010,0.13671875,0.86328125,40,20
011,0.115234375,0.884765625,40,20
