state,p_marked,error,gate_count,depth
000,0.21875,0.78125,50,28
001,0.03515625,0.96484375,46,24
010,0.189453125,0.810546875,46,28
011,0.0390625,0.9609375,42,24
