state,p_marked,error,gate_count,depth
000,0.029296875,0.970703125,86,54
001,0.158203125,0.841796875,84,52
010,0.083984375,0.916015625,84,54
011,0.44921875,0.55078125,82,52
