state,p_marked,error,gate_count,depth
000,0.58984375,0.41015625,33,16
001,0.54296875,0.45703125,31,14
010,0.5703125,0.4296875,31,16
011,0.55078125,0.44921875,29,14
