state,p_marked,error,gate_count,depth
000,0.10546875,0.89453125,49,25
001,0.138671875,0.861328125,47,23
010,0.138671875,0.861328125,47,25
011,0.08984375,0.91015625,45,23
