state,p_marked,error,gate_count,depth
000,0.16015625,0.83984375,42,22
001,0.10546875,0.89453125,34,14
010,0.115234375,0.884765625,34,22
011,0.109375,0.890625,26,14
