state,p_marked,error,gate_count,depth
000,0.0078125,0.9921875,32,16
001,0.00390625,0.99609375,30,14
010,0.00390625,0.99609375,30,16
011,0.001953125,0.998046875,28,14
