state,p_marked,error,gate_count,depth
000,0.130859375,0.869140625,50,25
001,0.091796875,0.908203125,48,23
010,0.140625,0.859375,48,25
011,0.11328125,0.88671875,46,23
