state,p_marked,error,gate_count,depth
000,0.12890625,0.87109375,33,17
001,0.0,1.0,31,15
010,0.095703125,0.904296875,31,17
011,0.107421875,0.892578125,29,15
