state,p_marked,error,gate_count,depth
000,0.03125,0.96875,50,26
001,0.26953125,0.73046875,48,24
010,0.0234375,0.9765625,48,26
011,0.0234375,0.9765625,46,24
