state,p_marked,error,gate_count,depth
000,0.55078125,0.44921875,34,17
001,0.572265625,0.427734375,32,15
010,0.5546875,0.4453125,32,17
011,0.548828125,0.451171875,30,15
