state,p_marked,error,gate_count,depth
000,0.140625,0.859375,34,16
001,0.158203125,0.841796875,32,14
010,0.119140625,0.880859375,32,16
011,0.123046875,0.876953125,30,14
