state,p_marked,error,gate_count,depth
000,0.3515625,0.6484375,59,33
001,0.333984375,0.666015625,57,31
010,0.052734375,0.947265625,57,33
011,0.16015625,0.83984375,55,31
