state,p_marked,error,gate_count,depth
000,0.232421875,0.767578125,38,19
001,0.10546875,0.89453125,36,17
010,0.2578125,0.7421875,36,19
011,0.126953125,0.873046875,34,17
