state,p_marked,error,gate_count,depth
000,0.1328125,0.8671875,32,15
001,0.138671875,0.861328125,30,13
010,0.09765625,0.90234375,30,15
011,0.13671875,0.86328125,28,13
