state,p_marked,error,gate_count,depth
000,0.50390625,0.49609375,33,16
001,0.453125,0.546875,31,14
010,0.482421875,0.517578125,31,16
011,0.51953125,0.48046875,29,14
