state,p_marked,error,gate_count,depth
000,0.2265625,0.7734375,84,44
001,0.05078125,0.94921875,78,38
010,0.01953125,0.98046875,78,44
011,0.013671875,0.986328125,72,38
