state,p_marked,error,gate_count,depth
000,0.498046875,0.501953125,32,16
001,0.513671875,0.486328125,30,14
010,0.501953125,0.498046875,30,16
011,0.48046875,0.51953125,28,14
