state,p_marked,error,gate_count,depth
000,0.25,0.75,41,20
001,0.251953125,0.748046875,41,20
010,0.2734375,0.7265625,41,20
011,0.234375,0.765625,41,20
