state,p_marked,error,gate_count,depth
000,0.572265625,0.427734375,42,21
001,0.564453125,0.435546875,38,17
010,0.568359375,0.431640625,38,21
011,0.533203125,0.466796875,34,17
