state,p_marked,error,gate_count,depth
000,0.10546875,0.89453125,35,17
001,0.0390625,0.9609375,33,15
010,0.095703125,0.904296875,33,17
011,0.017578125,0.982421875,31,15
