state,p_marked,error,gate_count,depth
000,0.1484375,0.8515625,41,21
001,0.11328125,0.88671875,37,17
010,0.11328125,0.88671875,37,21
011,0.111328125,0.888671875,33,17
