state,p_marked,error,gate_count,depth
000,0.0703125,0.9296875,33,17
001,0.05078125,0.94921875,31,15
010,0.07421875,0.92578125,31,17
011,0.083984375,0.916015625,29,15
