state,p_marked,error,gate_count,depth
000,0.1328125,0.8671875,41,21
001,0.10546875,0.89453125,37,17
010,0.1171875,0.8828125,37,21
011,0.123046875,0.876953125,33,17
