state,p_marked,error,gate_count,depth
000,0.119140625,0.880859375,40,19
001,0.123046875,0.876953125,40,19
010,0.126953125,0.873046875,40,19
011,0.123046875,0.876953125,40,19
