state,p_marked,error,gate_count,depth
000,0.0,1.0,38,20
001,0.16015625,0.83984375,36,18
010,0.1171875,0.8828125,36,20
011,0.0,1.0,34,18
