state,p_marked,error,gate_count,depth
000,0.111328125,0.888671875,24,12
001,0.107421875,0.892578125,20,8
010,0.134765625,0.865234375,20,12
011,0.125,0.875,16,8
