state,p_marked,error,gate_count,depth
000,0.0,1.0,79,40
001,0.091796875,0.908203125,79,40
010,0.0,1.0,79,40
011,0.39453125,0.60546875,79,40
