state,p_marked,error,gate_count,depth
000,0.572265625,0.427734375,33,16
001,0.578125,0.421875,31,14
010,0.046875,0.953125,31,16
011,0.08984375,0.91015625,29,14
