state,p_marked,error,gate_count,depth
000,0.115234375,0.884765625,51,27
001,0.119140625,0.880859375,41,17
010,0.115234375,0.884765625,41,27
011,0.142578125,0.857421875,31,17
