state,p_marked,error,gate_count,depth
000,0.091796875,0.908203125,24,12
001,0.1171875,0.8828125,20,8
010,0.138671875,0.861328125,20,12
011,0.1484375,0.8515625,16,8
