state,p_marked,error,gate_count,depth
000,0.4765625,0.5234375,32,16
001,0.51953125,0.48046875,30,14
010,0.53515625,0.46484375,30,16
011,0.533203125,0.466796875,28,14
