state,p_marked,error,gate_count,depth
000,0.01171875,0.98828125,67,39
001,0.05078125,0.94921875,65,38
010,0.09375,0.90625,65,39
011,0.0546875,0.9453125,63,38
