state,p_marked,error,gate_count,depth
000,0.11328125,0.88671875,33,16
001,0.08984375,0.91015625,31,14
010,0.08984375,0.91015625,31,16
011,0.0,1.0,29,14
