state,p_marked,error,gate_count,depth
000,0.517578125,0.482421875,34,16
001,0.447265625,0.552734375,32,14
010,0.537109375,0.462890625,32,16
011,0.4921875,0.5078125,30,14
