state,p_marked,error,gate_count,depth
000,0.025390625,0.974609375,60,31
001,0.041015625,0.958984375,56,27
010,0.294921875,0.705078125,56,31
011,0.0234375,0.9765625,52,27
