state,p_marked,error,gate_count,depth
000,0.53515625,0.46484375,33,17
001,0.490234375,0.509765625,31,15
010,0.521484375,0.478515625,31,17
011,0.103515625,0.896484375,29,15
