state,p_marked,error,gate_count,depth
000,0.072265625,0.927734375,34,17
001,0.05859375,0.94140625,32,15
010,0.068359375,0.931640625,32,17
011,0.076171875,0.923828125,30,15
