state,p_marked,error,gate_count,depth
000,0.4921875,0.5078125,33,17
001,0.484375,0.515625,31,15
010,0.515625,0.484375,31,17
011,0.5,0.5,29,15
