state,p_marked,error,gate_count,depth
000,0.0625,0.9375,33,15
001,0.078125,0.921875,31,13
010,0.0546875,0.9453125,31,15
011,0.076171875,0.923828125,29,13
