state,p_marked,error,gate_count,depth
000,0.138671875,0.861328125,23,10
001,0.107421875,0.892578125,23,10
010,0.099609375,0.900390625,23,10
011,0.12109375,0.87890625,23,10
