state,p_marked,error,gate_count,depth
000,0.021484375,0.978515625,53,28
001,0.009765625,0.990234375,51,26
010,0.015625,0.984375,51,28
011,0.01171875,0.98828125,49,26
