state,p_marked,error,gate_count,depth
000,0.220703125,0.779296875,50,28
001,0.029296875,0.970703125,46,24
010,0.224609375,0.775390625,46,28
011,0.03515625,0.96484375,42,24
