state,p_marked,error,gate_count,depth
000,0.111328125,0.888671875,51,27
001,0.142578125,0.857421875,41,17
010,0.109375,0.890625,41,27
011,0.140625,0.859375,31,17
