state,p_marked,error,gate_count,depth
000,0.15234375,0.84765625,32,15
001,0.138671875,0.861328125,30,13
010,0.1328125,0.8671875,30,15
011,0.1015625,0.8984375,28,13
