state,p_marked,error,gate_count,depth
000,0.568359375,0.431640625,63,33
001,0.51171875,0.48828125,59,30
010,0.279296875,0.720703125,59,32
011,0.28515625,0.71484375,55,29
