state,p_marked,error,gate_count,depth
000,0.240234375,0.759765625,38,19
001,0.0,1.0,36,17
010,0.228515625,0.771484375,36,19
011,0.0,1.0,34,17
