state,p_marked,error,gate_count,depth
000,0.515625,0.484375,41,21
001,0.5078125,0.4921875,37,17
010,0.53515625,0.46484375,37,21
011,0.466796875,0.533203125,33,17
