state,p_marked,error,gate_count,depth
000,0.48828125,0.51171875,42,21
001,0.595703125,0.404296875,38,17
010,0.55078125,0.44921875,38,21
011,0.587890625,0.412109375,34,17
