state,p_marked,error,gate_count,depth
000,0.1015625,0.8984375,115,72
001,0.107421875,0.892578125,113,70
010,0.34375,0.65625,113,72
011,0.32421875,0.67578125,111,70
