state,p_marked,error,gate_count,depth
000,0.078125,0.921875,33,16
001,0.05859375,0.94140625,31,14
010,0.068359375,0.931640625,31,16
011,0.05078125,0.94921875,29,14
