state,p_marked,error,gate_count,depth
000,0.478515625,0.521484375,41,21
001,0.517578125,0.482421875,37,17
010,0.45703125,0.54296875,37,21
011,0.515625,0.484375,33,17
