state,p_marked,error,gate_count,depth
000,0.521484375,0.478515625,41,21
001,0.52734375,0.47265625,37,17
010,0.53515625,0.46484375,37,21
011,0.5390625,0.4609375,33,17
