state,p_marked,error,gate_count,depth
000,0.1328125,0.8671875,76,39
001,0.130859375,0.869140625,68,31
010,0.103515625,0.896484375,68,39
011,0.12890625,0.87109375,60,31
