state,p_marked,error,gate_count,depth
000,0.466796875,0.533203125,33,16
001,0.501953125,0.498046875,31,14
010,0.4765625,0.5234375,31,16
011,0.513671875,0.486328125,29,14
