state,p_marked,error,gate_count,depth
000,0.046875,0.953125,56,30
001,0.27734375,0.72265625,54,28
010,0.123046875,0.876953125,54,30
011,0.111328125,0.888671875,52,28
