state,p_marked,error,gate_count,depth
000,0.5546875,0.4453125,33,16
001,0.55078125,0.44921875,31,14
010,0.0703125,0.9296875,31,16
011,0.04296875,0.95703125,29,14
