state,p_marked,error,gate_count,depth
000,0.255859375,0.744140625,34,18
001,0.27734375,0.72265625,32,16
010,0.0,1.0,32,18
011,0.234375,0.765625,30,16
