state,p_marked,error,gate_count,depth
000,0.0,1.0,33,17
001,0.12109375,0.87890625,31,15
010,0.0,1.0,31,17
011,0.171875,0.828125,29,15
