state,p_marked,error,gate_count,depth
000,0.46484375,0.53515625,41,21
001,0.46875,0.53125,37,17
010,0.544921875,0.455078125,37,21
011,0.423828125,0.576171875,33,17
