state,p_marked,error,gate_count,depth
000,0.51953125,0.48046875,33,17
001,0.48046875,0.51953125,31,15
010,0.521484375,0.478515625,31,17
011,0.517578125,0.482421875,29,15
