state,p_marked,error,gate_count,depth
000,0.134765625,0.865234375,15,7
001,0.11328125,0.88671875,13,5
010,0.111328125,0.888671875,13,7
011,0.142578125,0.857421875,11,5
