state,p_marked,error,gate_count,depth
000,0.5703125,0.4296875,34,18
001,0.568359375,0.431640625,32,16
010,0.544921875,0.455078125,32,18
011,0.57421875,0.42578125,30,16
