state,p_marked,error,gate_count,depth
000,0.240234375,0.759765625,30,16
001,0.212890625,0.787109375,30,16
010,0.298828125,0.701171875,30,16
011,0.0,1.0,30,16
