state,p_marked,error,gate_count,depth
000,0.103515625,0.896484375,41,21
001,0.119140625,0.880859375,37,17
010,0.15234375,0.84765625,37,21
011,0.126953125,0.873046875,33,17
