state,p_marked,error,gate_count,depth
000,0.5,0.5,33,17
001,0.49609375,0.50390625,31,15
010,0.482421875,0.517578125,31,17
011,0.5390625,0.4609375,29,15
