state,p_marked,error,gate_count,depth
000,0.50390625,0.49609375,50,26
001,0.5234375,0.4765625,44,20
010,0.51171875,0.48828125,44,26
011,0.5,0.5,38,20
