state,p_marked,error,gate_count,depth
000,0.15234375,0.84765625,24,12
001,0.162109375,0.837890625,20,8
010,0.12890625,0.87109375,20,12
011,0.15625,0.84375,16,8
