state,p_marked,error,gate_count,depth
000,0.111328125,0.888671875,33,17
001,0.115234375,0.884765625,27,11
010,0.09765625,0.90234375,27,17
011,0.1328125,0.8671875,21,11
