state,p_marked,error,gate_count,depth
000,0.505859375,0.494140625,32,16
001,0.509765625,0.490234375,30,14
010,0.458984375,0.541015625,30,16
011,0.466796875,0.533203125,28,14
