state,p_marked,error,gate_count,depth
000,0.140625,0.859375,61,32
001,0.126953125,0.873046875,53,24
010,0.11328125,0.88671875,53,32
011,0.12109375,0.87890625,45,24
