state,p_marked,error,gate_count,depth
000,0.125,0.875,41,20
001,0.099609375,0.900390625,41,20
010,0.1171875,0.8828125,41,20
011,0.138671875,0.861328125,41,20
