state,p_marked,error,gate_count,depth
000,0.53125,0.46875,32,16
001,0.513671875,0.486328125,30,14
010,0.517578125,0.482421875,30,16
011,0.45703125,0.54296875,28,14
