state,p_marked,error,gate_count,depth
000,0.048828125,0.951171875,35,17
001,0.056640625,0.943359375,33,15
010,0.0546875,0.9453125,33,17
011,0.048828125,0.951171875,31,15
