state,p_marked,error,gate_count,depth
000,0.09375,0.90625,61,31
001,0.07421875,0.92578125,53,23
010,0.46875,0.53125,53,31
011,0.46875,0.53125,45,23
