state,p_marked,error,gate_count,depth
000,0.6015625,0.3984375,34,17
001,0.560546875,0.439453125,32,15
010,0.599609375,0.400390625,32,17
011,0.5390625,0.4609375,30,15
