state,p_marked,error,gate_count,depth
000,0.1171875,0.8828125,47,24
001,0.126953125,0.873046875,43,20
010,0.125,0.875,43,24
011,0.146484375,0.853515625,39,20
