state,p_marked,error,gate_count,depth
000,0.076171875,0.923828125,24,12
001,0.09765625,0.90234375,20,8
010,0.130859375,0.869140625,20,12
011,0.134765625,0.865234375,16,8
