state,p_marked,error,gate_count,depth
000,0.578125,0.421875,33,16
001,0.611328125,0.388671875,31,14
010,0.501953125,0.498046875,31,16
011,0.552734375,0.447265625,29,14
