state,p_marked,error,gate_count,depth
000,0.1484375,0.8515625,59,31
001,0.142578125,0.857421875,55,27
010,0.115234375,0.884765625,55,31
011,0.12890625,0.87109375,51,27
