state,p_marked,error,gate_count,depth
000,0.236328125,0.763671875,56,27
001,0.1171875,0.8828125,54,25
010,0.251953125,0.748046875,54,27
011,0.11328125,0.88671875,52,25
