state,p_marked,error,gate_count,depth
000,0.466796875,0.533203125,33,17
001,0.513671875,0.486328125,31,15
010,0.474609375,0.525390625,31,17
011,0.08984375,0.91015625,29,15
