state,p_marked,error,gate_count,depth
000,0.490234375,0.509765625,32,16
001,0.494140625,0.505859375,30,14
010,0.4765625,0.5234375,30,16
011,0.521484375,0.478515625,28,14
