state,p_marked,error,gate_count,depth
000,0.595703125,0.404296875,42,21
001,0.55859375,0.44140625,38,17
010,0.564453125,0.435546875,38,21
011,0.568359375,0.431640625,34,17
