state,p_marked,error,gate_count,depth
000,0.220703125,0.779296875,51,25
001,0.001953125,0.998046875,49,23
010,0.00390625,0.99609375,49,25
011,0.234375,0.765625,47,23
