state,p_marked,error,gate_count,depth
000,0.123046875,0.876953125,15,7
001,0.111328125,0.888671875,13,5
010,0.115234375,0.884765625,13,7
011,0.13671875,0.86328125,11,5
