state,p_marked,error,gate_count,depth
000,0.271484375,0.728515625,69,35
001,0.271484375,0.728515625,63,29
010,0.302734375,0.697265625,63,35
011,0.314453125,0.685546875,57,29
