state,p_marked,error,gate_count,depth
000,0.125,0.875,49,25
001,0.125,0.875,47,23
010,0.12109375,0.87890625,47,25
011,0.107421875,0.892578125,45,23
