state,p_marked,error,gate_count,depth
000,0.095703125,0.904296875,103,51
001,0.1328125,0.8671875,101,49
010,0.25390625,0.74609375,101,51
011,0.013671875,0.986328125,99,49
