state,p_marked,error,gate_count,depth
000,0.125,0.875,24,12
001,0.130859375,0.869140625,20,8
010,0.16796875,0.83203125,20,12
011,0.154296875,0.845703125,16,8
