state,p_marked,error,gate_count,depth
000,0.146484375,0.853515625,51,27
001,0.15234375,0.84765625,41,17
010,0.13671875,0.86328125,41,27
011,0.11328125,0.88671875,31,17
