state,p_marked,error,gate_count,depth
000,0.103515625,0.896484375,61,32
001,0.125,0.875,53,24
010,0.119140625,0.880859375,53,32
011,0.16015625,0.83984375,45,24
