state,p_marked,error,gate_count,depth
000,0.119140625,0.880859375,46,24
001,0.119140625,0.880859375,42,20
010,0.103515625,0.896484375,42,24
011,0.140625,0.859375,38,20
