state,p_marked,error,gate_count,depth
000,0.490234375,0.509765625,33,17
001,0.509765625,0.490234375,31,15
010,0.541015625,0.458984375,31,17
011,0.5234375,0.4765625,29,15
