state,p_marked,error,gate_count,depth
000,0.091796875,0.908203125,46,24
001,0.115234375,0.884765625,42,20
010,0.10546875,0.89453125,42,24
011,0.119140625,0.880859375,38,20
