state,p_marked,error,gate_count,depth
000,0.076171875,0.923828125,33,17
001,0.04296875,0.95703125,31,15
010,0.0546875,0.9453125,31,17
011,0.0625,0.9375,29,15
