state,p_marked,error,gate_count,depth
000,0.537109375,0.462890625,34,17
001,0.578125,0.421875,32,15
010,0.560546875,0.439453125,32,17
011,0.5703125,0.4296875,30,15
