state,p_marked,error,gate_count,depth
000,0.1328125,0.8671875,28,14
001,0.125,0.875,28,14
010,0.171875,0.828125,28,14
011,0.11328125,0.88671875,28,14
