state,p_marked,error,gate_count,depth
000,0.109375,0.890625,42,20
001,0.130859375,0.869140625,42,20
010,0.140625,0.859375,42,20
011,0.134765625,0.865234375,42,20
