state,p_marked,error,gate_count,depth
000,0.16015625,0.83984375,15,7
001,0.125,0.875,13,5
010,0.140625,0.859375,13,7
011,0.12109375,0.87890625,11,5
