state,p_marked,error,gate_count,depth
000,0.12890625,0.87109375,32,15
001,0.146484375,0.853515625,30,13
010,0.115234375,0.884765625,30,15
011,0.1484375,0.8515625,28,13
