state,p_marked,error,gate_count,depth
000,0.294921875,0.705078125,32,16
001,0.271484375,0.728515625,30,14
010,0.240234375,0.759765625,30,16
011,0.228515625,0.771484375,28,14
