state,p_marked,error,gate_count,depth
000,0.498046875,0.501953125,33,17
001,0.46875,0.53125,31,15
010,0.509765625,0.490234375,31,17
011,0.474609375,0.525390625,29,15
