state,p_marked,error,gate_count,depth
000,0.517578125,0.482421875,33,16
001,0.58984375,0.41015625,31,14
010,0.521484375,0.478515625,31,16
011,0.583984375,0.416015625,29,14
