state,p_marked,error,gate_count,depth
000,0.57421875,0.42578125,33,16
001,0.541015625,0.458984375,31,14
010,0.587890625,0.412109375,31,16
011,0.578125,0.421875,29,14
