state,p_marked,error,gate_count,depth
000,0.49609375,0.50390625,50,26
001,0.48828125,0.51171875,44,20
010,0.48046875,0.51953125,44,26
011,0.50390625,0.49609375,38,20
