state,p_marked,error,gate_count,depth
000,0.12109375,0.87890625,24,12
001,0.119140625,0.880859375,20,8
010,0.134765625,0.865234375,20,12
011,0.130859375,0.869140625,16,8
