state,p_marked,error,gate_count,depth
000,0.080078125,0.919921875,114,75
001,0.169921875,0.830078125,114,75
010,0.091796875,0.908203125,114,75
011,0.185546875,0.814453125,114,75
