state,p_marked,error,gate_count,depth
000,0.140625,0.859375,45,24
001,0.111328125,0.888671875,41,20
010,0.123046875,0.876953125,41,24
011,0.134765625,0.865234375,37,20
