state,p_marked,error,gate_count,depth
000,0.515625,0.484375,33,16
001,0.52734375,0.47265625,31,14
010,0.541015625,0.458984375,31,16
011,0.56640625,0.43359375,29,14
