state,p_marked,error,gate_count,depth
000,0.01171875,0.98828125,134,89
001,0.056640625,0.943359375,130,85
010,0.4609375,0.5390625,130,89
011,0.140625,0.859375,126,85
