state,p_marked,error,gate_count,depth
000,0.138671875,0.861328125,66,33
001,0.154296875,0.845703125,64,31
010,0.11328125,0.88671875,64,33
011,0.125,0.875,62,31
