state,p_marked,error,gate_count,depth
000,0.12890625,0.87109375,24,12
001,0.162109375,0.837890625,20,8
010,0.130859375,0.869140625,20,12
011,0.109375,0.890625,16,8
