state,p_marked,error,gate_count,depth
000,0.130859375,0.869140625,46,24
001,0.140625,0.859375,42,20
010,0.111328125,0.888671875,42,24
011,0.12109375,0.87890625,38,20
