state,p_marked,error,gate_count,depth
000,0.287109375,0.712890625,99,51
001,0.037109375,0.962890625,95,47
010,0.025390625,0.974609375,95,51
011,0.150390625,0.849609375,91,47
