state,p_marked,error,gate_count,depth
000,0.109375,0.890625,115,72
001,0.1171875,0.8828125,113,70
010,0.310546875,0.689453125,113,72
011,0.34375,0.65625,111,70
