state,p_marked,error,gate_count,depth
000,0.125,0.875,88,44
001,0.099609375,0.900390625,86,42
010,0.10546875,0.89453125,86,44
011,0.119140625,0.880859375,84,42
