state,p_marked,error,gate_count,depth
000,0.564453125,0.435546875,42,21
001,0.55078125,0.44921875,38,17
010,0.556640625,0.443359375,38,21
011,0.5546875,0.4453125,34,17
