state,p_marked,error,gate_count,depth
000,0.134765625,0.865234375,51,27
001,0.1015625,0.8984375,41,17
010,0.09375,0.90625,41,27
011,0.126953125,0.873046875,31,17
