state,p_marked,error,gate_count,depth
000,0.13671875,0.86328125,32,15
001,0.107421875,0.892578125,30,13
010,0.146484375,0.853515625,30,15
011,0.1328125,0.8671875,28,13
