state,p_marked,error,gate_count,depth
000,0.419921875,0.580078125,79,40
001,0.431640625,0.568359375,75,36
010,0.421875,0.578125,75,40
011,0.447265625,0.552734375,71,36
