state,p_marked,error,gate_count,depth
000,0.50390625,0.49609375,33,17
001,0.5,0.5,31,15
010,0.525390625,0.474609375,31,17
011,0.123046875,0.876953125,29,15
