state,p_marked,error,gate_count,depth
000,0.134765625,0.865234375,46,24
001,0.10546875,0.89453125,42,20
010,0.109375,0.890625,42,24
011,0.138671875,0.861328125,38,20
