state,p_marked,error,gate_count,depth
000,0.1171875,0.8828125,79,40
001,0.134765625,0.865234375,79,40
010,0.126953125,0.873046875,79,40
011,0.138671875,0.861328125,79,40
