state,p_marked,error,gate_count,depth
000,0.134765625,0.865234375,55,30
001,0.09765625,0.90234375,53,28
010,0.11328125,0.88671875,53,30
011,0.13671875,0.86328125,51,28
