state,p_marked,error,gate_count,depth
000,0.115234375,0.884765625,24,12
001,0.08984375,0.91015625,20,8
010,0.10546875,0.89453125,20,12
011,0.16796875,0.83203125,16,8
