state,p_marked,error,gate_count,depth
000,0.30859375,0.69140625,33,16
001,0.27734375,0.72265625,31,14
010,0.0625,0.9375,31,16
011,0.068359375,0.931640625,29,14
