state,p_marked,error,gate_count,depth
000,0.501953125,0.498046875,33,17
001,0.513671875,0.486328125,31,15
010,0.521484375,0.478515625,31,17
011,0.1328125,0.8671875,29,15
