state,p_marked,error,gate_count,depth
000,0.091796875,0.908203125,61,31
001,0.095703125,0.904296875,53,23
010,0.521484375,0.478515625,53,31
011,0.5,0.5,45,23
