state,p_marked,error,gate_count,depth
000,0.513671875,0.486328125,33,17
001,0.482421875,0.517578125,31,15
010,0.494140625,0.505859375,31,17
011,0.494140625,0.505859375,29,15
