state,p_marked,error,gate_count,depth
000,0.126953125,0.873046875,15,7
001,0.109375,0.890625,13,5
010,0.15625,0.84375,13,7
011,0.138671875,0.861328125,11,5
