state,p_marked,error,gate_count,depth
000,0.134765625,0.865234375,41,20
001,0.126953125,0.873046875,37,16
010,0.09765625,0.90234375,37,20
011,0.12109375,0.87890625,33,16
