state,p_marked,error,gate_count,depth
000,0.572265625,0.427734375,51,26
001,0.59375,0.40625,45,20
010,0.5625,0.4375,45,26
011,0.595703125,0.404296875,39,20
