state,p_marked,error,gate_count,depth
000,0.259765625,0.740234375,33,17
001,0.25390625,0.74609375,31,15
010,0.21484375,0.78515625,31,17
011,0.23828125,0.76171875,29,15
