state,p_marked,error,gate_count,depth
000,0.138671875,0.861328125,15,7
001,0.1171875,0.8828125,13,5
010,0.125,0.875,13,7
011,0.1171875,0.8828125,11,5
