state,p_marked,error,gate_count,depth
000,0.22265625,0.77734375,33,17
001,0.232421875,0.767578125,31,15
010,0.265625,0.734375,31,17
011,0.248046875,0.751953125,29,15
