state,p_marked,error,gate_count,depth
000,0.134765625,0.865234375,59,30
001,0.119140625,0.880859375,55,26
010,0.126953125,0.873046875,55,30
011,0.126953125,0.873046875,51,26
