state,p_marked,error,gate_count,depth
000,0.451171875,0.548828125,33,17
001,0.498046875,0.501953125,31,15
010,0.521484375,0.478515625,31,17
011,0.505859375,0.494140625,29,15
