state,p_marked,error,gate_count,depth
000,0.572265625,0.427734375,33,16
001,0.546875,0.453125,31,14
010,0.533203125,0.466796875,31,16
011,0.580078125,0.419921875,29,14
