state,p_marked,error,gate_count,depth
000,0.11328125,0.88671875,58,29
001,0.138671875,0.861328125,56,27
010,0.107421875,0.892578125,56,29
011,0.1015625,0.8984375,54,27
