state,p_marked,error,gate_count,depth
000,0.53125,0.46875,41,21
001,0.50390625,0.49609375,37,17
010,0.486328125,0.513671875,37,21
011,0.5,0.5,33,17
