state,p_marked,error,gate_count,depth
000,0.853515625,0.146484375,84,54
001,0.0,1.0,80,50
010,0.0,1.0,80,54
011,0.0,1.0,76,50
