state,p_marked,error,gate_count,depth
000,0.095703125,0.904296875,33,17
001,0.115234375,0.884765625,27,11
010,0.1328125,0.8671875,27,17
011,0.13671875,0.86328125,21,11
