state,p_marked,error,gate_count,depth
000,0.546875,0.453125,51,26
001,0.568359375,0.431640625,45,20
010,0.5859375,0.4140625,45,26
011,0.5859375,0.4140625,39,20
