state,p_marked,error,gate_count,depth
000,0.119140625,0.880859375,58,30
001,0.119140625,0.880859375,54,26
010,0.09765625,0.90234375,54,30
011,0.12109375,0.87890625,50,26
