state,p_marked,error,gate_count,depth
000,0.0,1.0,34,17
001,0.0,1.0,32,15
010,0.0,1.0,32,17
011,0.103515625,0.896484375,30,15
