state,p_marked,error,gate_count,depth
000,0.494140625,0.505859375,33,17
001,0.51171875,0.48828125,31,15
010,0.537109375,0.462890625,31,17
011,0.50390625,0.49609375,29,15
