state,p_marked,error,gate_count,depth
000,0.4375,0.5625,44,24
001,0.505859375,0.494140625,40,20
010,0.1328125,0.8671875,40,24
011,0.5,0.5,36,20
