state,p_marked,error,gate_count,depth
000,0.10546875,0.89453125,32,15
001,0.125,0.875,30,13
010,0.08984375,0.91015625,30,15
011,0.126953125,0.873046875,28,13
