state,p_marked,error,gate_count,depth
000,0.142578125,0.857421875,42,22
001,0.115234375,0.884765625,34,14
010,0.103515625,0.896484375,34,22
011,0.12109375,0.87890625,26,14
