state,p_marked,error,gate_count,depth
000,0.59765625,0.40234375,33,16
001,0.568359375,0.431640625,31,14
010,0.60546875,0.39453125,31,16
011,0.556640625,0.443359375,29,14
