state,p_marked,error,gate_count,depth
000,0.599609375,0.400390625,42,21
001,0.5625,0.4375,38,17
010,0.5546875,0.4453125,38,21
011,0.591796875,0.408203125,34,17
