state,p_marked,error,gate_count,depth
000,0.150390625,0.849609375,24,12
001,0.1484375,0.8515625,20,8
010,0.111328125,0.888671875,20,12
011,0.154296875,0.845703125,16,8
