state,p_marked,error,gate_count,depth
000,0.556640625,0.443359375,33,16
001,0.5859375,0.4140625,31,14
010,0.080078125,0.919921875,31,16
011,0.05859375,0.94140625,29,14
