state,p_marked,error,gate_count,depth
000,0.109375,0.890625,139,83
001,0.490234375,0.509765625,133,77
010,0.13671875,0.86328125,133,83
011,0.17578125,0.82421875,127,77
