state,p_marked,error,gate_count,depth
000,0.23046875,0.76953125,33,17
001,0.2421875,0.7578125,31,15
010,0.255859375,0.744140625,31,17
011,0.244140625,0.755859375,29,15
