state,p_marked,error,gate_count,depth
000,0.53515625,0.46484375,33,16
001,0.595703125,0.404296875,31,14
010,0.546875,0.453125,31,16
011,0.583984375,0.416015625,29,14
