state,p_marked,error,gate_count,depth
000,0.591796875,0.408203125,51,26
001,0.595703125,0.404296875,45,20
010,0.357421875,0.642578125,45,26
011,0.337890625,0.662109375,39,20
