state,p_marked,error,gate_count,depth
000,0.130859375,0.869140625,54,29
001,0.1171875,0.8828125,52,27
010,0.12890625,0.87109375,52,29
011,0.119140625,0.880859375,50,27
