state,p_marked,error,gate_count,depth
000,0.490234375,0.509765625,41,21
001,0.453125,0.546875,37,17
010,0.4921875,0.5078125,37,21
011,0.52734375,0.47265625,33,17
