state,p_marked,error,gate_count,depth
000,0.048828125,0.951171875,41,21
001,0.048828125,0.951171875,37,17
010,0.05078125,0.94921875,37,21
011,0.04296875,0.95703125,33,17
