state,p_marked,error,gate_count,depth
000,0.13671875,0.86328125,32,15
001,0.134765625,0.865234375,30,13
010,0.126953125,0.873046875,30,15
011,0.138671875,0.861328125,28,13
