state,p_marked,error,gate_count,depth
000,0.595703125,0.404296875,51,26
001,0.53515625,0.46484375,45,20
010,0.5859375,0.4140625,45,26
011,0.509765625,0.490234375,39,20
