state,p_marked,error,gate_count,depth
000,0.5234375,0.4765625,41,21
001,0.51953125,0.48046875,37,17
010,0.51953125,0.48046875,37,21
011,0.541015625,0.458984375,33,17
