state,p_marked,error,gate_count,depth
000,0.279296875,0.720703125,41,20
001,0.2109375,0.7890625,41,20
010,0.2421875,0.7578125,41,20
011,0.25,0.75,41,20
