state,p_marked,error,gate_count,depth
000,0.11328125,0.88671875,69,35
001,0.16015625,0.83984375,63,30
010,0.140625,0.859375,63,35
011,0.125,0.875,57,30
