state,p_marked,error,gate_count,depth
000,0.447265625,0.552734375,32,16
001,0.51171875,0.48828125,30,14
010,0.47265625,0.52734375,30,16
011,0.529296875,0.470703125,28,14
