state,p_marked,error,gate_count,depth
000,0.13671875,0.86328125,29,16
001,0.10546875,0.89453125,29,16
010,0.130859375,0.869140625,29,16
011,0.1328125,0.8671875,29,16
