state,p_marked,error,gate_count,depth
000,0.0390625,0.9609375,33,17
001,0.046875,0.953125,31,15
010,0.064453125,0.935546875,31,17
011,0.044921875,0.955078125,29,15
