state,p_marked,error,gate_count,depth
000,0.59375,0.40625,51,26
001,0.546875,0.453125,45,20
010,0.5859375,0.4140625,45,26
011,0.546875,0.453125,39,20
