state,p_marked,error,gate_count,depth
000,0.138671875,0.861328125,33,17
001,0.099609375,0.900390625,31,15
010,0.15234375,0.84765625,31,17
011,0.107421875,0.892578125,29,15
