state,p_marked,error,gate_count,depth
000,0.14453125,0.85546875,41,21
001,0.12890625,0.87109375,37,17
010,0.12890625,0.87109375,37,21
011,0.119140625,0.880859375,33,17
