state,p_marked,error,gate_count,depth
000,0.1171875,0.8828125,41,22
001,0.255859375,0.744140625,39,20
010,0.1171875,0.8828125,39,22
011,0.61328125,0.38671875,37,20
