state,p_marked,error,gate_count,depth
000,0.1171875,0.8828125,41,22
001,0.5078125,0.4921875,39,20
010,0.462890625,0.537109375,39,22
011,0.099609375,0.900390625,37,20
