state,p_marked,error,gate_count,depth
000,0.583984375,0.416015625,42,21
001,0.55078125,0.44921875,38,17
010,0.60546875,0.39453125,38,21
011,0.57421875,0.42578125,34,17
