state,p_marked,error,gate_count,depth
000,0.15625,0.84375,15,7
001,0.1171875,0.8828125,13,5
010,0.1328125,0.8671875,13,7
011,0.140625,0.859375,11,5
