state,p_marked,error,gate_count,depth
000,0.130859375,0.869140625,34,17
001,0.0,1.0,32,15
010,0.146484375,0.853515625,32,17
011,0.1328125,0.8671875,30,15
