state,p_marked,error,gate_count,depth
000,0.21484375,0.78515625,50,28
001,0.04296875,0.95703125,46,24
010,0.201171875,0.798828125,46,28
011,0.0390625,0.9609375,42,24
