state,p_marked,error,gate_count,depth
000,0.134765625,0.865234375,24,11
001,0.1171875,0.8828125,24,11
010,0.150390625,0.849609375,24,11
011,0.14453125,0.85546875,24,11
