state,p_marked,error,gate_count,depth
000,0.109375,0.890625,33,16
001,0.15234375,0.84765625,31,14
010,0.150390625,0.849609375,31,16
011,0.142578125,0.857421875,29,14
