state,p_marked,error,gate_count,depth
000,0.1328125,0.8671875,41,20
001,0.126953125,0.873046875,37,16
010,0.1328125,0.8671875,37,20
011,0.13671875,0.86328125,33,16
