state,p_marked,error,gate_count,depth
000,0.076171875,0.923828125,95,49
001,0.052734375,0.947265625,87,41
010,0.0859375,0.9140625,87,49
011,0.05078125,0.94921875,79,41
