state,p_marked,error,gate_count,depth
000,0.47265625,0.52734375,41,21
001,0.51171875,0.48828125,37,17
010,0.564453125,0.435546875,37,21
011,0.49609375,0.50390625,33,17
