state,p_marked,error,gate_count,depth
000,0.1328125,0.8671875,47,24
001,0.103515625,0.896484375,43,20
010,0.107421875,0.892578125,43,24
011,0.12890625,0.87109375,39,20
