state,p_marked,error,gate_count,depth
000,0.099609375,0.900390625,33,17
001,0.154296875,0.845703125,27,11
010,0.109375,0.890625,27,17
011,0.103515625,0.896484375,21,11
