state,p_marked,error,gate_count,depth
000,0.115234375,0.884765625,54,28
001,0.12109375,0.87890625,52,26
010,0.123046875,0.876953125,52,28
011,0.126953125,0.873046875,50,26
