state,p_marked,error,gate_count,depth
000,0.130859375,0.869140625,24,12
001,0.09765625,0.90234375,20,8
010,0.125,0.875,20,12
011,0.107421875,0.892578125,16,8
