state,p_marked,error,gate_count,depth
000,0.125,0.875,33,16
001,0.119140625,0.880859375,31,14
010,0.087890625,0.912109375,31,16
011,0.09765625,0.90234375,29,14
