state,p_marked,error,gate_count,depth
000,0.232421875,0.767578125,59,30
001,0.248046875,0.751953125,55,26
010,0.26953125,0.73046875,55,30
011,0.26171875,0.73828125,51,26
