state,p_marked,error,gate_count,depth
000,0.50390625,0.49609375,32,16
001,0.48046875,0.51953125,30,14
010,0.5546875,0.4453125,30,16
011,0.474609375,0.525390625,28,14
