state,p_marked,error,gate_count,depth
000,0.15234375,0.84765625,33,17
001,0.505859375,0.494140625,31,15
010,0.5,0.5,31,17
011,0.115234375,0.884765625,29,15
