state,p_marked,error,gate_count,depth
000,0.560546875,0.439453125,41,21
001,0.486328125,0.513671875,37,17
010,0.50390625,0.49609375,37,21
011,0.517578125,0.482421875,33,17
