state,p_marked,error,gate_count,depth
000,0.126953125,0.873046875,15,7
001,0.150390625,0.849609375,13,5
010,0.123046875,0.876953125,13,7
011,0.134765625,0.865234375,11,5
