state,p_marked,error,gate_count,depth
000,0.513671875,0.486328125,33,17
001,0.5234375,0.4765625,31,15
010,0.45703125,0.54296875,31,17
011,0.486328125,0.513671875,29,15
