state,p_marked,error,gate_count,depth
000,0.12890625,0.87109375,41,20
001,0.119140625,0.880859375,37,16
010,0.14453125,0.85546875,37,20
011,0.12890625,0.87109375,33,16
