state,p_marked,error,gate_count,depth
000,0.123046875,0.876953125,32,15
001,0.0859375,0.9140625,30,13
010,0.125,0.875,30,15
011,0.10546875,0.89453125,28,13
