state,p_marked,error,gate_count,depth
000,0.1328125,0.8671875,33,17
001,0.125,0.875,27,11
010,0.1015625,0.8984375,27,17
011,0.10546875,0.89453125,21,11
