state,p_marked,error,gate_count,depth
000,0.533203125,0.466796875,33,16
001,0.46484375,0.53515625,31,14
010,0.478515625,0.521484375,31,16
011,0.5546875,0.4453125,29,14
