state,p_marked,error,gate_count,depth
000,0.462890625,0.537109375,32,16
001,0.546875,0.453125,30,14
010,0.490234375,0.509765625,30,16
011,0.513671875,0.486328125,28,14
