state,p_marked,error,gate_count,depth
000,0.54296875,0.45703125,42,21
001,0.615234375,0.384765625,38,17
010,0.076171875,0.923828125,38,21
011,0.0625,0.9375,34,17
