state,p_marked,error,gate_count,depth
000,0.068359375,0.931640625,34,17
001,0.0625,0.9375,32,15
010,0.05078125,0.94921875,32,17
011,0.060546875,0.939453125,30,15
