state,p_marked,error,gate_count,depth
000,0.068359375,0.931640625,33,15
001,0.0859375,0.9140625,31,13
010,0.0546875,0.9453125,31,15
011,0.07421875,0.92578125,29,13
