state,p_marked,error,gate_count,depth
000,0.0,1.0,46,24
001,0.125,0.875,42,21
010,0.0,1.0,42,24
011,0.107421875,0.892578125,38,21
