state,p_marked,error,gate_count,depth
000,0.111328125,0.888671875,51,26
001,0.099609375,0.900390625,49,24
010,0.138671875,0.861328125,49,26
011,0.11328125,0.88671875,47,24
