state,p_marked,error,gate_count,depth
000,0.45703125,0.54296875,33,17
001,0.5078125,0.4921875,31,15
010,0.474609375,0.525390625,31,17
011,0.515625,0.484375,29,15
