state,p_marked,error,gate_count,depth
000,0.267578125,0.732421875,60,31
001,0.2734375,0.7265625,56,28
010,0.03515625,0.96484375,56,31
011,0.048828125,0.951171875,52,28
