state,p_marked,error,gate_count,depth
000,0.5546875,0.4453125,33,16
001,0.595703125,0.404296875,31,14
010,0.59765625,0.40234375,31,16
011,0.591796875,0.408203125,29,14
