state,p_marked,error,gate_count,depth
000,0.568359375,0.431640625,33,16
001,0.54296875,0.45703125,31,14
010,0.5625,0.4375,31,16
011,0.533203125,0.466796875,29,14
