state,p_marked,error,gate_count,depth
000,0.103515625,0.896484375,51,27
001,0.103515625,0.896484375,41,17
010,0.125,0.875,41,27
011,0.134765625,0.865234375,31,17
