state,p_marked,error,gate_count,depth
000,0.5625,0.4375,69,36
001,0.578125,0.421875,59,26
010,0.544921875,0.455078125,59,36
011,0.53515625,0.46484375,49,26
