state,p_marked,error,gate_count,depth
000,0.458984375,0.541015625,33,17
001,0.494140625,0.505859375,31,15
010,0.498046875,0.501953125,31,17
011,0.501953125,0.498046875,29,15
