state,p_marked,error,gate_count,depth
000,0.517578125,0.482421875,33,16
001,0.466796875,0.533203125,31,14
010,0.49609375,0.50390625,31,16
011,0.482421875,0.517578125,29,14
