state,p_marked,error,gate_count,depth
000,0.51171875,0.48828125,42,21
001,0.5,0.5,38,17
010,0.515625,0.484375,38,21
011,0.490234375,0.509765625,34,17
