state,p_marked,error,gate_count,depth
000,0.490234375,0.509765625,34,18
001,0.509765625,0.490234375,32,16
010,0.548828125,0.451171875,32,18
011,0.4921875,0.5078125,30,16
