state,p_marked,error,gate_count,depth
000,0.1640625,0.8359375,24,12
001,0.1328125,0.8671875,20,8
010,0.126953125,0.873046875,20,12
011,0.111328125,0.888671875,16,8
