state,p_marked,error,gate_count,depth
000,0.48046875,0.51953125,32,16
001,0.470703125,0.529296875,30,14
010,0.48828125,0.51171875,30,16
011,0.462890625,0.537109375,28,14
