state,p_marked,error,gate_count,depth
000,0.255859375,0.744140625,38,19
001,0.1171875,0.8828125,36,17
010,0.26171875,0.73828125,36,19
011,0.107421875,0.892578125,34,17
