state,p_marked,error,gate_count,depth
000,0.109375,0.890625,24,12
001,0.1015625,0.8984375,20,8
010,0.1171875,0.8828125,20,12
011,0.119140625,0.880859375,16,8
