state,p_marked,error,gate_count,depth
000,0.126953125,0.873046875,35,18
001,0.13671875,0.86328125,33,16
010,0.12109375,0.87890625,33,18
011,0.119140625,0.880859375,31,16
