state,p_marked,error,gate_count,depth
000,0.041015625,0.958984375,58,29
001,0.03125,0.96875,54,25
010,0.033203125,0.966796875,54,29
011,0.025390625,0.974609375,50,25
