state,p_marked,error,gate_count,depth
000,0.5625,0.4375,42,21
001,0.603515625,0.396484375,38,17
010,0.537109375,0.462890625,38,21
011,0.580078125,0.419921875,34,17
