state,p_marked,error,gate_count,depth
000,0.1328125,0.8671875,51,27
001,0.14453125,0.85546875,41,17
010,0.11328125,0.88671875,41,27
011,0.134765625,0.865234375,31,17
