state,p_marked,error,gate_count,depth
000,0.55078125,0.44921875,33,16
001,0.52734375,0.47265625,31,14
010,0.50390625,0.49609375,31,16
011,0.513671875,0.486328125,29,14
