state,p_marked,error,gate_count,depth
000,0.0,1.0,78,39
001,0.080078125,0.919921875,74,35
010,0.0,1.0,74,39
011,0.056640625,0.943359375,70,35
