state,p_marked,error,gate_count,depth
000,0.103515625,0.896484375,24,12
001,0.142578125,0.857421875,20,8
010,0.13671875,0.86328125,20,12
011,0.158203125,0.841796875,16,8
