state,p_marked,error,gate_count,depth
000,0.119140625,0.880859375,15,7
001,0.138671875,0.861328125,13,5
010,0.09765625,0.90234375,13,7
011,0.11328125,0.88671875,11,5
