state,p_marked,error,gate_count,depth
000,0.134765625,0.865234375,24,12
001,0.123046875,0.876953125,20,8
010,0.123046875,0.876953125,20,12
011,0.12109375,0.87890625,16,8
