state,p_marked,error,gate_count,depth
000,0.537109375,0.462890625,42,21
001,0.544921875,0.455078125,38,17
010,0.541015625,0.458984375,38,21
011,0.619140625,0.380859375,34,17
