state,p_marked,error,gate_count,depth
000,0.23828125,0.76171875,51,25
001,0.236328125,0.763671875,49,23
010,0.271484375,0.728515625,49,25
011,0.0,1.0,47,23
