state,p_marked,error,gate_count,depth
000,0.0625,0.9375,34,17
001,0.08984375,0.91015625,32,15
010,0.05078125,0.94921875,32,17
011,0.0703125,0.9296875,30,15
