state,p_marked,error,gate_count,depth
000,0.111328125,0.888671875,15,7
001,0.107421875,0.892578125,13,5
010,0.109375,0.890625,13,7
011,0.126953125,0.873046875,11,5
