state,p_marked,error,gate_count,depth
000,0.099609375,0.900390625,24,12
001,0.109375,0.890625,20,8
010,0.14453125,0.85546875,20,12
011,0.15234375,0.84765625,16,8
