state,p_marked,error,gate_count,depth
000,0.1484375,0.8515625,33,16
001,0.125,0.875,31,14
010,0.14453125,0.85546875,31,16
011,0.1015625,0.8984375,29,14
