state,p_marked,error,gate_count,depth
000,0.123046875,0.876953125,60,32
001,0.123046875,0.876953125,48,20
010,0.126953125,0.873046875,48,32
011,0.091796875,0.908203125,36,20
