state,p_marked,error,gate_count,depth
000,0.24609375,0.75390625,38,19
001,0.125,0.875,36,17
010,0.212890625,0.787109375,36,19
011,0.13671875,0.86328125,34,17
