state,p_marked,error,gate_count,depth
000,0.5234375,0.4765625,41,21
001,0.482421875,0.517578125,37,17
010,0.49609375,0.50390625,37,21
011,0.521484375,0.478515625,33,17
