state,p_marked,error,gate_count,depth
000,0.283203125,0.716796875,33,17
001,0.259765625,0.740234375,31,15
010,0.251953125,0.748046875,31,17
011,0.26171875,0.73828125,29,15
