state,p_marked,error,gate_count,depth
000,0.453125,0.546875,33,17
001,0.50390625,0.49609375,31,15
010,0.48828125,0.51171875,31,17
011,0.13671875,0.86328125,29,15
