state,p_marked,error,gate_count,depth
000,0.16796875,0.83203125,101,51
001,0.046875,0.953125,95,45
010,0.12109375,0.87890625,95,51
011,0.18359375,0.81640625,89,45
