state,p_marked,error,gate_count,depth
000,0.482421875,0.517578125,50,26
001,0.51953125,0.48046875,44,20
010,0.484375,0.515625,44,26
011,0.48046875,0.51953125,38,20
