state,p_marked,error,gate_count,depth
000,0.072265625,0.927734375,34,18
001,0.0,1.0,32,16
010,0.046875,0.953125,32,18
011,0.0,1.0,30,16
