state,p_marked,error,gate_count,depth
000,0.52734375,0.47265625,77,41
001,0.45703125,0.54296875,65,29
010,0.48828125,0.51171875,65,41
011,0.505859375,0.494140625,53,29
