state,p_marked,error,gate_count,depth
000,0.08984375,0.91015625,32,15
001,0.134765625,0.865234375,30,13
010,0.099609375,0.900390625,30,15
011,0.126953125,0.873046875,28,13
