state,p_marked,error,gate_count,depth
000,0.080078125,0.919921875,61,31
001,0.09765625,0.90234375,53,23
010,0.484375,0.515625,53,31
011,0.51953125,0.48046875,45,23
