state,p_marked,error,gate_count,depth
000,0.064453125,0.935546875,42,21
001,0.05078125,0.94921875,38,18
010,0.07421875,0.92578125,38,21
011,0.076171875,0.923828125,34,18
