state,p_marked,error,gate_count,depth
000,0.15625,0.84375,32,15
001,0.12109375,0.87890625,30,13
010,0.08984375,0.91015625,30,15
011,0.138671875,0.861328125,28,13
