state,p_marked,error,gate_count,depth
000,0.1484375,0.8515625,24,12
001,0.103515625,0.896484375,20,8
010,0.14453125,0.85546875,20,12
011,0.111328125,0.888671875,16,8
