state,p_marked,error,gate_count,depth
000,0.154296875,0.845703125,15,7
001,0.142578125,0.857421875,13,5
010,0.1328125,0.8671875,13,7
011,0.1015625,0.8984375,11,5
