state,p_marked,error,gate_count,depth
000,0.517578125,0.482421875,41,21
001,0.53515625,0.46484375,37,17
010,0.501953125,0.498046875,37,21
011,0.494140625,0.505859375,33,17
