state,p_marked,error,gate_count,depth
000,0.267578125,0.732421875,34,17
001,0.271484375,0.728515625,32,15
010,0.26171875,0.73828125,32,17
011,0.22265625,0.77734375,30,15
