state,p_marked,error,gate_count,depth
000,0.533203125,0.466796875,33,16
001,0.505859375,0.494140625,31,14
010,0.5234375,0.4765625,31,16
011,0.5625,0.4375,29,14
