state,p_marked,error,gate_count,depth
000,0.142578125,0.857421875,32,16
001,0.138671875,0.861328125,30,14
010,0.140625,0.859375,30,16
011,0.103515625,0.896484375,28,14
