state,p_marked,error,gate_count,depth
000,0.060546875,0.939453125,33,15
001,0.06640625,0.93359375,31,13
010,0.05078125,0.94921875,31,15
011,0.0546875,0.9453125,29,13
