state,p_marked,error,gate_count,depth
000,0.08984375,0.91015625,75,49
001,0.0625,0.9375,71,45
010,0.046875,0.953125,71,49
011,0.095703125,0.904296875,67,45
