state,p_marked,error,gate_count,depth
000,0.498046875,0.501953125,33,17
001,0.49609375,0.50390625,31,15
010,0.453125,0.546875,31,17
011,0.48046875,0.51953125,29,15
