state,p_marked,error,gate_count,depth
000,0.099609375,0.900390625,33,17
001,0.103515625,0.896484375,27,11
010,0.14453125,0.85546875,27,17
011,0.142578125,0.857421875,21,11
