state,p_marked,error,gate_count,depth
000,0.15234375,0.84765625,33,15
001,0.123046875,0.876953125,31,13
010,0.142578125,0.857421875,31,15
011,0.09765625,0.90234375,29,13
