state,p_marked,error,gate_count,depth
000,0.2421875,0.7578125,23,10
001,0.224609375,0.775390625,23,10
010,0.0,1.0,23,10
011,0.0,1.0,23,10
