state,p_marked,error,gate_count,depth
000,0.130859375,0.869140625,15,7
001,0.115234375,0.884765625,13,5
010,0.1328125,0.8671875,13,7
011,0.1015625,0.8984375,11,5
