state,p_marked,error,gate_count,depth
000,0.013671875,0.986328125,25,11
001,0.490234375,0.509765625,25,11
010,0.0,1.0,25,11
011,0.0,1.0,25,11
