state,p_marked,error,gate_count,depth
000,0.013671875,0.986328125,26,12
001,0.505859375,0.494140625,26,12
010,0.01171875,0.98828125,26,12
011,0.455078125,0.544921875,26,12
