state,p_marked,error,gate_count,depth
000,0.115234375,0.884765625,33,17
001,0.0625,0.9375,31,15
010,0.076171875,0.923828125,31,17
011,0.044921875,0.955078125,29,15
