state,p_marked,error,gate_count,depth
000,0.1171875,0.8828125,32,15
001,0.140625,0.859375,30,13
010,0.130859375,0.869140625,30,15
011,0.142578125,0.857421875,28,13
