state,p_marked,error,gate_count,depth
000,0.07421875,0.92578125,33,17
001,0.078125,0.921875,31,15
010,0.0546875,0.9453125,31,17
011,0.05078125,0.94921875,29,15
