state,p_marked,error,gate_count,depth
000,0.12890625,0.87109375,33,16
001,0.091796875,0.908203125,31,14
010,0.126953125,0.873046875,31,16
011,0.12890625,0.87109375,29,14
