state,p_marked,error,gate_count,depth
000,0.140625,0.859375,110,61
001,0.04296875,0.95703125,102,53
010,0.181640625,0.818359375,102,61
011,0.0234375,0.9765625,94,53
