state,p_marked,error,gate_count,depth
000,0.28515625,0.71484375,59,30
001,0.041015625,0.958984375,55,26
010,0.02734375,0.97265625,55,30
011,0.28125,0.71875,51,26
