state,p_marked,error,gate_count,depth
000,0.041015625,0.958984375,58,29
001,0.0234375,0.9765625,54,25
010,0.0234375,0.9765625,54,29
011,0.033203125,0.966796875,50,25
