state,p_marked,error,gate_count,depth
000,0.08984375,0.91015625,87,57
001,0.0,1.0,85,55
010,0.072265625,0.927734375,85,57
011,0.287109375,0.712890625,83,55
