state,p_marked,error,gate_count,depth
000,0.126953125,0.873046875,28,14
001,0.1171875,0.8828125,28,14
010,0.140625,0.859375,28,14
011,0.119140625,0.880859375,28,14
