state,p_marked,error,gate_count,depth
000,0.515625,0.484375,41,21
001,0.541015625,0.458984375,37,17
010,0.5234375,0.4765625,37,21
011,0.49609375,0.50390625,33,17
