state,p_marked,error,gate_count,depth
000,0.138671875,0.861328125,33,17
001,0.16015625,0.83984375,31,15
010,0.11328125,0.88671875,31,17
011,0.12109375,0.87890625,29,15
