state,p_marked,error,gate_count,depth
000,0.564453125,0.435546875,33,16
001,0.6015625,0.3984375,31,14
010,0.072265625,0.927734375,31,16
011,0.076171875,0.923828125,29,14
