state,p_marked,error,gate_count,depth
000,0.134765625,0.865234375,46,23
001,0.103515625,0.896484375,46,23
010,0.12890625,0.87109375,46,23
011,0.119140625,0.880859375,46,23
