state,p_marked,error,gate_count,depth
000,0.02734375,0.97265625,53,35
001,0.208984375,0.791015625,53,35
010,0.12109375,0.87890625,53,35
011,0.01171875,0.98828125,53,35
