state,p_marked,error,gate_count,depth
000,0.1328125,0.8671875,15,7
001,0.09765625,0.90234375,13,5
010,0.115234375,0.884765625,13,7
011,0.10546875,0.89453125,11,5
