state,p_marked,error,gate_count,depth
000,0.12109375,0.87890625,42,22
001,0.119140625,0.880859375,34,14
010,0.15234375,0.84765625,34,22
011,0.154296875,0.845703125,26,14
