state,p_marked,error,gate_count,depth
000,0.111328125,0.888671875,47,24
001,0.1484375,0.8515625,47,24
010,0.138671875,0.861328125,47,24
011,0.1171875,0.8828125,47,24
