state,p_marked,error,gate_count,depth
000,0.5625,0.4375,42,21
001,0.54296875,0.45703125,38,17
010,0.56640625,0.43359375,38,21
011,0.556640625,0.443359375,34,17
