state,p_marked,error,gate_count,depth
000,0.23046875,0.76953125,41,20
001,0.265625,0.734375,41,20
010,0.224609375,0.775390625,41,20
011,0.259765625,0.740234375,41,20
