state,p_marked,error,gate_count,depth
000,0.126953125,0.873046875,15,7
001,0.1171875,0.8828125,13,5
010,0.13671875,0.86328125,13,7
011,0.134765625,0.865234375,11,5
