state,p_marked,error,gate_count,depth
000,0.080078125,0.919921875,42,20
001,0.07421875,0.92578125,38,17
010,0.109375,0.890625,38,20
011,0.080078125,0.919921875,34,16
