state,p_marked,error,gate_count,depth
000,0.203125,0.796875,40,21
001,0.033203125,0.966796875,38,20
010,0.193359375,0.806640625,38,21
011,0.046875,0.953125,36,19
