state,p_marked,error,gate_count,depth
000,0.1328125,0.8671875,40,22
001,0.50390625,0.49609375,38,20
010,0.494140625,0.505859375,38,22
011,0.12109375,0.87890625,36,20
