state,p_marked,error,gate_count,depth
000,0.12890625,0.87109375,59,30
001,0.126953125,0.873046875,55,26
010,0.12109375,0.87890625,55,30
011,0.140625,0.859375,51,26
