state,p_marked,error,gate_count,depth
000,0.109375,0.890625,33,15
001,0.140625,0.859375,31,13
010,0.125,0.875,31,15
011,0.130859375,0.869140625,29,13
