state,p_marked,error,gate_count,depth
000,0.103515625,0.896484375,41,23
001,0.30859375,0.69140625,39,21
010,0.623046875,0.376953125,39,23
011,0.123046875,0.876953125,37,21
