state,p_marked,error,gate_count,depth
000,0.1328125,0.8671875,42,22
001,0.119140625,0.880859375,34,14
010,0.115234375,0.884765625,34,22
011,0.12109375,0.87890625,26,14
