state,p_marked,error,gate_count,depth
000,0.208984375,0.791015625,68,38
001,0.033203125,0.966796875,60,30
010,0.2109375,0.7890625,60,38
011,0.05859375,0.94140625,52,30
