state,p_marked,error,gate_count,depth
000,0.126953125,0.873046875,51,27
001,0.13671875,0.86328125,41,17
010,0.12890625,0.87109375,41,27
011,0.13671875,0.86328125,31,17
