state,p_marked,error,gate_count,depth
000,0.505859375,0.494140625,33,17
001,0.533203125,0.466796875,31,15
010,0.505859375,0.494140625,31,17
011,0.509765625,0.490234375,29,15
