state,p_marked,error,gate_count,depth
000,0.57421875,0.42578125,42,21
001,0.580078125,0.419921875,38,17
010,0.541015625,0.458984375,38,21
011,0.578125,0.421875,34,17
