state,p_marked,error,gate_count,depth
000,0.5234375,0.4765625,33,16
001,0.484375,0.515625,31,14
010,0.4921875,0.5078125,31,16
011,0.4765625,0.5234375,29,14
