state,p_marked,error,gate_count,depth
000,0.10546875,0.89453125,24,12
001,0.103515625,0.896484375,20,8
010,0.158203125,0.841796875,20,12
011,0.1640625,0.8359375,16,8
