state,p_marked,error,gate_count,depth
000,0.2421875,0.7578125,72,43
001,0.11328125,0.88671875,70,42
010,0.048828125,0.951171875,70,43
011,0.052734375,0.947265625,68,42
