state,p_marked,error,gate_count,depth
000,0.11328125,0.88671875,42,22
001,0.1328125,0.8671875,34,14
010,0.1171875,0.8828125,34,22
011,0.119140625,0.880859375,26,14
