state,p_marked,error,gate_count,depth
000,0.572265625,0.427734375,34,16
001,0.564453125,0.435546875,32,14
010,0.568359375,0.431640625,32,16
011,0.525390625,0.474609375,30,14
