state,p_marked,error,gate_count,depth
000,0.115234375,0.884765625,33,17
001,0.146484375,0.853515625,31,15
010,0.13671875,0.86328125,31,17
011,0.177734375,0.822265625,29,15
