state,p_marked,error,gate_count,depth
000,0.294921875,0.705078125,102,54
001,0.029296875,0.970703125,94,46
010,0.037109375,0.962890625,94,54
011,0.29296875,0.70703125,86,46
