state,p_marked,error,gate_count,depth
000,0.23046875,0.76953125,34,17
001,0.212890625,0.787109375,32,15
010,0.26953125,0.73046875,32,17
011,0.2734375,0.7265625,30,15
