state,p_marked,error,gate_count,depth
000,0.125,0.875,32,15
001,0.1015625,0.8984375,30,13
010,0.125,0.875,30,15
011,0.140625,0.859375,28,13
