state,p_marked,error,gate_count,depth
000,0.533203125,0.466796875,41,21
001,0.50390625,0.49609375,37,17
010,0.515625,0.484375,37,21
011,0.5078125,0.4921875,33,17
