state,p_marked,error,gate_count,depth
000,0.306640625,0.693359375,35,19
001,0.322265625,0.677734375,33,17
010,0.12890625,0.87109375,33,19
011,0.240234375,0.759765625,31,17
