state,p_marked,error,gate_count,depth
000,0.125,0.875,33,17
001,0.126953125,0.873046875,31,15
010,0.1484375,0.8515625,31,17
011,0.474609375,0.525390625,29,15
