state,p_marked,error,gate_count,depth
000,0.51171875,0.48828125,34,18
001,0.509765625,0.490234375,32,16
010,0.5546875,0.4453125,32,18
011,0.490234375,0.509765625,30,16
