state,p_marked,error,gate_count,depth
000,0.111328125,0.888671875,33,16
001,0.109375,0.890625,31,14
010,0.134765625,0.865234375,31,16
011,0.150390625,0.849609375,29,14
