state,p_marked,error,gate_count,depth
000,0.13671875,0.86328125,60,32
001,0.12890625,0.87109375,48,20
010,0.14453125,0.85546875,48,32
011,0.1328125,0.8671875,36,20
