state,p_marked,error,gate_count,depth
000,0.52734375,0.47265625,42,21
001,0.55078125,0.44921875,38,17
010,0.56640625,0.43359375,38,21
011,0.572265625,0.427734375,34,17
