state,p_marked,error,gate_count,depth
000,0.5703125,0.4296875,33,16
001,0.603515625,0.396484375,31,14
010,0.521484375,0.478515625,31,16
011,0.552734375,0.447265625,29,14
