state,p_marked,error,gate_count,depth
000,0.45703125,0.54296875,33,17
001,0.482421875,0.517578125,31,15
010,0.484375,0.515625,31,17
011,0.443359375,0.556640625,29,15
