state,p_marked,error,gate_count,depth
000,0.23828125,0.76171875,33,17
001,0.234375,0.765625,31,15
010,0.22265625,0.77734375,31,17
011,0.224609375,0.775390625,29,15
