state,p_marked,error,gate_count,depth
000,0.0546875,0.9453125,35,17
001,0.068359375,0.931640625,33,15
010,0.078125,0.921875,33,17
011,0.052734375,0.947265625,31,15
