state,p_marked,error,gate_count,depth
000,0.16015625,0.83984375,24,12
001,0.162109375,0.837890625,20,8
010,0.134765625,0.865234375,20,12
011,0.109375,0.890625,16,8
