state,p_marked,error,gate_count,depth
000,0.0703125,0.9296875,71,38
001,0.078125,0.921875,69,36
010,0.28125,0.71875,69,38
011,0.083984375,0.916015625,67,36
