state,p_marked,error,gate_count,depth
000,0.1171875,0.8828125,33,16
001,0.123046875,0.876953125,31,14
010,0.14453125,0.85546875,31,16
011,0.099609375,0.900390625,29,14
