state,p_marked,error,gate_count,depth
000,0.064453125,0.935546875,32,16
001,0.060546875,0.939453125,30,14
010,0.046875,0.953125,30,16
011,0.072265625,0.927734375,28,14
