state,p_marked,error,gate_count,depth
000,0.166015625,0.833984375,76,40
001,0.162109375,0.837890625,68,32
010,0.16796875,0.83203125,68,40
011,0.166015625,0.833984375,60,32
