state,p_marked,error,gate_count,depth
000,0.109375,0.890625,33,17
001,0.1484375,0.8515625,31,15
010,0.14453125,0.85546875,31,17
011,0.125,0.875,29,15
