state,p_marked,error,gate_count,depth
000,0.072265625,0.927734375,35,18
001,0.078125,0.921875,33,16
010,0.056640625,0.943359375,33,18
011,0.05859375,0.94140625,31,16
