state,p_marked,error,gate_count,depth
000,0.150390625,0.849609375,24,12
001,0.126953125,0.873046875,20,8
010,0.119140625,0.880859375,20,12
011,0.099609375,0.900390625,16,8
