state,p_marked,error,gate_count,depth
000,0.53515625,0.46484375,32,16
001,0.494140625,0.505859375,30,14
010,0.51953125,0.48046875,30,16
011,0.51953125,0.48046875,28,14
