state,p_marked,error,gate_count,depth
000,0.087890625,0.912109375,32,16
001,0.107421875,0.892578125,30,14
010,0.13671875,0.86328125,30,16
011,0.099609375,0.900390625,28,14
