state,p_marked,error,gate_count,depth
000,0.064453125,0.935546875,41,20
001,0.08984375,0.91015625,37,16
010,0.064453125,0.935546875,37,20
011,0.0546875,0.9453125,33,16
