state,p_marked,error,gate_count,depth
000,0.037109375,0.962890625,42,21
001,0.060546875,0.939453125,38,18
010,0.060546875,0.939453125,38,21
011,0.072265625,0.927734375,34,18
