state,p_marked,error,gate_count,depth
000,0.08984375,0.91015625,33,16
001,0.111328125,0.888671875,31,14
010,0.115234375,0.884765625,31,16
011,0.1171875,0.8828125,29,14
