state,p_marked,error,gate_count,depth
000,0.162109375,0.837890625,46,24
001,0.12890625,0.87109375,42,20
010,0.142578125,0.857421875,42,24
011,0.146484375,0.853515625,38,20
