state,p_marked,error,gate_count,depth
000,0.064453125,0.935546875,33,16
001,0.078125,0.921875,31,14
010,0.044921875,0.955078125,31,16
011,0.03515625,0.96484375,29,14
