state,p_marked,error,gate_count,depth
000,0.126953125,0.873046875,101,54
001,0.123046875,0.876953125,89,42
010,0.150390625,0.849609375,89,54
011,0.138671875,0.861328125,77,42
