state,p_marked,error,gate_count,depth
000,0.48828125,0.51171875,53,28
001,0.482421875,0.517578125,47,22
010,0.509765625,0.490234375,47,28
011,0.4921875,0.5078125,41,22
