state,p_marked,error,gate_count,depth
000,0.517578125,0.482421875,33,17
001,0.470703125,0.529296875,31,15
010,0.50390625,0.49609375,31,17
011,0.51171875,0.48828125,29,15
