state,p_marked,error,gate_count,depth
000,0.552734375,0.447265625,42,21
001,0.609375,0.390625,38,17
010,0.54296875,0.45703125,38,21
011,0.55078125,0.44921875,34,17
