state,p_marked,error,gate_count,depth
000,0.515625,0.484375,32,16
001,0.455078125,0.544921875,30,14
010,0.48828125,0.51171875,30,16
011,0.490234375,0.509765625,28,14
