state,p_marked,error,gate_count,depth
000,0.5078125,0.4921875,32,16
001,0.44140625,0.55859375,30,14
010,0.49609375,0.50390625,30,16
011,0.52734375,0.47265625,28,14
