state,p_marked,error,gate_count,depth
000,0.24609375,0.75390625,33,17
001,0.234375,0.765625,31,15
010,0.251953125,0.748046875,31,17
011,0.26953125,0.73046875,29,15
