state,p_marked,error,gate_count,depth
000,0.5625,0.4375,33,16
001,0.517578125,0.482421875,31,14
010,0.580078125,0.419921875,31,16
011,0.572265625,0.427734375,29,14
