state,p_marked,error,gate_count,depth
000,0.55859375,0.44140625,42,21
001,0.515625,0.484375,38,17
010,0.533203125,0.466796875,38,21
011,0.53125,0.46875,34,17
