state,p_marked,error,gate_count,depth
000,0.47265625,0.52734375,32,16
001,0.5,0.5,30,14
010,0.513671875,0.486328125,30,16
011,0.513671875,0.486328125,28,14
