state,p_marked,error,gate_count,depth
000,0.125,0.875,33,16
001,0.11328125,0.88671875,31,14
010,0.123046875,0.876953125,31,16
011,0.11328125,0.88671875,29,14
