state,p_marked,error,gate_count,depth
000,0.197265625,0.802734375,51,25
001,0.005859375,0.994140625,49,23
010,0.076171875,0.923828125,49,25
011,0.05078125,0.94921875,47,23
