state,p_marked,error,gate_count,depth
000,0.509765625,0.490234375,41,21
001,0.533203125,0.466796875,37,17
010,0.4921875,0.5078125,37,21
011,0.486328125,0.513671875,33,17
