state,p_marked,error,gate_count,depth
000,0.12109375,0.87890625,60,32
001,0.1015625,0.8984375,48,20
010,0.111328125,0.888671875,48,32
011,0.109375,0.890625,36,20
