state,p_marked,error,gate_count,depth
000,0.064453125,0.935546875,32,15
001,0.060546875,0.939453125,30,13
010,0.064453125,0.935546875,30,15
011,0.064453125,0.935546875,28,13
