state,p_marked,error,gate_count,depth
000,0.0,1.0,54,26
001,0.0,1.0,52,24
010,0.1328125,0.8671875,52,26
011,0.123046875,0.876953125,50,24
