state,p_marked,error,gate_count,depth
000,0.125,0.875,42,22
001,0.125,0.875,34,14
010,0.10546875,0.89453125,34,22
011,0.158203125,0.841796875,26,14
