state,p_marked,error,gate_count,depth
000,0.126953125,0.873046875,49,24
001,0.1484375,0.8515625,47,22
010,0.146484375,0.853515625,47,24
011,0.138671875,0.861328125,45,22
