state,p_marked,error,gate_count,depth
000,0.51953125,0.48046875,32,16
001,0.5,0.5,30,14
010,0.51953125,0.48046875,30,16
011,0.46875,0.53125,28,14
