state,p_marked,error,gate_count,depth
000,0.5234375,0.4765625,34,18
001,0.5625,0.4375,32,16
010,0.546875,0.453125,32,18
011,0.59765625,0.40234375,30,16
