state,p_marked,error,gate_count,depth
000,0.591796875,0.408203125,33,16
001,0.560546875,0.439453125,31,14
010,0.60546875,0.39453125,31,16
011,0.55078125,0.44921875,29,14
