state,p_marked,error,gate_count,depth
000,0.134765625,0.865234375,56,30
001,0.0,1.0,50,24
010,0.1171875,0.8828125,50,30
011,0.0,1.0,44,24
