state,p_marked,error,gate_count,depth
000,0.056640625,0.943359375,32,15
001,0.072265625,0.927734375,30,13
010,0.05078125,0.94921875,30,15
011,0.064453125,0.935546875,28,13
