state,p_marked,error,gate_count,depth
000,0.04296875,0.95703125,33,16
001,0.072265625,0.927734375,31,14
010,0.0703125,0.9296875,31,16
011,0.064453125,0.935546875,29,14
