state,p_marked,error,gate_count,depth
000,0.125,0.875,49,25
001,0.1171875,0.8828125,47,23
010,0.12109375,0.87890625,47,25
011,0.1328125,0.8671875,45,23
