state,p_marked,error,gate_count,depth
000,0.12109375,0.87890625,24,11
001,0.123046875,0.876953125,24,11
010,0.140625,0.859375,24,11
011,0.125,0.875,24,11
