state,p_marked,error,gate_count,depth
000,0.017578125,0.982421875,25,11
001,0.494140625,0.505859375,25,11
010,0.0,1.0,25,11
011,0.0,1.0,25,11
