state,p_marked,error,gate_count,depth
000,0.212890625,0.787109375,119,83
001,0.111328125,0.888671875,119,83
010,0.087890625,0.912109375,119,83
011,0.09375,0.90625,119,83
