state,p_marked,error,gate_count,depth
000,0.138671875,0.861328125,41,21
001,0.1171875,0.8828125,37,17
010,0.14453125,0.85546875,37,21
011,0.126953125,0.873046875,33,17
