state,p_marked,error,gate_count,depth
000,0.5,0.5,33,17
001,0.52734375,0.47265625,31,15
010,0.51953125,0.48046875,31,17
011,0.486328125,0.513671875,29,15
