state,p_marked,error,gate_count,depth
000,0.47265625,0.52734375,41,21
001,0.5,0.5,37,17
010,0.490234375,0.509765625,37,21
011,0.498046875,0.501953125,33,17
