state,p_marked,error,gate_count,depth
000,0.12890625,0.87109375,33,17
001,0.130859375,0.869140625,27,11
010,0.109375,0.890625,27,17
011,0.13671875,0.86328125,21,11
