state,p_marked,error,gate_count,depth
000,0.603515625,0.396484375,42,21
001,0.560546875,0.439453125,38,17
010,0.5859375,0.4140625,38,21
011,0.576171875,0.423828125,34,17
