state,p_marked,error,gate_count,depth
000,0.103515625,0.896484375,58,29
001,0.125,0.875,54,25
010,0.140625,0.859375,54,29
011,0.1015625,0.8984375,50,25
