state,p_marked,error,gate_count,depth
000,0.53515625,0.46484375,42,21
001,0.513671875,0.486328125,38,17
010,0.5390625,0.4609375,38,21
011,0.548828125,0.451171875,34,17
