state,p_marked,error,gate_count,depth
000,0.138671875,0.861328125,32,15
001,0.1484375,0.8515625,30,13
010,0.111328125,0.888671875,30,15
011,0.1015625,0.8984375,28,13
