state,p_marked,error,gate_count,depth
000,0.505859375,0.494140625,33,17
001,0.515625,0.484375,31,15
010,0.48828125,0.51171875,31,17
011,0.0,1.0,29,15
