state,p_marked,error,gate_count,depth
000,0.52734375,0.47265625,33,16
001,0.474609375,0.525390625,31,14
010,0.5234375,0.4765625,31,16
011,0.48828125,0.51171875,29,14
