state,p_marked,error,gate_count,depth
000,0.56640625,0.43359375,34,17
001,0.615234375,0.384765625,32,15
010,0.5859375,0.4140625,32,17
011,0.0625,0.9375,30,15
