state,p_marked,error,gate_count,depth
000,0.107421875,0.892578125,42,22
001,0.111328125,0.888671875,34,14
010,0.125,0.875,34,22
011,0.125,0.875,26,14
