state,p_marked,error,gate_count,depth
000,0.150390625,0.849609375,54,31
001,0.072265625,0.927734375,50,27
010,0.109375,0.890625,50,31
011,0.12109375,0.87890625,46,27
