state,p_marked,error,gate_count,depth
000,0.12109375,0.87890625,51,27
001,0.095703125,0.904296875,41,17
010,0.134765625,0.865234375,41,27
011,0.1484375,0.8515625,31,17
