state,p_marked,error,gate_count,depth
000,0.236328125,0.763671875,33,17
001,0.236328125,0.763671875,31,15
010,0.28515625,0.71484375,31,17
011,0.26171875,0.73828125,29,15
