state,p_marked,error,gate_count,depth
000,0.5390625,0.4609375,41,21
001,0.46875,0.53125,37,17
010,0.525390625,0.474609375,37,21
011,0.513671875,0.486328125,33,17
