state,p_marked,error,gate_count,depth
000,0.15234375,0.84765625,62,32
001,0.14453125,0.85546875,58,29
010,0.169921875,0.830078125,58,32
011,0.154296875,0.845703125,54,29
