state,p_marked,error,gate_count,depth
000,0.1484375,0.8515625,15,7
001,0.12109375,0.87890625,13,5
010,0.146484375,0.853515625,13,7
011,0.125,0.875,11,5
