state,p_marked,error,gate_count,depth
000,0.119140625,0.880859375,33,15
001,0.12890625,0.87109375,31,13
010,0.1484375,0.8515625,31,15
011,0.140625,0.859375,29,13
