state,p_marked,error,gate_count,depth
000,0.109375,0.890625,15,7
001,0.138671875,0.861328125,13,5
010,0.10546875,0.89453125,13,7
011,0.115234375,0.884765625,11,5
