state,p_marked,error,gate_count,depth
000,0.111328125,0.888671875,15,7
001,0.138671875,0.861328125,13,5
010,0.12890625,0.87109375,13,7
011,0.095703125,0.904296875,11,5
