state,p_marked,error,gate_count,depth
000,0.1015625,0.8984375,15,7
001,0.142578125,0.857421875,13,5
010,0.08984375,0.91015625,13,7
011,0.146484375,0.853515625,11,5
