state,p_marked,error,gate_count,depth
000,0.599609375,0.400390625,34,17
001,0.517578125,0.482421875,32,15
010,0.564453125,0.435546875,32,17
011,0.56640625,0.43359375,30,15
