state,p_marked,error,gate_count,depth
000,0.525390625,0.474609375,32,16
001,0.546875,0.453125,30,14
010,0.48046875,0.51953125,30,16
011,0.478515625,0.521484375,28,14
