state,p_marked,error,gate_count,depth
000,0.01171875,0.98828125,77,51
001,0.1640625,0.8359375,75,49
010,0.1875,0.8125,75,51
011,0.029296875,0.970703125,73,49
