state,p_marked,error,gate_count,depth
000,0.09765625,0.90234375,33,17
001,0.130859375,0.869140625,27,11
010,0.1171875,0.8828125,27,17
011,0.123046875,0.876953125,21,11
