state,p_marked,error,gate_count,depth
000,0.568359375,0.431640625,51,26
001,0.54296875,0.45703125,45,20
010,0.544921875,0.455078125,45,26
011,0.51953125,0.48046875,39,20
