state,p_marked,error,gate_count,depth
000,0.552734375,0.447265625,41,21
001,0.529296875,0.470703125,37,17
010,0.4921875,0.5078125,37,21
011,0.490234375,0.509765625,33,17
