state,p_marked,error,gate_count,depth
000,0.1171875,0.8828125,24,12
001,0.16015625,0.83984375,20,8
010,0.138671875,0.861328125,20,12
011,0.140625,0.859375,16,8
