state,p_marked,error,gate_count,depth
000,0.0,1.0,59,30
001,0.146484375,0.853515625,55,26
010,0.1328125,0.8671875,55,30
011,0.0,1.0,51,26
