state,p_marked,error,gate_count,depth
000,0.12109375,0.87890625,42,22
001,0.111328125,0.888671875,34,14
010,0.099609375,0.900390625,34,22
011,0.12109375,0.87890625,26,14
