state,p_marked,error,gate_count,depth
000,0.109375,0.890625,92,48
001,0.12109375,0.87890625,86,43
010,0.138671875,0.861328125,86,48
011,0.099609375,0.900390625,80,43
