state,p_marked,error,gate_count,depth
000,0.15234375,0.84765625,32,15
001,0.12109375,0.87890625,30,13
010,0.11328125,0.88671875,30,15
011,0.123046875,0.876953125,28,13
