state,p_marked,error,gate_count,depth
000,0.146484375,0.853515625,112,60
001,0.1484375,0.8515625,96,44
010,0.16796875,0.83203125,96,60
011,0.18359375,0.81640625,80,44
