state,p_marked,error,gate_count,depth
000,0.173828125,0.826171875,158,113
001,0.287109375,0.712890625,156,111
010,0.080078125,0.919921875,156,113
011,0.009765625,0.990234375,154,111
