state,p_marked,error,gate_count,depth
000,0.494140625,0.505859375,33,17
001,0.53515625,0.46484375,31,15
010,0.48828125,0.51171875,31,17
011,0.4921875,0.5078125,29,15
