state,p_marked,error,gate_count,depth
000,0.041015625,0.958984375,36,19
001,0.05078125,0.94921875,34,17
010,0.044921875,0.955078125,34,19
011,0.044921875,0.955078125,32,17
