state,p_marked,error,gate_count,depth
000,0.51171875,0.48828125,42,22
001,0.47265625,0.52734375,38,18
010,0.517578125,0.482421875,38,22
011,0.494140625,0.505859375,34,18
