state,p_marked,error,gate_count,depth
000,0.5,0.5,33,16
001,0.529296875,0.470703125,31,14
010,0.5078125,0.4921875,31,16
011,0.484375,0.515625,29,14
