state,p_marked,error,gate_count,depth
000,0.064453125,0.935546875,32,15
001,0.07421875,0.92578125,30,13
010,0.072265625,0.927734375,30,15
011,0.056640625,0.943359375,28,13
