state,p_marked,error,gate_count,depth
000,0.5625,0.4375,33,16
001,0.544921875,0.455078125,31,14
010,0.591796875,0.408203125,31,16
011,0.611328125,0.388671875,29,14
