state,p_marked,error,gate_count,depth
000,0.130859375,0.869140625,24,12
001,0.158203125,0.841796875,20,8
010,0.138671875,0.861328125,20,12
011,0.162109375,0.837890625,16,8
