state,p_marked,error,gate_count,depth
000,0.22265625,0.77734375,41,23
001,0.0,1.0,39,21
010,0.458984375,0.541015625,39,23
011,0.205078125,0.794921875,37,21
