state,p_marked,error,gate_count,depth
000,0.2578125,0.7421875,33,17
001,0.25390625,0.74609375,31,15
010,0.251953125,0.748046875,31,17
011,0.255859375,0.744140625,29,15
