state,p_marked,error,gate_count,depth
000,0.517578125,0.482421875,50,26
001,0.486328125,0.513671875,44,20
010,0.505859375,0.494140625,44,26
011,0.505859375,0.494140625,38,20
