state,p_marked,error,gate_count,depth
000,0.1171875,0.8828125,41,23
001,0.291015625,0.708984375,39,21
010,0.615234375,0.384765625,39,23
011,0.115234375,0.884765625,37,21
