state,p_marked,error,gate_count,depth
000,0.1171875,0.8828125,24,12
001,0.111328125,0.888671875,24,12
010,0.1484375,0.8515625,24,12
011,0.10546875,0.89453125,24,12
