state,p_marked,error,gate_count,depth
000,0.005859375,0.994140625,58,38
001,0.001953125,0.998046875,56,36
010,0.212890625,0.787109375,56,38
011,0.03515625,0.96484375,54,36
