state,p_marked,error,gate_count,depth
000,0.099609375,0.900390625,33,15
001,0.11328125,0.88671875,31,13
010,0.126953125,0.873046875,31,15
011,0.123046875,0.876953125,29,13
