state,p_marked,error,gate_count,depth
000,0.119140625,0.880859375,52,27
001,0.107421875,0.892578125,50,25
010,0.146484375,0.853515625,50,27
011,0.12109375,0.87890625,48,25
