state,p_marked,error,gate_count,depth
000,0.109375,0.890625,32,15
001,0.123046875,0.876953125,30,13
010,0.10546875,0.89453125,30,15
011,0.154296875,0.845703125,28,13
