state,p_marked,error,gate_count,depth
000,0.072265625,0.927734375,33,16
001,0.072265625,0.927734375,31,14
010,0.078125,0.921875,31,16
011,0.1015625,0.8984375,29,14
