state,p_marked,error,gate_count,depth
000,0.0,1.0,54,28
001,0.1328125,0.8671875,52,26
010,0.109375,0.890625,52,28
011,0.0,1.0,50,26
