state,p_marked,error,gate_count,depth
000,0.115234375,0.884765625,69,37
001,0.115234375,0.884765625,55,23
010,0.158203125,0.841796875,55,37
011,0.123046875,0.876953125,41,23
