state,p_marked,error,gate_count,depth
000,0.146484375,0.853515625,47,28
001,0.2734375,0.7265625,45,26
010,0.05859375,0.94140625,45,28
011,0.0625,0.9375,43,26
