state,p_marked,error,gate_count,depth
000,0.46875,0.53125,32,16
001,0.537109375,0.462890625,30,14
010,0.482421875,0.517578125,30,16
011,0.546875,0.453125,28,14
