state,p_marked,error,gate_count,depth
000,0.478515625,0.521484375,50,26
001,0.50390625,0.49609375,44,20
010,0.5078125,0.4921875,44,26
011,0.52734375,0.47265625,38,20
