state,p_marked,error,gate_count,depth
000,0.51171875,0.48828125,33,17
001,0.51953125,0.48046875,31,15
010,0.490234375,0.509765625,31,17
011,0.525390625,0.474609375,29,15
