state,p_marked,error,gate_count,depth
000,0.060546875,0.939453125,35,18
001,0.078125,0.921875,33,16
010,0.07421875,0.92578125,33,18
011,0.052734375,0.947265625,31,16
