state,p_marked,error,gate_count,depth
000,0.5703125,0.4296875,51,26
001,0.548828125,0.451171875,45,20
010,0.578125,0.421875,45,26
011,0.560546875,0.439453125,39,20
