state,p_marked,error,gate_count,depth
000,0.177734375,0.822265625,84,44
001,0.146484375,0.853515625,78,38
010,0.01953125,0.98046875,78,44
011,0.12109375,0.87890625,72,38
