state,p_marked,error,gate_count,depth
000,0.099609375,0.900390625,33,17
001,0.11328125,0.88671875,27,11
010,0.1640625,0.8359375,27,17
011,0.138671875,0.861328125,21,11
