state,p_marked,error,gate_count,depth
000,0.2734375,0.7265625,98,62
001,0.029296875,0.970703125,96,60
010,0.076171875,0.923828125,96,62
011,0.09375,0.90625,94,60
