state,p_marked,error,gate_count,depth
000,0.1171875,0.8828125,41,19
001,0.130859375,0.869140625,41,19
010,0.12890625,0.87109375,41,19
011,0.12109375,0.87890625,41,19
