state,p_marked,error,gate_count,depth
000,0.1328125,0.8671875,37,19
001,0.111328125,0.888671875,35,17
010,0.146484375,0.853515625,35,19
011,0.111328125,0.888671875,33,17
