state,p_marked,error,gate_count,depth
000,0.572265625,0.427734375,33,16
001,0.56640625,0.43359375,31,14
010,0.044921875,0.955078125,31,16
011,0.060546875,0.939453125,29,14
