state,p_marked,error,gate_count,depth
000,0.501953125,0.498046875,43,23
001,0.0,1.0,43,23
010,0.0,1.0,43,23
011,0.0,1.0,43,23
