state,p_marked,error,gate_count,depth
000,0.109375,0.890625,29,16
001,0.14453125,0.85546875,29,16
010,0.142578125,0.857421875,29,16
011,0.142578125,0.857421875,29,16
