state,p_marked,error,gate_count,depth
000,0.095703125,0.904296875,32,15
001,0.111328125,0.888671875,30,13
010,0.1171875,0.8828125,30,15
011,0.134765625,0.865234375,28,13
