state,p_marked,error,gate_count,depth
000,0.25390625,0.74609375,33,16
001,0.25390625,0.74609375,31,14
010,0.271484375,0.728515625,31,16
011,0.224609375,0.775390625,29,14
