state,p_marked,error,gate_count,depth
000,0.0,1.0,42,21
001,0.0,1.0,38,18
010,0.0,1.0,38,21
011,0.115234375,0.884765625,34,18
