state,p_marked,error,gate_count,depth
000,0.12890625,0.87109375,33,17
001,0.125,0.875,27,11
010,0.134765625,0.865234375,27,17
011,0.138671875,0.861328125,21,11
