state,p_marked,error,gate_count,depth
000,0.044921875,0.955078125,34,17
001,0.072265625,0.927734375,32,15
010,0.052734375,0.947265625,32,17
011,0.0625,0.9375,30,15
