state,p_marked,error,gate_count,depth
000,0.458984375,0.541015625,41,21
001,0.4765625,0.5234375,37,17
010,0.546875,0.453125,37,21
011,0.513671875,0.486328125,33,17
