state,p_marked,error,gate_count,depth
000,0.4921875,0.5078125,54,31
001,0.46484375,0.53515625,54,31
010,0.0234375,0.9765625,54,31
011,0.0,1.0,54,31
