state,p_marked,error,gate_count,depth
000,0.06640625,0.93359375,63,45
001,0.10546875,0.89453125,63,45
010,0.306640625,0.693359375,63,45
011,0.11328125,0.88671875,63,45
