state,p_marked,error,gate_count,depth
000,0.224609375,0.775390625,40,23
001,0.220703125,0.779296875,40,23
010,0.0,1.0,40,23
011,0.0,1.0,40,23
