state,p_marked,error,gate_count,depth
000,0.0625,0.9375,38,19
001,0.052734375,0.947265625,36,17
010,0.0625,0.9375,36,19
011,0.0625,0.9375,34,17
