state,p_marked,error,gate_count,depth
000,0.208984375,0.791015625,41,20
001,0.181640625,0.818359375,41,20
010,0.177734375,0.822265625,41,20
011,0.07421875,0.92578125,41,20
