state,p_marked,error,gate_count,depth
000,0.150390625,0.849609375,51,27
001,0.119140625,0.880859375,41,17
010,0.099609375,0.900390625,41,27
011,0.12109375,0.87890625,31,17
