state,p_marked,error,gate_count,depth
000,0.12109375,0.87890625,57,28
001,0.123046875,0.876953125,55,26
010,0.146484375,0.853515625,55,28
011,0.095703125,0.904296875,53,26
