state,p_marked,error,gate_count,depth
000,0.1484375,0.8515625,33,17
001,0.095703125,0.904296875,27,11
010,0.130859375,0.869140625,27,17
011,0.15234375,0.84765625,21,11
