state,p_marked,error,gate_count,depth
000,0.09375,0.90625,58,30
001,0.115234375,0.884765625,54,26
010,0.1015625,0.8984375,54,30
011,0.126953125,0.873046875,50,26
