state,p_marked,error,gate_count,depth
000,0.2421875,0.7578125,34,18
001,0.259765625,0.740234375,32,16
010,0.2578125,0.7421875,32,18
011,0.28515625,0.71484375,30,16
