state,p_marked,error,gate_count,depth
000,0.095703125,0.904296875,33,17
001,0.12109375,0.87890625,27,11
010,0.0859375,0.9140625,27,17
011,0.126953125,0.873046875,21,11
