state,p_marked,error,gate_count,depth
000,0.546875,0.453125,42,21
001,0.5390625,0.4609375,38,17
010,0.505859375,0.494140625,38,21
011,0.57421875,0.42578125,34,17
