state,p_marked,error,gate_count,depth
000,0.0625,0.9375,67,33
001,0.044921875,0.955078125,65,31
010,0.04296875,0.95703125,65,33
011,0.037109375,0.962890625,63,31
