state,p_marked,error,gate_count,depth
000,0.083984375,0.916015625,79,41
001,0.0703125,0.9296875,77,39
010,0.203125,0.796875,77,41
011,0.5390625,0.4609375,75,39
