state,p_marked,error,gate_count,depth
000,0.5625,0.4375,42,21
001,0.576171875,0.423828125,38,17
010,0.595703125,0.404296875,38,21
011,0.5625,0.4375,34,17
