state,p_marked,error,gate_count,depth
000,0.501953125,0.498046875,42,21
001,0.50390625,0.49609375,38,17
010,0.48046875,0.51953125,38,21
011,0.47265625,0.52734375,34,17
