state,p_marked,error,gate_count,depth
000,0.111328125,0.888671875,50,26
001,0.111328125,0.888671875,48,24
010,0.103515625,0.896484375,48,26
011,0.12890625,0.87109375,46,24
