state,p_marked,error,gate_count,depth
000,0.41796875,0.58203125,76,49
001,0.095703125,0.904296875,74,47
010,0.078125,0.921875,74,49
011,0.056640625,0.943359375,72,47
