state,p_marked,error,gate_count,depth
000,0.056640625,0.943359375,33,16
001,0.080078125,0.919921875,31,14
010,0.583984375,0.416015625,31,16
011,0.533203125,0.466796875,29,14
