state,p_marked,error,gate_count,depth
000,0.107421875,0.892578125,32,15
001,0.126953125,0.873046875,30,13
010,0.095703125,0.904296875,30,15
011,0.126953125,0.873046875,28,13
