state,p_marked,error,gate_count,depth
000,0.01953125,0.98046875,76,40
001,0.009765625,0.990234375,68,32
010,0.013671875,0.986328125,68,40
011,0.013671875,0.986328125,60,32
