state,p_marked,error,gate_count,depth
000,0.498046875,0.501953125,42,22
001,0.501953125,0.498046875,38,18
010,0.5078125,0.4921875,38,22
011,0.111328125,0.888671875,34,18
