state,p_marked,error,gate_count,depth
000,0.095703125,0.904296875,15,7
001,0.111328125,0.888671875,13,5
010,0.099609375,0.900390625,13,7
011,0.10546875,0.89453125,11,5
