state,p_marked,error,gate_count,depth
000,0.486328125,0.513671875,33,16
001,0.466796875,0.533203125,31,14
010,0.53515625,0.46484375,31,16
011,0.505859375,0.494140625,29,14
