state,p_marked,error,gate_count,depth
000,0.564453125,0.435546875,42,21
001,0.55859375,0.44140625,38,17
010,0.568359375,0.431640625,38,21
011,0.537109375,0.462890625,34,17
