state,p_marked,error,gate_count,depth
000,0.591796875,0.408203125,33,16
001,0.58203125,0.41796875,31,14
010,0.587890625,0.412109375,31,16
011,0.53125,0.46875,29,14
