state,p_marked,error,gate_count,depth
000,0.140625,0.859375,41,21
001,0.12890625,0.87109375,37,17
010,0.154296875,0.845703125,37,21
011,0.150390625,0.849609375,33,17
