state,p_marked,error,gate_count,depth
000,0.119140625,0.880859375,42,22
001,0.146484375,0.853515625,38,18
010,0.091796875,0.908203125,38,22
011,0.1171875,0.8828125,34,18
