state,p_marked,error,gate_count,depth
000,0.1328125,0.8671875,32,16
001,0.12109375,0.87890625,30,14
010,0.119140625,0.880859375,30,16
011,0.13671875,0.86328125,28,14
