state,p_marked,error,gate_count,depth
000,0.154296875,0.845703125,41,21
001,0.12890625,0.87109375,37,17
010,0.1328125,0.8671875,37,21
011,0.1015625,0.8984375,33,17
