state,p_marked,error,gate_count,depth
000,0.125,0.875,39,22
001,0.501953125,0.498046875,37,20
010,0.140625,0.859375,37,22
011,0.13671875,0.86328125,35,20
