state,p_marked,error,gate_count,depth
000,0.158203125,0.841796875,60,32
001,0.12890625,0.87109375,48,20
010,0.1171875,0.8828125,48,32
011,0.111328125,0.888671875,36,20
