state,p_marked,error,gate_count,depth
000,0.6015625,0.3984375,35,18
001,0.607421875,0.392578125,33,16
010,0.5625,0.4375,33,18
011,0.0703125,0.9296875,31,16
