state,p_marked,error,gate_count,depth
000,0.142578125,0.857421875,60,38
001,0.009765625,0.990234375,60,38
010,0.083984375,0.916015625,60,38
011,0.216796875,0.783203125,60,38
