state,p_marked,error,gate_count,depth
000,0.1171875,0.8828125,40,20
001,0.12109375,0.87890625,40,20
010,0.103515625,0.896484375,40,20
011,0.123046875,0.876953125,40,20
