state,p_marked,error,gate_count,depth
000,0.0,1.0,69,37
001,0.0,1.0,65,33
010,0.134765625,0.865234375,65,37
011,0.12890625,0.87109375,61,33
