state,p_marked,error,gate_count,depth
000,0.248046875,0.751953125,52,30
001,0.01171875,0.98828125,52,30
010,0.166015625,0.833984375,52,30
011,0.001953125,0.998046875,52,30
