state,p_marked,error,gate_count,depth
000,0.146484375,0.853515625,42,22
001,0.126953125,0.873046875,34,14
010,0.1015625,0.8984375,34,22
011,0.115234375,0.884765625,26,14
