state,p_marked,error,gate_count,depth
000,0.0,1.0,67,33
001,0.0,1.0,65,31
010,0.119140625,0.880859375,65,33
011,0.1171875,0.8828125,63,31
