state,p_marked,error,gate_count,depth
000,0.3203125,0.6796875,59,29
001,0.27734375,0.72265625,55,25
010,0.3125,0.6875,55,29
011,0.2734375,0.7265625,51,25
