state,p_marked,error,gate_count,depth
000,0.06640625,0.93359375,63,40
001,0.115234375,0.884765625,63,40
010,0.025390625,0.974609375,63,40
011,0.3203125,0.6796875,63,40
