state,p_marked,error,gate_count,depth
000,0.0859375,0.9140625,33,16
001,0.11328125,0.88671875,31,14
010,0.1328125,0.8671875,31,16
011,0.123046875,0.876953125,29,14
