state,p_marked,error,gate_count,depth
000,0.12890625,0.87109375,42,22
001,0.11328125,0.88671875,34,14
010,0.107421875,0.892578125,34,22
011,0.126953125,0.873046875,26,14
