state,p_marked,error,gate_count,depth
000,0.0,1.0,32,16
001,0.14453125,0.85546875,30,14
010,0.0,1.0,30,16
011,0.125,0.875,28,14
