state,p_marked,error,gate_count,depth
000,0.576171875,0.423828125,34,18
001,0.541015625,0.458984375,32,16
010,0.548828125,0.451171875,32,18
011,0.552734375,0.447265625,30,16
