state,p_marked,error,gate_count,depth
000,0.142578125,0.857421875,51,27
001,0.1015625,0.8984375,41,17
010,0.10546875,0.89453125,41,27
011,0.1484375,0.8515625,31,17
