state,p_marked,error,gate_count,depth
000,0.541015625,0.458984375,85,43
001,0.513671875,0.486328125,79,38
010,0.052734375,0.947265625,79,43
011,0.0390625,0.9609375,73,37
