state,p_marked,error,gate_count,depth
000,0.123046875,0.876953125,24,12
001,0.14453125,0.85546875,20,8
010,0.15234375,0.84765625,20,12
011,0.125,0.875,16,8
