state,p_marked,error,gate_count,depth
000,0.005859375,0.994140625,25,11
001,0.5078125,0.4921875,25,11
010,0.0,1.0,25,11
011,0.0,1.0,25,11
