state,p_marked,error,gate_count,depth
000,0.560546875,0.439453125,42,21
001,0.564453125,0.435546875,38,17
010,0.568359375,0.431640625,38,21
011,0.59375,0.40625,34,17
