state,p_marked,error,gate_count,depth
000,0.47265625,0.52734375,59,34
001,0.458984375,0.541015625,59,34
010,0.0,1.0,59,34
011,0.03125,0.96875,59,34
