state,p_marked,error,gate_count,depth
000,0.13671875,0.86328125,50,25
001,0.119140625,0.880859375,48,23
010,0.130859375,0.869140625,48,25
011,0.13671875,0.86328125,46,23
