state,p_marked,error,gate_count,depth
000,0.126953125,0.873046875,24,11
001,0.12890625,0.87109375,24,11
010,0.125,0.875,24,11
011,0.109375,0.890625,24,11
