state,p_marked,error,gate_count,depth
000,0.00390625,0.99609375,68,46
001,0.32421875,0.67578125,68,46
010,0.060546875,0.939453125,68,46
011,0.216796875,0.783203125,68,46
