state,p_marked,error,gate_count,depth
000,0.544921875,0.455078125,41,21
001,0.564453125,0.435546875,37,17
010,0.521484375,0.478515625,37,21
011,0.490234375,0.509765625,33,17
