state,p_marked,error,gate_count,depth
000,0.1015625,0.8984375,49,25
001,0.0859375,0.9140625,47,23
010,0.1171875,0.8828125,47,25
011,0.130859375,0.869140625,45,23
