state,p_marked,error,gate_count,depth
000,0.564453125,0.435546875,34,17
001,0.5703125,0.4296875,32,15
010,0.537109375,0.462890625,32,17
011,0.564453125,0.435546875,30,15
