state,p_marked,error,gate_count,depth
000,0.146484375,0.853515625,32,15
001,0.126953125,0.873046875,30,13
010,0.115234375,0.884765625,30,15
011,0.119140625,0.880859375,28,13
