state,p_marked,error,gate_count,depth
000,0.560546875,0.439453125,33,16
001,0.5703125,0.4296875,31,14
010,0.05078125,0.94921875,31,16
011,0.046875,0.953125,29,14
