state,p_marked,error,gate_count,depth
000,0.46875,0.53125,32,16
001,0.5078125,0.4921875,30,14
010,0.474609375,0.525390625,30,16
011,0.47265625,0.52734375,28,14
