state,p_marked,error,gate_count,depth
000,0.453125,0.546875,33,16
001,0.455078125,0.544921875,31,14
010,0.484375,0.515625,31,16
011,0.509765625,0.490234375,29,14
