state,p_marked,error,gate_count,depth
000,0.01171875,0.98828125,248,169
001,0.12890625,0.87109375,242,163
010,0.146484375,0.853515625,242,169
011,0.234375,0.765625,236,163
