state,p_marked,error,gate_count,depth
000,0.5078125,0.4921875,50,26
001,0.458984375,0.541015625,44,20
010,0.525390625,0.474609375,44,26
011,0.474609375,0.525390625,38,20
