state,p_marked,error,gate_count,depth
000,0.474609375,0.525390625,38,21
001,0.126953125,0.873046875,36,19
010,0.126953125,0.873046875,36,21
011,0.509765625,0.490234375,34,19
