state,p_marked,error,gate_count,depth
000,0.01953125,0.98046875,27,13
001,0.98828125,0.01171875,27,13
010,0.0,1.0,27,13
011,0.0,1.0,27,13
