state,p_marked,error,gate_count,depth
000,0.017578125,0.982421875,42,23
001,0.001953125,0.998046875,40,21
010,0.330078125,0.669921875,40,23
011,0.005859375,0.994140625,38,21
