state,p_marked,error,gate_count,depth
000,0.04296875,0.95703125,103,59
001,0.486328125,0.513671875,93,49
010,0.076171875,0.923828125,93,59
011,0.041015625,0.958984375,83,49
