state,p_marked,error,gate_count,depth
000,0.125,0.875,33,17
001,0.0859375,0.9140625,27,11
010,0.138671875,0.861328125,27,17
011,0.130859375,0.869140625,21,11
