state,p_marked,error,gate_count,depth
000,0.0,1.0,81,42
001,0.125,0.875,77,38
010,0.130859375,0.869140625,77,42
011,0.0,1.0,73,38
