state,p_marked,error,gate_count,depth
000,0.005859375,0.994140625,55,30
001,0.00390625,0.99609375,53,28
010,0.2109375,0.7890625,53,30
011,0.24609375,0.75390625,51,28
