state,p_marked,error,gate_count,depth
000,0.111328125,0.888671875,32,16
001,0.140625,0.859375,30,14
010,0.150390625,0.849609375,30,16
011,0.126953125,0.873046875,28,14
