state,p_marked,error,gate_count,depth
000,0.142578125,0.857421875,42,22
001,0.130859375,0.869140625,34,14
010,0.115234375,0.884765625,34,22
011,0.095703125,0.904296875,26,14
