state,p_marked,error,gate_count,depth
000,0.0625,0.9375,33,16
001,0.056640625,0.943359375,31,14
010,0.052734375,0.947265625,31,16
011,0.05859375,0.94140625,29,14
