state,p_marked,error,gate_count,depth
000,0.6015625,0.3984375,42,21
001,0.5546875,0.4453125,38,17
010,0.58203125,0.41796875,38,21
011,0.556640625,0.443359375,34,17
