state,p_marked,error,gate_count,depth
000,0.498046875,0.501953125,33,16
001,0.466796875,0.533203125,31,14
010,0.486328125,0.513671875,31,16
011,0.48828125,0.51171875,29,14
