state,p_marked,error,gate_count,depth
000,0.146484375,0.853515625,51,27
001,0.099609375,0.900390625,41,17
010,0.150390625,0.849609375,41,27
011,0.126953125,0.873046875,31,17
