state,p_marked,error,gate_count,depth
000,0.0,1.0,60,31
001,0.51171875,0.48828125,56,27
010,0.529296875,0.470703125,56,31
011,0.0,1.0,52,27
