state,p_marked,error,gate_count,depth
000,0.05078125,0.94921875,33,17
001,0.056640625,0.943359375,31,15
010,0.041015625,0.958984375,31,17
011,0.0625,0.9375,29,15
