state,p_marked,error,gate_count,depth
000,0.123046875,0.876953125,33,16
001,0.119140625,0.880859375,31,14
010,0.126953125,0.873046875,31,16
011,0.11328125,0.88671875,29,14
