state,p_marked,error,gate_count,depth
000,0.568359375,0.431640625,42,21
001,0.5546875,0.4453125,38,17
010,0.58984375,0.41015625,38,21
011,0.544921875,0.455078125,34,17
