state,p_marked,error,gate_count,depth
000,0.1484375,0.8515625,32,15
001,0.123046875,0.876953125,30,13
010,0.12890625,0.87109375,30,15
011,0.1171875,0.8828125,28,13
