state,p_marked,error,gate_count,depth
000,0.130859375,0.869140625,42,22
001,0.1171875,0.8828125,38,18
010,0.10546875,0.89453125,38,22
011,0.130859375,0.869140625,34,18
