state,p_marked,error,gate_count,depth
000,0.24609375,0.75390625,58,29
001,0.22265625,0.77734375,54,25
010,0.255859375,0.744140625,54,29
011,0.25,0.75,50,25
