state,p_marked,error,gate_count,depth
000,0.541015625,0.458984375,34,17
001,0.57421875,0.42578125,32,15
010,0.544921875,0.455078125,32,17
011,0.5703125,0.4296875,30,15
