state,p_marked,error,gate_count,depth
000,0.056640625,0.943359375,75,46
001,0.083984375,0.916015625,71,42
010,0.041015625,0.958984375,71,46
011,0.283203125,0.716796875,67,42
