state,p_marked,error,gate_count,depth
000,0.115234375,0.884765625,41,20
001,0.115234375,0.884765625,37,16
010,0.146484375,0.853515625,37,20
011,0.158203125,0.841796875,33,16
