state,p_marked,error,gate_count,depth
000,0.025390625,0.974609375,126,68
001,0.033203125,0.966796875,112,54
010,0.18359375,0.81640625,112,68
011,0.03125,0.96875,98,54
