state,p_marked,error,gate_count,depth
000,0.158203125,0.841796875,24,12
001,0.12109375,0.87890625,20,8
010,0.119140625,0.880859375,20,12
011,0.119140625,0.880859375,16,8
