state,p_marked,error,gate_count,depth
000,0.0,1.0,46,30
001,0.126953125,0.873046875,44,28
010,0.0,1.0,44,30
011,0.123046875,0.876953125,42,28
