state,p_marked,error,gate_count,depth
000,0.123046875,0.876953125,24,12
001,0.119140625,0.880859375,20,8
010,0.14453125,0.85546875,20,12
011,0.11328125,0.88671875,16,8
