state,p_marked,error,gate_count,depth
000,0.0,1.0,62,42
001,0.2109375,0.7890625,60,40
010,0.06640625,0.93359375,60,42
011,0.064453125,0.935546875,58,40
