state,p_marked,error,gate_count,depth
000,0.55859375,0.44140625,32,16
001,0.482421875,0.517578125,30,14
010,0.48828125,0.51171875,30,16
011,0.5234375,0.4765625,28,14
