state,p_marked,error,gate_count,depth
000,0.126953125,0.873046875,77,41
001,0.146484375,0.853515625,69,33
010,0.16015625,0.83984375,69,41
011,0.138671875,0.861328125,61,33
