state,p_marked,error,gate_count,depth
000,0.482421875,0.517578125,32,16
001,0.4609375,0.5390625,30,14
010,0.46484375,0.53515625,30,16
011,0.48046875,0.51953125,28,14
