state,p_marked,error,gate_count,depth
000,0.494140625,0.505859375,32,16
001,0.451171875,0.548828125,30,14
010,0.48046875,0.51953125,30,16
011,0.5,0.5,28,14
