state,p_marked,error,gate_count,depth
000,0.064453125,0.935546875,34,18
001,0.0,1.0,32,16
010,0.0,1.0,32,18
011,0.083984375,0.916015625,30,16
