state,p_marked,error,gate_count,depth
000,0.103515625,0.896484375,41,22
001,0.2578125,0.7421875,39,20
010,0.63671875,0.36328125,39,22
011,0.099609375,0.900390625,37,20
