state,p_marked,error,gate_count,depth
000,0.47265625,0.52734375,33,17
001,0.544921875,0.455078125,31,15
010,0.53515625,0.46484375,31,17
011,0.482421875,0.517578125,29,15
