state,p_marked,error,gate_count,depth
000,0.05859375,0.94140625,34,17
001,0.068359375,0.931640625,32,15
010,0.052734375,0.947265625,32,17
011,0.056640625,0.943359375,30,15
