state,p_marked,error,gate_count,depth
000,0.130859375,0.869140625,33,17
001,0.14453125,0.85546875,27,11
010,0.142578125,0.857421875,27,17
011,0.095703125,0.904296875,21,11
