state,p_marked,error,gate_count,depth
000,0.208984375,0.791015625,56,30
001,0.06640625,0.93359375,50,24
010,0.2109375,0.7890625,50,30
011,0.046875,0.953125,44,24
