state,p_marked,error,gate_count,depth
000,0.11328125,0.88671875,42,22
001,0.150390625,0.849609375,34,14
010,0.138671875,0.861328125,34,22
011,0.111328125,0.888671875,26,14
