state,p_marked,error,gate_count,depth
000,0.140625,0.859375,59,31
001,0.125,0.875,51,23
010,0.125,0.875,51,31
011,0.10546875,0.89453125,43,23
