state,p_marked,error,gate_count,depth
000,0.50390625,0.49609375,33,16
001,0.513671875,0.486328125,31,14
010,0.494140625,0.505859375,31,16
011,0.5078125,0.4921875,29,14
