state,p_marked,error,gate_count,depth
000,0.12890625,0.87109375,49,24
001,0.126953125,0.873046875,47,22
010,0.09765625,0.90234375,47,24
011,0.126953125,0.873046875,45,22
