state,p_marked,error,gate_count,depth
000,0.53515625,0.46484375,42,21
001,0.55859375,0.44140625,38,17
010,0.576171875,0.423828125,38,21
011,0.564453125,0.435546875,34,17
