state,p_marked,error,gate_count,depth
000,0.119140625,0.880859375,60,32
001,0.1015625,0.8984375,48,20
010,0.138671875,0.861328125,48,32
011,0.09375,0.90625,36,20
