state,p_marked,error,gate_count,depth
000,0.54296875,0.45703125,66,33
001,0.583984375,0.416015625,64,31
010,0.556640625,0.443359375,64,33
011,0.5703125,0.4296875,62,31
