state,p_marked,error,gate_count,depth
000,0.578125,0.421875,33,16
001,0.576171875,0.423828125,31,14
010,0.533203125,0.466796875,31,16
011,0.51953125,0.48046875,29,14
