state,p_marked,error,gate_count,depth
000,0.037109375,0.962890625,34,17
001,0.06640625,0.93359375,32,15
010,0.05859375,0.94140625,32,17
011,0.0859375,0.9140625,30,15
