state,p_marked,error,gate_count,depth
000,0.1328125,0.8671875,41,21
001,0.123046875,0.876953125,37,17
010,0.119140625,0.880859375,37,21
011,0.140625,0.859375,33,17
