state,p_marked,error,gate_count,depth
000,0.125,0.875,32,15
001,0.095703125,0.904296875,30,13
010,0.09765625,0.90234375,30,15
011,0.126953125,0.873046875,28,13
