state,p_marked,error,gate_count,depth
000,0.5625,0.4375,51,26
001,0.529296875,0.470703125,45,20
010,0.53125,0.46875,45,26
011,0.533203125,0.466796875,39,20
