state,p_marked,error,gate_count,depth
000,0.23828125,0.76171875,33,17
001,0.25390625,0.74609375,31,15
010,0.29296875,0.70703125,31,17
011,0.244140625,0.755859375,29,15
