state,p_marked,error,gate_count,depth
000,0.580078125,0.419921875,33,16
001,0.552734375,0.447265625,31,14
010,0.564453125,0.435546875,31,16
011,0.63671875,0.36328125,29,14
