state,p_marked,error,gate_count,depth
000,0.12890625,0.87109375,42,21
001,0.134765625,0.865234375,38,17
010,0.146484375,0.853515625,38,21
011,0.134765625,0.865234375,34,17
