state,p_marked,error,gate_count,depth
000,0.126953125,0.873046875,33,16
001,0.1171875,0.8828125,31,14
010,0.162109375,0.837890625,31,16
011,0.15625,0.84375,29,14
