state,p_marked,error,gate_count,depth
000,0.11328125,0.88671875,32,15
001,0.107421875,0.892578125,30,13
010,0.111328125,0.888671875,30,15
011,0.158203125,0.841796875,28,13
