state,p_marked,error,gate_count,depth
000,0.1171875,0.8828125,32,15
001,0.119140625,0.880859375,30,13
010,0.13671875,0.86328125,30,15
011,0.150390625,0.849609375,28,13
