state,p_marked,error,gate_count,depth
000,0.28125,0.71875,175,93
001,0.109375,0.890625,165,83
010,0.0859375,0.9140625,165,93
011,0.28125,0.71875,155,83
