state,p_marked,error,gate_count,depth
000,0.4921875,0.5078125,32,16
001,0.513671875,0.486328125,30,14
010,0.486328125,0.513671875,30,16
011,0.48046875,0.51953125,28,14
