state,p_marked,error,gate_count,depth
000,0.13671875,0.86328125,33,17
001,0.103515625,0.896484375,27,11
010,0.138671875,0.861328125,27,17
011,0.13671875,0.86328125,21,11
