state,p_marked,error,gate_count,depth
000,0.099609375,0.900390625,15,7
001,0.130859375,0.869140625,13,5
010,0.1484375,0.8515625,13,7
011,0.13671875,0.86328125,11,5
