state,p_marked,error,gate_count,depth
000,0.130859375,0.869140625,24,11
001,0.1171875,0.8828125,24,11
010,0.140625,0.859375,24,11
011,0.14453125,0.85546875,24,11
