state,p_marked,error,gate_count,depth
000,0.076171875,0.923828125,85,54
001,0.234375,0.765625,81,50
010,0.00390625,0.99609375,81,54
011,0.0,1.0,77,50
