state,p_marked,error,gate_count,depth
000,0.02734375,0.97265625,49,25
001,0.0390625,0.9609375,47,23
010,0.025390625,0.974609375,47,25
011,0.041015625,0.958984375,45,23
