state,p_marked,error,gate_count,depth
000,0.095703125,0.904296875,24,12
001,0.126953125,0.873046875,20,8
010,0.130859375,0.869140625,20,12
011,0.10546875,0.89453125,16,8
