state,p_marked,error,gate_count,depth
000,0.07421875,0.92578125,37,20
001,0.0,1.0,35,18
010,0.0,1.0,35,20
011,0.0703125,0.9296875,33,18
