state,p_marked,error,gate_count,depth
000,0.10546875,0.89453125,15,7
001,0.14453125,0.85546875,13,5
010,0.11328125,0.88671875,13,7
011,0.095703125,0.904296875,11,5
