state,p_marked,error,gate_count,depth
000,0.13671875,0.86328125,24,12
001,0.1484375,0.8515625,20,8
010,0.09765625,0.90234375,20,12
011,0.12109375,0.87890625,16,8
