state,p_marked,error,gate_count,depth
000,0.052734375,0.947265625,32,15
001,0.06640625,0.93359375,30,13
010,0.05078125,0.94921875,30,15
011,0.080078125,0.919921875,28,13
