state,p_marked,error,gate_count,depth
000,0.595703125,0.404296875,42,21
001,0.546875,0.453125,38,17
010,0.544921875,0.455078125,38,21
011,0.533203125,0.466796875,34,17
