state,p_marked,error,gate_count,depth
000,0.115234375,0.884765625,32,16
001,0.115234375,0.884765625,30,14
010,0.126953125,0.873046875,30,16
011,0.095703125,0.904296875,28,14
