state,p_marked,error,gate_count,depth
000,0.10546875,0.89453125,41,21
001,0.142578125,0.857421875,37,17
010,0.13671875,0.86328125,37,21
011,0.12890625,0.87109375,33,17
