state,p_marked,error,gate_count,depth
000,0.02734375,0.97265625,32,16
001,0.01171875,0.98828125,30,14
010,0.013671875,0.986328125,30,16
011,0.01953125,0.98046875,28,14
