state,p_marked,error,gate_count,depth
000,0.048828125,0.951171875,32,15
001,0.048828125,0.951171875,30,13
010,0.044921875,0.955078125,30,15
011,0.052734375,0.947265625,28,13
