state,p_marked,error,gate_count,depth
000,0.501953125,0.498046875,32,16
001,0.478515625,0.521484375,30,14
010,0.5078125,0.4921875,30,16
011,0.5078125,0.4921875,28,14
