state,p_marked,error,gate_count,depth
000,0.146484375,0.853515625,129,70
001,0.42578125,0.57421875,117,59
010,0.037109375,0.962890625,117,70
011,0.03515625,0.96484375,105,58
