state,p_marked,error,gate_count,depth
000,0.388671875,0.611328125,60,34
001,0.083984375,0.916015625,58,32
010,0.1953125,0.8046875,58,34
011,0.00390625,0.99609375,56,32
