state,p_marked,error,gate_count,depth
000,0.501953125,0.498046875,32,16
001,0.482421875,0.517578125,30,14
010,0.5390625,0.4609375,30,16
011,0.52734375,0.47265625,28,14
