state,p_marked,error,gate_count,depth
000,0.216796875,0.783203125,33,17
001,0.2734375,0.7265625,31,15
010,0.240234375,0.759765625,31,17
011,0.2421875,0.7578125,29,15
