state,p_marked,error,gate_count,depth
000,0.12109375,0.87890625,49,24
001,0.126953125,0.873046875,47,22
010,0.126953125,0.873046875,47,24
011,0.087890625,0.912109375,45,22
