state,p_marked,error,gate_count,depth
000,0.486328125,0.513671875,42,22
001,0.501953125,0.498046875,38,18
010,0.53125,0.46875,38,22
011,0.4765625,0.5234375,34,18
