state,p_marked,error,gate_count,depth
000,0.123046875,0.876953125,60,30
001,0.12109375,0.87890625,52,22
010,0.111328125,0.888671875,52,30
011,0.11328125,0.88671875,44,22
