state,p_marked,error,gate_count,depth
000,0.6484375,0.3515625,114,68
001,0.01953125,0.98046875,108,63
010,0.09765625,0.90234375,108,67
011,0.005859375,0.994140625,102,62
