state,p_marked,error,gate_count,depth
000,0.28125,0.71875,41,20
001,0.28125,0.71875,41,20
010,0.25390625,0.74609375,41,20
011,0.240234375,0.759765625,41,20
