state,p_marked,error,gate_count,depth
000,0.306640625,0.693359375,115,73
001,0.07421875,0.92578125,113,71
010,0.1953125,0.8046875,113,73
011,0.046875,0.953125,111,71
