state,p_marked,error,gate_count,depth
000,0.5078125,0.4921875,33,17
001,0.515625,0.484375,31,15
010,0.482421875,0.517578125,31,17
011,0.4921875,0.5078125,29,15
