state,p_marked,error,gate_count,depth
000,0.55859375,0.44140625,42,21
001,0.56640625,0.43359375,38,17
010,0.552734375,0.447265625,38,21
011,0.568359375,0.431640625,34,17
