state,p_marked,error,gate_count,depth
000,0.10546875,0.89453125,42,22
001,0.150390625,0.849609375,34,14
010,0.130859375,0.869140625,34,22
011,0.107421875,0.892578125,26,14
