state,p_marked,error,gate_count,depth
000,0.25390625,0.74609375,74,46
001,0.224609375,0.775390625,72,44
010,0.0,1.0,72,46
011,0.0,1.0,70,44
