state,p_marked,error,gate_count,depth
000,0.068359375,0.931640625,35,18
001,0.068359375,0.931640625,35,18
010,0.171875,0.828125,35,18
011,0.185546875,0.814453125,35,18
