state,p_marked,error,gate_count,depth
000,0.123046875,0.876953125,41,20
001,0.146484375,0.853515625,41,20
010,0.1171875,0.8828125,41,20
011,0.119140625,0.880859375,41,20
