state,p_marked,error,gate_count,depth
000,0.10546875,0.89453125,24,12
001,0.099609375,0.900390625,20,8
010,0.15234375,0.84765625,20,12
011,0.130859375,0.869140625,16,8
