state,p_marked,error,gate_count,depth
000,0.109375,0.890625,46,24
001,0.10546875,0.89453125,42,20
010,0.1640625,0.8359375,42,24
011,0.123046875,0.876953125,38,20
