state,p_marked,error,gate_count,depth
000,0.025390625,0.974609375,50,25
001,0.025390625,0.974609375,48,23
010,0.0234375,0.9765625,48,25
011,0.037109375,0.962890625,46,23
