state,p_marked,error,gate_count,depth
000,0.455078125,0.544921875,41,21
001,0.513671875,0.486328125,37,17
010,0.515625,0.484375,37,21
011,0.548828125,0.451171875,33,17
