state,p_marked,error,gate_count,depth
000,0.14453125,0.85546875,38,19
001,0.138671875,0.861328125,36,17
010,0.134765625,0.865234375,36,19
011,0.12890625,0.87109375,34,17
