state,p_marked,error,gate_count,depth
000,0.142578125,0.857421875,32,16
001,0.10546875,0.89453125,30,14
010,0.138671875,0.861328125,30,16
011,0.111328125,0.888671875,28,14
