state,p_marked,error,gate_count,depth
000,0.130859375,0.869140625,96,52
001,0.12890625,0.87109375,84,40
010,0.119140625,0.880859375,84,52
011,0.130859375,0.869140625,72,40
