state,p_marked,error,gate_count,depth
000,0.109375,0.890625,33,17
001,0.16015625,0.83984375,27,11
010,0.1171875,0.8828125,27,17
011,0.103515625,0.896484375,21,11
