state,p_marked,error,gate_count,depth
000,0.111328125,0.888671875,24,12
001,0.12109375,0.87890625,20,8
010,0.158203125,0.841796875,20,12
011,0.140625,0.859375,16,8
