state,p_marked,error,gate_count,depth
000,0.056640625,0.943359375,33,16
001,0.07421875,0.92578125,31,14
010,0.0859375,0.9140625,31,16
011,0.04296875,0.95703125,29,14
