state,p_marked,error,gate_count,depth
000,0.126953125,0.873046875,54,28
001,0.1171875,0.8828125,52,26
010,0.134765625,0.865234375,52,28
011,0.12890625,0.87109375,50,26
