state,p_marked,error,gate_count,depth
000,0.05859375,0.94140625,41,20
001,0.05078125,0.94921875,37,16
010,0.0703125,0.9296875,37,20
011,0.05078125,0.94921875,33,16
