state,p_marked,error,gate_count,depth
000,0.546875,0.453125,42,21
001,0.56640625,0.43359375,38,17
010,0.572265625,0.427734375,38,21
011,0.55859375,0.44140625,34,17
