state,p_marked,error,gate_count,depth
000,0.2734375,0.7265625,67,35
001,0.271484375,0.728515625,61,29
010,0.27734375,0.72265625,61,35
011,0.25,0.75,55,29
