state,p_marked,error,gate_count,depth
000,0.12109375,0.87890625,15,7
001,0.1640625,0.8359375,13,5
010,0.11328125,0.88671875,13,7
011,0.134765625,0.865234375,11,5
