state,p_marked,error,gate_count,depth
000,0.484375,0.515625,33,17
001,0.498046875,0.501953125,31,15
010,0.49609375,0.50390625,31,17
011,0.509765625,0.490234375,29,15
