state,p_marked,error,gate_count,depth
000,0.564453125,0.435546875,42,21
001,0.5625,0.4375,38,17
010,0.5859375,0.4140625,38,21
011,0.560546875,0.439453125,34,17
