state,p_marked,error,gate_count,depth
000,0.236328125,0.763671875,41,20
001,0.2890625,0.7109375,41,20
010,0.234375,0.765625,41,20
011,0.220703125,0.779296875,41,20
