state,p_marked,error,gate_count,depth
000,0.45703125,0.54296875,33,17
001,0.470703125,0.529296875,31,15
010,0.509765625,0.490234375,31,17
011,0.5078125,0.4921875,29,15
