state,p_marked,error,gate_count,depth
000,0.107421875,0.892578125,59,30
001,0.1328125,0.8671875,55,26
010,0.119140625,0.880859375,55,30
011,0.125,0.875,51,26
