state,p_marked,error,gate_count,depth
000,0.466796875,0.533203125,32,16
001,0.494140625,0.505859375,30,14
010,0.453125,0.546875,30,16
011,0.458984375,0.541015625,28,14
