state,p_marked,error,gate_count,depth
000,0.111328125,0.888671875,41,20
001,0.12109375,0.87890625,37,16
010,0.13671875,0.86328125,37,20
011,0.123046875,0.876953125,33,16
