state,p_marked,error,gate_count,depth
000,0.51953125,0.48046875,32,16
001,0.50390625,0.49609375,30,14
010,0.490234375,0.509765625,30,16
011,0.451171875,0.548828125,28,14
