state,p_marked,error,gate_count,depth
000,0.140625,0.859375,38,21
001,0.103515625,0.896484375,36,19
010,0.11328125,0.88671875,36,21
011,0.134765625,0.865234375,34,19
