state,p_marked,error,gate_count,depth
000,0.52734375,0.47265625,32,16
001,0.509765625,0.490234375,30,14
010,0.46484375,0.53515625,30,16
011,0.5390625,0.4609375,28,14
