state,p_marked,error,gate_count,depth
000,0.265625,0.734375,47,24
001,0.123046875,0.876953125,43,20
010,0.251953125,0.748046875,43,24
011,0.123046875,0.876953125,39,20
