state,p_marked,error,gate_count,depth
000,0.1484375,0.8515625,15,7
001,0.154296875,0.845703125,13,5
010,0.130859375,0.869140625,13,7
011,0.109375,0.890625,11,5
