state,p_marked,error,gate_count,depth
000,0.115234375,0.884765625,50,25
001,0.15234375,0.84765625,48,23
010,0.130859375,0.869140625,48,25
011,0.123046875,0.876953125,46,23
