state,p_marked,error,gate_count,depth
000,0.546875,0.453125,33,16
001,0.6015625,0.3984375,31,14
010,0.587890625,0.412109375,31,16
011,0.546875,0.453125,29,14
