state,p_marked,error,gate_count,depth
000,0.123046875,0.876953125,42,20
001,0.154296875,0.845703125,42,20
010,0.125,0.875,42,20
011,0.14453125,0.85546875,42,20
