state,p_marked,error,gate_count,depth
000,0.08984375,0.91015625,33,17
001,0.140625,0.859375,27,11
010,0.1171875,0.8828125,27,17
011,0.1171875,0.8828125,21,11
