state,p_marked,error,gate_count,depth
000,0.16796875,0.83203125,77,40
001,0.3984375,0.6015625,73,36
010,0.154296875,0.845703125,73,40
011,0.01953125,0.98046875,69,36
