state,p_marked,error,gate_count,depth
000,0.142578125,0.857421875,60,32
001,0.130859375,0.869140625,48,20
010,0.125,0.875,48,32
011,0.10546875,0.89453125,36,20
