state,p_marked,error,gate_count,depth
000,0.494140625,0.505859375,33,17
001,0.494140625,0.505859375,31,15
010,0.517578125,0.482421875,31,17
011,0.54296875,0.45703125,29,15
