state,p_marked,error,gate_count,depth
000,0.150390625,0.849609375,33,17
001,0.13671875,0.86328125,31,15
010,0.140625,0.859375,31,17
011,0.154296875,0.845703125,29,15
