state,p_marked,error,gate_count,depth
000,0.125,0.875,33,17
001,0.1875,0.8125,27,11
010,0.125,0.875,27,17
011,0.130859375,0.869140625,21,11
