state,p_marked,error,gate_count,depth
000,0.48828125,0.51171875,33,17
001,0.48046875,0.51953125,31,15
010,0.50390625,0.49609375,31,17
011,0.1484375,0.8515625,29,15
