state,p_marked,error,gate_count,depth
000,0.5390625,0.4609375,41,21
001,0.47265625,0.52734375,37,17
010,0.47265625,0.52734375,37,21
011,0.4765625,0.5234375,33,17
