state,p_marked,error,gate_count,depth
000,0.10546875,0.89453125,109,67
001,0.05078125,0.94921875,105,63
010,0.34375,0.65625,105,67
011,0.064453125,0.935546875,101,63
