state,p_marked,error,gate_count,depth
000,0.54296875,0.45703125,33,16
001,0.517578125,0.482421875,31,14
010,0.6171875,0.3828125,31,16
011,0.5859375,0.4140625,29,14
