state,p_marked,error,gate_count,depth
000,0.12109375,0.87890625,40,19
001,0.115234375,0.884765625,40,19
010,0.1171875,0.8828125,40,19
011,0.115234375,0.884765625,40,19
