state,p_marked,error,gate_count,depth
000,0.451171875,0.548828125,33,17
001,0.494140625,0.505859375,31,15
010,0.4453125,0.5546875,31,17
011,0.4609375,0.5390625,29,15
