state,p_marked,error,gate_count,depth
000,0.01171875,0.98828125,38,19
001,0.0234375,0.9765625,36,17
010,0.0,1.0,36,19
011,0.0,1.0,34,17
