state,p_marked,error,gate_count,depth
000,0.447265625,0.552734375,34,17
001,0.5,0.5,32,15
010,0.5078125,0.4921875,32,17
011,0.49609375,0.50390625,30,15
