state,p_marked,error,gate_count,depth
000,0.119140625,0.880859375,24,12
001,0.1328125,0.8671875,20,8
010,0.125,0.875,20,12
011,0.10546875,0.89453125,16,8
