state,p_marked,error,gate_count,depth
000,0.49609375,0.50390625,33,17
001,0.525390625,0.474609375,31,15
010,0.544921875,0.455078125,31,17
011,0.494140625,0.505859375,29,15
