state,p_marked,error,gate_count,depth
000,0.53125,0.46875,33,16
001,0.4765625,0.5234375,31,14
010,0.494140625,0.505859375,31,16
011,0.54296875,0.45703125,29,14
