state,p_marked,error,gate_count,depth
000,0.0,1.0,43,24
001,0.140625,0.859375,41,22
010,0.140625,0.859375,41,24
011,0.0,1.0,39,22
