state,p_marked,error,gate_count,depth
000,0.052734375,0.947265625,42,21
001,0.044921875,0.955078125,38,18
010,0.078125,0.921875,38,21
011,0.060546875,0.939453125,34,18
