state,p_marked,error,gate_count,depth
000,0.12109375,0.87890625,24,11
001,0.130859375,0.869140625,24,11
010,0.10546875,0.89453125,24,11
011,0.138671875,0.861328125,24,11
