state,p_marked,error,gate_count,depth
000,0.13671875,0.86328125,107,67
001,0.126953125,0.873046875,103,63
010,0.005859375,0.994140625,103,67
011,0.05078125,0.94921875,99,63
