state,p_marked,error,gate_count,depth
000,0.28125,0.71875,33,17
001,0.25,0.75,31,15
010,0.255859375,0.744140625,31,17
011,0.23046875,0.76953125,29,15
