state,p_marked,error,gate_count,depth
000,0.14453125,0.85546875,34,17
001,0.125,0.875,32,15
010,0.1328125,0.8671875,32,17
011,0.12109375,0.87890625,30,15
