state,p_marked,error,gate_count,depth
000,0.556640625,0.443359375,33,16
001,0.537109375,0.462890625,31,14
010,0.619140625,0.380859375,31,16
011,0.54296875,0.45703125,29,14
