state,p_marked,error,gate_count,depth
000,0.49609375,0.50390625,32,16
001,0.494140625,0.505859375,30,14
010,0.529296875,0.470703125,30,16
011,0.5,0.5,28,14
