state,p_marked,error,gate_count,depth
000,0.0859375,0.9140625,41,21
001,0.11328125,0.88671875,37,17
010,0.107421875,0.892578125,37,21
011,0.13671875,0.86328125,33,17
