state,p_marked,error,gate_count,depth
000,0.115234375,0.884765625,46,24
001,0.10546875,0.89453125,42,20
010,0.15234375,0.84765625,42,24
011,0.130859375,0.869140625,38,20
