state,p_marked,error,gate_count,depth
000,0.466796875,0.533203125,51,26
001,0.505859375,0.494140625,45,20
010,0.501953125,0.498046875,45,26
011,0.48046875,0.51953125,39,20
