state,p_marked,error,gate_count,depth
000,0.119140625,0.880859375,15,7
001,0.099609375,0.900390625,13,5
010,0.083984375,0.916015625,13,7
011,0.15625,0.84375,11,5
