state,p_marked,error,gate_count,depth
000,0.048828125,0.951171875,100,50
001,0.09765625,0.90234375,96,47
010,0.021484375,0.978515625,96,50
011,0.30859375,0.69140625,92,47
