state,p_marked,error,gate_count,depth
000,0.50390625,0.49609375,33,16
001,0.552734375,0.447265625,31,14
010,0.47265625,0.52734375,31,16
011,0.486328125,0.513671875,29,14
