state,p_marked,error,gate_count,depth
000,0.1015625,0.8984375,23,10
001,0.16015625,0.83984375,23,10
010,0.126953125,0.873046875,23,10
011,0.1015625,0.8984375,23,10
