state,p_marked,error,gate_count,depth
000,0.126953125,0.873046875,42,22
001,0.123046875,0.876953125,34,14
010,0.109375,0.890625,34,22
011,0.119140625,0.880859375,26,14
