state,p_marked,error,gate_count,depth
000,0.51171875,0.48828125,42,22
001,0.490234375,0.509765625,38,18
010,0.4765625,0.5234375,38,22
011,0.51171875,0.48828125,34,18
