state,p_marked,error,gate_count,depth
000,0.1328125,0.8671875,46,25
001,0.1328125,0.8671875,42,21
010,0.134765625,0.865234375,42,25
011,0.138671875,0.861328125,38,21
