state,p_marked,error,gate_count,depth
000,0.60546875,0.39453125,42,21
001,0.5703125,0.4296875,38,17
010,0.572265625,0.427734375,38,21
011,0.556640625,0.443359375,34,17
