state,p_marked,error,gate_count,depth
000,0.140625,0.859375,34,17
001,0.111328125,0.888671875,32,15
010,0.1484375,0.8515625,32,17
011,0.1015625,0.8984375,30,15
