state,p_marked,error,gate_count,depth
000,0.580078125,0.419921875,42,21
001,0.55859375,0.44140625,38,17
010,0.517578125,0.482421875,38,21
011,0.568359375,0.431640625,34,17
