state,p_marked,error,gate_count,depth
000,0.154296875,0.845703125,33,17
001,0.140625,0.859375,27,11
010,0.099609375,0.900390625,27,17
011,0.146484375,0.853515625,21,11
