state,p_marked,error,gate_count,depth
000,0.197265625,0.802734375,108,58
001,0.04296875,0.95703125,94,44
010,0.212890625,0.787109375,94,58
011,0.03515625,0.96484375,80,44
