state,p_marked,error,gate_count,depth
000,0.537109375,0.462890625,41,21
001,0.470703125,0.529296875,37,17
010,0.458984375,0.541015625,37,21
011,0.474609375,0.525390625,33,17
