state,p_marked,error,gate_count,depth
000,0.12109375,0.87890625,51,27
001,0.130859375,0.869140625,41,17
010,0.1328125,0.8671875,41,27
011,0.138671875,0.861328125,31,17
