state,p_marked,error,gate_count,depth
000,0.474609375,0.525390625,32,16
001,0.484375,0.515625,30,14
010,0.546875,0.453125,30,16
011,0.50390625,0.49609375,28,14
