state,p_marked,error,gate_count,depth
000,0.45703125,0.54296875,32,16
001,0.544921875,0.455078125,30,14
010,0.53125,0.46875,30,16
011,0.5,0.5,28,14
