state,p_marked,error,gate_count,depth
000,0.140625,0.859375,35,18
001,0.498046875,0.501953125,33,16
010,0.134765625,0.865234375,33,18
011,0.4765625,0.5234375,31,16
