state,p_marked,error,gate_count,depth
000,0.09765625,0.90234375,24,10
001,0.140625,0.859375,24,10
010,0.107421875,0.892578125,24,10
011,0.12890625,0.87109375,24,10
