state,p_marked,error,gate_count,depth
000,0.111328125,0.888671875,51,26
001,0.111328125,0.888671875,45,20
010,0.12890625,0.87109375,45,26
011,0.130859375,0.869140625,39,20
