state,p_marked,error,gate_count,depth
000,0.109375,0.890625,24,12
001,0.13671875,0.86328125,20,8
010,0.107421875,0.892578125,20,12
011,0.111328125,0.888671875,16,8
