state,p_marked,error,gate_count,depth
000,0.01171875,0.98828125,56,31
001,0.029296875,0.970703125,56,31
010,0.0078125,0.9921875,56,31
011,0.5703125,0.4296875,56,31
