state,p_marked,error,gate_count,depth
000,0.125,0.875,116,61
001,0.103515625,0.896484375,104,50
010,0.134765625,0.865234375,104,61
011,0.11328125,0.88671875,92,49
