state,p_marked,error,gate_count,depth
000,0.134765625,0.865234375,41,21
001,0.140625,0.859375,37,17
010,0.12109375,0.87890625,37,21
011,0.1171875,0.8828125,33,17
