state,p_marked,error,gate_count,depth
000,0.529296875,0.470703125,33,16
001,0.5703125,0.4296875,31,14
010,0.53515625,0.46484375,31,16
011,0.537109375,0.462890625,29,14
