state,p_marked,error,gate_count,depth
000,0.197265625,0.802734375,31,17
001,0.197265625,0.802734375,31,17
010,0.34765625,0.65234375,31,17
011,0.287109375,0.712890625,31,17
