state,p_marked,error,gate_count,depth
000,0.49609375,0.50390625,33,17
001,0.46875,0.53125,31,15
010,0.533203125,0.466796875,31,17
011,0.11328125,0.88671875,29,15
