state,p_marked,error,gate_count,depth
000,0.146484375,0.853515625,58,30
001,0.115234375,0.884765625,54,26
010,0.13671875,0.86328125,54,30
011,0.083984375,0.916015625,50,26
