state,p_marked,error,gate_count,depth
000,0.041015625,0.958984375,87,45
001,0.029296875,0.970703125,85,43
010,0.048828125,0.951171875,85,45
011,0.279296875,0.720703125,83,43
