state,p_marked,error,gate_count,depth
000,0.125,0.875,33,17
001,0.111328125,0.888671875,27,11
010,0.158203125,0.841796875,27,17
011,0.12890625,0.87109375,21,11
