state,p_marked,error,gate_count,depth
000,0.2265625,0.7734375,118,79
001,0.05859375,0.94140625,116,77
010,0.05078125,0.94921875,116,79
011,0.046875,0.953125,114,77
