state,p_marked,error,gate_count,depth
000,0.12890625,0.87109375,41,20
001,0.123046875,0.876953125,37,16
010,0.142578125,0.857421875,37,20
011,0.1015625,0.8984375,33,16
