state,p_marked,error,gate_count,depth
000,0.12890625,0.87109375,41,20
001,0.12109375,0.87890625,41,20
010,0.1171875,0.8828125,41,20
011,0.14453125,0.85546875,41,20
