state,p_marked,error,gate_count,depth
000,0.1171875,0.8828125,51,27
001,0.123046875,0.876953125,41,17
010,0.1484375,0.8515625,41,27
011,0.087890625,0.912109375,31,17
