state,p_marked,error,gate_count,depth
000,0.513671875,0.486328125,42,21
001,0.505859375,0.494140625,38,17
010,0.453125,0.546875,38,21
011,0.494140625,0.505859375,34,17
