state,p_marked,error,gate_count,depth
000,0.251953125,0.748046875,42,22
001,0.23046875,0.76953125,38,18
010,0.25390625,0.74609375,38,22
011,0.251953125,0.748046875,34,18
