state,p_marked,error,gate_count,depth
000,0.5234375,0.4765625,33,17
001,0.494140625,0.505859375,31,15
010,0.470703125,0.529296875,31,17
011,0.490234375,0.509765625,29,15
