state,p_marked,error,gate_count,depth
000,0.53125,0.46875,32,16
001,0.470703125,0.529296875,30,14
010,0.46484375,0.53515625,30,16
011,0.5078125,0.4921875,28,14
