state,p_marked,error,gate_count,depth
000,0.490234375,0.509765625,33,16
001,0.46875,0.53125,31,14
010,0.525390625,0.474609375,31,16
011,0.49609375,0.50390625,29,14
