state,p_marked,error,gate_count,depth
000,0.51953125,0.48046875,42,21
001,0.51953125,0.48046875,38,17
010,0.470703125,0.529296875,38,21
011,0.486328125,0.513671875,34,17
