state,p_marked,error,gate_count,depth
000,0.095703125,0.904296875,41,20
001,0.123046875,0.876953125,41,20
010,0.1328125,0.8671875,41,20
011,0.134765625,0.865234375,41,20
