state,p_marked,error,gate_count,depth
000,0.111328125,0.888671875,61,41
001,0.353515625,0.646484375,59,39
010,0.51171875,0.48828125,59,41
011,0.064453125,0.935546875,57,39
