state,p_marked,error,gate_count,depth
000,0.453125,0.546875,33,16
001,0.515625,0.484375,31,14
010,0.51171875,0.48828125,31,16
011,0.4765625,0.5234375,29,14
