state,p_marked,error,gate_count,depth
000,0.125,0.875,33,17
001,0.15234375,0.84765625,27,11
010,0.150390625,0.849609375,27,17
011,0.107421875,0.892578125,21,11
