state,p_marked,error,gate_count,depth
000,0.2109375,0.7890625,78,37
001,0.2109375,0.7890625,74,34
010,0.009765625,0.990234375,74,37
011,0.009765625,0.990234375,70,34
