state,p_marked,error,gate_count,depth
000,0.087890625,0.912109375,46,28
001,0.56640625,0.43359375,44,26
010,0.0625,0.9375,44,28
011,0.068359375,0.931640625,42,26
