state,p_marked,error,gate_count,depth
000,0.466796875,0.533203125,32,16
001,0.525390625,0.474609375,30,14
010,0.47265625,0.52734375,30,16
011,0.501953125,0.498046875,28,14
