state,p_marked,error,gate_count,depth
000,0.462890625,0.537109375,41,21
001,0.546875,0.453125,37,17
010,0.51171875,0.48828125,37,21
011,0.4296875,0.5703125,33,17
