state,p_marked,error,gate_count,depth
000,0.150390625,0.849609375,33,15
001,0.1328125,0.8671875,31,13
010,0.115234375,0.884765625,31,15
011,0.126953125,0.873046875,29,13
