state,p_marked,error,gate_count,depth
000,0.0,1.0,37,20
001,0.1484375,0.8515625,35,18
010,0.0,1.0,35,20
011,0.130859375,0.869140625,33,18
