state,p_marked,error,gate_count,depth
000,0.142578125,0.857421875,58,30
001,0.134765625,0.865234375,54,26
010,0.142578125,0.857421875,54,30
011,0.14453125,0.85546875,50,26
