state,p_marked,error,gate_count,depth
000,0.59765625,0.40234375,34,17
001,0.5859375,0.4140625,32,15
010,0.517578125,0.482421875,32,17
011,0.57421875,0.42578125,30,15
