state,p_marked,error,gate_count,depth
000,0.140625,0.859375,60,32
001,0.111328125,0.888671875,48,20
010,0.126953125,0.873046875,48,32
011,0.111328125,0.888671875,36,20
