state,p_marked,error,gate_count,depth
000,0.5234375,0.4765625,33,16
001,0.580078125,0.419921875,31,14
010,0.603515625,0.396484375,31,16
011,0.552734375,0.447265625,29,14
