state,p_marked,error,gate_count,depth
000,0.123046875,0.876953125,42,22
001,0.1640625,0.8359375,34,14
010,0.126953125,0.873046875,34,22
011,0.12890625,0.87109375,26,14
