state,p_marked,error,gate_count,depth
000,0.232421875,0.767578125,37,20
001,0.0,1.0,37,20
010,0.1171875,0.8828125,37,20
011,0.119140625,0.880859375,37,20
