state,p_marked,error,gate_count,depth
000,0.134765625,0.865234375,33,15
001,0.138671875,0.861328125,31,13
010,0.1328125,0.8671875,31,15
011,0.103515625,0.896484375,29,13
