state,p_marked,error,gate_count,depth
000,0.525390625,0.474609375,42,21
001,0.56640625,0.43359375,38,17
010,0.533203125,0.466796875,38,21
011,0.580078125,0.419921875,34,17
