state,p_marked,error,gate_count,depth
000,0.544921875,0.455078125,32,16
001,0.533203125,0.466796875,30,14
010,0.439453125,0.560546875,30,16
011,0.50390625,0.49609375,28,14
