state,p_marked,error,gate_count,depth
000,0.126953125,0.873046875,55,28
001,0.076171875,0.923828125,53,26
010,0.123046875,0.876953125,53,28
011,0.115234375,0.884765625,51,26
