state,p_marked,error,gate_count,depth
000,0.462890625,0.537109375,41,21
001,0.4765625,0.5234375,37,17
010,0.509765625,0.490234375,37,21
011,0.486328125,0.513671875,33,17
