state,p_marked,error,gate_count,depth
000,0.517578125,0.482421875,33,17
001,0.537109375,0.462890625,31,15
010,0.4765625,0.5234375,31,17
011,0.546875,0.453125,29,15
