state,p_marked,error,gate_count,depth
000,0.505859375,0.494140625,32,16
001,0.498046875,0.501953125,30,14
010,0.4765625,0.5234375,30,16
011,0.50390625,0.49609375,28,14
