state,p_marked,error,gate_count,depth
000,0.125,0.875,40,20
001,0.08984375,0.91015625,40,20
010,0.109375,0.890625,40,20
011,0.111328125,0.888671875,40,20
