state,p_marked,error,gate_count,depth
000,0.505859375,0.494140625,33,17
001,0.494140625,0.505859375,31,15
010,0.49609375,0.50390625,31,17
011,0.099609375,0.900390625,29,15
