state,p_marked,error,gate_count,depth
000,0.228515625,0.771484375,38,19
001,0.142578125,0.857421875,36,17
010,0.25390625,0.74609375,36,19
011,0.111328125,0.888671875,34,17
