state,p_marked,error,gate_count,depth
000,0.52734375,0.47265625,33,16
001,0.4765625,0.5234375,31,14
010,0.513671875,0.486328125,31,16
011,0.4921875,0.5078125,29,14
