state,p_marked,error,gate_count,depth
000,0.146484375,0.853515625,34,17
001,0.1171875,0.8828125,32,15
010,0.103515625,0.896484375,32,17
011,0.140625,0.859375,30,15
