state,p_marked,error,gate_count,depth
000,0.142578125,0.857421875,15,7
001,0.130859375,0.869140625,13,5
010,0.15234375,0.84765625,13,7
011,0.10546875,0.89453125,11,5
