state,p_marked,error,gate_count,depth
000,0.5078125,0.4921875,32,16
001,0.49609375,0.50390625,30,14
010,0.51171875,0.48828125,30,16
011,0.51953125,0.48046875,28,14
