state,p_marked,error,gate_count,depth
000,0.115234375,0.884765625,33,15
001,0.146484375,0.853515625,31,13
010,0.126953125,0.873046875,31,15
011,0.1484375,0.8515625,29,13
