state,p_marked,error,gate_count,depth
000,0.056640625,0.943359375,66,33
001,0.1640625,0.8359375,64,31
010,0.328125,0.671875,64,33
011,0.208984375,0.791015625,62,31
