state,p_marked,error,gate_count,depth
000,0.5859375,0.4140625,33,16
001,0.580078125,0.419921875,31,14
010,0.36328125,0.63671875,31,16
011,0.3515625,0.6484375,29,14
