state,p_marked,error,gate_count,depth
000,0.576171875,0.423828125,33,16
001,0.529296875,0.470703125,31,14
010,0.609375,0.390625,31,16
011,0.54296875,0.45703125,29,14
