state,p_marked,error,gate_count,depth
000,0.087890625,0.912109375,68,36
001,0.056640625,0.943359375,66,34
010,0.080078125,0.919921875,66,36
011,0.087890625,0.912109375,64,34
