state,p_marked,error,gate_count,depth
000,0.482421875,0.517578125,50,26
001,0.498046875,0.501953125,44,20
010,0.53125,0.46875,44,26
011,0.521484375,0.478515625,38,20
