state,p_marked,error,gate_count,depth
000,0.13671875,0.86328125,46,24
001,0.12109375,0.87890625,42,20
010,0.119140625,0.880859375,42,24
011,0.12109375,0.87890625,38,20
