state,p_marked,error,gate_count,depth
000,0.05078125,0.94921875,41,20
001,0.078125,0.921875,37,16
010,0.0703125,0.9296875,37,20
011,0.06640625,0.93359375,33,16
