state,p_marked,error,gate_count,depth
000,0.123046875,0.876953125,42,22
001,0.119140625,0.880859375,34,14
010,0.142578125,0.857421875,34,22
011,0.119140625,0.880859375,26,14
