state,p_marked,error,gate_count,depth
000,0.009765625,0.990234375,69,34
001,0.01953125,0.98046875,67,32
010,0.08984375,0.91015625,67,34
011,0.021484375,0.978515625,65,32
