state,p_marked,error,gate_count,depth
000,0.125,0.875,32,16
001,0.12109375,0.87890625,30,14
010,0.115234375,0.884765625,30,16
011,0.14453125,0.85546875,28,14
