state,p_marked,error,gate_count,depth
000,0.10546875,0.89453125,47,26
001,0.076171875,0.923828125,47,26
010,0.0703125,0.9296875,47,26
011,0.091796875,0.908203125,47,26
