state,p_marked,error,gate_count,depth
000,0.126953125,0.873046875,33,15
001,0.123046875,0.876953125,31,13
010,0.12890625,0.87109375,31,15
011,0.12109375,0.87890625,29,13
