state,p_marked,error,gate_count,depth
000,0.1328125,0.8671875,54,28
001,0.103515625,0.896484375,52,26
010,0.12890625,0.87109375,52,28
011,0.134765625,0.865234375,50,26
