state,p_marked,error,gate_count,depth
000,0.564453125,0.435546875,33,16
001,0.568359375,0.431640625,31,14
010,0.537109375,0.462890625,31,16
011,0.5234375,0.4765625,29,14
