state,p_marked,error,gate_count,depth
000,0.13671875,0.86328125,33,17
001,0.14453125,0.85546875,27,11
010,0.1015625,0.8984375,27,17
011,0.140625,0.859375,21,11
