state,p_marked,error,gate_count,depth
000,0.06640625,0.93359375,34,16
001,0.048828125,0.951171875,32,14
010,0.048828125,0.951171875,32,16
011,0.05859375,0.94140625,30,14
