state,p_marked,error,gate_count,depth
000,0.537109375,0.462890625,42,21
001,0.560546875,0.439453125,38,17
010,0.537109375,0.462890625,38,21
011,0.546875,0.453125,34,17
