state,p_marked,error,gate_count,depth
000,0.587890625,0.412109375,33,16
001,0.556640625,0.443359375,31,14
010,0.548828125,0.451171875,31,16
011,0.5390625,0.4609375,29,14
