state,p_marked,error,gate_count,depth
000,0.46875,0.53125,41,21
001,0.509765625,0.490234375,37,17
010,0.478515625,0.521484375,37,21
011,0.541015625,0.458984375,33,17
