state,p_marked,error,gate_count,depth
000,0.30859375,0.69140625,53,37
001,0.064453125,0.935546875,53,37
010,0.005859375,0.994140625,53,37
011,0.0703125,0.9296875,53,37
