state,p_marked,error,gate_count,depth
000,0.169921875,0.830078125,46,23
001,0.158203125,0.841796875,46,23
010,0.0703125,0.9296875,46,23
011,0.09375,0.90625,46,23
