state,p_marked,error,gate_count,depth
000,0.22265625,0.77734375,32,16
001,0.25,0.75,30,14
010,0.234375,0.765625,30,16
011,0.26171875,0.73828125,28,14
