state,p_marked,error,gate_count,depth
000,0.298828125,0.701171875,50,25
001,0.025390625,0.974609375,48,23
010,0.25390625,0.74609375,48,25
011,0.03125,0.96875,46,23
