state,p_marked,error,gate_count,depth
000,0.03125,0.96875,99,51
001,0.01953125,0.98046875,95,48
010,0.029296875,0.970703125,95,51
011,0.037109375,0.962890625,91,48
