state,p_marked,error,gate_count,depth
000,0.01171875,0.98828125,98,63
001,0.03515625,0.96484375,96,61
010,0.083984375,0.916015625,96,63
011,0.05859375,0.94140625,94,61
