state,p_marked,error,gate_count,depth
000,0.044921875,0.955078125,58,39
001,0.009765625,0.990234375,56,37
010,0.0703125,0.9296875,56,39
011,0.078125,0.921875,54,37
