state,p_marked,error,gate_count,depth
000,0.544921875,0.455078125,32,16
001,0.49609375,0.50390625,30,14
010,0.548828125,0.451171875,30,16
011,0.48828125,0.51171875,28,14
