state,p_marked,error,gate_count,depth
000,0.173828125,0.826171875,32,16
001,0.162109375,0.837890625,30,14
010,0.212890625,0.787109375,30,16
011,0.19921875,0.80078125,28,14
