state,p_marked,error,gate_count,depth
000,0.11328125,0.88671875,51,27
001,0.115234375,0.884765625,41,17
010,0.103515625,0.896484375,41,27
011,0.12890625,0.87109375,31,17
