state,p_marked,error,gate_count,depth
000,0.142578125,0.857421875,51,27
001,0.107421875,0.892578125,41,17
010,0.130859375,0.869140625,41,27
011,0.130859375,0.869140625,31,17
