state,p_marked,error,gate_count,depth
000,0.23828125,0.76171875,42,22
001,0.265625,0.734375,38,18
010,0.255859375,0.744140625,38,22
011,0.2109375,0.7890625,34,18
