state,p_marked,error,gate_count,depth
000,0.08203125,0.91796875,75,46
001,0.052734375,0.947265625,71,42
010,0.130859375,0.869140625,71,46
011,0.00390625,0.99609375,67,42
