state,p_marked,error,gate_count,depth
000,0.349609375,0.650390625,33,17
001,0.142578125,0.857421875,33,17
010,0.12109375,0.87890625,33,17
011,0.115234375,0.884765625,33,17
