state,p_marked,error,gate_count,depth
000,0.103515625,0.896484375,61,41
001,0.3515625,0.6484375,59,39
010,0.494140625,0.505859375,59,41
011,0.064453125,0.935546875,57,39
