state,p_marked,error,gate_count,depth
000,0.5546875,0.4453125,33,17
001,0.478515625,0.521484375,31,15
010,0.5078125,0.4921875,31,17
011,0.53125,0.46875,29,15
