state,p_marked,error,gate_count,depth
000,0.53125,0.46875,33,16
001,0.568359375,0.431640625,31,14
010,0.591796875,0.408203125,31,16
011,0.6171875,0.3828125,29,14
