state,p_marked,error,gate_count,depth
000,0.10546875,0.89453125,34,17
001,0.15234375,0.84765625,32,15
010,0.125,0.875,32,17
011,0.0,1.0,30,15
