state,p_marked,error,gate_count,depth
000,0.142578125,0.857421875,24,12
001,0.115234375,0.884765625,20,8
010,0.109375,0.890625,20,12
011,0.12109375,0.87890625,16,8
