state,p_marked,error,gate_count,depth
000,0.119140625,0.880859375,33,16
001,0.505859375,0.494140625,31,14
010,0.49609375,0.50390625,31,16
011,0.125,0.875,29,14
