state,p_marked,error,gate_count,depth
000,0.0390625,0.9609375,46,30
001,0.74609375,0.25390625,46,30
010,0.0390625,0.9609375,46,30
011,0.01171875,0.98828125,46,30
