state,p_marked,error,gate_count,depth
000,0.236328125,0.763671875,32,16
001,0.24609375,0.75390625,30,14
010,0.224609375,0.775390625,30,16
011,0.283203125,0.716796875,28,14
