state,p_marked,error,gate_count,depth
000,0.5390625,0.4609375,43,22
001,0.4765625,0.5234375,39,18
010,0.455078125,0.544921875,39,22
011,0.5234375,0.4765625,35,18
