state,p_marked,error,gate_count,depth
000,0.572265625,0.427734375,60,31
001,0.5703125,0.4296875,52,23
010,0.5625,0.4375,52,31
011,0.548828125,0.451171875,44,23
