state,p_marked,error,gate_count,depth
000,0.1015625,0.8984375,67,34
001,0.12109375,0.87890625,61,28
010,0.12890625,0.87109375,61,34
011,0.12109375,0.87890625,55,28
