state,p_marked,error,gate_count,depth
000,0.119140625,0.880859375,60,32
001,0.142578125,0.857421875,48,20
010,0.123046875,0.876953125,48,32
011,0.1328125,0.8671875,36,20
