state,p_marked,error,gate_count,depth
000,0.13671875,0.86328125,59,30
001,0.111328125,0.888671875,55,26
010,0.130859375,0.869140625,55,30
011,0.12109375,0.87890625,51,26
