state,p_marked,error,gate_count,depth
000,0.236328125,0.763671875,47,24
001,0.134765625,0.865234375,43,20
010,0.21875,0.78125,43,24
011,0.126953125,0.873046875,39,20
