state,p_marked,error,gate_count,depth
000,0.48046875,0.51953125,41,21
001,0.525390625,0.474609375,37,17
010,0.462890625,0.537109375,37,21
011,0.439453125,0.560546875,33,17
