state,p_marked,error,gate_count,depth
000,0.1328125,0.8671875,41,19
001,0.111328125,0.888671875,41,19
010,0.1328125,0.8671875,41,19
011,0.095703125,0.904296875,41,19
