state,p_marked,error,gate_count,depth
000,0.0703125,0.9296875,34,17
001,0.072265625,0.927734375,32,15
010,0.044921875,0.955078125,32,17
011,0.07421875,0.92578125,30,15
