state,p_marked,error,gate_count,depth
000,0.109375,0.890625,32,15
001,0.109375,0.890625,30,13
010,0.140625,0.859375,30,15
011,0.107421875,0.892578125,28,13
