state,p_marked,error,gate_count,depth
000,0.044921875,0.955078125,33,15
001,0.052734375,0.947265625,31,13
010,0.044921875,0.955078125,31,15
011,0.07421875,0.92578125,29,13
