state,p_marked,error,gate_count,depth
000,0.080078125,0.919921875,24,12
001,0.1328125,0.8671875,20,8
010,0.125,0.875,20,12
011,0.12109375,0.87890625,16,8
