state,p_marked,error,gate_count,depth
000,0.619140625,0.380859375,42,21
001,0.58203125,0.41796875,38,17
010,0.5390625,0.4609375,38,21
011,0.59375,0.40625,34,17
