state,p_marked,error,gate_count,depth
000,0.001953125,0.998046875,115,61
001,0.248046875,0.751953125,103,49
010,0.005859375,0.994140625,103,61
011,0.25,0.75,91,49
