state,p_marked,error,gate_count,depth
000,0.10546875,0.89453125,51,27
001,0.126953125,0.873046875,41,17
010,0.115234375,0.884765625,41,27
011,0.119140625,0.880859375,31,17
