state,p_marked,error,gate_count,depth
000,0.55078125,0.44921875,34,18
001,0.576171875,0.423828125,32,16
010,0.533203125,0.466796875,32,18
011,0.55859375,0.44140625,30,16
