state,p_marked,error,gate_count,depth
000,0.1484375,0.8515625,24,12
001,0.150390625,0.849609375,20,8
010,0.13671875,0.86328125,20,12
011,0.13671875,0.86328125,16,8
