state,p_marked,error,gate_count,depth
000,0.03515625,0.96484375,90,56
001,0.04296875,0.95703125,86,52
010,0.0234375,0.9765625,86,56
011,0.212890625,0.787109375,82,52
