state,p_marked,error,gate_count,depth
000,0.1328125,0.8671875,42,22
001,0.111328125,0.888671875,38,18
010,0.130859375,0.869140625,38,22
011,0.126953125,0.873046875,34,18
