state,p_marked,error,gate_count,depth
000,0.126953125,0.873046875,24,12
001,0.111328125,0.888671875,20,8
010,0.154296875,0.845703125,20,12
011,0.12890625,0.87109375,16,8
