state,p_marked,error,gate_count,depth
000,0.55859375,0.44140625,33,16
001,0.576171875,0.423828125,31,14
010,0.55078125,0.44921875,31,16
011,0.595703125,0.404296875,29,14
