state,p_marked,error,gate_count,depth
000,0.12109375,0.87890625,51,27
001,0.134765625,0.865234375,41,17
010,0.150390625,0.849609375,41,27
011,0.134765625,0.865234375,31,17
