state,p_marked,error,gate_count,depth
000,0.255859375,0.744140625,32,16
001,0.25,0.75,30,14
010,0.26171875,0.73828125,30,16
011,0.234375,0.765625,28,14
