state,p_marked,error,gate_count,depth
000,0.146484375,0.853515625,103,66
001,0.0078125,0.9921875,101,64
010,0.17578125,0.82421875,101,66
011,0.048828125,0.951171875,99,64
