state,p_marked,error,gate_count,depth
000,0.263671875,0.736328125,32,16
001,0.259765625,0.740234375,30,14
010,0.224609375,0.775390625,30,16
011,0.259765625,0.740234375,28,14
