state,p_marked,error,gate_count,depth
000,0.15234375,0.84765625,33,17
001,0.0,1.0,31,15
010,0.13671875,0.86328125,31,17
011,0.138671875,0.861328125,29,15
