state,p_marked,error,gate_count,depth
000,0.12890625,0.87109375,32,15
001,0.134765625,0.865234375,30,13
010,0.150390625,0.849609375,30,15
011,0.09765625,0.90234375,28,13
