state,p_marked,error,gate_count,depth
000,0.21875,0.78125,67,35
001,0.26953125,0.73046875,61,29
010,0.2578125,0.7421875,61,35
011,0.255859375,0.744140625,55,29
