state,p_marked,error,gate_count,depth
000,0.5078125,0.4921875,32,16
001,0.5,0.5,30,14
010,0.48828125,0.51171875,30,16
011,0.44140625,0.55859375,28,14
