state,p_marked,error,gate_count,depth
000,0.158203125,0.841796875,106,64
001,0.029296875,0.970703125,104,62
010,0.0390625,0.9609375,104,64
011,0.123046875,0.876953125,102,62
