state,p_marked,error,gate_count,depth
000,0.263671875,0.736328125,41,20
001,0.21875,0.78125,41,20
010,0.212890625,0.787109375,41,20
011,0.23046875,0.76953125,41,20
