state,p_marked,error,gate_count,depth
000,0.517578125,0.482421875,34,18
001,0.51171875,0.48828125,32,16
010,0.494140625,0.505859375,32,18
011,0.525390625,0.474609375,30,16
