state,p_marked,error,gate_count,depth
000,0.095703125,0.904296875,32,15
001,0.091796875,0.908203125,30,13
010,0.126953125,0.873046875,30,15
011,0.12890625,0.87109375,28,13
