state,p_marked,error,gate_count,depth
000,0.1171875,0.8828125,24,12
001,0.111328125,0.888671875,20,8
010,0.125,0.875,20,12
011,0.091796875,0.908203125,16,8
