state,p_marked,error,gate_count,depth
000,0.150390625,0.849609375,33,16
001,0.126953125,0.873046875,31,14
010,0.154296875,0.845703125,31,16
011,0.1171875,0.8828125,29,14
