state,p_marked,error,gate_count,depth
000,0.07421875,0.92578125,32,16
001,0.060546875,0.939453125,30,14
010,0.048828125,0.951171875,30,16
011,0.052734375,0.947265625,28,14
