state,p_marked,error,gate_count,depth
000,0.0,1.0,44,25
001,0.05078125,0.94921875,42,23
010,0.18359375,0.81640625,42,25
011,0.0,1.0,40,23
