state,p_marked,error,gate_count,depth
000,0.509765625,0.490234375,33,16
001,0.51953125,0.48046875,31,14
010,0.50390625,0.49609375,31,16
011,0.52734375,0.47265625,29,14
