state,p_marked,error,gate_count,depth
000,0.0625,0.9375,52,27
001,0.056640625,0.943359375,46,21
010,0.0546875,0.9453125,46,27
011,0.052734375,0.947265625,40,21
