state,p_marked,error,gate_count,depth
000,0.486328125,0.513671875,33,17
001,0.4921875,0.5078125,31,15
010,0.51953125,0.48046875,31,17
011,0.517578125,0.482421875,29,15
