state,p_marked,error,gate_count,depth
000,0.10546875,0.89453125,104,62
001,0.017578125,0.982421875,98,56
010,0.08203125,0.91796875,98,62
011,0.041015625,0.958984375,92,56
