state,p_marked,error,gate_count,depth
000,0.283203125,0.716796875,76,45
001,0.021484375,0.978515625,74,43
010,0.02734375,0.97265625,74,45
011,0.287109375,0.712890625,72,43
