state,p_marked,error,gate_count,depth
000,0.1484375,0.8515625,41,20
001,0.126953125,0.873046875,37,16
010,0.1171875,0.8828125,37,20
011,0.1015625,0.8984375,33,16
