state,p_marked,error,gate_count,depth
000,0.130859375,0.869140625,46,24
001,0.1171875,0.8828125,42,20
010,0.125,0.875,42,24
011,0.138671875,0.861328125,38,20
