state,p_marked,error,gate_count,depth
000,0.095703125,0.904296875,33,15
001,0.126953125,0.873046875,31,13
010,0.123046875,0.876953125,31,15
011,0.13671875,0.86328125,29,13
