state,p_marked,error,gate_count,depth
000,0.490234375,0.509765625,41,21
001,0.5703125,0.4296875,37,17
010,0.49609375,0.50390625,37,21
011,0.525390625,0.474609375,33,17
