state,p_marked,error,gate_count,depth
000,0.01171875,0.98828125,112,69
001,0.01171875,0.98828125,104,61
010,0.087890625,0.912109375,104,69
011,0.111328125,0.888671875,96,61
