state,p_marked,error,gate_count,depth
000,0.046875,0.953125,114,67
001,0.005859375,0.994140625,110,63
010,0.029296875,0.970703125,110,67
011,0.0546875,0.9453125,106,63
