state,p_marked,error,gate_count,depth
000,0.109375,0.890625,59,31
001,0.119140625,0.880859375,55,27
010,0.12109375,0.87890625,55,31
011,0.15234375,0.84765625,51,27
