state,p_marked,error,gate_count,depth
000,0.263671875,0.736328125,33,17
001,0.244140625,0.755859375,31,15
010,0.25,0.75,31,17
011,0.263671875,0.736328125,29,15
