state,p_marked,error,gate_count,depth
000,0.11328125,0.88671875,70,36
001,0.107421875,0.892578125,64,31
010,0.111328125,0.888671875,64,36
011,0.14453125,0.85546875,58,31
