state,p_marked,error,gate_count,depth
000,0.146484375,0.853515625,15,7
001,0.13671875,0.86328125,13,5
010,0.111328125,0.888671875,13,7
011,0.1171875,0.8828125,11,5
