state,p_marked,error,gate_count,depth
000,0.146484375,0.853515625,39,20
001,0.1171875,0.8828125,37,18
010,0.123046875,0.876953125,37,20
011,0.107421875,0.892578125,35,18
