state,p_marked,error,gate_count,depth
000,0.125,0.875,60,32
001,0.119140625,0.880859375,48,20
010,0.126953125,0.873046875,48,32
011,0.103515625,0.896484375,36,20
