state,p_marked,error,gate_count,depth
000,0.01171875,0.98828125,34,18
001,0.025390625,0.974609375,32,16
010,0.033203125,0.966796875,32,18
011,0.017578125,0.982421875,30,16
