state,p_marked,error,gate_count,depth
000,0.12890625,0.87109375,55,28
001,0.138671875,0.861328125,53,26
010,0.125,0.875,53,28
011,0.1171875,0.8828125,51,26
