state,p_marked,error,gate_count,depth
000,0.578125,0.421875,43,22
001,0.568359375,0.431640625,39,19
010,0.5703125,0.4296875,39,22
011,0.55859375,0.44140625,35,19
