state,p_marked,error,gate_count,depth
000,0.1015625,0.8984375,63,42
001,0.064453125,0.935546875,63,42
010,0.099609375,0.900390625,63,42
011,0.080078125,0.919921875,63,42
