state,p_marked,error,gate_count,depth
000,0.521484375,0.478515625,34,17
001,0.552734375,0.447265625,32,15
010,0.57421875,0.42578125,32,17
011,0.5703125,0.4296875,30,15
