state,p_marked,error,gate_count,depth
000,0.5703125,0.4296875,33,16
001,0.541015625,0.458984375,31,14
010,0.587890625,0.412109375,31,16
011,0.5234375,0.4765625,29,14
