state,p_marked,error,gate_count,depth
000,0.126953125,0.873046875,32,15
001,0.13671875,0.86328125,30,13
010,0.146484375,0.853515625,30,15
011,0.146484375,0.853515625,28,13
