state,p_marked,error,gate_count,depth
000,0.078125,0.921875,33,15
001,0.083984375,0.916015625,31,13
010,0.0703125,0.9296875,31,15
011,0.072265625,0.927734375,29,13
