state,p_marked,error,gate_count,depth
000,0.126953125,0.873046875,46,23
001,0.126953125,0.873046875,46,23
010,0.12890625,0.87109375,46,23
011,0.130859375,0.869140625,46,23
