state,p_marked,error,gate_count,depth
000,0.146484375,0.853515625,33,15
001,0.11328125,0.88671875,31,13
010,0.13671875,0.86328125,31,15
011,0.111328125,0.888671875,29,13
