state,p_marked,error,gate_count,depth
000,0.15234375,0.84765625,32,15
001,0.119140625,0.880859375,30,13
010,0.142578125,0.857421875,30,15
011,0.140625,0.859375,28,13
