state,p_marked,error,gate_count,depth
000,0.115234375,0.884765625,42,22
001,0.14453125,0.85546875,34,14
010,0.123046875,0.876953125,34,22
011,0.154296875,0.845703125,26,14
