state,p_marked,error,gate_count,depth
000,0.0,1.0,55,29
001,0.27734375,0.72265625,53,27
010,0.19921875,0.80078125,53,29
011,0.0,1.0,51,27
