state,p_marked,error,gate_count,depth
000,0.498046875,0.501953125,68,36
001,0.111328125,0.888671875,66,34
010,0.0,1.0,66,36
011,0.119140625,0.880859375,64,34
