state,p_marked,error,gate_count,depth
000,0.5234375,0.4765625,33,16
001,0.53125,0.46875,31,14
010,0.5234375,0.4765625,31,16
011,0.607421875,0.392578125,29,14
