state,p_marked,error,gate_count,depth
000,0.544921875,0.455078125,33,16
001,0.576171875,0.423828125,31,14
010,0.517578125,0.482421875,31,16
011,0.55859375,0.44140625,29,14
