state,p_marked,error,gate_count,depth
000,0.498046875,0.501953125,33,17
001,0.537109375,0.462890625,31,15
010,0.484375,0.515625,31,17
011,0.51171875,0.48828125,29,15
