state,p_marked,error,gate_count,depth
000,0.240234375,0.759765625,41,20
001,0.232421875,0.767578125,37,16
010,0.255859375,0.744140625,37,20
011,0.255859375,0.744140625,33,16
