state,p_marked,error,gate_count,depth
000,0.119140625,0.880859375,33,17
001,0.12890625,0.87109375,27,11
010,0.109375,0.890625,27,17
011,0.142578125,0.857421875,21,11
