state,p_marked,error,gate_count,depth
000,0.4921875,0.5078125,32,16
001,0.494140625,0.505859375,30,14
010,0.466796875,0.533203125,30,16
011,0.521484375,0.478515625,28,14
