state,p_marked,error,gate_count,depth
000,0.26171875,0.73828125,50,25
001,0.25390625,0.74609375,48,23
010,0.27734375,0.72265625,48,25
011,0.275390625,0.724609375,46,23
