state,p_marked,error,gate_count,depth
000,0.5,0.5,32,16
001,0.490234375,0.509765625,30,14
010,0.490234375,0.509765625,30,16
011,0.44921875,0.55078125,28,14
