state,p_marked,error,gate_count,depth
000,0.517578125,0.482421875,41,21
001,0.486328125,0.513671875,37,17
010,0.517578125,0.482421875,37,21
011,0.525390625,0.474609375,33,17
