state,p_marked,error,gate_count,depth
000,0.12890625,0.87109375,54,28
001,0.119140625,0.880859375,52,26
010,0.134765625,0.865234375,52,28
011,0.1171875,0.8828125,50,26
