state,p_marked,error,gate_count,depth
000,0.130859375,0.869140625,55,29
001,0.109375,0.890625,49,24
010,0.1015625,0.8984375,49,29
011,0.13671875,0.86328125,43,24
