state,p_marked,error,gate_count,depth
000,0.48828125,0.51171875,33,17
001,0.513671875,0.486328125,31,15
010,0.48046875,0.51953125,31,17
011,0.12109375,0.87890625,29,15
