state,p_marked,error,gate_count,depth
000,0.111328125,0.888671875,41,22
001,0.259765625,0.740234375,39,20
010,0.619140625,0.380859375,39,22
011,0.099609375,0.900390625,37,20
