state,p_marked,error,gate_count,depth
000,0.2421875,0.7578125,40,22
001,0.44921875,0.55078125,38,20
010,0.44921875,0.55078125,38,22
011,0.216796875,0.783203125,36,20
