state,p_marked,error,gate_count,depth
000,0.04296875,0.95703125,47,32
001,0.0,1.0,47,32
010,0.0703125,0.9296875,47,32
011,0.00390625,0.99609375,47,32
