state,p_marked,error,gate_count,depth
000,0.048828125,0.951171875,99,62
001,0.017578125,0.982421875,93,56
010,0.029296875,0.970703125,93,62
011,0.0,1.0,87,56
