state,p_marked,error,gate_count,depth
000,0.12890625,0.87109375,50,25
001,0.119140625,0.880859375,44,19
010,0.138671875,0.861328125,44,25
011,0.13671875,0.86328125,38,19
