state,p_marked,error,gate_count,depth
000,0.271484375,0.728515625,118,79
001,0.064453125,0.935546875,116,77
010,0.05078125,0.94921875,116,79
011,0.056640625,0.943359375,114,77
