state,p_marked,error,gate_count,depth
000,0.12109375,0.87890625,41,23
001,0.287109375,0.712890625,39,21
010,0.623046875,0.376953125,39,23
011,0.109375,0.890625,37,21
