state,p_marked,error,gate_count,depth
000,0.125,0.875,37,20
001,0.111328125,0.888671875,35,18
010,0.111328125,0.888671875,35,20
011,0.095703125,0.904296875,33,18
