state,p_marked,error,gate_count,depth
000,0.525390625,0.474609375,32,16
001,0.50390625,0.49609375,30,14
010,0.486328125,0.513671875,30,16
011,0.53125,0.46875,28,14
