state,p_marked,error,gate_count,depth
000,0.12109375,0.87890625,41,20
001,0.126953125,0.873046875,37,16
010,0.123046875,0.876953125,37,20
011,0.125,0.875,33,16
