state,p_marked,error,gate_count,depth
000,0.546875,0.453125,42,21
001,0.5625,0.4375,38,17
010,0.5390625,0.4609375,38,21
011,0.564453125,0.435546875,34,17
