state,p_marked,error,gate_count,depth
000,0.09375,0.90625,55,31
001,0.0,1.0,55,31
010,0.05859375,0.94140625,55,31
011,0.0,1.0,55,31
