state,p_marked,error,gate_count,depth
000,0.564453125,0.435546875,51,26
001,0.58203125,0.41796875,45,20
010,0.583984375,0.416015625,45,26
011,0.6015625,0.3984375,39,20
