state,p_marked,error,gate_count,depth
000,0.53515625,0.46484375,66,33
001,0.578125,0.421875,64,31
010,0.546875,0.453125,64,33
011,0.568359375,0.431640625,62,31
