state,p_marked,error,gate_count,depth
000,0.552734375,0.447265625,42,21
001,0.55859375,0.44140625,38,17
010,0.58203125,0.41796875,38,21
011,0.58203125,0.41796875,34,17
