state,p_marked,error,gate_count,depth
000,0.13671875,0.86328125,59,30
001,0.119140625,0.880859375,55,26
010,0.158203125,0.841796875,55,30
011,0.125,0.875,51,26
