state,p_marked,error,gate_count,depth
000,0.123046875,0.876953125,51,26
001,0.119140625,0.880859375,49,24
010,0.107421875,0.892578125,49,26
011,0.130859375,0.869140625,47,24
