state,p_marked,error,gate_count,depth
000,0.462890625,0.537109375,34,17
001,0.486328125,0.513671875,32,15
010,0.119140625,0.880859375,32,17
011,0.498046875,0.501953125,30,15
