state,p_marked,error,gate_count,depth
000,0.4609375,0.5390625,41,21
001,0.482421875,0.517578125,37,17
010,0.515625,0.484375,37,21
011,0.46875,0.53125,33,17
