state,p_marked,error,gate_count,depth
000,0.11328125,0.88671875,51,27
001,0.11328125,0.88671875,41,17
010,0.099609375,0.900390625,41,27
011,0.154296875,0.845703125,31,17
