state,p_marked,error,gate_count,depth
000,0.119140625,0.880859375,38,22
001,0.439453125,0.560546875,36,20
010,0.1328125,0.8671875,36,22
011,0.03125,0.96875,34,20
