state,p_marked,error,gate_count,depth
000,0.146484375,0.853515625,51,27
001,0.140625,0.859375,41,17
010,0.1328125,0.8671875,41,27
011,0.125,0.875,31,17
