state,p_marked,error,gate_count,depth
000,0.28125,0.71875,33,17
001,0.0,1.0,31,15
010,0.224609375,0.775390625,31,17
011,0.26171875,0.73828125,29,15
