state,p_marked,error,gate_count,depth
000,0.12109375,0.87890625,24,12
001,0.12109375,0.87890625,20,8
010,0.17578125,0.82421875,20,12
011,0.095703125,0.904296875,16,8
