state,p_marked,error,gate_count,depth
000,0.08984375,0.91015625,64,33
001,0.111328125,0.888671875,60,29
010,0.10546875,0.89453125,60,33
011,0.162109375,0.837890625,56,29
