state,p_marked,error,gate_count,depth
000,0.52734375,0.47265625,34,18
001,0.576171875,0.423828125,32,16
010,0.544921875,0.455078125,32,18
011,0.60546875,0.39453125,30,16
