state,p_marked,error,gate_count,depth
000,0.58203125,0.41796875,42,21
001,0.537109375,0.462890625,38,17
010,0.58203125,0.41796875,38,21
011,0.521484375,0.478515625,34,17
