state,p_marked,error,gate_count,depth
000,0.0625,0.9375,33,15
001,0.046875,0.953125,31,13
010,0.0703125,0.9296875,31,15
011,0.078125,0.921875,29,13
