state,p_marked,error,gate_count,depth
000,0.130859375,0.869140625,41,23
001,0.248046875,0.751953125,39,21
010,0.615234375,0.384765625,39,23
011,0.099609375,0.900390625,37,21
