state,p_marked,error,gate_count,depth
000,0.1015625,0.8984375,32,15
001,0.125,0.875,30,13
010,0.126953125,0.873046875,30,15
011,0.130859375,0.869140625,28,13
