state,p_marked,error,gate_count,depth
000,0.5,0.5,35,19
001,0.462890625,0.537109375,33,17
010,0.48046875,0.51953125,33,19
011,0.515625,0.484375,31,17
