state,p_marked,error,gate_count,depth
000,0.458984375,0.541015625,32,16
001,0.494140625,0.505859375,30,14
010,0.505859375,0.494140625,30,16
011,0.50390625,0.49609375,28,14
