state,p_marked,error,gate_count,depth
000,0.109375,0.890625,60,32
001,0.12890625,0.87109375,48,20
010,0.13671875,0.86328125,48,32
011,0.115234375,0.884765625,36,20
