state,p_marked,error,gate_count,depth
000,0.02734375,0.97265625,78,42
001,0.029296875,0.970703125,74,38
010,0.041015625,0.958984375,74,42
011,0.2890625,0.7109375,70,38
