state,p_marked,error,gate_count,depth
000,0.525390625,0.474609375,33,16
001,0.5703125,0.4296875,31,14
010,0.517578125,0.482421875,31,16
011,0.546875,0.453125,29,14
