state,p_marked,error,gate_count,depth
000,0.25390625,0.74609375,59,30
001,0.267578125,0.732421875,55,27
010,0.2734375,0.7265625,55,30
011,0.232421875,0.767578125,51,27
