state,p_marked,error,gate_count,depth
000,0.1015625,0.8984375,59,30
001,0.1171875,0.8828125,55,26
010,0.103515625,0.896484375,55,30
011,0.109375,0.890625,51,26
