state,p_marked,error,gate_count,depth
000,0.5078125,0.4921875,33,17
001,0.494140625,0.505859375,31,15
010,0.517578125,0.482421875,31,17
011,0.43359375,0.56640625,29,15
