state,p_marked,error,gate_count,depth
000,0.58203125,0.41796875,42,21
001,0.59375,0.40625,38,17
010,0.587890625,0.412109375,38,21
011,0.5546875,0.4453125,34,17
