state,p_marked,error,gate_count,depth
000,0.484375,0.515625,32,16
001,0.4609375,0.5390625,30,14
010,0.4921875,0.5078125,30,16
011,0.482421875,0.517578125,28,14
