state,p_marked,error,gate_count,depth
000,0.138671875,0.861328125,51,26
001,0.126953125,0.873046875,49,24
010,0.146484375,0.853515625,49,26
011,0.125,0.875,47,24
