state,p_marked,error,gate_count,depth
000,0.421875,0.578125,55,35
001,0.09375,0.90625,55,35
010,0.00390625,0.99609375,55,35
011,0.001953125,0.998046875,55,35
