state,p_marked,error,gate_count,depth
000,0.146484375,0.853515625,23,11
001,0.126953125,0.873046875,23,11
010,0.111328125,0.888671875,23,11
011,0.103515625,0.896484375,23,11
