state,p_marked,error,gate_count,depth
000,0.533203125,0.466796875,33,16
001,0.5390625,0.4609375,31,14
010,0.5078125,0.4921875,31,16
011,0.484375,0.515625,29,14
