state,p_marked,error,gate_count,depth
000,0.111328125,0.888671875,24,12
001,0.103515625,0.896484375,20,8
010,0.1015625,0.8984375,20,12
011,0.12890625,0.87109375,16,8
