state,p_marked,error,gate_count,depth
000,0.126953125,0.873046875,59,30
001,0.123046875,0.876953125,51,22
010,0.109375,0.890625,51,30
011,0.142578125,0.857421875,43,22
