state,p_marked,error,gate_count,depth
000,0.5234375,0.4765625,34,18
001,0.498046875,0.501953125,32,16
010,0.498046875,0.501953125,32,18
011,0.443359375,0.556640625,30,16
