state,p_marked,error,gate_count,depth
000,0.150390625,0.849609375,76,40
001,0.107421875,0.892578125,68,32
010,0.115234375,0.884765625,68,40
011,0.166015625,0.833984375,60,32
