state,p_marked,error,gate_count,depth
000,0.041015625,0.958984375,33,15
001,0.0703125,0.9296875,31,13
010,0.0546875,0.9453125,31,15
011,0.06640625,0.93359375,29,13
