state,p_marked,error,gate_count,depth
000,0.06640625,0.93359375,146,79
001,0.2734375,0.7265625,136,69
010,0.033203125,0.966796875,136,79
011,0.130859375,0.869140625,126,69
