state,p_marked,error,gate_count,depth
000,0.564453125,0.435546875,33,16
001,0.537109375,0.462890625,31,14
010,0.56640625,0.43359375,31,16
011,0.58203125,0.41796875,29,14
