state,p_marked,error,gate_count,depth
000,0.560546875,0.439453125,42,21
001,0.58984375,0.41015625,38,17
010,0.58203125,0.41796875,38,21
011,0.560546875,0.439453125,34,17
