state,p_marked,error,gate_count,depth
000,0.53515625,0.46484375,41,21
001,0.466796875,0.533203125,37,17
010,0.537109375,0.462890625,37,21
011,0.505859375,0.494140625,33,17
