state,p_marked,error,gate_count,depth
000,0.130859375,0.869140625,42,22
001,0.107421875,0.892578125,34,14
010,0.154296875,0.845703125,34,22
011,0.130859375,0.869140625,26,14
