state,p_marked,error,gate_count,depth
000,0.107421875,0.892578125,24,12
001,0.1484375,0.8515625,20,8
010,0.16796875,0.83203125,20,12
011,0.123046875,0.876953125,16,8
