state,p_marked,error,gate_count,depth
000,0.01953125,0.98046875,48,26
001,0.001953125,0.998046875,44,23
010,0.34375,0.65625,44,26
011,0.015625,0.984375,40,22
