state,p_marked,error,gate_count,depth
000,0.109375,0.890625,51,27
001,0.11328125,0.88671875,41,17
010,0.15234375,0.84765625,41,27
011,0.099609375,0.900390625,31,17
