state,p_marked,error,gate_count,depth
000,0.57421875,0.42578125,33,16
001,0.556640625,0.443359375,31,14
010,0.572265625,0.427734375,31,16
011,0.578125,0.421875,29,14
