state,p_marked,error,gate_count,depth
000,0.146484375,0.853515625,120,77
001,0.00390625,0.99609375,116,73
010,0.28515625,0.71484375,116,77
011,0.009765625,0.990234375,112,73
