state,p_marked,error,gate_count,depth
000,0.05859375,0.94140625,51,26
001,0.052734375,0.947265625,45,20
010,0.05859375,0.94140625,45,26
011,0.0703125,0.9296875,39,20
