state,p_marked,error,gate_count,depth
000,0.416015625,0.583984375,50,25
001,0.416015625,0.583984375,48,23
010,0.4140625,0.5859375,48,25
011,0.3828125,0.6171875,46,23
