state,p_marked,error,gate_count,depth
000,0.12890625,0.87109375,32,15
001,0.134765625,0.865234375,30,13
010,0.11328125,0.88671875,30,15
011,0.138671875,0.861328125,28,13
