state,p_marked,error,gate_count,depth
000,0.533203125,0.466796875,33,17
001,0.556640625,0.443359375,31,15
010,0.509765625,0.490234375,31,17
011,0.498046875,0.501953125,29,15
