state,p_marked,error,gate_count,depth
000,0.5703125,0.4296875,51,26
001,0.5625,0.4375,45,20
010,0.568359375,0.431640625,45,26
011,0.564453125,0.435546875,39,20
