state,p_marked,error,gate_count,depth
000,0.552734375,0.447265625,42,21
001,0.556640625,0.443359375,38,17
010,0.546875,0.453125,38,21
011,0.55859375,0.44140625,34,17
