state,p_marked,error,gate_count,depth
000,0.1015625,0.8984375,32,15
001,0.107421875,0.892578125,30,13
010,0.119140625,0.880859375,30,15
011,0.115234375,0.884765625,28,13
