state,p_marked,error,gate_count,depth
000,0.130859375,0.869140625,42,21
001,0.130859375,0.869140625,38,17
010,0.1328125,0.8671875,38,21
011,0.12109375,0.87890625,34,17
