state,p_marked,error,gate_count,depth
000,0.2265625,0.7734375,55,29
001,0.1953125,0.8046875,49,23
010,0.02734375,0.97265625,49,29
011,0.025390625,0.974609375,43,23
