state,p_marked,error,gate_count,depth
000,0.505859375,0.494140625,54,27
001,0.0,1.0,52,25
010,0.490234375,0.509765625,52,27
011,0.0,1.0,50,25
