state,p_marked,error,gate_count,depth
000,0.48828125,0.51171875,33,17
001,0.53125,0.46875,31,15
010,0.51953125,0.48046875,31,17
011,0.4609375,0.5390625,29,15
