state,p_marked,error,gate_count,depth
000,0.4921875,0.5078125,33,16
001,0.5,0.5,31,14
010,0.478515625,0.521484375,31,16
011,0.53125,0.46875,29,14
