state,p_marked,error,gate_count,depth
000,0.015625,0.984375,32,16
001,0.021484375,0.978515625,30,14
010,0.01171875,0.98828125,30,16
011,0.025390625,0.974609375,28,14
