state,p_marked,error,gate_count,depth
000,0.515625,0.484375,33,17
001,0.447265625,0.552734375,31,15
010,0.515625,0.484375,31,17
011,0.5078125,0.4921875,29,15
