state,p_marked,error,gate_count,depth
000,0.111328125,0.888671875,121,65
001,0.154296875,0.845703125,107,51
010,0.123046875,0.876953125,107,65
011,0.150390625,0.849609375,93,51
