state,p_marked,error,gate_count,depth
000,0.091796875,0.908203125,33,17
001,0.11328125,0.88671875,27,11
010,0.1328125,0.8671875,27,17
011,0.130859375,0.869140625,21,11
