state,p_marked,error,gate_count,depth
000,0.142578125,0.857421875,15,7
001,0.125,0.875,13,5
010,0.1484375,0.8515625,13,7
011,0.134765625,0.865234375,11,5
