state,p_marked,error,gate_count,depth
000,0.4921875,0.5078125,42,21
001,0.125,0.875,38,17
010,0.482421875,0.517578125,38,21
011,0.126953125,0.873046875,34,17
