state,p_marked,error,gate_count,depth
000,0.123046875,0.876953125,15,7
001,0.111328125,0.888671875,13,5
010,0.111328125,0.888671875,13,7
011,0.111328125,0.888671875,11,5
