state,p_marked,error,gate_count,depth
000,0.2890625,0.7109375,33,17
001,0.32421875,0.67578125,31,15
010,0.3359375,0.6640625,31,17
011,0.337890625,0.662109375,29,15
