state,p_marked,error,gate_count,depth
000,0.115234375,0.884765625,24,12
001,0.11328125,0.88671875,20,8
010,0.140625,0.859375,20,12
011,0.14453125,0.85546875,16,8
