state,p_marked,error,gate_count,depth
000,0.2734375,0.7265625,76,50
001,0.349609375,0.650390625,74,48
010,0.115234375,0.884765625,74,50
011,0.01171875,0.98828125,72,48
