state,p_marked,error,gate_count,depth
000,0.130859375,0.869140625,41,20
001,0.1484375,0.8515625,37,16
010,0.162109375,0.837890625,37,20
011,0.123046875,0.876953125,33,16
