state,p_marked,error,gate_count,depth
000,0.1015625,0.8984375,32,15
001,0.138671875,0.861328125,30,13
010,0.099609375,0.900390625,30,15
011,0.14453125,0.85546875,28,13
