state,p_marked,error,gate_count,depth
000,0.1171875,0.8828125,47,26
001,0.14453125,0.85546875,43,22
010,0.12109375,0.87890625,43,26
011,0.1171875,0.8828125,39,22
