state,p_marked,error,gate_count,depth
000,0.48046875,0.51953125,33,16
001,0.544921875,0.455078125,31,14
010,0.61328125,0.38671875,31,16
011,0.5546875,0.4453125,29,14
