state,p_marked,error,gate_count,depth
000,0.126953125,0.873046875,47,25
001,0.138671875,0.861328125,43,21
010,0.1484375,0.8515625,43,25
011,0.103515625,0.896484375,39,21
