state,p_marked,error,gate_count,depth
000,0.1328125,0.8671875,23,11
001,0.123046875,0.876953125,23,11
010,0.13671875,0.86328125,23,11
011,0.10546875,0.89453125,23,11
