state,p_marked,error,gate_count,depth
000,0.068359375,0.931640625,34,17
001,0.0625,0.9375,32,15
010,0.048828125,0.951171875,32,17
011,0.0859375,0.9140625,30,15
