state,p_marked,error,gate_count,depth
000,0.5,0.5,33,16
001,0.525390625,0.474609375,31,14
010,0.4609375,0.5390625,31,16
011,0.517578125,0.482421875,29,14
