state,p_marked,error,gate_count,depth
000,0.05078125,0.94921875,35,18
001,0.068359375,0.931640625,33,16
010,0.056640625,0.943359375,33,18
011,0.05078125,0.94921875,31,16
