state,p_marked,error,gate_count,depth
000,0.126953125,0.873046875,33,17
001,0.111328125,0.888671875,27,11
010,0.134765625,0.865234375,27,17
011,0.146484375,0.853515625,21,11
