state,p_marked,error,gate_count,depth
000,0.08984375,0.91015625,15,7
001,0.099609375,0.900390625,13,5
010,0.16015625,0.83984375,13,7
011,0.14453125,0.85546875,11,5
