state,p_marked,error,gate_count,depth
000,0.1171875,0.8828125,47,25
001,0.1171875,0.8828125,43,21
010,0.12890625,0.87109375,43,25
011,0.1171875,0.8828125,39,21
