state,p_marked,error,gate_count,depth
000,0.462890625,0.537109375,42,21
001,0.5234375,0.4765625,38,17
010,0.486328125,0.513671875,38,21
011,0.505859375,0.494140625,34,17
