state,p_marked,error,gate_count,depth
000,0.5,0.5,41,21
001,0.474609375,0.525390625,37,17
010,0.515625,0.484375,37,21
011,0.509765625,0.490234375,33,17
