state,p_marked,error,gate_count,depth
000,0.11328125,0.88671875,51,27
001,0.11328125,0.88671875,41,17
010,0.115234375,0.884765625,41,27
011,0.1015625,0.8984375,31,17
