state,p_marked,error,gate_count,depth
000,0.109375,0.890625,46,23
001,0.13671875,0.86328125,46,23
010,0.150390625,0.849609375,46,23
011,0.11328125,0.88671875,46,23
