state,p_marked,error,gate_count,depth
000,0.255859375,0.744140625,38,22
001,0.0,1.0,38,22
010,0.0,1.0,38,22
011,0.232421875,0.767578125,38,22
