state,p_marked,error,gate_count,depth
000,0.140625,0.859375,41,20
001,0.166015625,0.833984375,37,16
010,0.107421875,0.892578125,37,20
011,0.125,0.875,33,16
