state,p_marked,error,gate_count,depth
000,0.50390625,0.49609375,34,17
001,0.482421875,0.517578125,32,15
010,0.0,1.0,32,17
011,0.0,1.0,30,15
