state,p_marked,error,gate_count,depth
000,0.47265625,0.52734375,33,16
001,0.505859375,0.494140625,31,14
010,0.498046875,0.501953125,31,16
011,0.4453125,0.5546875,29,14
