state,p_marked,error,gate_count,depth
000,0.126953125,0.873046875,33,15
001,0.12109375,0.87890625,31,13
010,0.142578125,0.857421875,31,15
011,0.1328125,0.8671875,29,13
