state,p_marked,error,gate_count,depth
000,0.15625,0.84375,47,25
001,0.134765625,0.865234375,43,21
010,0.134765625,0.865234375,43,25
011,0.125,0.875,39,21
