state,p_marked,error,gate_count,depth
000,0.03125,0.96875,56,30
001,0.03515625,0.96484375,54,28
010,0.03125,0.96875,54,30
011,0.03515625,0.96484375,52,28
