state,p_marked,error,gate_count,depth
000,0.2421875,0.7578125,71,35
001,0.11328125,0.88671875,69,33
010,0.123046875,0.876953125,69,35
011,0.234375,0.765625,67,33
