state,p_marked,error,gate_count,depth
000,0.130859375,0.869140625,33,16
001,0.115234375,0.884765625,31,14
010,0.103515625,0.896484375,31,16
011,0.138671875,0.861328125,29,14
