state,p_marked,error,gate_count,depth
000,0.09375,0.90625,140,83
001,0.166015625,0.833984375,136,80
010,0.08203125,0.91796875,136,83
011,0.087890625,0.912109375,132,80
