state,p_marked,error,gate_count,depth
000,0.25390625,0.74609375,33,17
001,0.283203125,0.716796875,31,15
010,0.279296875,0.720703125,31,17
011,0.25390625,0.74609375,29,15
