state,p_marked,error,gate_count,depth
000,0.509765625,0.490234375,32,16
001,0.517578125,0.482421875,30,14
010,0.564453125,0.435546875,30,16
011,0.509765625,0.490234375,28,14
