state,p_marked,error,gate_count,depth
000,0.470703125,0.529296875,47,25
001,0.48046875,0.51953125,43,21
010,0.486328125,0.513671875,43,25
011,0.140625,0.859375,39,21
