state,p_marked,error,gate_count,depth
000,0.486328125,0.513671875,41,21
001,0.509765625,0.490234375,37,17
010,0.50390625,0.49609375,37,21
011,0.490234375,0.509765625,33,17
