state,p_marked,error,gate_count,depth
000,0.240234375,0.759765625,39,20
001,0.115234375,0.884765625,37,18
010,0.275390625,0.724609375,37,20
011,0.12109375,0.87890625,35,18
