state,p_marked,error,gate_count,depth
000,0.271484375,0.728515625,38,19
001,0.125,0.875,36,17
010,0.23828125,0.76171875,36,19
011,0.130859375,0.869140625,34,17
