state,p_marked,error,gate_count,depth
000,0.15234375,0.84765625,24,12
001,0.140625,0.859375,20,8
010,0.125,0.875,20,12
011,0.119140625,0.880859375,16,8
