state,p_marked,error,gate_count,depth
000,0.505859375,0.494140625,47,25
001,0.0,1.0,43,21
010,0.48828125,0.51171875,43,25
011,0.126953125,0.873046875,39,21
