state,p_marked,error,gate_count,depth
000,0.005859375,0.994140625,43,22
001,0.01171875,0.98828125,43,22
010,0.009765625,0.990234375,43,22
011,0.005859375,0.994140625,43,22
