state,p_marked,error,gate_count,depth
000,0.533203125,0.466796875,42,21
001,0.462890625,0.537109375,38,17
010,0.482421875,0.517578125,38,21
011,0.517578125,0.482421875,34,17
