state,p_marked,error,gate_count,depth
000,0.08203125,0.91796875,34,17
001,0.14453125,0.85546875,32,15
010,0.134765625,0.865234375,32,17
011,0.1171875,0.8828125,30,15
