state,p_marked,error,gate_count,depth
000,0.095703125,0.904296875,15,7
001,0.123046875,0.876953125,13,5
010,0.13671875,0.86328125,13,7
011,0.119140625,0.880859375,11,5
