state,p_marked,error,gate_count,depth
000,0.134765625,0.865234375,59,30
001,0.1171875,0.8828125,55,26
010,0.115234375,0.884765625,55,30
011,0.142578125,0.857421875,51,26
