state,p_marked,error,gate_count,depth
000,0.119140625,0.880859375,24,12
001,0.15234375,0.84765625,20,8
010,0.103515625,0.896484375,20,12
011,0.125,0.875,16,8
