state,p_marked,error,gate_count,depth
000,0.587890625,0.412109375,33,16
001,0.568359375,0.431640625,31,14
010,0.580078125,0.419921875,31,16
011,0.55078125,0.44921875,29,14
