state,p_marked,error,gate_count,depth
000,0.001953125,0.998046875,164,114
001,0.1953125,0.8046875,164,114
010,0.060546875,0.939453125,164,114
011,0.310546875,0.689453125,164,114
