state,p_marked,error,gate_count,depth
000,0.1796875,0.8203125,145,82
001,0.095703125,0.904296875,143,80
010,0.076171875,0.923828125,143,82
011,0.07421875,0.92578125,141,80
