state,p_marked,error,gate_count,depth
000,0.123046875,0.876953125,33,17
001,0.1328125,0.8671875,27,11
010,0.125,0.875,27,17
011,0.13671875,0.86328125,21,11
