state,p_marked,error,gate_count,depth
000,0.103515625,0.896484375,34,16
001,0.076171875,0.923828125,32,14
010,0.521484375,0.478515625,32,16
011,0.5,0.5,30,14
