state,p_marked,error,gate_count,depth
000,0.478515625,0.521484375,33,17
001,0.505859375,0.494140625,31,15
010,0.51953125,0.48046875,31,17
011,0.515625,0.484375,29,15
