state,p_marked,error,gate_count,depth
000,0.0,1.0,43,23
001,0.009765625,0.990234375,43,23
010,0.0,1.0,43,23
011,0.005859375,0.994140625,43,23
