state,p_marked,error,gate_count,depth
000,0.453125,0.546875,33,16
001,0.474609375,0.525390625,31,14
010,0.509765625,0.490234375,31,16
011,0.51953125,0.48046875,29,14
