state,p_marked,error,gate_count,depth
000,0.0546875,0.9453125,124,82
001,0.0625,0.9375,124,82
010,0.15234375,0.84765625,124,82
011,0.169921875,0.830078125,124,82
