state,p_marked,error,gate_count,depth
000,0.111328125,0.888671875,42,22
001,0.126953125,0.873046875,38,18
010,0.119140625,0.880859375,38,22
011,0.126953125,0.873046875,34,18
