state,p_marked,error,gate_count,depth
000,0.013671875,0.986328125,87,43
001,0.04296875,0.95703125,85,41
010,0.076171875,0.923828125,85,43
011,0.05859375,0.94140625,83,41
