state,p_marked,error,gate_count,depth
000,0.0390625,0.9609375,33,16
001,0.060546875,0.939453125,31,14
010,0.068359375,0.931640625,31,16
011,0.041015625,0.958984375,29,14
