state,p_marked,error,gate_count,depth
000,0.236328125,0.763671875,32,16
001,0.263671875,0.736328125,30,14
010,0.27734375,0.72265625,30,16
011,0.248046875,0.751953125,28,14
