state,p_marked,error,gate_count,depth
000,0.216796875,0.783203125,52,27
001,0.05078125,0.94921875,50,25
010,0.19140625,0.80859375,50,27
011,0.056640625,0.943359375,48,25
