state,p_marked,error,gate_count,depth
000,0.193359375,0.806640625,58,40
001,0.06640625,0.93359375,58,40
010,0.19921875,0.80078125,58,40
011,0.1484375,0.8515625,58,40
