state,p_marked,error,gate_count,depth
000,0.236328125,0.763671875,62,33
001,0.076171875,0.923828125,58,29
010,0.0859375,0.9140625,58,33
011,0.255859375,0.744140625,54,29
