state,p_marked,error,gate_count,depth
000,0.12109375,0.87890625,51,27
001,0.1640625,0.8359375,41,17
010,0.15234375,0.84765625,41,27
011,0.146484375,0.853515625,31,17
