state,p_marked,error,gate_count,depth
000,0.44140625,0.55859375,32,16
001,0.52734375,0.47265625,30,14
010,0.494140625,0.505859375,30,16
011,0.525390625,0.474609375,28,14
