state,p_marked,error,gate_count,depth
000,0.505859375,0.494140625,32,16
001,0.49609375,0.50390625,30,14
010,0.537109375,0.462890625,30,16
011,0.5234375,0.4765625,28,14
