state,p_marked,error,gate_count,depth
000,0.271484375,0.728515625,33,16
001,0.265625,0.734375,31,14
010,0.255859375,0.744140625,31,16
011,0.24609375,0.75390625,29,14
