state,p_marked,error,gate_count,depth
000,0.140625,0.859375,46,24
001,0.125,0.875,42,20
010,0.107421875,0.892578125,42,24
011,0.150390625,0.849609375,38,20
