state,p_marked,error,gate_count,depth
000,0.095703125,0.904296875,33,17
001,0.111328125,0.888671875,27,11
010,0.138671875,0.861328125,27,17
011,0.12109375,0.87890625,21,11
