state,p_marked,error,gate_count,depth
000,0.06640625,0.93359375,41,21
001,0.07421875,0.92578125,37,17
010,0.056640625,0.943359375,37,21
011,0.052734375,0.947265625,33,17
