state,p_marked,error,gate_count,depth
000,0.1015625,0.8984375,67,46
001,0.3046875,0.6953125,65,45
010,0.25390625,0.74609375,65,46
011,0.013671875,0.986328125,63,45
