state,p_marked,error,gate_count,depth
000,0.529296875,0.470703125,33,17
001,0.466796875,0.533203125,31,15
010,0.484375,0.515625,31,17
011,0.537109375,0.462890625,29,15
