state,p_marked,error,gate_count,depth
000,0.544921875,0.455078125,33,16
001,0.583984375,0.416015625,31,14
010,0.07421875,0.92578125,31,16
011,0.064453125,0.935546875,29,14
