state,p_marked,error,gate_count,depth
000,0.533203125,0.466796875,42,21
001,0.544921875,0.455078125,38,17
010,0.56640625,0.43359375,38,21
011,0.55859375,0.44140625,34,17
