state,p_marked,error,gate_count,depth
000,0.1640625,0.8359375,32,16
001,0.16796875,0.83203125,30,14
010,0.20703125,0.79296875,30,16
011,0.181640625,0.818359375,28,14
