state,p_marked,error,gate_count,depth
000,0.11328125,0.88671875,23,11
001,0.119140625,0.880859375,23,11
010,0.125,0.875,23,11
011,0.111328125,0.888671875,23,11
