state,p_marked,error,gate_count,depth
000,0.544921875,0.455078125,42,21
001,0.591796875,0.408203125,38,17
010,0.06640625,0.93359375,38,21
011,0.05859375,0.94140625,34,17
