state,p_marked,error,gate_count,depth
000,0.126953125,0.873046875,33,16
001,0.130859375,0.869140625,31,14
010,0.150390625,0.849609375,31,16
011,0.095703125,0.904296875,29,14
