state,p_marked,error,gate_count,depth
000,0.142578125,0.857421875,59,30
001,0.126953125,0.873046875,55,26
010,0.103515625,0.896484375,55,30
011,0.103515625,0.896484375,51,26
