state,p_marked,error,gate_count,depth
000,0.0546875,0.9453125,34,18
001,0.05859375,0.94140625,32,16
010,0.07421875,0.92578125,32,18
011,0.068359375,0.931640625,30,16
