state,p_marked,error,gate_count,depth
000,0.4453125,0.5546875,78,41
001,0.115234375,0.884765625,74,38
010,0.140625,0.859375,74,41
011,0.119140625,0.880859375,70,38
