state,p_marked,error,gate_count,depth
000,0.10546875,0.89453125,63,31
001,0.115234375,0.884765625,59,28
010,0.12109375,0.87890625,59,31
011,0.1171875,0.8828125,55,28
