state,p_marked,error,gate_count,depth
000,0.140625,0.859375,42,22
001,0.115234375,0.884765625,34,14
010,0.125,0.875,34,22
011,0.1328125,0.8671875,26,14
