state,p_marked,error,gate_count,depth
000,0.556640625,0.443359375,42,21
001,0.587890625,0.412109375,38,17
010,0.580078125,0.419921875,38,21
011,0.55078125,0.44921875,34,17
