state,p_marked,error,gate_count,depth
000,0.134765625,0.865234375,33,17
001,0.1171875,0.8828125,27,11
010,0.16015625,0.83984375,27,17
011,0.142578125,0.857421875,21,11
