state,p_marked,error,gate_count,depth
000,0.13671875,0.86328125,33,17
001,0.0,1.0,31,15
010,0.103515625,0.896484375,31,17
011,0.109375,0.890625,29,15
