state,p_marked,error,gate_count,depth
000,0.12890625,0.87109375,64,34
001,0.130859375,0.869140625,60,30
010,0.14453125,0.85546875,60,34
011,0.130859375,0.869140625,56,30
