state,p_marked,error,gate_count,depth
000,0.05859375,0.94140625,32,15
001,0.0703125,0.9296875,30,13
010,0.04296875,0.95703125,30,15
011,0.052734375,0.947265625,28,13
