state,p_marked,error,gate_count,depth
000,0.28515625,0.71484375,33,16
001,0.244140625,0.755859375,31,14
010,0.291015625,0.708984375,31,16
011,0.234375,0.765625,29,14
