state,p_marked,error,gate_count,depth
000,0.125,0.875,42,22
001,0.1328125,0.8671875,34,14
010,0.115234375,0.884765625,34,22
011,0.12890625,0.87109375,26,14
