state,p_marked,error,gate_count,depth
000,0.1171875,0.8828125,46,24
001,0.130859375,0.869140625,42,20
010,0.08984375,0.91015625,42,24
011,0.146484375,0.853515625,38,20
