state,p_marked,error,gate_count,depth
000,0.490234375,0.509765625,33,17
001,0.49609375,0.50390625,31,15
010,0.50390625,0.49609375,31,17
011,0.4921875,0.5078125,29,15
