state,p_marked,error,gate_count,depth
000,0.033203125,0.966796875,111,63
001,0.095703125,0.904296875,105,57
010,0.021484375,0.978515625,105,63
011,0.03515625,0.96484375,99,57
