state,p_marked,error,gate_count,depth
000,0.10546875,0.89453125,50,26
001,0.111328125,0.888671875,44,20
010,0.14453125,0.85546875,44,26
011,0.111328125,0.888671875,38,20
