state,p_marked,error,gate_count,depth
000,0.15625,0.84375,15,7
001,0.130859375,0.869140625,13,5
010,0.12109375,0.87890625,13,7
011,0.109375,0.890625,11,5
