state,p_marked,error,gate_count,depth
000,0.166015625,0.833984375,123,84
001,0.07421875,0.92578125,121,83
010,0.203125,0.796875,121,84
011,0.169921875,0.830078125,119,83
