state,p_marked,error,gate_count,depth
000,0.427734375,0.572265625,49,30
001,0.0,1.0,49,30
010,0.005859375,0.994140625,49,30
011,0.0,1.0,49,30
