state,p_marked,error,gate_count,depth
000,0.0,1.0,38,22
001,0.125,0.875,36,20
010,0.134765625,0.865234375,36,22
011,0.134765625,0.865234375,34,20
