state,p_marked,error,gate_count,depth
000,0.578125,0.421875,33,16
001,0.5546875,0.4453125,31,14
010,0.57421875,0.42578125,31,16
011,0.56640625,0.43359375,29,14
