state,p_marked,error,gate_count,depth
000,0.119140625,0.880859375,53,35
001,0.00390625,0.99609375,53,35
010,0.0859375,0.9140625,53,35
011,0.21484375,0.78515625,53,35
