state,p_marked,error,gate_count,depth
000,0.58203125,0.41796875,34,17
001,0.509765625,0.490234375,32,15
010,0.57421875,0.42578125,32,17
011,0.59765625,0.40234375,30,15
