state,p_marked,error,gate_count,depth
000,0.072265625,0.927734375,33,15
001,0.080078125,0.919921875,31,13
010,0.06640625,0.93359375,31,15
011,0.064453125,0.935546875,29,13
