state,p_marked,error,gate_count,depth
000,0.486328125,0.513671875,33,16
001,0.501953125,0.498046875,31,14
010,0.5078125,0.4921875,31,16
011,0.50390625,0.49609375,29,14
