state,p_marked,error,gate_count,depth
000,0.029296875,0.970703125,61,41
001,0.0703125,0.9296875,59,39
010,0.552734375,0.447265625,59,41
011,0.419921875,0.580078125,57,39
