state,p_marked,error,gate_count,depth
000,0.115234375,0.884765625,35,19
001,0.123046875,0.876953125,33,17
010,0.123046875,0.876953125,33,19
011,0.119140625,0.880859375,31,17
