state,p_marked,error,gate_count,depth
000,0.125,0.875,42,22
001,0.123046875,0.876953125,34,14
010,0.12890625,0.87109375,34,22
011,0.09765625,0.90234375,26,14
