state,p_marked,error,gate_count,depth
000,0.125,0.875,41,20
001,0.126953125,0.873046875,37,16
010,0.119140625,0.880859375,37,20
011,0.14453125,0.85546875,33,16
