state,p_marked,error,gate_count,depth
000,0.484375,0.515625,32,16
001,0.546875,0.453125,30,14
010,0.541015625,0.458984375,30,16
011,0.53515625,0.46484375,28,14
