state,p_marked,error,gate_count,depth
000,0.1640625,0.8359375,62,44
001,0.048828125,0.951171875,62,44
010,0.052734375,0.947265625,62,44
011,0.564453125,0.435546875,62,44
