state,p_marked,error,gate_count,depth
000,0.541015625,0.458984375,66,33
001,0.5703125,0.4296875,64,31
010,0.576171875,0.423828125,64,33
011,0.560546875,0.439453125,62,31
