state,p_marked,error,gate_count,depth
000,0.478515625,0.521484375,33,17
001,0.5390625,0.4609375,31,15
010,0.46875,0.53125,31,17
011,0.5234375,0.4765625,29,15
