state,p_marked,error,gate_count,depth
000,0.0,1.0,86,45
001,0.0,1.0,80,40
010,0.12109375,0.87890625,80,45
011,0.0,1.0,74,40
