state,p_marked,error,gate_count,depth
000,0.123046875,0.876953125,15,7
001,0.095703125,0.904296875,13,5
010,0.12109375,0.87890625,13,7
011,0.142578125,0.857421875,11,5
