state,p_marked,error,gate_count,depth
000,0.1484375,0.8515625,46,24
001,0.119140625,0.880859375,42,20
010,0.119140625,0.880859375,42,24
011,0.1171875,0.8828125,38,20
