state,p_marked,error,gate_count,depth
000,0.01953125,0.98046875,44,23
001,0.01171875,0.98828125,40,19
010,0.025390625,0.974609375,40,23
011,0.021484375,0.978515625,36,19
