state,p_marked,error,gate_count,depth
000,0.13671875,0.86328125,69,36
001,0.1171875,0.8828125,59,26
010,0.12890625,0.87109375,59,36
011,0.11328125,0.88671875,49,26
