state,p_marked,error,gate_count,depth
000,0.45703125,0.54296875,42,21
001,0.515625,0.484375,38,17
010,0.462890625,0.537109375,38,21
011,0.5078125,0.4921875,34,17
