state,p_marked,error,gate_count,depth
000,0.078125,0.921875,32,16
001,0.060546875,0.939453125,30,14
010,0.078125,0.921875,30,16
011,0.060546875,0.939453125,28,14
