state,p_marked,error,gate_count,depth
000,0.505859375,0.494140625,33,17
001,0.154296875,0.845703125,31,15
010,0.142578125,0.857421875,31,17
011,0.490234375,0.509765625,29,15
