state,p_marked,error,gate_count,depth
000,0.583984375,0.416015625,33,16
001,0.583984375,0.416015625,31,14
010,0.357421875,0.642578125,31,16
011,0.3046875,0.6953125,29,14
