state,p_marked,error,gate_count,depth
000,0.49609375,0.50390625,33,16
001,0.517578125,0.482421875,31,14
010,0.494140625,0.505859375,31,16
011,0.5234375,0.4765625,29,14
