state,p_marked,error,gate_count,depth
000,0.142578125,0.857421875,33,15
001,0.103515625,0.896484375,31,13
010,0.12890625,0.87109375,31,15
011,0.130859375,0.869140625,29,13
