state,p_marked,error,gate_count,depth
000,0.515625,0.484375,33,16
001,0.5078125,0.4921875,31,14
010,0.1484375,0.8515625,31,16
011,0.146484375,0.853515625,29,14
