state,p_marked,error,gate_count,depth
000,0.578125,0.421875,51,26
001,0.55078125,0.44921875,45,20
010,0.505859375,0.494140625,45,26
011,0.583984375,0.416015625,39,20
