state,p_marked,error,gate_count,depth
000,0.25390625,0.74609375,38,19
001,0.12890625,0.87109375,36,17
010,0.248046875,0.751953125,36,19
011,0.126953125,0.873046875,34,17
