state,p_marked,error,gate_count,depth
000,0.11328125,0.88671875,32,18
001,0.205078125,0.794921875,32,18
010,0.140625,0.859375,32,18
011,0.0859375,0.9140625,32,18
