state,p_marked,error,gate_count,depth
000,0.04296875,0.95703125,34,17
001,0.078125,0.921875,32,15
010,0.048828125,0.951171875,32,17
011,0.064453125,0.935546875,30,15
