state,p_marked,error,gate_count,depth
000,0.5390625,0.4609375,33,17
001,0.486328125,0.513671875,31,15
010,0.49609375,0.50390625,31,17
011,0.53125,0.46875,29,15
