state,p_marked,error,gate_count,depth
000,0.283203125,0.716796875,33,17
001,0.251953125,0.748046875,31,15
010,0.23046875,0.76953125,31,17
011,0.279296875,0.720703125,29,15
