state,p_marked,error,gate_count,depth
000,0.51953125,0.48046875,33,17
001,0.5,0.5,31,15
010,0.447265625,0.552734375,31,17
011,0.498046875,0.501953125,29,15
