state,p_marked,error,gate_count,depth
000,0.12890625,0.87109375,24,12
001,0.1328125,0.8671875,20,8
010,0.140625,0.859375,20,12
011,0.126953125,0.873046875,16,8
