state,p_marked,error,gate_count,depth
000,0.126953125,0.873046875,60,32
001,0.15234375,0.84765625,48,20
010,0.146484375,0.853515625,48,32
011,0.12109375,0.87890625,36,20
