state,p_marked,error,gate_count,depth
000,0.12109375,0.87890625,47,25
001,0.14453125,0.85546875,43,21
010,0.099609375,0.900390625,43,25
011,0.142578125,0.857421875,39,21
