state,p_marked,error,gate_count,depth
000,0.490234375,0.509765625,41,21
001,0.447265625,0.552734375,37,17
010,0.505859375,0.494140625,37,21
011,0.515625,0.484375,33,17
