state,p_marked,error,gate_count,depth
000,0.26953125,0.73046875,51,26
001,0.244140625,0.755859375,45,20
010,0.2890625,0.7109375,45,26
011,0.283203125,0.716796875,39,20
