state,p_marked,error,gate_count,depth
000,0.08984375,0.91015625,175,92
001,0.091796875,0.908203125,169,86
010,0.04296875,0.95703125,169,92
011,0.302734375,0.697265625,163,86
