state,p_marked,error,gate_count,depth
000,0.1015625,0.8984375,42,22
001,0.12109375,0.87890625,34,14
010,0.138671875,0.861328125,34,22
011,0.150390625,0.849609375,26,14
