state,p_marked,error,gate_count,depth
000,0.126953125,0.873046875,51,27
001,0.12109375,0.87890625,41,17
010,0.103515625,0.896484375,41,27
011,0.115234375,0.884765625,31,17
