state,p_marked,error,gate_count,depth
000,0.150390625,0.849609375,42,22
001,0.08984375,0.91015625,34,14
010,0.09765625,0.90234375,34,22
011,0.111328125,0.888671875,26,14
