state,p_marked,error,gate_count,depth
000,0.234375,0.765625,32,16
001,0.251953125,0.748046875,30,14
010,0.25,0.75,30,16
011,0.234375,0.765625,28,14
