state,p_marked,error,gate_count,depth
000,0.609375,0.390625,33,16
001,0.541015625,0.458984375,31,14
010,0.5859375,0.4140625,31,16
011,0.529296875,0.470703125,29,14
