state,p_marked,error,gate_count,depth
000,0.162109375,0.837890625,15,7
001,0.154296875,0.845703125,13,5
010,0.103515625,0.896484375,13,7
011,0.15625,0.84375,11,5
