state,p_marked,error,gate_count,depth
000,0.08203125,0.91796875,33,16
001,0.07421875,0.92578125,31,14
010,0.0703125,0.9296875,31,16
011,0.056640625,0.943359375,29,14
