state,p_marked,error,gate_count,depth
000,0.548828125,0.451171875,33,16
001,0.58984375,0.41015625,31,14
010,0.044921875,0.955078125,31,16
011,0.078125,0.921875,29,14
