state,p_marked,error,gate_count,depth
000,0.50390625,0.49609375,33,17
001,0.51171875,0.48828125,31,15
010,0.4765625,0.5234375,31,17
011,0.119140625,0.880859375,29,15
