state,p_marked,error,gate_count,depth
000,0.072265625,0.927734375,32,16
001,0.0703125,0.9296875,30,14
010,0.083984375,0.916015625,30,16
011,0.05859375,0.94140625,28,14
