state,p_marked,error,gate_count,depth
000,0.08203125,0.91796875,119,89
001,0.263671875,0.736328125,119,89
010,0.015625,0.984375,119,89
011,0.25,0.75,119,89
