state,p_marked,error,gate_count,depth
000,0.572265625,0.427734375,33,16
001,0.521484375,0.478515625,31,14
010,0.583984375,0.416015625,31,16
011,0.546875,0.453125,29,14
