state,p_marked,error,gate_count,depth
000,0.1171875,0.8828125,33,17
001,0.095703125,0.904296875,27,11
010,0.14453125,0.85546875,27,17
011,0.146484375,0.853515625,21,11
