state,p_marked,error,gate_count,depth
000,0.58203125,0.41796875,34,17
001,0.568359375,0.431640625,32,15
010,0.54296875,0.45703125,32,17
011,0.556640625,0.443359375,30,15
