state,p_marked,error,gate_count,depth
000,0.64453125,0.35546875,33,16
001,0.599609375,0.400390625,31,14
010,0.357421875,0.642578125,31,16
011,0.341796875,0.658203125,29,14
