state,p_marked,error,gate_count,depth
000,0.47265625,0.52734375,41,21
001,0.484375,0.515625,37,17
010,0.478515625,0.521484375,37,21
011,0.48828125,0.51171875,33,17
