state,p_marked,error,gate_count,depth
000,0.11328125,0.88671875,33,15
001,0.115234375,0.884765625,31,13
010,0.09765625,0.90234375,31,15
011,0.123046875,0.876953125,29,13
