state,p_marked,error,gate_count,depth
000,0.29296875,0.70703125,65,37
001,0.064453125,0.935546875,61,33
010,0.16015625,0.83984375,61,37
011,0.03125,0.96875,57,33
