state,p_marked,error,gate_count,depth
000,0.12890625,0.87109375,50,25
001,0.126953125,0.873046875,48,23
010,0.1328125,0.8671875,48,25
011,0.12890625,0.87109375,46,23
