state,p_marked,error,gate_count,depth
000,0.015625,0.984375,42,23
001,0.0,1.0,40,21
010,0.38671875,0.61328125,40,23
011,0.025390625,0.974609375,38,21
