state,p_marked,error,gate_count,depth
000,0.140625,0.859375,24,12
001,0.13671875,0.86328125,20,8
010,0.123046875,0.876953125,20,12
011,0.11328125,0.88671875,16,8
