state,p_marked,error,gate_count,depth
000,0.060546875,0.939453125,32,16
001,0.09375,0.90625,30,14
010,0.080078125,0.919921875,30,16
011,0.0625,0.9375,28,14
