state,p_marked,error,gate_count,depth
000,0.115234375,0.884765625,42,21
001,0.130859375,0.869140625,42,21
010,0.140625,0.859375,42,21
011,0.1328125,0.8671875,42,21
