state,p_marked,error,gate_count,depth
000,0.130859375,0.869140625,32,16
001,0.134765625,0.865234375,30,14
010,0.134765625,0.865234375,30,16
011,0.107421875,0.892578125,28,14
