state,p_marked,error,gate_count,depth
000,0.2578125,0.7421875,33,17
001,0.2734375,0.7265625,31,15
010,0.228515625,0.771484375,31,17
011,0.255859375,0.744140625,29,15
