state,p_marked,error,gate_count,depth
000,0.16015625,0.83984375,38,20
001,0.0,1.0,36,18
010,0.111328125,0.888671875,36,20
011,0.0,1.0,34,18
