state,p_marked,error,gate_count,depth
000,0.09765625,0.90234375,23,10
001,0.125,0.875,23,10
010,0.123046875,0.876953125,23,10
011,0.1015625,0.8984375,23,10
