state,p_marked,error,gate_count,depth
000,0.12109375,0.87890625,32,16
001,0.134765625,0.865234375,30,14
010,0.12890625,0.87109375,30,16
011,0.123046875,0.876953125,28,14
