state,p_marked,error,gate_count,depth
000,0.24609375,0.75390625,66,43
001,0.123046875,0.876953125,64,41
010,0.240234375,0.759765625,64,43
011,0.591796875,0.408203125,62,41
