state,p_marked,error,gate_count,depth
000,0.1640625,0.8359375,59,31
001,0.15625,0.84375,55,27
010,0.140625,0.859375,55,31
011,0.11328125,0.88671875,51,27
