state,p_marked,error,gate_count,depth
000,0.525390625,0.474609375,34,17
001,0.583984375,0.416015625,32,15
010,0.572265625,0.427734375,32,17
011,0.560546875,0.439453125,30,15
