state,p_marked,error,gate_count,depth
000,0.091796875,0.908203125,93,54
001,0.1484375,0.8515625,85,47
010,0.060546875,0.939453125,85,54
011,0.017578125,0.982421875,77,46
