state,p_marked,error,gate_count,depth
000,0.48828125,0.51171875,33,17
001,0.517578125,0.482421875,31,15
010,0.478515625,0.521484375,31,17
011,0.46875,0.53125,29,15
