state,p_marked,error,gate_count,depth
000,0.541015625,0.458984375,42,21
001,0.568359375,0.431640625,38,17
010,0.546875,0.453125,38,21
011,0.544921875,0.455078125,34,17
