state,p_marked,error,gate_count,depth
000,0.123046875,0.876953125,33,15
001,0.107421875,0.892578125,31,13
010,0.12109375,0.87890625,31,15
011,0.130859375,0.869140625,29,13
