state,p_marked,error,gate_count,depth
000,0.462890625,0.537109375,32,16
001,0.501953125,0.498046875,30,14
010,0.494140625,0.505859375,30,16
011,0.474609375,0.525390625,28,14
