state,p_marked,error,gate_count,depth
000,0.6171875,0.3828125,33,16
001,0.53125,0.46875,31,14
010,0.57421875,0.42578125,31,16
011,0.609375,0.390625,29,14
