state,p_marked,error,gate_count,depth
000,0.55859375,0.44140625,34,16
001,0.486328125,0.513671875,32,14
010,0.533203125,0.466796875,32,16
011,0.51953125,0.48046875,30,14
