state,p_marked,error,gate_count,depth
000,0.01171875,0.98828125,53,37
001,0.3359375,0.6640625,53,37
010,0.064453125,0.935546875,53,37
011,0.134765625,0.865234375,53,37
