state,p_marked,error,gate_count,depth
000,0.26171875,0.73828125,69,35
001,0.2734375,0.7265625,63,29
010,0.248046875,0.751953125,63,35
011,0.2421875,0.7578125,57,29
