state,p_marked,error,gate_count,depth
000,0.044921875,0.955078125,50,34
001,0.015625,0.984375,50,34
010,0.763671875,0.236328125,50,34
011,0.05078125,0.94921875,50,34
