state,p_marked,error,gate_count,depth
000,0.587890625,0.412109375,60,31
001,0.58203125,0.41796875,52,23
010,0.5703125,0.4296875,52,31
011,0.56640625,0.43359375,44,23
