state,p_marked,error,gate_count,depth
000,0.271484375,0.728515625,51,25
001,0.271484375,0.728515625,49,23
010,0.251953125,0.748046875,49,25
011,0.2734375,0.7265625,47,23
