state,p_marked,error,gate_count,depth
000,0.0,1.0,52,26
001,0.263671875,0.736328125,50,24
010,0.0,1.0,50,26
011,0.25390625,0.74609375,48,24
