state,p_marked,error,gate_count,depth
000,0.2109375,0.7890625,50,25
001,0.240234375,0.759765625,48,23
010,0.2578125,0.7421875,48,25
011,0.234375,0.765625,46,23
