state,p_marked,error,gate_count,depth
000,0.548828125,0.451171875,42,21
001,0.568359375,0.431640625,38,17
010,0.55859375,0.44140625,38,21
011,0.53515625,0.46484375,34,17
