state,p_marked,error,gate_count,depth
000,0.0,1.0,44,25
001,0.134765625,0.865234375,42,23
010,0.0,1.0,42,25
011,0.1640625,0.8359375,40,23
