state,p_marked,error,gate_count,depth
000,0.091796875,0.908203125,24,12
001,0.125,0.875,20,8
010,0.142578125,0.857421875,20,12
011,0.13671875,0.86328125,16,8
