state,p_marked,error,gate_count,depth
000,0.126953125,0.873046875,33,17
001,0.15625,0.84375,27,11
010,0.1171875,0.8828125,27,17
011,0.12890625,0.87109375,21,11
