state,p_marked,error,gate_count,depth
000,0.068359375,0.931640625,63,41
001,0.462890625,0.537109375,61,39
010,0.005859375,0.994140625,61,41
011,0.12890625,0.87109375,59,39
