state,p_marked,error,gate_count,depth
000,0.197265625,0.802734375,72,40
001,0.0546875,0.9453125,70,39
010,0.0,1.0,70,40
011,0.203125,0.796875,68,39
