state,p_marked,error,gate_count,depth
000,0.126953125,0.873046875,41,21
001,0.123046875,0.876953125,37,17
010,0.111328125,0.888671875,37,21
011,0.146484375,0.853515625,33,17
