state,p_marked,error,gate_count,depth
000,0.453125,0.546875,32,16
001,0.5234375,0.4765625,30,14
010,0.501953125,0.498046875,30,16
011,0.51171875,0.48828125,28,14
