state,p_marked,error,gate_count,depth
000,0.50390625,0.49609375,33,17
001,0.513671875,0.486328125,31,15
010,0.509765625,0.490234375,31,17
011,0.54296875,0.45703125,29,15
