state,p_marked,error,gate_count,depth
000,0.111328125,0.888671875,51,27
001,0.140625,0.859375,49,25
010,0.150390625,0.849609375,49,27
011,0.125,0.875,47,25
