state,p_marked,error,gate_count,depth
000,0.126953125,0.873046875,41,21
001,0.099609375,0.900390625,37,17
010,0.11328125,0.88671875,37,21
011,0.10546875,0.89453125,33,17
