state,p_marked,error,gate_count,depth
000,0.009765625,0.990234375,68,46
001,0.271484375,0.728515625,68,46
010,0.0625,0.9375,68,46
011,0.232421875,0.767578125,68,46
