state,p_marked,error,gate_count,depth
000,0.123046875,0.876953125,32,15
001,0.09375,0.90625,30,13
010,0.119140625,0.880859375,30,15
011,0.125,0.875,28,13
