state,p_marked,error,gate_count,depth
000,0.5,0.5,33,16
001,0.46875,0.53125,31,14
010,0.50390625,0.49609375,31,16
011,0.537109375,0.462890625,29,14
