state,p_marked,error,gate_count,depth
000,0.10546875,0.89453125,46,24
001,0.107421875,0.892578125,42,20
010,0.126953125,0.873046875,42,24
011,0.126953125,0.873046875,38,20
