state,p_marked,error,gate_count,depth
000,0.57421875,0.42578125,33,16
001,0.55859375,0.44140625,31,14
010,0.0546875,0.9453125,31,16
011,0.072265625,0.927734375,29,14
