state,p_marked,error,gate_count,depth
000,0.119140625,0.880859375,24,12
001,0.099609375,0.900390625,20,8
010,0.142578125,0.857421875,20,12
011,0.099609375,0.900390625,16,8
