state,p_marked,error,gate_count,depth
000,0.529296875,0.470703125,42,22
001,0.486328125,0.513671875,38,18
010,0.521484375,0.478515625,38,22
011,0.505859375,0.494140625,34,18
