state,p_marked,error,gate_count,depth
000,0.21484375,0.78515625,27,14
001,0.0234375,0.9765625,27,14
010,0.1953125,0.8046875,27,14
011,0.248046875,0.751953125,27,14
