state,p_marked,error,gate_count,depth
000,0.13671875,0.86328125,41,20
001,0.123046875,0.876953125,37,16
010,0.107421875,0.892578125,37,20
011,0.138671875,0.861328125,33,16
