state,p_marked,error,gate_count,depth
000,0.513671875,0.486328125,34,18
001,0.490234375,0.509765625,32,16
010,0.494140625,0.505859375,32,18
011,0.12109375,0.87890625,30,16
