state,p_marked,error,gate_count,depth
000,0.365234375,0.634765625,59,32
001,0.07421875,0.92578125,57,30
010,0.173828125,0.826171875,57,32
011,0.0078125,0.9921875,55,30
