state,p_marked,error,gate_count,depth
000,0.552734375,0.447265625,42,21
001,0.53125,0.46875,38,17
010,0.5703125,0.4296875,38,21
011,0.515625,0.484375,34,17
