state,p_marked,error,gate_count,depth
000,0.125,0.875,28,15
001,0.125,0.875,28,15
010,0.1171875,0.8828125,28,15
011,0.095703125,0.904296875,28,15
