state,p_marked,error,gate_count,depth
000,0.107421875,0.892578125,34,16
001,0.146484375,0.853515625,32,14
010,0.140625,0.859375,32,16
011,0.162109375,0.837890625,30,14
