state,p_marked,error,gate_count,depth
000,0.107421875,0.892578125,42,22
001,0.12890625,0.87109375,34,14
010,0.15234375,0.84765625,34,22
011,0.130859375,0.869140625,26,14
