state,p_marked,error,gate_count,depth
000,0.55078125,0.44921875,32,16
001,0.513671875,0.486328125,30,14
010,0.466796875,0.533203125,30,16
011,0.525390625,0.474609375,28,14
