state,p_marked,error,gate_count,depth
000,0.052734375,0.947265625,32,15
001,0.07421875,0.92578125,30,13
010,0.056640625,0.943359375,30,15
011,0.064453125,0.935546875,28,13
