state,p_marked,error,gate_count,depth
000,0.1796875,0.8203125,124,88
001,0.009765625,0.990234375,124,88
010,0.06640625,0.93359375,124,88
011,0.095703125,0.904296875,124,88
