state,p_marked,error,gate_count,depth
000,0.12109375,0.87890625,115,62
001,0.169921875,0.830078125,109,56
010,0.015625,0.984375,109,62
011,0.072265625,0.927734375,103,56
