state,p_marked,error,gate_count,depth
000,0.12890625,0.87109375,33,15
001,0.130859375,0.869140625,31,13
010,0.11328125,0.88671875,31,15
011,0.130859375,0.869140625,29,13
