state,p_marked,error,gate_count,depth
000,0.10546875,0.89453125,42,21
001,0.12890625,0.87109375,42,21
010,0.111328125,0.888671875,42,21
011,0.125,0.875,42,21
