state,p_marked,error,gate_count,depth
000,0.126953125,0.873046875,33,17
001,0.0,1.0,31,15
010,0.12109375,0.87890625,31,17
011,0.154296875,0.845703125,29,15
