state,p_marked,error,gate_count,depth
000,0.5703125,0.4296875,34,16
001,0.58984375,0.41015625,32,14
010,0.57421875,0.42578125,32,16
011,0.53515625,0.46484375,30,14
