state,p_marked,error,gate_count,depth
000,0.125,0.875,42,22
001,0.125,0.875,34,14
010,0.130859375,0.869140625,34,22
011,0.119140625,0.880859375,26,14
