state,p_marked,error,gate_count,depth
000,0.0,1.0,98,52
001,0.140625,0.859375,90,45
010,0.138671875,0.861328125,90,52
011,0.265625,0.734375,82,44
