state,p_marked,error,gate_count,depth
000,0.205078125,0.794921875,52,27
001,0.015625,0.984375,50,25
010,0.06640625,0.93359375,50,27
011,0.06640625,0.93359375,48,25
