state,p_marked,error,gate_count,depth
000,0.2109375,0.7890625,54,33
001,0.05859375,0.94140625,52,31
010,0.091796875,0.908203125,52,33
011,0.00390625,0.99609375,50,31
