state,p_marked,error,gate_count,depth
000,0.55859375,0.44140625,42,21
001,0.564453125,0.435546875,38,17
010,0.5859375,0.4140625,38,21
011,0.541015625,0.458984375,34,17
