state,p_marked,error,gate_count,depth
000,0.12109375,0.87890625,33,16
001,0.1015625,0.8984375,31,14
010,0.14453125,0.85546875,31,16
011,0.095703125,0.904296875,29,14
