state,p_marked,error,gate_count,depth
000,0.5,0.5,34,18
001,0.482421875,0.517578125,32,16
010,0.142578125,0.857421875,32,18
011,0.474609375,0.525390625,30,16
