state,p_marked,error,gate_count,depth
000,0.134765625,0.865234375,41,22
001,0.4921875,0.5078125,39,20
010,0.50390625,0.49609375,39,22
011,0.109375,0.890625,37,20
