state,p_marked,error,gate_count,depth
000,0.15234375,0.84765625,15,7
001,0.125,0.875,13,5
010,0.11328125,0.88671875,13,7
011,0.140625,0.859375,11,5
