state,p_marked,error,gate_count,depth
000,0.12890625,0.87109375,41,20
001,0.115234375,0.884765625,37,16
010,0.1328125,0.8671875,37,20
011,0.1015625,0.8984375,33,16
