state,p_marked,error,gate_count,depth
000,0.126953125,0.873046875,15,7
001,0.12890625,0.87109375,13,5
010,0.107421875,0.892578125,13,7
011,0.103515625,0.896484375,11,5
