state,p_marked,error,gate_count,depth
000,0.01171875,0.98828125,69,34
001,0.009765625,0.990234375,67,32
010,0.099609375,0.900390625,67,34
011,0.015625,0.984375,65,32
