state,p_marked,error,gate_count,depth
000,0.486328125,0.513671875,32,16
001,0.46875,0.53125,30,14
010,0.4453125,0.5546875,30,16
011,0.51953125,0.48046875,28,14
