state,p_marked,error,gate_count,depth
000,0.166015625,0.833984375,60,31
001,0.2109375,0.7890625,52,23
010,0.048828125,0.951171875,52,31
011,0.05859375,0.94140625,44,23
