state,p_marked,error,gate_count,depth
000,0.0,1.0,41,21
001,0.10546875,0.89453125,37,17
010,0.0,1.0,37,21
011,0.1328125,0.8671875,33,17
