state,p_marked,error,gate_count,depth
000,0.625,0.375,33,16
001,0.5625,0.4375,31,14
010,0.58203125,0.41796875,31,16
011,0.60546875,0.39453125,29,14
