state,p_marked,error,gate_count,depth
000,0.11328125,0.88671875,32,15
001,0.146484375,0.853515625,30,13
010,0.12109375,0.87890625,30,15
011,0.095703125,0.904296875,28,13
