state,p_marked,error,gate_count,depth
000,0.50390625,0.49609375,33,16
001,0.56640625,0.43359375,31,14
010,0.564453125,0.435546875,31,16
011,0.58203125,0.41796875,29,14
