state,p_marked,error,gate_count,depth
000,0.501953125,0.498046875,32,16
001,0.52734375,0.47265625,30,14
010,0.46875,0.53125,30,16
011,0.5078125,0.4921875,28,14
