state,p_marked,error,gate_count,depth
000,0.513671875,0.486328125,33,17
001,0.513671875,0.486328125,31,15
010,0.509765625,0.490234375,31,17
011,0.123046875,0.876953125,29,15
