state,p_marked,error,gate_count,depth
000,0.1171875,0.8828125,52,28
001,0.13671875,0.86328125,50,26
010,0.1171875,0.8828125,50,28
011,0.111328125,0.888671875,48,26
