state,p_marked,error,gate_count,depth
000,0.134765625,0.865234375,50,26
001,0.13671875,0.86328125,44,20
010,0.12890625,0.87109375,44,26
011,0.140625,0.859375,38,20
