state,p_marked,error,gate_count,depth
000,0.060546875,0.939453125,113,60
001,0.27734375,0.72265625,107,54
010,0.05859375,0.94140625,107,60
011,0.263671875,0.736328125,101,54
