state,p_marked,error,gate_count,depth
000,0.5078125,0.4921875,32,16
001,0.51953125,0.48046875,30,14
010,0.5625,0.4375,30,16
011,0.529296875,0.470703125,28,14
