state,p_marked,error,gate_count,depth
000,0.111328125,0.888671875,15,7
001,0.130859375,0.869140625,13,5
010,0.12890625,0.87109375,13,7
011,0.10546875,0.89453125,11,5
