state,p_marked,error,gate_count,depth
000,0.109375,0.890625,50,25
001,0.11328125,0.88671875,48,23
010,0.150390625,0.849609375,48,25
011,0.13671875,0.86328125,46,23
