state,p_marked,error,gate_count,depth
000,0.130859375,0.869140625,77,48
001,0.103515625,0.896484375,75,47
010,0.185546875,0.814453125,75,48
011,0.16015625,0.83984375,73,47
