state,p_marked,error,gate_count,depth
000,0.0,1.0,132,84
001,0.181640625,0.818359375,130,82
010,0.3203125,0.6796875,130,84
011,0.10546875,0.89453125,128,82
