state,p_marked,error,gate_count,depth
000,0.10546875,0.89453125,41,23
001,0.236328125,0.763671875,39,21
010,0.61328125,0.38671875,39,23
011,0.076171875,0.923828125,37,21
