state,p_marked,error,gate_count,depth
000,0.1328125,0.8671875,41,20
001,0.1171875,0.8828125,37,16
010,0.12890625,0.87109375,37,20
011,0.126953125,0.873046875,33,16
