state,p_marked,error,gate_count,depth
000,0.09765625,0.90234375,23,10
001,0.126953125,0.873046875,23,10
010,0.08984375,0.91015625,23,10
011,0.09375,0.90625,23,10
