state,p_marked,error,gate_count,depth
000,0.140625,0.859375,33,17
001,0.103515625,0.896484375,27,11
010,0.12109375,0.87890625,27,17
011,0.154296875,0.845703125,21,11
