state,p_marked,error,gate_count,depth
000,0.265625,0.734375,32,16
001,0.236328125,0.763671875,30,14
010,0.228515625,0.771484375,30,16
011,0.251953125,0.748046875,28,14
