state,p_marked,error,gate_count,depth
000,0.4609375,0.5390625,41,21
001,0.48828125,0.51171875,37,17
010,0.51953125,0.48046875,37,21
011,0.4921875,0.5078125,33,17
