state,p_marked,error,gate_count,depth
000,0.109375,0.890625,50,26
001,0.095703125,0.904296875,48,24
010,0.12109375,0.87890625,48,26
011,0.1171875,0.8828125,46,24
