state,p_marked,error,gate_count,depth
000,0.5390625,0.4609375,33,17
001,0.12890625,0.87109375,31,15
010,0.1171875,0.8828125,31,17
011,0.51171875,0.48828125,29,15
