state,p_marked,error,gate_count,depth
000,0.11328125,0.88671875,33,17
001,0.138671875,0.861328125,27,11
010,0.125,0.875,27,17
011,0.1171875,0.8828125,21,11
