state,p_marked,error,gate_count,depth
000,0.486328125,0.513671875,32,16
001,0.515625,0.484375,30,14
010,0.458984375,0.541015625,30,16
011,0.4375,0.5625,28,14
