state,p_marked,error,gate_count,depth
000,0.537109375,0.462890625,33,17
001,0.48046875,0.51953125,31,15
010,0.494140625,0.505859375,31,17
011,0.099609375,0.900390625,29,15
