state,p_marked,error,gate_count,depth
000,0.599609375,0.400390625,33,16
001,0.578125,0.421875,31,14
010,0.5625,0.4375,31,16
011,0.5625,0.4375,29,14
