state,p_marked,error,gate_count,depth
000,0.05859375,0.94140625,34,17
001,0.068359375,0.931640625,32,15
010,0.099609375,0.900390625,32,17
011,0.05078125,0.94921875,30,15
