state,p_marked,error,gate_count,depth
000,0.2578125,0.7421875,32,16
001,0.23828125,0.76171875,30,14
010,0.240234375,0.759765625,30,16
011,0.25390625,0.74609375,28,14
