state,p_marked,error,gate_count,depth
000,0.130859375,0.869140625,40,19
001,0.13671875,0.86328125,40,19
010,0.125,0.875,40,19
011,0.107421875,0.892578125,40,19
