state,p_marked,error,gate_count,depth
000,0.3046875,0.6953125,35,17
001,0.31640625,0.68359375,33,15
010,0.296875,0.703125,33,17
011,0.287109375,0.712890625,31,15
