state,p_marked,error,gate_count,depth
000,0.18359375,0.81640625,44,22
001,0.076171875,0.923828125,44,22
010,0.126953125,0.873046875,44,22
011,0.11328125,0.88671875,44,22
