state,p_marked,error,gate_count,depth
000,0.11328125,0.88671875,33,16
001,0.111328125,0.888671875,31,14
010,0.109375,0.890625,31,16
011,0.150390625,0.849609375,29,14
