state,p_marked,error,gate_count,depth
000,0.5234375,0.4765625,41,21
001,0.46875,0.53125,37,17
010,0.533203125,0.466796875,37,21
011,0.498046875,0.501953125,33,17
