state,p_marked,error,gate_count,depth
000,0.486328125,0.513671875,32,16
001,0.53515625,0.46484375,30,14
010,0.435546875,0.564453125,30,16
011,0.46484375,0.53515625,28,14
