state,p_marked,error,gate_count,depth
000,0.2734375,0.7265625,32,16
001,0.2734375,0.7265625,30,14
010,0.26171875,0.73828125,30,16
011,0.25,0.75,28,14
