state,p_marked,error,gate_count,depth
000,0.47265625,0.52734375,32,16
001,0.5,0.5,30,14
010,0.466796875,0.533203125,30,16
011,0.455078125,0.544921875,28,14
