state,p_marked,error,gate_count,depth
000,0.1015625,0.8984375,50,26
001,0.134765625,0.865234375,48,24
010,0.119140625,0.880859375,48,26
011,0.115234375,0.884765625,46,24
