state,p_marked,error,gate_count,depth
000,0.130859375,0.869140625,41,21
001,0.12109375,0.87890625,37,17
010,0.154296875,0.845703125,37,21
011,0.138671875,0.861328125,33,17
