state,p_marked,error,gate_count,depth
000,0.525390625,0.474609375,33,16
001,0.427734375,0.572265625,31,14
010,0.509765625,0.490234375,31,16
011,0.46484375,0.53515625,29,14
