state,p_marked,error,gate_count,depth
000,0.541015625,0.458984375,33,16
001,0.546875,0.453125,31,14
010,0.5546875,0.4453125,31,16
011,0.58203125,0.41796875,29,14
