state,p_marked,error,gate_count,depth
000,0.037109375,0.962890625,33,16
001,0.08203125,0.91796875,31,14
010,0.06640625,0.93359375,31,16
011,0.0625,0.9375,29,14
