state,p_marked,error,gate_count,depth
000,0.248046875,0.751953125,42,22
001,0.283203125,0.716796875,38,18
010,0.25390625,0.74609375,38,22
011,0.2421875,0.7578125,34,18
