state,p_marked,error,gate_count,depth
000,0.5703125,0.4296875,51,26
001,0.5390625,0.4609375,45,20
010,0.58203125,0.41796875,45,26
011,0.572265625,0.427734375,39,20
