state,p_marked,error,gate_count,depth
000,0.56640625,0.43359375,33,17
001,0.51171875,0.48828125,31,15
010,0.505859375,0.494140625,31,17
011,0.53515625,0.46484375,29,15
