state,p_marked,error,gate_count,depth
000,0.126953125,0.873046875,52,31
001,0.005859375,0.994140625,50,29
010,0.21875,0.78125,50,31
011,0.107421875,0.892578125,48,29
