state,p_marked,error,gate_count,depth
000,0.109375,0.890625,68,35
001,0.142578125,0.857421875,62,29
010,0.1328125,0.8671875,62,35
011,0.109375,0.890625,56,29
