state,p_marked,error,gate_count,depth
000,0.0,1.0,59,31
001,0.25,0.75,55,27
010,0.0,1.0,55,31
011,0.2734375,0.7265625,51,27
