state,p_marked,error,gate_count,depth
000,0.126953125,0.873046875,46,24
001,0.11328125,0.88671875,42,20
010,0.12109375,0.87890625,42,24
011,0.111328125,0.888671875,38,20
