state,p_marked,error,gate_count,depth
000,0.0859375,0.9140625,151,85
001,0.078125,0.921875,145,79
010,0.396484375,0.603515625,145,85
011,0.109375,0.890625,139,79
