state,p_marked,error,gate_count,depth
000,0.125,0.875,30,16
001,0.142578125,0.857421875,30,16
010,0.1171875,0.8828125,30,16
011,0.12890625,0.87109375,30,16
