state,p_marked,error,gate_count,depth
000,0.513671875,0.486328125,41,21
001,0.484375,0.515625,37,17
010,0.529296875,0.470703125,37,21
011,0.46484375,0.53515625,33,17
