state,p_marked,error,gate_count,depth
000,0.142578125,0.857421875,24,12
001,0.1328125,0.8671875,20,8
010,0.12109375,0.87890625,20,12
011,0.150390625,0.849609375,16,8
