state,p_marked,error,gate_count,depth
000,0.001953125,0.998046875,49,25
001,0.001953125,0.998046875,47,23
010,0.01171875,0.98828125,47,25
011,0.00390625,0.99609375,45,23
