state,p_marked,error,gate_count,depth
000,0.501953125,0.498046875,42,21
001,0.505859375,0.494140625,38,17
010,0.5078125,0.4921875,38,21
011,0.478515625,0.521484375,34,17
