state,p_marked,error,gate_count,depth
000,0.216796875,0.783203125,41,20
001,0.271484375,0.728515625,41,20
010,0.25,0.75,41,20
011,0.248046875,0.751953125,41,20
