state,p_marked,error,gate_count,depth
000,0.0,1.0,38,20
001,0.1015625,0.8984375,36,18
010,0.12109375,0.87890625,36,20
011,0.0,1.0,34,18
