state,p_marked,error,gate_count,depth
000,0.541015625,0.458984375,66,33
001,0.564453125,0.435546875,64,31
010,0.552734375,0.447265625,64,33
011,0.552734375,0.447265625,62,31
