state,p_marked,error,gate_count,depth
000,0.0,1.0,69,35
001,0.130859375,0.869140625,63,30
010,0.0,1.0,63,35
011,0.119140625,0.880859375,57,30
