state,p_marked,error,gate_count,depth
000,0.134765625,0.865234375,24,12
001,0.095703125,0.904296875,20,8
010,0.103515625,0.896484375,20,12
011,0.138671875,0.861328125,16,8
