state,p_marked,error,gate_count,depth
000,0.15234375,0.84765625,51,27
001,0.12890625,0.87109375,41,17
010,0.125,0.875,41,27
011,0.103515625,0.896484375,31,17
