state,p_marked,error,gate_count,depth
000,0.14453125,0.85546875,50,25
001,0.1484375,0.8515625,44,19
010,0.150390625,0.849609375,44,25
011,0.13671875,0.86328125,38,19
