state,p_marked,error,gate_count,depth
000,0.09765625,0.90234375,33,17
001,0.115234375,0.884765625,27,11
010,0.095703125,0.904296875,27,17
011,0.115234375,0.884765625,21,11
