state,p_marked,error,gate_count,depth
000,0.52734375,0.47265625,34,18
001,0.482421875,0.517578125,32,16
010,0.498046875,0.501953125,32,18
011,0.09765625,0.90234375,30,16
