state,p_marked,error,gate_count,depth
000,0.1796875,0.8203125,64,43
001,0.021484375,0.978515625,62,41
010,0.048828125,0.951171875,62,43
011,0.033203125,0.966796875,60,41
