state,p_marked,error,gate_count,depth
000,0.076171875,0.923828125,32,15
001,0.0703125,0.9296875,30,13
010,0.08203125,0.91796875,30,15
011,0.080078125,0.919921875,28,13
