state,p_marked,error,gate_count,depth
000,0.5546875,0.4453125,51,26
001,0.541015625,0.458984375,45,20
010,0.52734375,0.47265625,45,26
011,0.576171875,0.423828125,39,20
