state,p_marked,error,gate_count,depth
000,0.138671875,0.861328125,26,13
001,0.107421875,0.892578125,26,13
010,0.107421875,0.892578125,26,13
011,0.1484375,0.8515625,26,13
