state,p_marked,error,gate_count,depth
000,0.05078125,0.94921875,33,17
001,0.05859375,0.94140625,31,15
010,0.046875,0.953125,31,17
011,0.064453125,0.935546875,29,15
