state,p_marked,error,gate_count,depth
000,0.111328125,0.888671875,42,22
001,0.11328125,0.88671875,34,14
010,0.13671875,0.86328125,34,22
011,0.14453125,0.85546875,26,14
