state,p_marked,error,gate_count,depth
000,0.13671875,0.86328125,51,27
001,0.119140625,0.880859375,41,17
010,0.111328125,0.888671875,41,27
011,0.103515625,0.896484375,31,17
