state,p_marked,error,gate_count,depth
000,0.1484375,0.8515625,24,11
001,0.107421875,0.892578125,24,11
010,0.091796875,0.908203125,24,11
011,0.142578125,0.857421875,24,11
