state,p_marked,error,gate_count,depth
000,0.341796875,0.658203125,45,26
001,0.1171875,0.8828125,45,26
010,0.1640625,0.8359375,45,26
011,0.10546875,0.89453125,45,26
