state,p_marked,error,gate_count,depth
000,0.142578125,0.857421875,24,12
001,0.134765625,0.865234375,20,8
010,0.09765625,0.90234375,20,12
011,0.09375,0.90625,16,8
