state,p_marked,error,gate_count,depth
000,0.59765625,0.40234375,33,16
001,0.5625,0.4375,31,14
010,0.08203125,0.91796875,31,16
011,0.0703125,0.9296875,29,14
