state,p_marked,error,gate_count,depth
000,0.22265625,0.77734375,38,19
001,0.12890625,0.87109375,36,17
010,0.28125,0.71875,36,19
011,0.1328125,0.8671875,34,17
