state,p_marked,error,gate_count,depth
000,0.587890625,0.412109375,51,26
001,0.5546875,0.4453125,45,20
010,0.58984375,0.41015625,45,26
011,0.57421875,0.42578125,39,20
