state,p_marked,error,gate_count,depth
000,0.11328125,0.88671875,108,57
001,0.111328125,0.888671875,94,45
010,0.1171875,0.8828125,94,57
011,0.119140625,0.880859375,80,44
