state,p_marked,error,gate_count,depth
000,0.08984375,0.91015625,45,29
001,0.123046875,0.876953125,43,27
010,0.390625,0.609375,43,29
011,0.08203125,0.91796875,41,27
