state,p_marked,error,gate_count,depth
000,0.474609375,0.525390625,33,17
001,0.5,0.5,31,15
010,0.5234375,0.4765625,31,17
011,0.12890625,0.87109375,29,15
