state,p_marked,error,gate_count,depth
000,0.146484375,0.853515625,24,12
001,0.119140625,0.880859375,20,8
010,0.1015625,0.8984375,20,12
011,0.150390625,0.849609375,16,8
