state,p_marked,error,gate_count,depth
000,0.11328125,0.88671875,78,42
001,0.119140625,0.880859375,66,30
010,0.115234375,0.884765625,66,42
011,0.1484375,0.8515625,54,30
