state,p_marked,error,gate_count,depth
000,0.123046875,0.876953125,42,22
001,0.111328125,0.888671875,34,14
010,0.134765625,0.865234375,34,22
011,0.12109375,0.87890625,26,14
