state,p_marked,error,gate_count,depth
000,0.103515625,0.896484375,115,72
001,0.12109375,0.87890625,113,70
010,0.30859375,0.69140625,113,72
011,0.33984375,0.66015625,111,70
