state,p_marked,error,gate_count,depth
000,0.064453125,0.935546875,33,17
001,0.056640625,0.943359375,31,15
010,0.056640625,0.943359375,31,17
011,0.060546875,0.939453125,29,15
