state,p_marked,error,gate_count,depth
000,0.486328125,0.513671875,34,18
001,0.5078125,0.4921875,32,16
010,0.533203125,0.466796875,32,18
011,0.5546875,0.4453125,30,16
