state,p_marked,error,gate_count,depth
000,0.068359375,0.931640625,33,16
001,0.076171875,0.923828125,31,14
010,0.060546875,0.939453125,31,16
011,0.078125,0.921875,29,14
