state,p_marked,error,gate_count,depth
000,0.53125,0.46875,32,16
001,0.5,0.5,30,14
010,0.5078125,0.4921875,30,16
011,0.4609375,0.5390625,28,14
