state,p_marked,error,gate_count,depth
000,0.111328125,0.888671875,53,38
001,0.05078125,0.94921875,53,38
010,0.212890625,0.787109375,53,38
011,0.1640625,0.8359375,53,38
