state,p_marked,error,gate_count,depth
000,0.0,1.0,37,20
001,0.12890625,0.87109375,35,18
010,0.0,1.0,35,20
011,0.111328125,0.888671875,33,18
