state,p_marked,error,gate_count,depth
000,0.08984375,0.91015625,33,15
001,0.13671875,0.86328125,31,13
010,0.103515625,0.896484375,31,15
011,0.130859375,0.869140625,29,13
