state,p_marked,error,gate_count,depth
000,0.130859375,0.869140625,50,26
001,0.125,0.875,48,24
010,0.119140625,0.880859375,48,26
011,0.14453125,0.85546875,46,24
