state,p_marked,error,gate_count,depth
000,0.107421875,0.892578125,15,7
001,0.119140625,0.880859375,13,5
010,0.146484375,0.853515625,13,7
011,0.126953125,0.873046875,11,5
