state,p_marked,error,gate_count,depth
000,0.0,1.0,33,17
001,0.11328125,0.88671875,31,15
010,0.0,1.0,31,17
011,0.130859375,0.869140625,29,15
