state,p_marked,error,gate_count,depth
000,0.603515625,0.396484375,33,16
001,0.595703125,0.404296875,31,14
010,0.064453125,0.935546875,31,16
011,0.072265625,0.927734375,29,14
