state,p_marked,error,gate_count,depth
000,0.4921875,0.5078125,34,17
001,0.498046875,0.501953125,32,15
010,0.501953125,0.498046875,32,17
011,0.490234375,0.509765625,30,15
