state,p_marked,error,gate_count,depth
000,0.48046875,0.51953125,33,16
001,0.5234375,0.4765625,31,14
010,0.501953125,0.498046875,31,16
011,0.470703125,0.529296875,29,14
