state,p_marked,error,gate_count,depth
000,0.478515625,0.521484375,59,31
001,0.5078125,0.4921875,51,23
010,0.5,0.5,51,31
011,0.509765625,0.490234375,43,23
