state,p_marked,error,gate_count,depth
000,0.0546875,0.9453125,33,16
001,0.0546875,0.9453125,31,14
010,0.052734375,0.947265625,31,16
011,0.03125,0.96875,29,14
