state,p_marked,error,gate_count,depth
000,0.556640625,0.443359375,42,21
001,0.583984375,0.416015625,38,17
010,0.552734375,0.447265625,38,21
011,0.51953125,0.48046875,34,17
