state,p_marked,error,gate_count,depth
000,0.12890625,0.87109375,24,12
001,0.1328125,0.8671875,24,12
010,0.126953125,0.873046875,24,12
011,0.119140625,0.880859375,24,12
