state,p_marked,error,gate_count,depth
000,0.126953125,0.873046875,75,40
001,0.12109375,0.87890625,69,35
010,0.23828125,0.76171875,69,40
011,0.265625,0.734375,63,35
