state,p_marked,error,gate_count,depth
000,0.103515625,0.896484375,15,7
001,0.134765625,0.865234375,13,5
010,0.09375,0.90625,13,7
011,0.1328125,0.8671875,11,5
