state,p_marked,error,gate_count,depth
000,0.537109375,0.462890625,33,17
001,0.5,0.5,31,15
010,0.48046875,0.51953125,31,17
011,0.498046875,0.501953125,29,15
