state,p_marked,error,gate_count,depth
000,0.130859375,0.869140625,32,16
001,0.109375,0.890625,30,14
010,0.15234375,0.84765625,30,16
011,0.111328125,0.888671875,28,14
