state,p_marked,error,gate_count,depth
000,0.498046875,0.501953125,33,17
001,0.498046875,0.501953125,31,15
010,0.5234375,0.4765625,31,17
011,0.546875,0.453125,29,15
