state,p_marked,error,gate_count,depth
000,0.103515625,0.896484375,32,15
001,0.125,0.875,30,13
010,0.115234375,0.884765625,30,15
011,0.1171875,0.8828125,28,13
