state,p_marked,error,gate_count,depth
000,0.23828125,0.76171875,85,55
001,0.18359375,0.81640625,81,51
010,0.00390625,0.99609375,81,55
011,0.03515625,0.96484375,77,51
