state,p_marked,error,gate_count,depth
000,0.064453125,0.935546875,34,17
001,0.068359375,0.931640625,32,15
010,0.076171875,0.923828125,32,17
011,0.0625,0.9375,30,15
