state,p_marked,error,gate_count,depth
000,0.265625,0.734375,98,64
001,0.01171875,0.98828125,96,62
010,0.107421875,0.892578125,96,64
011,0.302734375,0.697265625,94,62
