state,p_marked,error,gate_count,depth
000,0.12109375,0.87890625,34,17
001,0.146484375,0.853515625,32,15
010,0.12109375,0.87890625,32,17
011,0.142578125,0.857421875,30,15
