state,p_marked,error,gate_count,depth
000,0.142578125,0.857421875,42,22
001,0.125,0.875,34,14
010,0.123046875,0.876953125,34,22
011,0.1015625,0.8984375,26,14
