state,p_marked,error,gate_count,depth
000,0.50390625,0.49609375,33,16
001,0.48828125,0.51171875,31,14
010,0.462890625,0.537109375,31,16
011,0.5234375,0.4765625,29,14
