state,p_marked,error,gate_count,depth
000,0.115234375,0.884765625,51,27
001,0.109375,0.890625,41,17
010,0.08203125,0.91796875,41,27
011,0.111328125,0.888671875,31,17
