state,p_marked,error,gate_count,depth
000,0.125,0.875,15,7
001,0.115234375,0.884765625,13,5
010,0.10546875,0.89453125,13,7
011,0.125,0.875,11,5
