state,p_marked,error,gate_count,depth
000,0.138671875,0.861328125,15,7
001,0.177734375,0.822265625,13,5
010,0.12890625,0.87109375,13,7
011,0.134765625,0.865234375,11,5
