state,p_marked,error,gate_count,depth
000,0.23828125,0.76171875,38,23
001,0.23046875,0.76953125,38,23
010,0.037109375,0.962890625,38,23
011,0.1640625,0.8359375,38,23
