state,p_marked,error,gate_count,depth
000,0.1328125,0.8671875,46,24
001,0.13671875,0.86328125,42,20
010,0.123046875,0.876953125,42,24
011,0.109375,0.890625,38,20
