state,p_marked,error,gate_count,depth
000,0.259765625,0.740234375,58,29
001,0.244140625,0.755859375,54,25
010,0.283203125,0.716796875,54,29
011,0.25390625,0.74609375,50,25
