state,p_marked,error,gate_count,depth
000,0.083984375,0.916015625,134,82
001,0.05078125,0.94921875,128,76
010,0.1640625,0.8359375,128,82
011,0.12109375,0.87890625,122,76
