state,p_marked,error,gate_count,depth
000,0.044921875,0.955078125,125,85
001,0.0390625,0.9609375,121,82
010,0.0078125,0.9921875,121,85
011,0.072265625,0.927734375,117,82
