state,p_marked,error,gate_count,depth
000,0.10546875,0.89453125,24,12
001,0.119140625,0.880859375,20,8
010,0.130859375,0.869140625,20,12
011,0.08984375,0.91015625,16,8
