state,p_marked,error,gate_count,depth
000,0.58203125,0.41796875,42,21
001,0.56640625,0.43359375,38,17
010,0.57421875,0.42578125,38,21
011,0.5546875,0.4453125,34,17
