state,p_marked,error,gate_count,depth
000,0.1015625,0.8984375,60,32
001,0.134765625,0.865234375,48,20
010,0.11328125,0.88671875,48,32
011,0.134765625,0.865234375,36,20
