state,p_marked,error,gate_count,depth
111,0.3916015625,0.6083984375,28,12
