state,p_marked,error,gate_count,depth
111,0.6083984375,0.3916015625,28,14
