state,p_marked,error,gate_count,depth
111,0.2978515625,0.7021484375,27,13
