state,p_marked,error,gate_count,depth
111,0.3388671875,0.6611328125,87,45
