state,p_marked,error,gate_count,depth
111,0.8076171875,0.1923828125,25,11
