state,p_marked,error,gate_count,depth
111,0.9775390625,0.0224609375,27,14
