state,p_marked,error,gate_count,depth
111,0.8291015625,0.1708984375,25,11
