state,p_marked,error,gate_count,depth
111,0.7119140625,0.2880859375,28,13
