state,p_marked,error,gate_count,depth
111,0.1416015625,0.8583984375,27,15
