state,p_marked,error,gate_count,depth
111,0.2724609375,0.7275390625,30,17
