state,p_marked,error,gate_count,depth
111,0.2236328125,0.7763671875,29,16
