state,p_marked,error,gate_count,depth
111,0.2255859375,0.7744140625,28,15
