state,p_marked,error,gate_count,depth
111,0.4482421875,0.5517578125,27,14
