state,p_marked,error,gate_count,depth
111,0.7841796875,0.2158203125,67,38
