state,p_marked,error,gate_count,depth
111,0.4912109375,0.5087890625,51,30
