state,p_marked,error,gate_count,depth
111,0.1689453125,0.8310546875,114,80
