state,p_marked,error,gate_count,depth
111,0.2470703125,0.7529296875,31,17
