state,p_marked,error,gate_count,depth
111,0.9814453125,0.0185546875,29,15
