state,p_marked,error,gate_count,depth
111,0.8369140625,0.1630859375,25,11
