state,p_marked,error,gate_count,depth
111,0.7900390625,0.2099609375,29,14
