state,p_marked,error,gate_count,depth
111,0.2998046875,0.7001953125,32,15
