state,p_marked,error,gate_count,depth
111,0.2216796875,0.7783203125,26,14
