state,p_marked,error,gate_count,depth
111,0.1455078125,0.8544921875,26,14
