state,p_marked,error,gate_count,depth
111,0.5458984375,0.4541015625,30,16
