state,p_marked,error,gate_count,depth
111,0.2080078125,0.7919921875,31,14
