state,p_marked,error,gate_count,depth
111,0.3740234375,0.6259765625,25,12
