state,p_marked,error,gate_count,depth
111,0.7587890625,0.2412109375,27,12
