state,p_marked,error,gate_count,depth
111,0.0107421875,0.9892578125,31,15
