state,p_marked,error,gate_count,depth
111,0.2275390625,0.7724609375,31,15
