state,p_marked,error,gate_count,depth
111,0.9384765625,0.0615234375,25,11
