state,p_marked,error,gate_count,depth
111,0.9521484375,0.0478515625,29,14
