state,p_marked,error,gate_count,depth
111,0.6396484375,0.3603515625,32,19
