state,p_marked,error,gate_count,depth
111,0.3623046875,0.6376953125,27,13
