state,p_marked,error,gate_count,depth
111,0.5341796875,0.4658203125,33,20
