state,p_marked,error,gate_count,depth
111,0.2919921875,0.7080078125,45,25
