state,p_marked,error,gate_count,depth
111,0.1982421875,0.8017578125,26,14
