state,p_marked,error,gate_count,depth
111,0.2392578125,0.7607421875,24,12
