state,p_marked,error,gate_count,depth
111,0.3408203125,0.6591796875,28,16
