state,p_marked,error,gate_count,depth
111,0.068359375,0.931640625,159,105
