state,p_marked,error,gate_count,depth
111,0.7490234375,0.2509765625,26,13
