state,p_marked,error,gate_count,depth
111,0.0458984375,0.9541015625,27,14
