state,p_marked,error,gate_count,depth
111,0.8818359375,0.1181640625,25,11
