state,p_marked,error,gate_count,depth
111,0.3115234375,0.6884765625,62,32
