state,p_marked,error,gate_count,depth
111,0.0068359375,0.9931640625,99,48
