state,p_marked,error,gate_count,depth
111,0.0908203125,0.9091796875,31,18
