state,p_marked,error,gate_count,depth
111,0.2431640625,0.7568359375,48,26
