state,p_marked,error,gate_count,depth
111,0.9638671875,0.0361328125,27,12
