state,p_marked,error,gate_count,depth
111,0.4775390625,0.5224609375,29,17
