state,p_marked,error,gate_count,depth
111,0.6572265625,0.3427734375,29,15
