state,p_marked,error,gate_count,depth
000,0.1171875,0.8828125,41,20
001,0.1171875,0.8828125,37,16
010,0.146484375,0.853515625,37,20
011,0.11328125,0.88671875,33,16
100,0.12890625,0.87109375,37,20
101,0.1171875,0.8828125,33,16
110,0.126953125,0.873046875,33,20
111,0.1328125,0.8671875,29,16
