state,p_marked,error,gate_count,depth
000,0.1171875,0.8828125,26,14
001,0.115234375,0.884765625,26,14
010,0.146484375,0.853515625,26,14
011,0.130859375,0.869140625,26,14
100,0.123046875,0.876953125,26,14
101,0.134765625,0.865234375,26,14
110,0.142578125,0.857421875,26,14
111,0.134765625,0.865234375,26,14
