state,p_marked,error,gate_count,depth
000,0.123046875,0.876953125,42,22
001,0.1328125,0.8671875,38,18
010,0.140625,0.859375,38,22
011,0.12890625,0.87109375,34,18
100,0.12109375,0.87890625,38,22
101,0.1171875,0.8828125,34,18
110,0.12890625,0.87109375,34,22
111,0.126953125,0.873046875,30,18
