state,p_marked,error,gate_count,depth
000,0.12890625,0.87109375,49,25
001,0.123046875,0.876953125,47,23
010,0.158203125,0.841796875,47,25
011,0.138671875,0.861328125,45,23
100,0.123046875,0.876953125,47,25
101,0.115234375,0.884765625,45,23
110,0.138671875,0.861328125,45,25
111,0.134765625,0.865234375,43,23
