state,p_marked,error,gate_count,depth
000,0.482421875,0.517578125,41,21
001,0.525390625,0.474609375,37,17
010,0.53125,0.46875,37,21
011,0.494140625,0.505859375,33,17
100,0.51953125,0.48046875,37,21
101,0.51171875,0.48828125,33,17
110,0.48828125,0.51171875,33,21
111,0.4453125,0.5546875,29,17
