state,p_marked,error,gate_count,depth
000,0.13671875,0.86328125,55,27
001,0.1015625,0.8984375,53,25
010,0.126953125,0.873046875,53,27
011,0.1484375,0.8515625,51,25
100,0.126953125,0.873046875,53,27
101,0.119140625,0.880859375,51,25
110,0.111328125,0.888671875,51,27
111,0.08984375,0.91015625,49,25
