state,p_marked,error,gate_count,depth
000,0.0,1.0,43,23
001,0.0,1.0,43,23
010,0.0,1.0,43,23
011,0.482421875,0.517578125,43,23
100,0.0,1.0,43,23
101,0.0,1.0,43,23
110,0.0,1.0,43,23
111,0.494140625,0.505859375,43,23
