state,p_marked,error,gate_count,depth
000,0.521484375,0.478515625,41,21
001,0.505859375,0.494140625,37,17
010,0.46875,0.53125,37,21
011,0.515625,0.484375,33,17
100,0.48046875,0.51953125,37,21
101,0.474609375,0.525390625,33,17
110,0.484375,0.515625,33,21
111,0.49609375,0.50390625,29,17
