state,p_marked,error,gate_count,depth
000,0.0390625,0.9609375,58,42
001,0.392578125,0.607421875,58,42
010,0.109375,0.890625,58,42
011,0.134765625,0.865234375,58,42
100,0.03125,0.96875,58,42
101,0.169921875,0.830078125,58,42
110,0.037109375,0.962890625,58,42
111,0.1015625,0.8984375,58,42
