state,p_marked,error,gate_count,depth
000,0.123046875,0.876953125,24,11
001,0.14453125,0.85546875,24,11
010,0.15234375,0.84765625,24,11
011,0.119140625,0.880859375,24,11
100,0.12890625,0.87109375,24,11
101,0.162109375,0.837890625,24,11
110,0.12890625,0.87109375,24,11
111,0.140625,0.859375,24,11
