state,p_marked,error,gate_count,depth
000,0.138671875,0.861328125,35,18
001,0.123046875,0.876953125,33,16
010,0.11328125,0.88671875,33,18
011,0.12890625,0.87109375,31,16
100,0.11328125,0.88671875,33,18
101,0.14453125,0.85546875,31,16
110,0.126953125,0.873046875,31,18
111,0.13671875,0.86328125,29,16
