state,p_marked,error,gate_count,depth
000,0.169921875,0.830078125,41,21
001,0.181640625,0.818359375,37,17
010,0.169921875,0.830078125,37,21
011,0.201171875,0.798828125,33,17
100,0.19921875,0.80078125,37,21
101,0.19140625,0.80859375,33,17
110,0.19921875,0.80078125,33,21
111,0.171875,0.828125,29,17
