state,p_marked,error,gate_count,depth
000,0.12890625,0.87109375,50,26
001,0.12109375,0.87890625,48,24
010,0.134765625,0.865234375,48,26
011,0.09765625,0.90234375,46,24
100,0.130859375,0.869140625,48,26
101,0.130859375,0.869140625,46,24
110,0.099609375,0.900390625,46,26
111,0.1171875,0.8828125,44,24
