state,p_marked,error,gate_count,depth
000,0.462890625,0.537109375,32,16
001,0.529296875,0.470703125,30,14
010,0.484375,0.515625,30,16
011,0.51171875,0.48828125,28,14
100,0.55078125,0.44921875,30,16
101,0.4765625,0.5234375,28,14
110,0.5,0.5,28,16
111,0.505859375,0.494140625,26,14
