state,p_marked,error,gate_count,depth
000,0.142578125,0.857421875,60,31
001,0.12109375,0.87890625,56,27
010,0.119140625,0.880859375,56,31
011,0.123046875,0.876953125,52,27
100,0.13671875,0.86328125,56,31
101,0.140625,0.859375,52,27
110,0.115234375,0.884765625,52,31
111,0.130859375,0.869140625,48,27
