state,p_marked,error,gate_count,depth
000,0.486328125,0.513671875,41,21
001,0.5078125,0.4921875,37,17
010,0.49609375,0.50390625,37,21
011,0.52734375,0.47265625,33,17
100,0.486328125,0.513671875,37,21
101,0.53125,0.46875,33,17
110,0.462890625,0.537109375,33,21
111,0.53125,0.46875,29,17
