state,p_marked,error,gate_count,depth
000,0.458984375,0.541015625,32,16
001,0.486328125,0.513671875,30,14
010,0.466796875,0.533203125,30,16
011,0.521484375,0.478515625,28,14
100,0.501953125,0.498046875,30,16
101,0.490234375,0.509765625,28,14
110,0.484375,0.515625,28,16
111,0.537109375,0.462890625,26,14
