state,p_marked,error,gate_count,depth
000,0.130859375,0.869140625,42,22
001,0.130859375,0.869140625,34,14
010,0.103515625,0.896484375,34,22
011,0.134765625,0.865234375,26,14
100,0.13671875,0.86328125,34,22
101,0.138671875,0.861328125,26,14
110,0.13671875,0.86328125,26,22
111,0.095703125,0.904296875,18,14
