state,p_marked,error,gate_count,depth
000,0.10546875,0.89453125,41,21
001,0.130859375,0.869140625,37,17
010,0.107421875,0.892578125,37,21
011,0.134765625,0.865234375,33,17
100,0.125,0.875,37,21
101,0.12109375,0.87890625,33,17
110,0.1328125,0.8671875,33,21
111,0.12109375,0.87890625,29,17
