state,p_marked,error,gate_count,depth
000,0.505859375,0.494140625,41,21
001,0.4609375,0.5390625,37,17
010,0.49609375,0.50390625,37,21
011,0.5390625,0.4609375,33,17
100,0.486328125,0.513671875,37,21
101,0.509765625,0.490234375,33,17
110,0.5,0.5,33,21
111,0.53125,0.46875,29,17
