state,p_marked,error,gate_count,depth
000,0.486328125,0.513671875,59,31
001,0.48828125,0.51171875,51,23
010,0.458984375,0.541015625,51,31
011,0.48828125,0.51171875,43,23
100,0.498046875,0.501953125,51,31
101,0.5546875,0.4453125,43,23
110,0.517578125,0.482421875,43,31
111,0.4921875,0.5078125,35,23
