state,p_marked,error,gate_count,depth
000,0.541015625,0.458984375,42,22
001,0.494140625,0.505859375,38,18
010,0.45703125,0.54296875,38,22
011,0.09765625,0.90234375,34,18
100,0.4921875,0.5078125,38,22
101,0.474609375,0.525390625,34,18
110,0.11328125,0.88671875,34,22
111,0.462890625,0.537109375,30,18
