state,p_marked,error,gate_count,depth
000,0.13671875,0.86328125,49,24
001,0.125,0.875,47,22
010,0.099609375,0.900390625,47,24
011,0.115234375,0.884765625,45,22
100,0.11328125,0.88671875,47,24
101,0.1015625,0.8984375,45,22
110,0.12109375,0.87890625,45,24
111,0.107421875,0.892578125,43,22
