state,p_marked,error,gate_count,depth
000,0.41015625,0.58984375,170,116
001,0.07421875,0.92578125,164,110
010,0.275390625,0.724609375,164,116
011,0.1484375,0.8515625,158,110
100,0.03515625,0.96484375,164,116
101,0.23828125,0.76171875,158,110
110,0.181640625,0.818359375,158,116
111,0.12890625,0.87109375,152,110
