state,p_marked,error,gate_count,depth
000,0.244140625,0.755859375,55,28
001,0.0,1.0,53,26
010,0.212890625,0.787109375,53,28
011,0.0,1.0,51,26
100,0.22265625,0.77734375,53,28
101,0.0,1.0,51,26
110,0.2578125,0.7421875,51,28
111,0.0,1.0,49,26
