state,p_marked,error,gate_count,depth
000,0.482421875,0.517578125,32,16
001,0.470703125,0.529296875,30,14
010,0.54296875,0.45703125,30,16
011,0.5234375,0.4765625,28,14
100,0.494140625,0.505859375,30,16
101,0.4921875,0.5078125,28,14
110,0.474609375,0.525390625,28,16
111,0.515625,0.484375,26,14
