state,p_marked,error,gate_count,depth
000,0.11328125,0.88671875,49,23
001,0.1171875,0.8828125,47,21
010,0.123046875,0.876953125,47,23
011,0.10546875,0.89453125,45,21
100,0.126953125,0.873046875,47,23
101,0.115234375,0.884765625,45,21
110,0.126953125,0.873046875,45,23
111,0.109375,0.890625,43,21
