state,p_marked,error,gate_count,depth
000,0.486328125,0.513671875,32,16
001,0.525390625,0.474609375,30,14
010,0.48828125,0.51171875,30,16
011,0.5390625,0.4609375,28,14
100,0.505859375,0.494140625,30,16
101,0.47265625,0.52734375,28,14
110,0.53515625,0.46484375,28,16
111,0.505859375,0.494140625,26,14
