state,p_marked,error,gate_count,depth
000,0.14453125,0.85546875,24,12
001,0.15625,0.84375,20,8
010,0.123046875,0.876953125,20,12
011,0.1328125,0.8671875,16,8
100,0.109375,0.890625,20,12
101,0.140625,0.859375,16,8
110,0.12890625,0.87109375,16,12
111,0.138671875,0.861328125,12,8
