state,p_marked,error,gate_count,depth
000,0.0625,0.9375,41,21
001,0.07421875,0.92578125,37,17
010,0.04296875,0.95703125,37,21
011,0.05859375,0.94140625,33,17
100,0.078125,0.921875,37,21
101,0.0703125,0.9296875,33,17
110,0.087890625,0.912109375,33,21
111,0.06640625,0.93359375,29,17
