state,p_marked,error,gate_count,depth
000,0.533203125,0.466796875,41,21
001,0.478515625,0.521484375,37,17
010,0.51171875,0.48828125,37,21
011,0.55859375,0.44140625,33,17
100,0.5234375,0.4765625,37,21
101,0.505859375,0.494140625,33,17
110,0.486328125,0.513671875,33,21
111,0.45703125,0.54296875,29,17
