state,p_marked,error,gate_count,depth
000,0.19140625,0.80859375,69,34
001,0.1484375,0.8515625,63,29
010,0.154296875,0.845703125,63,34
011,0.15625,0.84375,57,29
100,0.091796875,0.908203125,63,34
101,0.109375,0.890625,57,29
110,0.0859375,0.9140625,57,34
111,0.08984375,0.91015625,51,28
