state,p_marked,error,gate_count,depth
000,0.1171875,0.8828125,55,31
001,0.130859375,0.869140625,53,29
010,0.134765625,0.865234375,53,31
011,0.138671875,0.861328125,51,29
100,0.142578125,0.857421875,53,31
101,0.103515625,0.896484375,51,29
110,0.115234375,0.884765625,51,31
111,0.126953125,0.873046875,49,29
