state,p_marked,error,gate_count,depth
000,0.052734375,0.947265625,65,35
001,0.08984375,0.91015625,61,31
010,0.1640625,0.8359375,61,35
011,0.134765625,0.865234375,57,31
100,0.08203125,0.91796875,61,35
101,0.095703125,0.904296875,57,31
110,0.150390625,0.849609375,57,35
111,0.173828125,0.826171875,53,31
