state,p_marked,error,gate_count,depth
000,0.115234375,0.884765625,32,15
001,0.173828125,0.826171875,30,13
010,0.125,0.875,30,15
011,0.146484375,0.853515625,28,13
100,0.126953125,0.873046875,30,15
101,0.123046875,0.876953125,28,13
110,0.119140625,0.880859375,28,15
111,0.09765625,0.90234375,26,13
