state,p_marked,error,gate_count,depth
000,0.490234375,0.509765625,41,21
001,0.484375,0.515625,37,17
010,0.509765625,0.490234375,37,21
011,0.470703125,0.529296875,33,17
100,0.52734375,0.47265625,37,21
101,0.529296875,0.470703125,33,17
110,0.505859375,0.494140625,33,21
111,0.501953125,0.498046875,29,17
