state,p_marked,error,gate_count,depth
000,0.45703125,0.54296875,41,21
001,0.517578125,0.482421875,37,17
010,0.484375,0.515625,37,21
011,0.490234375,0.509765625,33,17
100,0.509765625,0.490234375,37,21
101,0.46484375,0.53515625,33,17
110,0.50390625,0.49609375,33,21
111,0.48046875,0.51953125,29,17
