state,p_marked,error,gate_count,depth
000,0.11328125,0.88671875,46,24
001,0.1328125,0.8671875,42,20
010,0.12109375,0.87890625,42,24
011,0.111328125,0.888671875,38,20
100,0.126953125,0.873046875,42,24
101,0.146484375,0.853515625,38,20
110,0.08203125,0.91796875,38,24
111,0.1171875,0.8828125,34,20
