state,p_marked,error,gate_count,depth
000,0.541015625,0.458984375,41,21
001,0.4765625,0.5234375,37,17
010,0.5078125,0.4921875,37,21
011,0.50390625,0.49609375,33,17
100,0.50390625,0.49609375,37,21
101,0.4921875,0.5078125,33,17
110,0.494140625,0.505859375,33,21
111,0.49609375,0.50390625,29,17
