state,p_marked,error,gate_count,depth
000,0.14453125,0.85546875,50,25
001,0.150390625,0.849609375,48,23
010,0.119140625,0.880859375,48,25
011,0.138671875,0.861328125,46,23
100,0.13671875,0.86328125,48,25
101,0.10546875,0.89453125,46,23
110,0.10546875,0.89453125,46,25
111,0.111328125,0.888671875,44,23
