state,p_marked,error,gate_count,depth
000,0.466796875,0.533203125,41,21
001,0.4609375,0.5390625,37,17
010,0.462890625,0.537109375,37,21
011,0.470703125,0.529296875,33,17
100,0.55859375,0.44140625,37,21
101,0.494140625,0.505859375,33,17
110,0.498046875,0.501953125,33,21
111,0.4921875,0.5078125,29,17
