state,p_marked,error,gate_count,depth
000,0.130859375,0.869140625,46,24
001,0.140625,0.859375,42,20
010,0.11328125,0.88671875,42,24
011,0.126953125,0.873046875,38,20
100,0.138671875,0.861328125,42,24
101,0.123046875,0.876953125,38,20
110,0.107421875,0.892578125,38,24
111,0.103515625,0.896484375,34,20
