state,p_marked,error,gate_count,depth
000,0.119140625,0.880859375,15,7
001,0.126953125,0.873046875,13,5
010,0.126953125,0.873046875,13,7
011,0.15625,0.84375,11,5
100,0.115234375,0.884765625,13,7
101,0.140625,0.859375,11,5
110,0.111328125,0.888671875,11,7
111,0.119140625,0.880859375,9,5
