state,p_marked,error,gate_count,depth
000,0.1328125,0.8671875,33,17
001,0.140625,0.859375,27,11
010,0.130859375,0.869140625,27,17
011,0.09375,0.90625,21,11
100,0.107421875,0.892578125,27,17
101,0.111328125,0.888671875,21,11
110,0.125,0.875,21,17
111,0.12109375,0.87890625,15,11
