state,p_marked,error,gate_count,depth
000,0.09765625,0.90234375,79,41
001,0.0,1.0,77,39
010,0.16796875,0.83203125,77,41
011,0.283203125,0.716796875,75,39
100,0.240234375,0.759765625,77,41
101,0.1640625,0.8359375,75,39
110,0.0,1.0,75,41
111,0.1015625,0.8984375,73,39
