state,p_marked,error,gate_count,depth
000,0.134765625,0.865234375,43,22
001,0.11328125,0.88671875,39,18
010,0.12109375,0.87890625,39,22
011,0.125,0.875,35,18
100,0.11328125,0.88671875,39,22
101,0.111328125,0.888671875,35,18
110,0.130859375,0.869140625,35,22
111,0.138671875,0.861328125,31,18
