state,p_marked,error,gate_count,depth
000,0.5234375,0.4765625,42,22
001,0.501953125,0.498046875,38,18
010,0.49609375,0.50390625,38,22
011,0.134765625,0.865234375,34,18
100,0.482421875,0.517578125,38,22
101,0.50390625,0.49609375,34,18
110,0.154296875,0.845703125,34,22
111,0.49609375,0.50390625,30,18
