state,p_marked,error,gate_count,depth
000,0.0,1.0,44,22
001,0.0,1.0,40,18
010,0.0,1.0,40,22
011,0.0,1.0,36,18
100,0.0,1.0,40,22
101,0.130859375,0.869140625,36,18
110,0.0,1.0,36,22
111,0.123046875,0.876953125,32,18
