state,p_marked,error,gate_count,depth
000,0.123046875,0.876953125,50,26
001,0.10546875,0.89453125,48,24
010,0.14453125,0.85546875,48,26
011,0.134765625,0.865234375,46,24
100,0.130859375,0.869140625,48,26
101,0.111328125,0.888671875,46,24
110,0.123046875,0.876953125,46,26
111,0.119140625,0.880859375,44,24
