state,p_marked,error,gate_count,depth
000,0.0,1.0,32,16
001,0.103515625,0.896484375,30,14
010,0.0,1.0,30,16
011,0.119140625,0.880859375,28,14
100,0.126953125,0.873046875,30,16
101,0.0,1.0,28,14
110,0.1015625,0.8984375,28,16
111,0.0,1.0,26,14
