state,p_marked,error,gate_count,depth
000,0.22265625,0.77734375,89,49
001,0.06640625,0.93359375,87,47
010,0.482421875,0.517578125,87,49
011,0.064453125,0.935546875,85,47
100,0.064453125,0.935546875,87,49
101,0.201171875,0.798828125,85,47
110,0.208984375,0.791015625,85,49
111,0.04296875,0.95703125,83,47
