state,p_marked,error,gate_count,depth
000,0.509765625,0.490234375,41,21
001,0.517578125,0.482421875,37,17
010,0.52734375,0.47265625,37,21
011,0.5078125,0.4921875,33,17
100,0.5390625,0.4609375,37,21
101,0.509765625,0.490234375,33,17
110,0.509765625,0.490234375,33,21
111,0.53125,0.46875,29,17
