state,p_marked,error,gate_count,depth
000,0.0,1.0,35,18
001,0.0,1.0,33,16
010,0.0,1.0,33,18
011,0.0,1.0,31,16
100,0.0,1.0,33,18
101,0.146484375,0.853515625,31,16
110,0.0,1.0,31,18
111,0.142578125,0.857421875,29,16
