state,p_marked,error,gate_count,depth
000,0.103515625,0.896484375,15,7
001,0.111328125,0.888671875,13,5
010,0.150390625,0.849609375,13,7
011,0.150390625,0.849609375,11,5
100,0.091796875,0.908203125,13,7
101,0.095703125,0.904296875,11,5
110,0.125,0.875,11,7
111,0.107421875,0.892578125,9,5
