state,p_marked,error,gate_count,depth
000,0.107421875,0.892578125,78,40
001,0.140625,0.859375,70,33
010,0.111328125,0.888671875,70,40
011,0.12109375,0.87890625,62,32
100,0.125,0.875,70,40
101,0.1171875,0.8828125,62,33
110,0.103515625,0.896484375,62,40
111,0.12109375,0.87890625,54,32
