state,p_marked,error,gate_count,depth
000,0.123046875,0.876953125,67,33
001,0.1171875,0.8828125,65,32
010,0.169921875,0.830078125,65,33
011,0.125,0.875,63,31
100,0.111328125,0.888671875,65,33
101,0.126953125,0.873046875,63,32
110,0.134765625,0.865234375,63,33
111,0.111328125,0.888671875,61,31
