state,p_marked,error,gate_count,depth
000,0.140625,0.859375,55,28
001,0.1171875,0.8828125,53,26
010,0.115234375,0.884765625,53,28
011,0.123046875,0.876953125,51,26
100,0.140625,0.859375,53,28
101,0.119140625,0.880859375,51,26
110,0.12109375,0.87890625,51,28
111,0.1171875,0.8828125,49,26
