state,p_marked,error,gate_count,depth
000,0.138671875,0.861328125,33,17
001,0.130859375,0.869140625,27,11
010,0.091796875,0.908203125,27,17
011,0.138671875,0.861328125,21,11
100,0.080078125,0.919921875,27,17
101,0.1171875,0.8828125,21,11
110,0.111328125,0.888671875,21,17
111,0.11328125,0.88671875,15,11
