state,p_marked,error,gate_count,depth
000,0.107421875,0.892578125,49,24
001,0.1171875,0.8828125,47,22
010,0.111328125,0.888671875,47,24
011,0.140625,0.859375,45,22
100,0.14453125,0.85546875,47,24
101,0.134765625,0.865234375,45,22
110,0.126953125,0.873046875,45,24
111,0.13671875,0.86328125,43,22
