state,p_marked,error,gate_count,depth
000,0.107421875,0.892578125,68,35
001,0.1328125,0.8671875,58,25
010,0.130859375,0.869140625,58,35
011,0.12890625,0.87109375,48,25
100,0.123046875,0.876953125,58,35
101,0.119140625,0.880859375,48,25
110,0.119140625,0.880859375,48,35
111,0.140625,0.859375,38,25
