state,p_marked,error,gate_count,depth
000,0.009765625,0.990234375,68,46
001,0.25390625,0.74609375,68,46
010,0.04296875,0.95703125,68,46
011,0.248046875,0.751953125,68,46
100,0.150390625,0.849609375,68,46
101,0.060546875,0.939453125,68,46
110,0.103515625,0.896484375,68,46
111,0.099609375,0.900390625,68,46
