state,p_marked,error,gate_count,depth
000,0.119140625,0.880859375,59,30
001,0.126953125,0.873046875,55,26
010,0.1015625,0.8984375,55,30
011,0.111328125,0.888671875,51,26
100,0.142578125,0.857421875,55,30
101,0.115234375,0.884765625,51,26
110,0.1171875,0.8828125,51,30
111,0.109375,0.890625,47,26
