state,p_marked,error,gate_count,depth
000,0.1328125,0.8671875,98,54
001,0.060546875,0.939453125,90,46
010,0.10546875,0.89453125,90,54
011,0.06640625,0.93359375,82,46
100,0.119140625,0.880859375,90,54
101,0.310546875,0.689453125,82,46
110,0.04296875,0.95703125,82,54
111,0.03125,0.96875,74,46
