state,p_marked,error,gate_count,depth
000,0.49609375,0.50390625,41,21
001,0.517578125,0.482421875,37,17
010,0.5078125,0.4921875,37,21
011,0.5234375,0.4765625,33,17
100,0.501953125,0.498046875,37,21
101,0.513671875,0.486328125,33,17
110,0.462890625,0.537109375,33,21
111,0.494140625,0.505859375,29,17
