state,p_marked,error,gate_count,depth
000,0.486328125,0.513671875,41,21
001,0.4921875,0.5078125,37,17
010,0.52734375,0.47265625,37,21
011,0.5078125,0.4921875,33,17
100,0.50390625,0.49609375,37,21
101,0.501953125,0.498046875,33,17
110,0.49609375,0.50390625,33,21
111,0.525390625,0.474609375,29,17
