state,p_marked,error,gate_count,depth
000,0.005859375,0.994140625,33,17
001,0.1015625,0.8984375,31,15
010,0.001953125,0.998046875,31,17
011,0.126953125,0.873046875,29,15
100,0.00390625,0.99609375,31,17
101,0.103515625,0.896484375,29,15
110,0.00390625,0.99609375,29,17
111,0.109375,0.890625,27,15
