state,p_marked,error,gate_count,depth
000,0.134765625,0.865234375,42,22
001,0.109375,0.890625,34,14
010,0.126953125,0.873046875,34,22
011,0.103515625,0.896484375,26,14
100,0.134765625,0.865234375,34,22
101,0.1484375,0.8515625,26,14
110,0.126953125,0.873046875,26,22
111,0.099609375,0.900390625,18,14
