state,p_marked,error,gate_count,depth
000,0.537109375,0.462890625,27,13
001,0.0,1.0,27,13
010,0.0,1.0,27,13
011,0.0,1.0,27,13
100,0.5,0.5,27,13
101,0.0,1.0,27,13
110,0.0,1.0,27,13
111,0.0,1.0,27,13
