state,p_marked,error,gate_count,depth
000,0.138671875,0.861328125,41,18
001,0.130859375,0.869140625,41,18
010,0.11328125,0.88671875,41,18
011,0.125,0.875,41,18
100,0.140625,0.859375,41,18
101,0.107421875,0.892578125,41,18
110,0.13671875,0.86328125,41,18
111,0.125,0.875,41,18
