state,p_marked,error,gate_count,depth
000,0.474609375,0.525390625,42,22
001,0.462890625,0.537109375,38,18
010,0.50390625,0.49609375,38,22
011,0.5,0.5,34,18
100,0.48046875,0.51953125,38,22
101,0.48828125,0.51171875,34,18
110,0.478515625,0.521484375,34,22
111,0.494140625,0.505859375,30,18
