state,p_marked,error,gate_count,depth
000,0.119140625,0.880859375,58,30
001,0.123046875,0.876953125,54,26
010,0.10546875,0.89453125,54,30
011,0.130859375,0.869140625,50,26
100,0.1328125,0.8671875,54,30
101,0.16015625,0.83984375,50,26
110,0.13671875,0.86328125,50,30
111,0.109375,0.890625,46,26
