state,p_marked,error,gate_count,depth
000,0.123046875,0.876953125,68,35
001,0.138671875,0.861328125,62,30
010,0.115234375,0.884765625,62,35
011,0.13671875,0.86328125,56,29
100,0.1328125,0.8671875,62,35
101,0.123046875,0.876953125,56,30
110,0.11328125,0.88671875,56,35
111,0.125,0.875,50,29
