state,p_marked,error,gate_count,depth
000,0.07421875,0.92578125,81,54
001,0.017578125,0.982421875,79,52
010,0.140625,0.859375,79,54
011,0.123046875,0.876953125,77,52
100,0.21875,0.78125,79,54
101,0.390625,0.609375,77,52
110,0.03125,0.96875,77,54
111,0.177734375,0.822265625,75,52
