state,p_marked,error,gate_count,depth
000,0.11328125,0.88671875,55,28
001,0.125,0.875,49,22
010,0.109375,0.890625,49,28
011,0.0,1.0,43,22
100,0.099609375,0.900390625,49,28
101,0.1171875,0.8828125,43,22
110,0.0,1.0,43,28
111,0.134765625,0.865234375,37,22
