state,p_marked,error,gate_count,depth
000,0.224609375,0.775390625,26,13
001,0.216796875,0.783203125,26,13
010,0.0,1.0,26,13
011,0.0,1.0,26,13
100,0.271484375,0.728515625,26,13
101,0.26953125,0.73046875,26,13
110,0.0,1.0,26,13
111,0.0,1.0,26,13
