state,p_marked,error,gate_count,depth
000,0.080078125,0.919921875,32,15
001,0.064453125,0.935546875,30,13
010,0.068359375,0.931640625,30,15
011,0.06640625,0.93359375,28,13
100,0.0546875,0.9453125,30,15
101,0.1015625,0.8984375,28,13
110,0.06640625,0.93359375,28,15
111,0.060546875,0.939453125,26,13
