state,p_marked,error,gate_count,depth
000,0.001953125,0.998046875,71,37
001,0.005859375,0.994140625,69,35
010,0.005859375,0.994140625,69,37
011,0.005859375,0.994140625,67,35
100,0.0078125,0.9921875,69,37
101,0.47265625,0.52734375,67,35
110,0.00390625,0.99609375,67,37
111,0.005859375,0.994140625,65,35
