state,p_marked,error,gate_count,depth
000,0.52734375,0.47265625,26,13
001,0.0,1.0,26,13
010,0.0,1.0,26,13
011,0.0,1.0,26,13
100,0.501953125,0.498046875,26,13
101,0.0,1.0,26,13
110,0.0,1.0,26,13
111,0.0,1.0,26,13
