state,p_marked,error,gate_count,depth
000,0.05078125,0.94921875,33,15
001,0.072265625,0.927734375,31,13
010,0.048828125,0.951171875,31,15
011,0.06640625,0.93359375,29,13
100,0.064453125,0.935546875,31,15
101,0.05859375,0.94140625,29,13
110,0.064453125,0.935546875,29,15
111,0.08203125,0.91796875,27,13
