state,p_marked,error,gate_count,depth
000,0.478515625,0.521484375,41,21
001,0.50390625,0.49609375,37,17
010,0.52734375,0.47265625,37,21
011,0.49609375,0.50390625,33,17
100,0.478515625,0.521484375,37,21
101,0.50390625,0.49609375,33,17
110,0.4765625,0.5234375,33,21
111,0.46875,0.53125,29,17
