state,p_marked,error,gate_count,depth
000,0.13671875,0.86328125,52,27
001,0.12109375,0.87890625,50,25
010,0.10546875,0.89453125,50,27
011,0.109375,0.890625,48,25
100,0.119140625,0.880859375,50,27
101,0.12109375,0.87890625,48,25
110,0.103515625,0.896484375,48,27
111,0.126953125,0.873046875,46,25
