state,p_marked,error,gate_count,depth
000,0.107421875,0.892578125,27,15
001,0.1171875,0.8828125,27,15
010,0.11328125,0.88671875,27,15
011,0.12109375,0.87890625,27,15
100,0.15234375,0.84765625,27,15
101,0.10546875,0.89453125,27,15
110,0.14453125,0.85546875,27,15
111,0.142578125,0.857421875,27,15
