state,p_marked,error,gate_count,depth
000,0.046875,0.953125,43,23
001,0.11328125,0.88671875,43,23
010,0.03515625,0.96484375,43,23
011,0.103515625,0.896484375,43,23
100,0.029296875,0.970703125,43,23
101,0.080078125,0.919921875,43,23
110,0.4296875,0.5703125,43,23
111,0.1796875,0.8203125,43,23
