state,p_marked,error,gate_count,depth
000,0.1328125,0.8671875,53,39
001,0.150390625,0.849609375,53,39
010,0.0,1.0,53,39
011,0.0,1.0,53,39
100,0.2265625,0.7734375,53,39
101,0.130859375,0.869140625,53,39
110,0.228515625,0.771484375,53,39
111,0.140625,0.859375,53,39
