state,p_marked,error,gate_count,depth
000,0.197265625,0.802734375,51,27
001,0.009765625,0.990234375,47,24
010,0.17578125,0.82421875,47,27
011,0.009765625,0.990234375,43,23
100,0.017578125,0.982421875,47,27
101,0.1171875,0.8828125,43,24
110,0.017578125,0.982421875,43,27
111,0.17578125,0.82421875,39,23
