state,p_marked,error,gate_count,depth
000,0.0859375,0.9140625,33,17
001,0.11328125,0.88671875,27,11
010,0.103515625,0.896484375,27,17
011,0.109375,0.890625,21,11
100,0.1171875,0.8828125,27,17
101,0.119140625,0.880859375,21,11
110,0.1328125,0.8671875,21,17
111,0.134765625,0.865234375,15,11
