state,p_marked,error,gate_count,depth
000,0.07421875,0.92578125,79,40
001,0.09375,0.90625,71,33
010,0.07421875,0.92578125,71,40
011,0.078125,0.921875,63,33
100,0.193359375,0.806640625,71,39
101,0.154296875,0.845703125,63,32
110,0.189453125,0.810546875,63,39
111,0.166015625,0.833984375,55,32
