state,p_marked,error,gate_count,depth
000,0.126953125,0.873046875,24,12
001,0.15234375,0.84765625,20,8
010,0.099609375,0.900390625,20,12
011,0.1171875,0.8828125,16,8
100,0.10546875,0.89453125,20,12
101,0.125,0.875,16,8
110,0.091796875,0.908203125,16,12
111,0.109375,0.890625,12,8
