state,p_marked,error,gate_count,depth
000,0.115234375,0.884765625,41,21
001,0.13671875,0.86328125,37,17
010,0.09765625,0.90234375,37,21
011,0.140625,0.859375,33,17
100,0.138671875,0.861328125,37,21
101,0.134765625,0.865234375,33,17
110,0.125,0.875,33,21
111,0.125,0.875,29,17
