state,p_marked,error,gate_count,depth
000,0.162109375,0.837890625,24,12
001,0.1328125,0.8671875,20,8
010,0.099609375,0.900390625,20,12
011,0.1015625,0.8984375,16,8
100,0.15234375,0.84765625,20,12
101,0.140625,0.859375,16,8
110,0.126953125,0.873046875,16,12
111,0.103515625,0.896484375,12,8
