state,p_marked,error,gate_count,depth
000,0.142578125,0.857421875,24,12
001,0.125,0.875,20,8
010,0.146484375,0.853515625,20,12
011,0.125,0.875,16,8
100,0.154296875,0.845703125,20,12
101,0.15625,0.84375,16,8
110,0.126953125,0.873046875,16,12
111,0.123046875,0.876953125,12,8
