state,p_marked,error,gate_count,depth
000,0.115234375,0.884765625,46,22
001,0.1328125,0.8671875,46,22
010,0.11328125,0.88671875,46,22
011,0.130859375,0.869140625,46,22
100,0.158203125,0.841796875,46,22
101,0.12109375,0.87890625,46,22
110,0.146484375,0.853515625,46,22
111,0.119140625,0.880859375,46,22
