state,p_marked,error,gate_count,depth
000,0.150390625,0.849609375,58,30
001,0.09765625,0.90234375,54,26
010,0.115234375,0.884765625,54,30
011,0.107421875,0.892578125,50,26
100,0.140625,0.859375,54,30
101,0.126953125,0.873046875,50,26
110,0.142578125,0.857421875,50,30
111,0.1328125,0.8671875,46,26
