state,p_marked,error,gate_count,depth
000,0.0,1.0,40,23
001,0.14453125,0.85546875,38,21
010,0.109375,0.890625,38,23
011,0.0,1.0,36,21
100,0.0,1.0,38,23
101,0.0,1.0,36,21
110,0.49609375,0.50390625,36,23
111,0.541015625,0.458984375,34,21
