state,p_marked,error,gate_count,depth
000,0.142578125,0.857421875,50,26
001,0.140625,0.859375,48,24
010,0.1015625,0.8984375,48,26
011,0.115234375,0.884765625,46,24
100,0.12890625,0.87109375,48,26
101,0.119140625,0.880859375,46,24
110,0.140625,0.859375,46,26
111,0.12109375,0.87890625,44,24
