state,p_marked,error,gate_count,depth
000,0.232421875,0.767578125,25,12
001,0.244140625,0.755859375,25,12
010,0.0,1.0,25,12
011,0.0,1.0,25,12
100,0.26953125,0.73046875,25,12
101,0.240234375,0.759765625,25,12
110,0.0,1.0,25,12
111,0.0,1.0,25,12
