state,p_marked,error,gate_count,depth
000,0.025390625,0.974609375,91,54
001,0.08984375,0.91015625,89,52
010,0.078125,0.921875,89,54
011,0.318359375,0.681640625,87,52
100,0.041015625,0.958984375,89,54
101,0.064453125,0.935546875,87,52
110,0.39453125,0.60546875,87,54
111,0.056640625,0.943359375,85,52
