state,p_marked,error,gate_count,depth
000,0.1171875,0.8828125,60,30
001,0.11328125,0.88671875,60,30
010,0.126953125,0.873046875,60,30
011,0.107421875,0.892578125,60,30
100,0.15625,0.84375,60,30
101,0.119140625,0.880859375,60,30
110,0.14453125,0.85546875,60,30
111,0.125,0.875,60,30
