state,p_marked,error,gate_count,depth
000,0.55078125,0.44921875,32,16
001,0.51953125,0.48046875,30,14
010,0.4921875,0.5078125,30,16
011,0.501953125,0.498046875,28,14
100,0.513671875,0.486328125,30,16
101,0.470703125,0.529296875,28,14
110,0.513671875,0.486328125,28,16
111,0.4765625,0.5234375,26,14
