state,p_marked,error,gate_count,depth
000,0.119140625,0.880859375,35,16
001,0.126953125,0.873046875,33,14
010,0.126953125,0.873046875,33,16
011,0.1171875,0.8828125,31,14
100,0.134765625,0.865234375,33,16
101,0.13671875,0.86328125,31,14
110,0.123046875,0.876953125,31,16
111,0.119140625,0.880859375,29,14
