state,p_marked,error,gate_count,depth
000,0.27734375,0.72265625,32,16
001,0.28125,0.71875,30,14
010,0.240234375,0.759765625,30,16
011,0.265625,0.734375,28,14
100,0.2578125,0.7421875,30,16
101,0.234375,0.765625,28,14
110,0.2421875,0.7578125,28,16
111,0.24609375,0.75390625,26,14
