state,p_marked,error,gate_count,depth
000,0.09375,0.90625,15,7
001,0.130859375,0.869140625,13,5
010,0.12890625,0.87109375,13,7
011,0.11328125,0.88671875,11,5
100,0.107421875,0.892578125,13,7
101,0.111328125,0.888671875,11,5
110,0.111328125,0.888671875,11,7
111,0.109375,0.890625,9,5
