state,p_marked,error,gate_count,depth
000,0.125,0.875,59,31
001,0.12890625,0.87109375,55,27
010,0.119140625,0.880859375,55,31
011,0.130859375,0.869140625,51,27
100,0.1484375,0.8515625,55,31
101,0.109375,0.890625,51,27
110,0.1171875,0.8828125,51,31
111,0.123046875,0.876953125,47,27
