state,p_marked,error,gate_count,depth
000,0.162109375,0.837890625,41,20
001,0.134765625,0.865234375,41,20
010,0.111328125,0.888671875,41,20
011,0.150390625,0.849609375,41,20
100,0.09765625,0.90234375,41,20
101,0.138671875,0.861328125,41,20
110,0.130859375,0.869140625,41,20
111,0.1171875,0.8828125,41,20
