state,p_marked,error,gate_count,depth
000,0.146484375,0.853515625,24,12
001,0.103515625,0.896484375,20,8
010,0.126953125,0.873046875,20,12
011,0.1328125,0.8671875,16,8
100,0.134765625,0.865234375,20,12
101,0.123046875,0.876953125,16,8
110,0.109375,0.890625,16,12
111,0.1171875,0.8828125,12,8
