state,p_marked,error,gate_count,depth
000,0.009765625,0.990234375,63,42
001,0.25,0.75,63,42
010,0.21875,0.78125,63,42
011,0.046875,0.953125,63,42
100,0.11328125,0.88671875,63,42
101,0.109375,0.890625,63,42
110,0.1328125,0.8671875,63,42
111,0.099609375,0.900390625,63,42
