state,p_marked,error,gate_count,depth
000,0.4921875,0.5078125,41,21
001,0.525390625,0.474609375,37,17
010,0.498046875,0.501953125,37,21
011,0.541015625,0.458984375,33,17
100,0.509765625,0.490234375,37,21
101,0.525390625,0.474609375,33,17
110,0.51953125,0.48046875,33,21
111,0.52734375,0.47265625,29,17
