state,p_marked,error,gate_count,depth
000,0.474609375,0.525390625,50,26
001,0.537109375,0.462890625,44,20
010,0.490234375,0.509765625,44,26
011,0.462890625,0.537109375,38,20
100,0.505859375,0.494140625,44,26
101,0.525390625,0.474609375,38,20
110,0.515625,0.484375,38,26
111,0.46484375,0.53515625,32,20
