state,p_marked,error,gate_count,depth
000,0.125,0.875,51,26
001,0.1484375,0.8515625,49,24
010,0.1171875,0.8828125,49,26
011,0.1328125,0.8671875,47,24
100,0.1171875,0.8828125,49,26
101,0.115234375,0.884765625,47,24
110,0.13671875,0.86328125,47,26
111,0.123046875,0.876953125,45,24
