state,p_marked,error,gate_count,depth
000,0.126953125,0.873046875,58,30
001,0.1484375,0.8515625,54,26
010,0.12109375,0.87890625,54,30
011,0.119140625,0.880859375,50,26
100,0.115234375,0.884765625,54,30
101,0.140625,0.859375,50,26
110,0.13671875,0.86328125,50,30
111,0.103515625,0.896484375,46,26
