state,p_marked,error,gate_count,depth
000,0.48046875,0.51953125,41,21
001,0.51953125,0.48046875,37,17
010,0.5,0.5,37,21
011,0.47265625,0.52734375,33,17
100,0.51953125,0.48046875,37,21
101,0.515625,0.484375,33,17
110,0.498046875,0.501953125,33,21
111,0.462890625,0.537109375,29,17
