state,p_marked,error,gate_count,depth
000,0.13671875,0.86328125,41,21
001,0.1328125,0.8671875,37,17
010,0.140625,0.859375,37,21
011,0.146484375,0.853515625,33,17
100,0.16796875,0.83203125,37,21
101,0.14453125,0.85546875,33,17
110,0.150390625,0.849609375,33,21
111,0.109375,0.890625,29,17
