state,p_marked,error,gate_count,depth
000,0.1640625,0.8359375,33,17
001,0.125,0.875,27,11
010,0.107421875,0.892578125,27,17
011,0.1328125,0.8671875,21,11
100,0.11328125,0.88671875,27,17
101,0.119140625,0.880859375,21,11
110,0.130859375,0.869140625,21,17
111,0.126953125,0.873046875,15,11
