state,p_marked,error,gate_count,depth
000,0.123046875,0.876953125,33,17
001,0.12890625,0.87109375,31,15
010,0.134765625,0.865234375,31,17
011,0.12109375,0.87890625,29,15
100,0.134765625,0.865234375,31,17
101,0.109375,0.890625,29,15
110,0.126953125,0.873046875,29,17
111,0.130859375,0.869140625,27,15
