state,p_marked,error,gate_count,depth
000,0.5390625,0.4609375,41,21
001,0.517578125,0.482421875,37,17
010,0.443359375,0.556640625,37,21
011,0.54296875,0.45703125,33,17
100,0.513671875,0.486328125,37,21
101,0.48046875,0.51953125,33,17
110,0.53125,0.46875,33,21
111,0.498046875,0.501953125,29,17
