state,p_marked,error,gate_count,depth
000,0.142578125,0.857421875,15,7
001,0.12109375,0.87890625,13,5
010,0.109375,0.890625,13,7
011,0.109375,0.890625,11,5
100,0.130859375,0.869140625,13,7
101,0.126953125,0.873046875,11,5
110,0.140625,0.859375,11,7
111,0.12109375,0.87890625,9,5
