state,p_marked,error,gate_count,depth
000,0.125,0.875,34,17
001,0.130859375,0.869140625,32,15
010,0.123046875,0.876953125,32,17
011,0.0,1.0,30,15
100,0.1171875,0.8828125,32,17
101,0.12109375,0.87890625,30,15
110,0.130859375,0.869140625,30,17
111,0.0,1.0,28,15
