state,p_marked,error,gate_count,depth
000,0.15234375,0.84765625,41,20
001,0.13671875,0.86328125,37,16
010,0.125,0.875,37,20
011,0.11328125,0.88671875,33,16
100,0.14453125,0.85546875,37,20
101,0.109375,0.890625,33,16
110,0.1484375,0.8515625,33,20
111,0.126953125,0.873046875,29,16
