state,p_marked,error,gate_count,depth
000,0.169921875,0.830078125,15,7
001,0.16015625,0.83984375,13,5
010,0.1484375,0.8515625,13,7
011,0.109375,0.890625,11,5
100,0.109375,0.890625,13,7
101,0.12109375,0.87890625,11,5
110,0.142578125,0.857421875,11,7
111,0.140625,0.859375,9,5
