state,p_marked,error,gate_count,depth
000,0.181640625,0.818359375,53,26
001,0.19140625,0.80859375,51,24
010,0.1640625,0.8359375,51,26
011,0.21875,0.78125,49,24
100,0.048828125,0.951171875,51,26
101,0.072265625,0.927734375,49,24
110,0.07421875,0.92578125,49,26
111,0.06640625,0.93359375,47,24
