state,p_marked,error,gate_count,depth
000,0.1015625,0.8984375,55,27
001,0.130859375,0.869140625,53,25
010,0.123046875,0.876953125,53,27
011,0.12109375,0.87890625,51,25
100,0.109375,0.890625,53,27
101,0.111328125,0.888671875,51,25
110,0.099609375,0.900390625,51,27
111,0.12890625,0.87109375,49,25
