state,p_marked,error,gate_count,depth
000,0.193359375,0.806640625,54,28
001,0.06640625,0.93359375,54,28
010,0.076171875,0.923828125,54,28
011,0.0390625,0.9609375,54,28
100,0.16796875,0.83203125,54,28
101,0.046875,0.953125,54,28
110,0.169921875,0.830078125,54,28
111,0.224609375,0.775390625,54,28
