state,p_marked,error,gate_count,depth
000,0.26953125,0.73046875,67,35
001,0.279296875,0.720703125,61,29
010,0.013671875,0.986328125,61,35
011,0.033203125,0.966796875,55,29
100,0.294921875,0.705078125,61,35
101,0.2890625,0.7109375,55,29
110,0.03515625,0.96484375,55,35
111,0.033203125,0.966796875,49,29
