state,p_marked,error,gate_count,depth
000,0.126953125,0.873046875,15,7
001,0.09375,0.90625,13,5
010,0.1484375,0.8515625,13,7
011,0.107421875,0.892578125,11,5
100,0.10546875,0.89453125,13,7
101,0.126953125,0.873046875,11,5
110,0.126953125,0.873046875,11,7
111,0.14453125,0.85546875,9,5
