state,p_marked,error,gate_count,depth
000,0.134765625,0.865234375,69,36
001,0.099609375,0.900390625,63,30
010,0.099609375,0.900390625,63,36
011,0.150390625,0.849609375,57,30
100,0.130859375,0.869140625,63,36
101,0.099609375,0.900390625,57,30
110,0.11328125,0.88671875,57,36
111,0.123046875,0.876953125,51,30
