state,p_marked,error,gate_count,depth
000,0.49609375,0.50390625,50,26
001,0.455078125,0.544921875,44,20
010,0.525390625,0.474609375,44,26
011,0.4921875,0.5078125,38,20
100,0.517578125,0.482421875,44,26
101,0.494140625,0.505859375,38,20
110,0.556640625,0.443359375,38,26
111,0.51171875,0.48828125,32,20
