state,p_marked,error,gate_count,depth
000,0.259765625,0.740234375,67,35
001,0.267578125,0.732421875,61,29
010,0.04296875,0.95703125,61,35
011,0.279296875,0.720703125,55,29
100,0.287109375,0.712890625,61,35
101,0.291015625,0.708984375,55,29
110,0.248046875,0.751953125,55,35
111,0.02734375,0.97265625,49,29
