state,p_marked,error,gate_count,depth
000,0.052734375,0.947265625,41,21
001,0.05859375,0.94140625,37,17
010,0.0546875,0.9453125,37,21
011,0.064453125,0.935546875,33,17
100,0.056640625,0.943359375,37,21
101,0.072265625,0.927734375,33,17
110,0.04296875,0.95703125,33,21
111,0.052734375,0.947265625,29,17
