state,p_marked,error,gate_count,depth
000,0.107421875,0.892578125,50,25
001,0.13671875,0.86328125,44,19
010,0.111328125,0.888671875,44,25
011,0.111328125,0.888671875,38,19
100,0.107421875,0.892578125,44,25
101,0.1484375,0.8515625,38,19
110,0.09765625,0.90234375,38,25
111,0.1015625,0.8984375,32,19
