state,p_marked,error,gate_count,depth
000,0.119140625,0.880859375,44,24
001,0.095703125,0.904296875,44,24
010,0.126953125,0.873046875,44,24
011,0.099609375,0.900390625,44,24
100,0.107421875,0.892578125,44,24
101,0.140625,0.859375,44,24
110,0.11328125,0.88671875,44,24
111,0.115234375,0.884765625,44,24
