state,p_marked,error,gate_count,depth
000,0.498046875,0.501953125,59,31
001,0.52734375,0.47265625,51,23
010,0.5,0.5,51,31
011,0.544921875,0.455078125,43,23
100,0.525390625,0.474609375,51,31
101,0.5078125,0.4921875,43,23
110,0.482421875,0.517578125,43,31
111,0.513671875,0.486328125,35,23
