state,p_marked,error,gate_count,depth
000,0.111328125,0.888671875,43,22
001,0.103515625,0.896484375,39,18
010,0.130859375,0.869140625,39,22
011,0.099609375,0.900390625,35,18
100,0.10546875,0.89453125,39,22
101,0.15234375,0.84765625,35,18
110,0.15625,0.84375,35,22
111,0.119140625,0.880859375,31,18
