state,p_marked,error,gate_count,depth
000,0.083984375,0.916015625,34,16
001,0.0625,0.9375,32,14
010,0.076171875,0.923828125,32,16
011,0.060546875,0.939453125,30,14
100,0.046875,0.953125,32,16
101,0.05078125,0.94921875,30,14
110,0.0703125,0.9296875,30,16
111,0.0546875,0.9453125,28,14
