state,p_marked,error,gate_count,depth
000,0.126953125,0.873046875,41,20
001,0.119140625,0.880859375,37,16
010,0.107421875,0.892578125,37,20
011,0.1328125,0.8671875,33,16
100,0.099609375,0.900390625,37,20
101,0.099609375,0.900390625,33,16
110,0.150390625,0.849609375,33,20
111,0.126953125,0.873046875,29,16
