state,p_marked,error,gate_count,depth
000,0.083984375,0.916015625,112,57
001,0.083984375,0.916015625,108,54
010,0.072265625,0.927734375,108,57
011,0.06640625,0.93359375,104,54
100,0.130859375,0.869140625,108,57
101,0.169921875,0.830078125,104,54
110,0.1640625,0.8359375,104,57
111,0.173828125,0.826171875,100,53
