state,p_marked,error,gate_count,depth
000,0.02734375,0.97265625,149,99
001,0.16015625,0.83984375,147,97
010,0.033203125,0.966796875,147,99
011,0.298828125,0.701171875,145,97
100,0.083984375,0.916015625,147,99
101,0.173828125,0.826171875,145,97
110,0.06640625,0.93359375,145,99
111,0.060546875,0.939453125,143,97
