state,p_marked,error,gate_count,depth
000,0.15234375,0.84765625,24,12
001,0.09765625,0.90234375,20,8
010,0.1171875,0.8828125,20,12
011,0.111328125,0.888671875,16,8
100,0.134765625,0.865234375,20,12
101,0.125,0.875,16,8
110,0.162109375,0.837890625,16,12
111,0.1328125,0.8671875,12,8
