state,p_marked,error,gate_count,depth
000,0.12109375,0.87890625,52,27
001,0.08984375,0.91015625,50,25
010,0.11328125,0.88671875,50,27
011,0.130859375,0.869140625,48,25
100,0.111328125,0.888671875,50,27
101,0.115234375,0.884765625,48,25
110,0.14453125,0.85546875,48,27
111,0.125,0.875,46,25
