state,p_marked,error,gate_count,depth
000,0.490234375,0.509765625,32,16
001,0.498046875,0.501953125,30,14
010,0.49609375,0.50390625,30,16
011,0.515625,0.484375,28,14
100,0.4921875,0.5078125,30,16
101,0.51171875,0.48828125,28,14
110,0.490234375,0.509765625,28,16
111,0.484375,0.515625,26,14
