state,p_marked,error,gate_count,depth
000,0.2578125,0.7421875,42,22
001,0.21875,0.78125,38,18
010,0.208984375,0.791015625,38,22
011,0.22265625,0.77734375,34,18
100,0.04296875,0.95703125,38,22
101,0.0390625,0.9609375,34,18
110,0.025390625,0.974609375,34,22
111,0.029296875,0.970703125,30,18
