state,p_marked,error,gate_count,depth
000,0.49609375,0.50390625,41,21
001,0.564453125,0.435546875,37,17
010,0.5,0.5,37,21
011,0.515625,0.484375,33,17
100,0.509765625,0.490234375,37,21
101,0.5234375,0.4765625,33,17
110,0.47265625,0.52734375,33,21
111,0.509765625,0.490234375,29,17
