state,p_marked,error,gate_count,depth
000,0.078125,0.921875,60,33
001,0.376953125,0.623046875,60,33
010,0.033203125,0.966796875,60,33
011,0.05859375,0.94140625,60,33
100,0.0859375,0.9140625,60,33
101,0.275390625,0.724609375,60,33
110,0.0546875,0.9453125,60,33
111,0.046875,0.953125,60,33
