state,p_marked,error,gate_count,depth
000,0.501953125,0.498046875,50,26
001,0.48828125,0.51171875,44,20
010,0.44921875,0.55078125,44,26
011,0.494140625,0.505859375,38,20
100,0.517578125,0.482421875,44,26
101,0.466796875,0.533203125,38,20
110,0.529296875,0.470703125,38,26
111,0.5234375,0.4765625,32,20
