state,p_marked,error,gate_count,depth
000,0.1171875,0.8828125,15,7
001,0.134765625,0.865234375,13,5
010,0.1328125,0.8671875,13,7
011,0.119140625,0.880859375,11,5
100,0.146484375,0.853515625,13,7
101,0.119140625,0.880859375,11,5
110,0.12109375,0.87890625,11,7
111,0.125,0.875,9,5
