state,p_marked,error,gate_count,depth
000,0.529296875,0.470703125,32,16
001,0.5078125,0.4921875,30,14
010,0.509765625,0.490234375,30,16
011,0.51953125,0.48046875,28,14
100,0.51171875,0.48828125,30,16
101,0.4921875,0.5078125,28,14
110,0.50390625,0.49609375,28,16
111,0.4921875,0.5078125,26,14
