state,p_marked,error,gate_count,depth
000,0.107421875,0.892578125,58,29
001,0.150390625,0.849609375,54,25
010,0.150390625,0.849609375,54,29
011,0.125,0.875,50,25
100,0.146484375,0.853515625,54,29
101,0.130859375,0.869140625,50,25
110,0.126953125,0.873046875,50,29
111,0.138671875,0.861328125,46,25
