state,p_marked,error,gate_count,depth
000,0.0,1.0,73,38
001,0.126953125,0.873046875,67,32
010,0.0,1.0,67,38
011,0.138671875,0.861328125,61,32
100,0.126953125,0.873046875,67,38
101,0.0,1.0,61,32
110,0.146484375,0.853515625,61,38
111,0.115234375,0.884765625,55,32
