state,p_marked,error,gate_count,depth
000,0.50390625,0.49609375,32,16
001,0.52734375,0.47265625,30,14
010,0.48828125,0.51171875,30,16
011,0.51953125,0.48046875,28,14
100,0.50390625,0.49609375,30,16
101,0.509765625,0.490234375,28,14
110,0.52734375,0.47265625,28,16
111,0.466796875,0.533203125,26,14
