state,p_marked,error,gate_count,depth
000,0.509765625,0.490234375,32,16
001,0.46875,0.53125,30,14
010,0.4453125,0.5546875,30,16
011,0.474609375,0.525390625,28,14
100,0.5,0.5,30,16
101,0.484375,0.515625,28,14
110,0.4765625,0.5234375,28,16
111,0.5078125,0.4921875,26,14
