state,p_marked,error,gate_count,depth
000,0.126953125,0.873046875,24,12
001,0.12109375,0.87890625,20,8
010,0.130859375,0.869140625,20,12
011,0.12890625,0.87109375,16,8
100,0.126953125,0.873046875,20,12
101,0.14453125,0.85546875,16,8
110,0.134765625,0.865234375,16,12
111,0.11328125,0.88671875,12,8
