state,p_marked,error,gate_count,depth
000,0.1015625,0.8984375,58,30
001,0.119140625,0.880859375,54,26
010,0.12890625,0.87109375,54,30
011,0.134765625,0.865234375,50,26
100,0.115234375,0.884765625,54,30
101,0.140625,0.859375,50,26
110,0.119140625,0.880859375,50,30
111,0.1171875,0.8828125,46,26
