state,p_marked,error,gate_count,depth
000,0.134765625,0.865234375,50,25
001,0.162109375,0.837890625,44,19
010,0.111328125,0.888671875,44,25
011,0.126953125,0.873046875,38,19
100,0.15625,0.84375,44,25
101,0.115234375,0.884765625,38,19
110,0.12109375,0.87890625,38,25
111,0.10546875,0.89453125,32,19
