state,p_marked,error,gate_count,depth
000,0.138671875,0.861328125,44,23
001,0.10546875,0.89453125,40,19
010,0.12890625,0.87109375,40,23
011,0.119140625,0.880859375,36,19
100,0.12890625,0.87109375,40,23
101,0.1484375,0.8515625,36,19
110,0.14453125,0.85546875,36,23
111,0.140625,0.859375,32,19
