state,p_marked,error,gate_count,depth
000,0.24609375,0.75390625,32,16
001,0.24609375,0.75390625,30,14
010,0.263671875,0.736328125,30,16
011,0.244140625,0.755859375,28,14
100,0.255859375,0.744140625,30,16
101,0.228515625,0.771484375,28,14
110,0.23828125,0.76171875,28,16
111,0.232421875,0.767578125,26,14
