state,p_marked,error,gate_count,depth
000,0.123046875,0.876953125,50,26
001,0.125,0.875,44,20
010,0.126953125,0.873046875,44,26
011,0.130859375,0.869140625,38,20
100,0.138671875,0.861328125,44,26
101,0.115234375,0.884765625,38,20
110,0.107421875,0.892578125,38,26
111,0.142578125,0.857421875,32,20
