state,p_marked,error,gate_count,depth
000,0.296875,0.703125,58,30
001,0.267578125,0.732421875,54,26
010,0.037109375,0.962890625,54,30
011,0.017578125,0.982421875,50,26
100,0.26171875,0.73828125,54,30
101,0.275390625,0.724609375,50,26
110,0.037109375,0.962890625,50,30
111,0.03125,0.96875,46,26
