state,p_marked,error,gate_count,depth
000,0.13671875,0.86328125,40,22
001,0.533203125,0.466796875,38,20
010,0.482421875,0.517578125,38,22
011,0.0,1.0,36,20
100,0.130859375,0.869140625,38,22
101,0.125,0.875,36,20
110,0.501953125,0.498046875,36,22
111,0.11328125,0.88671875,34,20
