state,p_marked,error,gate_count,depth
000,0.2578125,0.7421875,32,16
001,0.240234375,0.759765625,30,14
010,0.2421875,0.7578125,30,16
011,0.25390625,0.74609375,28,14
100,0.265625,0.734375,30,16
101,0.26171875,0.73828125,28,14
110,0.25390625,0.74609375,28,16
111,0.2578125,0.7421875,26,14
