state,p_marked,error,gate_count,depth
000,0.48046875,0.51953125,41,21
001,0.521484375,0.478515625,37,17
010,0.470703125,0.529296875,37,21
011,0.4765625,0.5234375,33,17
100,0.486328125,0.513671875,37,21
101,0.478515625,0.521484375,33,17
110,0.474609375,0.525390625,33,21
111,0.505859375,0.494140625,29,17
