state,p_marked,error,gate_count,depth
000,0.4609375,0.5390625,32,16
001,0.494140625,0.505859375,30,14
010,0.521484375,0.478515625,30,16
011,0.482421875,0.517578125,28,14
100,0.54296875,0.45703125,30,16
101,0.482421875,0.517578125,28,14
110,0.5,0.5,28,16
111,0.484375,0.515625,26,14
