state,p_marked,error,gate_count,depth
000,0.138671875,0.861328125,55,28
001,0.123046875,0.876953125,53,26
010,0.107421875,0.892578125,53,28
011,0.109375,0.890625,51,26
100,0.142578125,0.857421875,53,28
101,0.107421875,0.892578125,51,26
110,0.1015625,0.8984375,51,28
111,0.130859375,0.869140625,49,26
