state,p_marked,error,gate_count,depth
000,0.12109375,0.87890625,42,21
001,0.134765625,0.865234375,38,17
010,0.12109375,0.87890625,38,21
011,0.125,0.875,34,17
100,0.103515625,0.896484375,38,21
101,0.115234375,0.884765625,34,17
110,0.09765625,0.90234375,34,21
111,0.103515625,0.896484375,30,17
