state,p_marked,error,gate_count,depth
000,0.11328125,0.88671875,50,24
001,0.10546875,0.89453125,48,22
010,0.126953125,0.873046875,48,24
011,0.115234375,0.884765625,46,22
100,0.126953125,0.873046875,48,24
101,0.103515625,0.896484375,46,22
110,0.115234375,0.884765625,46,24
111,0.130859375,0.869140625,44,22
