state,p_marked,error,gate_count,depth
000,0.142578125,0.857421875,50,26
001,0.119140625,0.880859375,44,20
010,0.12890625,0.87109375,44,26
011,0.111328125,0.888671875,38,20
100,0.107421875,0.892578125,44,26
101,0.123046875,0.876953125,38,20
110,0.140625,0.859375,38,26
111,0.10546875,0.89453125,32,20
