state,p_marked,error,gate_count,depth
000,0.09375,0.90625,24,12
001,0.1484375,0.8515625,20,8
010,0.126953125,0.873046875,20,12
011,0.1015625,0.8984375,16,8
100,0.13671875,0.86328125,20,12
101,0.12109375,0.87890625,16,8
110,0.1328125,0.8671875,16,12
111,0.109375,0.890625,12,8
