state,p_marked,error,gate_count,depth
000,0.146484375,0.853515625,67,34
001,0.14453125,0.85546875,61,28
010,0.1484375,0.8515625,61,34
011,0.130859375,0.869140625,55,28
100,0.126953125,0.873046875,61,34
101,0.119140625,0.880859375,55,28
110,0.119140625,0.880859375,55,34
111,0.099609375,0.900390625,49,28
