state,p_marked,error,gate_count,depth
000,0.482421875,0.517578125,32,16
001,0.490234375,0.509765625,30,14
010,0.517578125,0.482421875,30,16
011,0.490234375,0.509765625,28,14
100,0.51171875,0.48828125,30,16
101,0.509765625,0.490234375,28,14
110,0.498046875,0.501953125,28,16
111,0.49609375,0.50390625,26,14
