state,p_marked,error,gate_count,depth
000,0.494140625,0.505859375,41,21
001,0.451171875,0.548828125,37,17
010,0.51171875,0.48828125,37,21
011,0.505859375,0.494140625,33,17
100,0.462890625,0.537109375,37,21
101,0.51171875,0.48828125,33,17
110,0.453125,0.546875,33,21
111,0.48828125,0.51171875,29,17
