state,p_marked,error,gate_count,depth
000,0.525390625,0.474609375,50,26
001,0.501953125,0.498046875,44,20
010,0.509765625,0.490234375,44,26
011,0.501953125,0.498046875,38,20
100,0.474609375,0.525390625,44,26
101,0.498046875,0.501953125,38,20
110,0.5,0.5,38,26
111,0.5,0.5,32,20
