state,p_marked,error,gate_count,depth
000,0.009765625,0.990234375,87,46
001,0.001953125,0.998046875,81,41
010,0.1328125,0.8671875,81,46
011,0.14453125,0.85546875,75,40
100,0.013671875,0.986328125,81,46
101,0.009765625,0.990234375,75,41
110,0.1171875,0.8828125,75,46
111,0.173828125,0.826171875,69,40
