state,p_marked,error,gate_count,depth
000,0.11328125,0.88671875,49,25
001,0.12890625,0.87109375,47,23
010,0.1171875,0.8828125,47,25
011,0.10546875,0.89453125,45,23
100,0.162109375,0.837890625,47,25
101,0.103515625,0.896484375,45,23
110,0.091796875,0.908203125,45,25
111,0.13671875,0.86328125,43,23
