state,p_marked,error,gate_count,depth
000,0.521484375,0.478515625,32,16
001,0.51953125,0.48046875,30,14
010,0.513671875,0.486328125,30,16
011,0.509765625,0.490234375,28,14
100,0.46484375,0.53515625,30,16
101,0.529296875,0.470703125,28,14
110,0.46875,0.53125,28,16
111,0.53515625,0.46484375,26,14
