state,p_marked,error,gate_count,depth
000,0.525390625,0.474609375,33,17
001,0.521484375,0.478515625,31,15
010,0.484375,0.515625,31,17
011,0.119140625,0.880859375,29,15
100,0.4921875,0.5078125,31,17
101,0.509765625,0.490234375,29,15
110,0.1015625,0.8984375,29,17
111,0.49609375,0.50390625,27,15
