state,p_marked,error,gate_count,depth
000,0.126953125,0.873046875,57,31
001,0.1171875,0.8828125,55,29
010,0.13671875,0.86328125,55,31
011,0.125,0.875,53,29
100,0.130859375,0.869140625,55,31
101,0.0,1.0,53,29
110,0.126953125,0.873046875,53,31
111,0.0,1.0,51,29
