state,p_marked,error,gate_count,depth
000,0.1328125,0.8671875,42,20
001,0.11328125,0.88671875,38,16
010,0.126953125,0.873046875,38,20
011,0.123046875,0.876953125,34,16
100,0.08984375,0.91015625,38,20
101,0.1328125,0.8671875,34,16
110,0.14453125,0.85546875,34,20
111,0.123046875,0.876953125,30,16
