state,p_marked,error,gate_count,depth
000,0.1328125,0.8671875,48,25
001,0.0,1.0,44,21
010,0.130859375,0.869140625,44,25
011,0.0,1.0,40,21
100,0.0,1.0,44,25
101,0.09765625,0.90234375,40,21
110,0.0,1.0,40,25
111,0.134765625,0.865234375,36,21
