state,p_marked,error,gate_count,depth
000,0.4921875,0.5078125,50,26
001,0.53125,0.46875,44,20
010,0.505859375,0.494140625,44,26
011,0.474609375,0.525390625,38,20
100,0.533203125,0.466796875,44,26
101,0.44140625,0.55859375,38,20
110,0.515625,0.484375,38,26
111,0.5078125,0.4921875,32,20
