state,p_marked,error,gate_count,depth
000,0.1015625,0.8984375,75,39
001,0.166015625,0.833984375,71,35
010,0.1484375,0.8515625,71,39
011,0.10546875,0.89453125,67,35
100,0.140625,0.859375,71,39
101,0.125,0.875,67,35
110,0.12890625,0.87109375,67,39
111,0.1015625,0.8984375,63,35
