state,p_marked,error,gate_count,depth
000,0.09765625,0.90234375,33,17
001,0.140625,0.859375,27,11
010,0.1015625,0.8984375,27,17
011,0.13671875,0.86328125,21,11
100,0.1171875,0.8828125,27,17
101,0.09765625,0.90234375,21,11
110,0.138671875,0.861328125,21,17
111,0.1171875,0.8828125,15,11
