state,p_marked,error,gate_count,depth
000,0.49609375,0.50390625,41,21
001,0.521484375,0.478515625,37,17
010,0.51171875,0.48828125,37,21
011,0.451171875,0.548828125,33,17
100,0.478515625,0.521484375,37,21
101,0.494140625,0.505859375,33,17
110,0.46484375,0.53515625,33,21
111,0.435546875,0.564453125,29,17
