state,p_marked,error,gate_count,depth
000,0.11328125,0.88671875,56,28
001,0.12109375,0.87890625,54,26
010,0.1328125,0.8671875,54,28
011,0.130859375,0.869140625,52,26
100,0.12890625,0.87109375,54,28
101,0.11328125,0.88671875,52,26
110,0.138671875,0.861328125,52,28
111,0.126953125,0.873046875,50,26
