state,p_marked,error,gate_count,depth
000,0.125,0.875,58,29
001,0.119140625,0.880859375,54,25
010,0.12890625,0.87109375,54,29
011,0.125,0.875,50,25
100,0.123046875,0.876953125,54,29
101,0.140625,0.859375,50,25
110,0.130859375,0.869140625,50,29
111,0.13671875,0.86328125,46,25
