state,p_marked,error,gate_count,depth
000,0.5390625,0.4609375,32,16
001,0.541015625,0.458984375,30,14
010,0.509765625,0.490234375,30,16
011,0.453125,0.546875,28,14
100,0.48828125,0.51171875,30,16
101,0.490234375,0.509765625,28,14
110,0.49609375,0.50390625,28,16
111,0.53125,0.46875,26,14
