state,p_marked,error,gate_count,depth
000,0.490234375,0.509765625,41,21
001,0.455078125,0.544921875,37,17
010,0.48828125,0.51171875,37,21
011,0.5,0.5,33,17
100,0.478515625,0.521484375,37,21
101,0.49609375,0.50390625,33,17
110,0.51171875,0.48828125,33,21
111,0.5078125,0.4921875,29,17
