state,p_marked,error,gate_count,depth
000,0.12109375,0.87890625,43,22
001,0.123046875,0.876953125,39,18
010,0.130859375,0.869140625,39,22
011,0.15625,0.84375,35,18
100,0.103515625,0.896484375,39,22
101,0.12109375,0.87890625,35,18
110,0.13671875,0.86328125,35,22
111,0.146484375,0.853515625,31,18
