state,p_marked,error,gate_count,depth
000,0.505859375,0.494140625,75,38
001,0.4609375,0.5390625,71,34
010,0.51171875,0.48828125,71,38
011,0.525390625,0.474609375,67,34
100,0.505859375,0.494140625,71,38
101,0.50390625,0.49609375,67,34
110,0.0,1.0,67,38
111,0.0,1.0,63,34
