state,p_marked,error,gate_count,depth
000,0.060546875,0.939453125,59,31
001,0.05078125,0.94921875,51,23
010,0.07421875,0.92578125,51,31
011,0.056640625,0.943359375,43,23
100,0.056640625,0.943359375,51,31
101,0.046875,0.953125,43,23
110,0.076171875,0.923828125,43,31
111,0.05859375,0.94140625,35,23
