state,p_marked,error,gate_count,depth
000,0.0859375,0.9140625,24,12
001,0.12890625,0.87109375,20,8
010,0.115234375,0.884765625,20,12
011,0.15234375,0.84765625,16,8
100,0.12890625,0.87109375,20,12
101,0.115234375,0.884765625,16,8
110,0.138671875,0.861328125,16,12
111,0.111328125,0.888671875,12,8
