state,p_marked,error,gate_count,depth
000,0.4765625,0.5234375,32,16
001,0.5390625,0.4609375,30,14
010,0.5234375,0.4765625,30,16
011,0.4921875,0.5078125,28,14
100,0.50390625,0.49609375,30,16
101,0.474609375,0.525390625,28,14
110,0.466796875,0.533203125,28,16
111,0.462890625,0.537109375,26,14
