state,p_marked,error,gate_count,depth
000,0.130859375,0.869140625,55,27
001,0.138671875,0.861328125,53,25
010,0.138671875,0.861328125,53,27
011,0.1328125,0.8671875,51,25
100,0.134765625,0.865234375,53,27
101,0.115234375,0.884765625,51,25
110,0.125,0.875,51,27
111,0.1171875,0.8828125,49,25
