state,p_marked,error,gate_count,depth
000,0.009765625,0.990234375,25,11
001,0.521484375,0.478515625,25,11
010,0.0,1.0,25,11
011,0.0,1.0,25,11
100,0.015625,0.984375,25,11
101,0.470703125,0.529296875,25,11
110,0.0,1.0,25,11
111,0.0,1.0,25,11
