state,p_marked,error,gate_count,depth
000,0.0,1.0,49,25
001,0.0,1.0,47,23
010,0.134765625,0.865234375,47,25
011,0.119140625,0.880859375,45,23
100,0.0,1.0,47,25
101,0.0,1.0,45,23
110,0.10546875,0.89453125,45,25
111,0.138671875,0.861328125,43,23
