state,p_marked,error,gate_count,depth
000,0.134765625,0.865234375,58,30
001,0.099609375,0.900390625,54,26
010,0.103515625,0.896484375,54,30
011,0.12890625,0.87109375,50,26
100,0.126953125,0.873046875,54,30
101,0.10546875,0.89453125,50,26
110,0.10546875,0.89453125,50,30
111,0.1328125,0.8671875,46,26
