state,p_marked,error,gate_count,depth
000,0.12109375,0.87890625,59,31
001,0.12890625,0.87109375,55,27
010,0.12890625,0.87109375,55,31
011,0.126953125,0.873046875,51,27
100,0.125,0.875,55,31
101,0.126953125,0.873046875,51,27
110,0.111328125,0.888671875,51,31
111,0.146484375,0.853515625,47,27
