state,p_marked,error,gate_count,depth
000,0.109375,0.890625,24,12
001,0.1015625,0.8984375,20,8
010,0.12890625,0.87109375,20,12
011,0.123046875,0.876953125,16,8
100,0.1328125,0.8671875,20,12
101,0.1484375,0.8515625,16,8
110,0.119140625,0.880859375,16,12
111,0.125,0.875,12,8
