state,p_marked,error,gate_count,depth
000,0.126953125,0.873046875,41,21
001,0.12890625,0.87109375,37,17
010,0.095703125,0.904296875,37,21
011,0.115234375,0.884765625,33,17
100,0.09765625,0.90234375,37,21
101,0.13671875,0.86328125,33,17
110,0.119140625,0.880859375,33,21
111,0.140625,0.859375,29,17
