state,p_marked,error,gate_count,depth
000,0.109375,0.890625,33,16
001,0.10546875,0.89453125,31,14
010,0.12890625,0.87109375,31,16
011,0.125,0.875,29,14
100,0.1328125,0.8671875,31,16
101,0.138671875,0.861328125,29,14
110,0.11328125,0.88671875,29,16
111,0.12890625,0.87109375,27,14
