state,p_marked,error,gate_count,depth
000,0.046875,0.953125,65,42
001,0.306640625,0.693359375,65,42
010,0.302734375,0.697265625,65,42
011,0.001953125,0.998046875,65,42
100,0.0859375,0.9140625,65,42
101,0.087890625,0.912109375,65,42
110,0.177734375,0.822265625,65,42
111,0.0234375,0.9765625,65,42
