state,p_marked,error,gate_count,depth
000,0.11328125,0.88671875,33,16
001,0.14453125,0.85546875,31,15
010,0.14453125,0.85546875,31,16
011,0.111328125,0.888671875,29,14
100,0.1328125,0.8671875,31,16
101,0.140625,0.859375,29,15
110,0.13671875,0.86328125,29,16
111,0.146484375,0.853515625,27,14
