state,p_marked,error,gate_count,depth
000,0.15625,0.84375,50,24
001,0.107421875,0.892578125,48,22
010,0.126953125,0.873046875,48,24
011,0.1171875,0.8828125,46,22
100,0.125,0.875,48,24
101,0.109375,0.890625,46,22
110,0.12109375,0.87890625,46,24
111,0.123046875,0.876953125,44,22
