state,p_marked,error,gate_count,depth
000,0.125,0.875,76,39
001,0.12109375,0.87890625,68,31
010,0.142578125,0.857421875,68,39
011,0.12890625,0.87109375,60,31
100,0.130859375,0.869140625,68,39
101,0.103515625,0.896484375,60,31
110,0.150390625,0.849609375,60,39
111,0.126953125,0.873046875,52,31
