state,p_marked,error,gate_count,depth
000,0.115234375,0.884765625,42,21
001,0.126953125,0.873046875,38,18
010,0.162109375,0.837890625,38,21
011,0.158203125,0.841796875,34,18
100,0.1171875,0.8828125,38,21
101,0.10546875,0.89453125,34,17
110,0.11328125,0.88671875,34,21
111,0.12109375,0.87890625,30,17
