state,p_marked,error,gate_count,depth
000,0.099609375,0.900390625,15,7
001,0.115234375,0.884765625,13,5
010,0.130859375,0.869140625,13,7
011,0.11328125,0.88671875,11,5
100,0.125,0.875,13,7
101,0.158203125,0.841796875,11,5
110,0.1171875,0.8828125,11,7
111,0.1171875,0.8828125,9,5
