state,p_marked,error,gate_count,depth
000,0.478515625,0.521484375,68,47
001,0.201171875,0.798828125,68,47
010,0.08984375,0.91015625,68,47
011,0.0,1.0,68,47
100,0.0,1.0,68,47
101,0.0703125,0.9296875,68,47
110,0.16796875,0.83203125,68,47
111,0.0234375,0.9765625,68,47
