state,p_marked,error,gate_count,depth
000,0.474609375,0.525390625,59,31
001,0.521484375,0.478515625,51,23
010,0.46484375,0.53515625,51,31
011,0.5234375,0.4765625,43,23
100,0.498046875,0.501953125,51,31
101,0.498046875,0.501953125,43,23
110,0.51171875,0.48828125,43,31
111,0.53125,0.46875,35,23
