state,p_marked,error,gate_count,depth
000,0.126953125,0.873046875,49,25
001,0.126953125,0.873046875,47,23
010,0.111328125,0.888671875,47,25
011,0.138671875,0.861328125,45,23
100,0.146484375,0.853515625,47,25
101,0.138671875,0.861328125,45,23
110,0.154296875,0.845703125,45,25
111,0.130859375,0.869140625,43,23
