state,p_marked,error,gate_count,depth
000,0.107421875,0.892578125,47,24
001,0.126953125,0.873046875,43,20
010,0.126953125,0.873046875,43,24
011,0.111328125,0.888671875,39,20
100,0.140625,0.859375,43,24
101,0.1171875,0.8828125,39,20
110,0.115234375,0.884765625,39,24
111,0.12890625,0.87109375,35,20
