state,p_marked,error,gate_count,depth
000,0.142578125,0.857421875,41,21
001,0.115234375,0.884765625,37,17
010,0.126953125,0.873046875,37,21
011,0.123046875,0.876953125,33,17
100,0.1328125,0.8671875,37,21
101,0.109375,0.890625,33,17
110,0.134765625,0.865234375,33,21
111,0.12890625,0.87109375,29,17
