state,p_marked,error,gate_count,depth
000,0.123046875,0.876953125,40,19
001,0.107421875,0.892578125,40,19
010,0.123046875,0.876953125,40,19
011,0.12109375,0.87890625,40,19
100,0.11328125,0.88671875,40,19
101,0.1015625,0.8984375,40,19
110,0.13671875,0.86328125,40,19
111,0.13671875,0.86328125,40,19
