state,p_marked,error,gate_count,depth
000,0.0703125,0.9296875,50,26
001,0.1640625,0.8359375,48,24
010,0.091796875,0.908203125,48,26
011,0.1796875,0.8203125,46,24
100,0.06640625,0.93359375,48,26
101,0.177734375,0.822265625,46,24
110,0.07421875,0.92578125,46,26
111,0.162109375,0.837890625,44,24
