state,p_marked,error,gate_count,depth
000,0.0,1.0,55,29
001,0.109375,0.890625,49,23
010,0.0,1.0,49,29
011,0.126953125,0.873046875,43,23
100,0.103515625,0.896484375,49,29
101,0.0,1.0,43,23
110,0.134765625,0.865234375,43,29
111,0.0,1.0,37,23
