state,p_marked,error,gate_count,depth
000,0.140625,0.859375,47,24
001,0.1328125,0.8671875,43,20
010,0.099609375,0.900390625,43,24
011,0.12109375,0.87890625,39,20
100,0.13671875,0.86328125,43,24
101,0.134765625,0.865234375,39,20
110,0.1171875,0.8828125,39,24
111,0.111328125,0.888671875,35,20
