state,p_marked,error,gate_count,depth
000,0.126953125,0.873046875,67,34
001,0.12109375,0.87890625,65,32
010,0.126953125,0.873046875,65,34
011,0.115234375,0.884765625,63,32
100,0.125,0.875,65,34
101,0.140625,0.859375,63,32
110,0.095703125,0.904296875,63,34
111,0.123046875,0.876953125,61,32
