state,p_marked,error,gate_count,depth
000,0.13671875,0.86328125,33,16
001,0.12109375,0.87890625,31,14
010,0.123046875,0.876953125,31,16
011,0.11328125,0.88671875,29,14
100,0.142578125,0.857421875,31,16
101,0.140625,0.859375,29,14
110,0.109375,0.890625,29,16
111,0.125,0.875,27,14
