state,p_marked,error,gate_count,depth
000,0.5,0.5,59,31
001,0.474609375,0.525390625,51,23
010,0.498046875,0.501953125,51,31
011,0.482421875,0.517578125,43,23
100,0.501953125,0.498046875,51,31
101,0.48046875,0.51953125,43,23
110,0.513671875,0.486328125,43,31
111,0.501953125,0.498046875,35,23
