state,p_marked,error,gate_count,depth
000,0.513671875,0.486328125,50,26
001,0.484375,0.515625,44,20
010,0.4921875,0.5078125,44,26
011,0.53125,0.46875,38,20
100,0.47265625,0.52734375,44,26
101,0.49609375,0.50390625,38,20
110,0.52734375,0.47265625,38,26
111,0.49609375,0.50390625,32,20
