state,p_marked,error,gate_count,depth
000,0.294921875,0.705078125,75,40
001,0.4140625,0.5859375,69,35
010,0.017578125,0.982421875,69,40
011,0.01953125,0.98046875,63,35
100,0.16015625,0.83984375,69,40
101,0.154296875,0.845703125,63,34
110,0.03515625,0.96484375,63,40
111,0.14453125,0.85546875,57,34
