state,p_marked,error,gate_count,depth
000,0.2734375,0.7265625,75,49
001,0.369140625,0.630859375,71,45
010,0.228515625,0.771484375,71,49
011,0.029296875,0.970703125,67,45
100,0.078125,0.921875,71,49
101,0.017578125,0.982421875,67,45
110,0.13671875,0.86328125,67,49
111,0.048828125,0.951171875,63,45
