state,p_marked,error,gate_count,depth
000,0.107421875,0.892578125,67,34
001,0.130859375,0.869140625,61,28
010,0.119140625,0.880859375,61,34
011,0.1015625,0.8984375,55,28
100,0.1484375,0.8515625,61,34
101,0.140625,0.859375,55,28
110,0.109375,0.890625,55,34
111,0.111328125,0.888671875,49,28
