state,p_marked,error,gate_count,depth
000,0.513671875,0.486328125,67,34
001,0.486328125,0.513671875,61,28
010,0.521484375,0.478515625,61,34
011,0.50390625,0.49609375,55,28
100,0.51171875,0.48828125,61,34
101,0.501953125,0.498046875,55,28
110,0.466796875,0.533203125,55,34
111,0.4921875,0.5078125,49,28
