state,p_marked,error,gate_count,depth
000,0.4609375,0.5390625,32,16
001,0.529296875,0.470703125,30,14
010,0.521484375,0.478515625,30,16
011,0.48046875,0.51953125,28,14
100,0.486328125,0.513671875,30,16
101,0.533203125,0.466796875,28,14
110,0.494140625,0.505859375,28,16
111,0.4921875,0.5078125,26,14
