state,p_marked,error,gate_count,depth
000,0.0,1.0,60,31
001,0.0,1.0,52,24
010,0.0,1.0,52,31
011,0.0,1.0,44,23
100,0.0,1.0,52,31
101,0.0,1.0,44,24
110,0.51171875,0.48828125,44,31
111,0.486328125,0.513671875,36,23
