state,p_marked,error,gate_count,depth
000,0.115234375,0.884765625,50,24
001,0.154296875,0.845703125,48,22
010,0.126953125,0.873046875,48,24
011,0.126953125,0.873046875,46,22
100,0.15234375,0.84765625,48,24
101,0.130859375,0.869140625,46,22
110,0.140625,0.859375,46,24
111,0.107421875,0.892578125,44,22
