state,p_marked,error,gate_count,depth
000,0.06640625,0.93359375,33,15
001,0.04296875,0.95703125,31,13
010,0.060546875,0.939453125,31,15
011,0.09375,0.90625,29,13
100,0.056640625,0.943359375,31,15
101,0.0625,0.9375,29,13
110,0.072265625,0.927734375,29,15
111,0.078125,0.921875,27,13
