state,p_marked,error,gate_count,depth
000,0.01953125,0.98046875,63,32
001,0.04296875,0.95703125,59,28
010,0.03125,0.96875,59,32
011,0.03125,0.96875,55,28
100,0.265625,0.734375,59,32
101,0.244140625,0.755859375,55,28
110,0.029296875,0.970703125,55,32
111,0.28515625,0.71484375,51,28
