state,p_marked,error,gate_count,depth
000,0.015625,0.984375,68,35
001,0.0390625,0.9609375,62,30
010,0.033203125,0.966796875,62,35
011,0.0390625,0.9609375,56,30
100,0.02734375,0.97265625,62,35
101,0.037109375,0.962890625,56,30
110,0.025390625,0.974609375,56,35
111,0.03515625,0.96484375,50,29
