state,p_marked,error,gate_count,depth
000,0.080078125,0.919921875,46,23
001,0.150390625,0.849609375,46,23
010,0.130859375,0.869140625,46,23
011,0.123046875,0.876953125,46,23
100,0.140625,0.859375,46,23
101,0.119140625,0.880859375,46,23
110,0.134765625,0.865234375,46,23
111,0.140625,0.859375,46,23
