state,p_marked,error,gate_count,depth
000,0.5,0.5,42,22
001,0.474609375,0.525390625,38,18
010,0.484375,0.515625,38,22
011,0.51171875,0.48828125,34,18
100,0.5,0.5,38,22
101,0.51171875,0.48828125,34,18
110,0.0,1.0,34,22
111,0.0,1.0,30,18
