state,p_marked,error,gate_count,depth
000,0.1484375,0.8515625,24,12
001,0.107421875,0.892578125,24,12
010,0.12109375,0.87890625,24,12
011,0.146484375,0.853515625,24,12
100,0.111328125,0.888671875,24,12
101,0.12890625,0.87109375,24,12
110,0.134765625,0.865234375,24,12
111,0.126953125,0.873046875,24,12
