state,p_marked,error,gate_count,depth
000,0.265625,0.734375,32,16
001,0.236328125,0.763671875,30,14
010,0.220703125,0.779296875,30,16
011,0.22265625,0.77734375,28,14
100,0.224609375,0.775390625,30,16
101,0.26953125,0.73046875,28,14
110,0.26953125,0.73046875,28,16
111,0.279296875,0.720703125,26,14
