state,p_marked,error,gate_count,depth
000,0.15625,0.84375,32,15
001,0.125,0.875,30,13
010,0.125,0.875,30,15
011,0.154296875,0.845703125,28,13
100,0.126953125,0.873046875,30,15
101,0.115234375,0.884765625,28,13
110,0.103515625,0.896484375,28,15
111,0.12890625,0.87109375,26,13
