state,p_marked,error,gate_count,depth
000,0.17578125,0.82421875,51,26
001,0.146484375,0.853515625,49,24
010,0.1640625,0.8359375,49,26
011,0.07421875,0.92578125,47,24
100,0.11328125,0.88671875,49,26
101,0.111328125,0.888671875,47,24
110,0.150390625,0.849609375,47,26
111,0.087890625,0.912109375,45,24
