state,p_marked,error,gate_count,depth
000,0.12109375,0.87890625,41,20
001,0.130859375,0.869140625,37,16
010,0.115234375,0.884765625,37,20
011,0.126953125,0.873046875,33,16
100,0.13671875,0.86328125,37,20
101,0.14453125,0.85546875,33,16
110,0.1328125,0.8671875,33,20
111,0.125,0.875,29,16
