state,p_marked,error,gate_count,depth
000,0.099609375,0.900390625,64,33
001,0.109375,0.890625,60,29
010,0.1484375,0.8515625,60,33
011,0.123046875,0.876953125,56,29
100,0.099609375,0.900390625,60,33
101,0.1328125,0.8671875,56,29
110,0.107421875,0.892578125,56,33
111,0.109375,0.890625,52,29
