state,p_marked,error,gate_count,depth
000,0.49609375,0.50390625,41,21
001,0.5234375,0.4765625,37,17
010,0.484375,0.515625,37,21
011,0.505859375,0.494140625,33,17
100,0.5,0.5,37,21
101,0.484375,0.515625,33,17
110,0.482421875,0.517578125,33,21
111,0.5,0.5,29,17
