state,p_marked,error,gate_count,depth
000,0.470703125,0.529296875,41,21
001,0.455078125,0.544921875,37,17
010,0.54296875,0.45703125,37,21
011,0.5,0.5,33,17
100,0.5,0.5,37,21
101,0.47265625,0.52734375,33,17
110,0.48828125,0.51171875,33,21
111,0.513671875,0.486328125,29,17
