state,p_marked,error,gate_count,depth
000,0.138671875,0.861328125,15,7
001,0.119140625,0.880859375,13,5
010,0.1328125,0.8671875,13,7
011,0.1171875,0.8828125,11,5
100,0.123046875,0.876953125,13,7
101,0.125,0.875,11,5
110,0.1328125,0.8671875,11,7
111,0.1015625,0.8984375,9,5
