state,p_marked,error,gate_count,depth
000,0.462890625,0.537109375,41,21
001,0.470703125,0.529296875,37,17
010,0.505859375,0.494140625,37,21
011,0.513671875,0.486328125,33,17
100,0.50390625,0.49609375,37,21
101,0.5,0.5,33,17
110,0.5,0.5,33,21
111,0.48046875,0.51953125,29,17
