state,p_marked,error,gate_count,depth
000,0.234375,0.765625,32,16
001,0.232421875,0.767578125,30,14
010,0.265625,0.734375,30,16
011,0.28515625,0.71484375,28,14
100,0.2578125,0.7421875,30,16
101,0.220703125,0.779296875,28,14
110,0.251953125,0.748046875,28,16
111,0.23828125,0.76171875,26,14
