state,p_marked,error,gate_count,depth
000,0.529296875,0.470703125,32,16
001,0.517578125,0.482421875,30,14
010,0.55078125,0.44921875,30,16
011,0.501953125,0.498046875,28,14
100,0.517578125,0.482421875,30,16
101,0.482421875,0.517578125,28,14
110,0.49609375,0.50390625,28,16
111,0.513671875,0.486328125,26,14
