state,p_marked,error,gate_count,depth
000,0.1328125,0.8671875,32,15
001,0.1484375,0.8515625,30,13
010,0.1171875,0.8828125,30,15
011,0.10546875,0.89453125,28,13
100,0.11328125,0.88671875,30,15
101,0.1328125,0.8671875,28,13
110,0.115234375,0.884765625,28,15
111,0.13671875,0.86328125,26,13
