state,p_marked,error,gate_count,depth
000,0.5078125,0.4921875,42,22
001,0.556640625,0.443359375,38,18
010,0.490234375,0.509765625,38,22
011,0.109375,0.890625,34,18
100,0.474609375,0.525390625,38,22
101,0.49609375,0.50390625,34,18
110,0.11328125,0.88671875,34,22
111,0.51171875,0.48828125,30,18
