state,p_marked,error,gate_count,depth
000,0.232421875,0.767578125,49,33
001,0.21484375,0.78515625,49,33
010,0.328125,0.671875,49,33
011,0.033203125,0.966796875,49,33
100,0.041015625,0.958984375,49,33
101,0.13671875,0.86328125,49,33
110,0.005859375,0.994140625,49,33
111,0.0078125,0.9921875,49,33
