state,p_marked,error,gate_count,depth
000,0.125,0.875,55,27
001,0.12109375,0.87890625,53,25
010,0.1171875,0.8828125,53,27
011,0.099609375,0.900390625,51,25
100,0.138671875,0.861328125,53,27
101,0.1171875,0.8828125,51,25
110,0.125,0.875,51,27
111,0.1328125,0.8671875,49,25
