state,p_marked,error,gate_count,depth
000,0.119140625,0.880859375,42,22
001,0.09765625,0.90234375,34,14
010,0.126953125,0.873046875,34,22
011,0.12109375,0.87890625,26,14
100,0.130859375,0.869140625,34,22
101,0.142578125,0.857421875,26,14
110,0.11328125,0.88671875,26,22
111,0.12109375,0.87890625,18,14
