state,p_marked,error,gate_count,depth
000,0.154296875,0.845703125,75,37
001,0.23828125,0.76171875,71,33
010,0.177734375,0.822265625,71,37
011,0.2265625,0.7734375,67,33
100,0.328125,0.671875,71,37
101,0.23828125,0.76171875,67,33
110,0.3515625,0.6484375,67,37
111,0.2578125,0.7421875,63,33
