state,p_marked,error,gate_count,depth
000,0.1328125,0.8671875,24,12
001,0.09375,0.90625,20,8
010,0.1015625,0.8984375,20,12
011,0.126953125,0.873046875,16,8
100,0.138671875,0.861328125,20,12
101,0.12890625,0.87109375,16,8
110,0.130859375,0.869140625,16,12
111,0.091796875,0.908203125,12,8
