state,p_marked,error,gate_count,depth
000,0.119140625,0.880859375,55,28
001,0.1171875,0.8828125,53,26
010,0.109375,0.890625,53,28
011,0.111328125,0.888671875,51,26
100,0.1328125,0.8671875,53,28
101,0.123046875,0.876953125,51,26
110,0.15625,0.84375,51,28
111,0.111328125,0.888671875,49,26
