state,p_marked,error,gate_count,depth
000,0.126953125,0.873046875,55,28
001,0.12890625,0.87109375,53,26
010,0.109375,0.890625,53,28
011,0.138671875,0.861328125,51,26
100,0.154296875,0.845703125,53,28
101,0.130859375,0.869140625,51,26
110,0.119140625,0.880859375,51,28
111,0.11328125,0.88671875,49,26
