state,p_marked,error,gate_count,depth
000,0.123046875,0.876953125,49,25
001,0.119140625,0.880859375,47,23
010,0.15625,0.84375,47,25
011,0.119140625,0.880859375,45,23
100,0.12109375,0.87890625,47,25
101,0.12109375,0.87890625,45,23
110,0.115234375,0.884765625,45,25
111,0.111328125,0.888671875,43,23
