state,p_marked,error,gate_count,depth
000,0.125,0.875,49,25
001,0.13671875,0.86328125,47,23
010,0.140625,0.859375,47,25
011,0.11328125,0.88671875,45,23
100,0.119140625,0.880859375,47,25
101,0.126953125,0.873046875,45,23
110,0.125,0.875,45,25
111,0.091796875,0.908203125,43,23
