state,p_marked,error,gate_count,depth
000,0.517578125,0.482421875,42,21
001,0.0703125,0.9296875,42,21
010,0.037109375,0.962890625,42,21
011,0.0625,0.9375,42,21
100,0.09765625,0.90234375,42,21
101,0.06640625,0.93359375,42,21
110,0.05859375,0.94140625,42,21
111,0.0546875,0.9453125,42,21
