state,p_marked,error,gate_count,depth
000,0.0,1.0,41,27
001,0.0,1.0,41,27
010,0.00390625,0.99609375,41,27
011,0.0,1.0,41,27
100,0.341796875,0.658203125,41,27
101,0.021484375,0.978515625,41,27
110,0.123046875,0.876953125,41,27
111,0.5859375,0.4140625,41,27
