state,p_marked,error,gate_count,depth
000,0.267578125,0.732421875,33,16
001,0.275390625,0.724609375,31,14
010,0.24609375,0.75390625,31,16
011,0.232421875,0.767578125,29,14
100,0.263671875,0.736328125,31,16
101,0.21484375,0.78515625,29,14
110,0.26171875,0.73828125,29,16
111,0.203125,0.796875,27,14
