state,p_marked,error,gate_count,depth
000,0.123046875,0.876953125,23,10
001,0.107421875,0.892578125,23,10
010,0.12890625,0.87109375,23,10
011,0.150390625,0.849609375,23,10
100,0.140625,0.859375,23,10
101,0.115234375,0.884765625,23,10
110,0.138671875,0.861328125,23,10
111,0.107421875,0.892578125,23,10
