state,p_marked,error,gate_count,depth
000,0.494140625,0.505859375,32,16
001,0.48828125,0.51171875,30,14
010,0.47265625,0.52734375,30,16
011,0.49609375,0.50390625,28,14
100,0.501953125,0.498046875,30,16
101,0.486328125,0.513671875,28,14
110,0.494140625,0.505859375,28,16
111,0.466796875,0.533203125,26,14
