state,p_marked,error,gate_count,depth
000,0.11328125,0.88671875,49,25
001,0.123046875,0.876953125,47,23
010,0.099609375,0.900390625,47,25
011,0.146484375,0.853515625,45,23
100,0.103515625,0.896484375,47,25
101,0.158203125,0.841796875,45,23
110,0.125,0.875,45,25
111,0.14453125,0.85546875,43,23
