state,p_marked,error,gate_count,depth
000,0.1484375,0.8515625,39,21
001,0.0,1.0,37,19
010,0.13671875,0.86328125,37,21
011,0.0,1.0,35,19
100,0.0,1.0,37,21
101,0.140625,0.859375,35,19
110,0.0,1.0,35,21
111,0.125,0.875,33,19
