state,p_marked,error,gate_count,depth
000,0.13671875,0.86328125,33,17
001,0.1015625,0.8984375,27,11
010,0.103515625,0.896484375,27,17
011,0.13671875,0.86328125,21,11
100,0.13671875,0.86328125,27,17
101,0.134765625,0.865234375,21,11
110,0.134765625,0.865234375,21,17
111,0.111328125,0.888671875,15,11
