state,p_marked,error,gate_count,depth
000,0.484375,0.515625,67,34
001,0.505859375,0.494140625,61,28
010,0.494140625,0.505859375,61,34
011,0.5,0.5,55,28
100,0.474609375,0.525390625,61,34
101,0.505859375,0.494140625,55,28
110,0.5078125,0.4921875,55,34
111,0.482421875,0.517578125,49,28
