state,p_marked,error,gate_count,depth
000,0.49609375,0.50390625,42,22
001,0.4609375,0.5390625,38,18
010,0.490234375,0.509765625,38,22
011,0.12109375,0.87890625,34,18
100,0.42578125,0.57421875,38,22
101,0.5078125,0.4921875,34,18
110,0.119140625,0.880859375,34,22
111,0.5,0.5,30,18
