state,p_marked,error,gate_count,depth
000,0.0,1.0,42,22
001,0.0,1.0,38,18
010,0.0,1.0,38,22
011,0.12890625,0.87109375,34,18
100,0.0,1.0,38,22
101,0.0,1.0,34,18
110,0.09765625,0.90234375,34,22
111,0.53515625,0.46484375,30,18
