state,p_marked,error,gate_count,depth
000,0.1484375,0.8515625,41,20
001,0.111328125,0.888671875,37,16
010,0.12890625,0.87109375,37,20
011,0.14453125,0.85546875,33,16
100,0.10546875,0.89453125,37,20
101,0.12109375,0.87890625,33,16
110,0.115234375,0.884765625,33,20
111,0.1171875,0.8828125,29,16
