state,p_marked,error,gate_count,depth
000,0.005859375,0.994140625,51,24
001,0.001953125,0.998046875,49,22
010,0.232421875,0.767578125,49,24
011,0.228515625,0.771484375,47,22
100,0.005859375,0.994140625,49,24
101,0.0078125,0.9921875,47,22
110,0.24609375,0.75390625,47,24
111,0.25,0.75,45,22
