state,p_marked,error,gate_count,depth
000,0.15234375,0.84765625,30,16
001,0.10546875,0.89453125,30,16
010,0.15625,0.84375,30,16
011,0.091796875,0.908203125,30,16
100,0.1875,0.8125,30,16
101,0.083984375,0.916015625,30,16
110,0.154296875,0.845703125,30,16
111,0.078125,0.921875,30,16
