state,p_marked,error,gate_count,depth
000,0.486328125,0.513671875,42,22
001,0.4921875,0.5078125,38,18
010,0.478515625,0.521484375,38,22
011,0.517578125,0.482421875,34,18
100,0.482421875,0.517578125,38,22
101,0.5078125,0.4921875,34,18
110,0.521484375,0.478515625,34,22
111,0.48046875,0.51953125,30,18
