state,p_marked,error,gate_count,depth
000,0.13671875,0.86328125,68,35
001,0.142578125,0.857421875,62,30
010,0.150390625,0.849609375,62,35
011,0.1328125,0.8671875,56,30
100,0.125,0.875,62,35
101,0.10546875,0.89453125,56,29
110,0.107421875,0.892578125,56,35
111,0.14453125,0.85546875,50,29
