state,p_marked,error,gate_count,depth
000,0.0,1.0,67,34
001,0.080078125,0.919921875,65,32
010,0.0,1.0,65,34
011,0.064453125,0.935546875,63,32
100,0.0,1.0,65,34
101,0.046875,0.953125,63,32
110,0.0,1.0,63,34
111,0.05078125,0.94921875,61,32
