state,p_marked,error,gate_count,depth
000,0.15625,0.84375,23,10
001,0.146484375,0.853515625,23,10
010,0.14453125,0.85546875,23,10
011,0.103515625,0.896484375,23,10
100,0.130859375,0.869140625,23,10
101,0.1328125,0.8671875,23,10
110,0.12890625,0.87109375,23,10
111,0.109375,0.890625,23,10
