state,p_marked,error,gate_count,depth
000,0.119140625,0.880859375,24,12
001,0.125,0.875,20,8
010,0.109375,0.890625,20,12
011,0.1328125,0.8671875,16,8
100,0.111328125,0.888671875,20,12
101,0.1484375,0.8515625,16,8
110,0.1015625,0.8984375,16,12
111,0.1328125,0.8671875,12,8
