state,p_marked,error,gate_count,depth
000,0.474609375,0.525390625,41,21
001,0.498046875,0.501953125,37,17
010,0.50390625,0.49609375,37,21
011,0.5078125,0.4921875,33,17
100,0.462890625,0.537109375,37,21
101,0.431640625,0.568359375,33,17
110,0.51953125,0.48046875,33,21
111,0.529296875,0.470703125,29,17
