state,p_marked,error,gate_count,depth
000,0.08984375,0.91015625,24,12
001,0.15625,0.84375,20,8
010,0.119140625,0.880859375,20,12
011,0.12109375,0.87890625,16,8
100,0.123046875,0.876953125,20,12
101,0.115234375,0.884765625,16,8
110,0.119140625,0.880859375,16,12
111,0.13671875,0.86328125,12,8
