state,p_marked,error,gate_count,depth
000,0.232421875,0.767578125,33,17
001,0.0,1.0,31,15
010,0.248046875,0.751953125,31,17
011,0.0,1.0,29,15
100,0.240234375,0.759765625,31,17
101,0.25,0.75,29,15
110,0.0,1.0,29,17
111,0.0,1.0,27,15
