state,p_marked,error,gate_count,depth
000,0.107421875,0.892578125,52,27
001,0.109375,0.890625,50,25
010,0.126953125,0.873046875,50,27
011,0.146484375,0.853515625,48,25
100,0.119140625,0.880859375,50,27
101,0.140625,0.859375,48,25
110,0.107421875,0.892578125,48,27
111,0.1171875,0.8828125,46,25
