state,p_marked,error,gate_count,depth
000,0.134765625,0.865234375,42,22
001,0.14453125,0.85546875,34,14
010,0.12890625,0.87109375,34,22
011,0.119140625,0.880859375,26,14
100,0.140625,0.859375,34,22
101,0.123046875,0.876953125,26,14
110,0.11328125,0.88671875,26,22
111,0.115234375,0.884765625,18,14
