state,p_marked,error,gate_count,depth
000,0.115234375,0.884765625,15,7
001,0.115234375,0.884765625,13,5
010,0.158203125,0.841796875,13,7
011,0.130859375,0.869140625,11,5
100,0.119140625,0.880859375,13,7
101,0.138671875,0.861328125,11,5
110,0.146484375,0.853515625,11,7
111,0.09765625,0.90234375,9,5
