state,p_marked,error,gate_count,depth
000,0.12890625,0.87109375,24,12
001,0.1171875,0.8828125,20,8
010,0.13671875,0.86328125,20,12
011,0.126953125,0.873046875,16,8
100,0.119140625,0.880859375,20,12
101,0.1171875,0.8828125,16,8
110,0.103515625,0.896484375,16,12
111,0.134765625,0.865234375,12,8
