state,p_marked,error,gate_count,depth
000,0.54296875,0.45703125,41,21
001,0.501953125,0.498046875,37,17
010,0.466796875,0.533203125,37,21
011,0.462890625,0.537109375,33,17
100,0.509765625,0.490234375,37,21
101,0.537109375,0.462890625,33,17
110,0.48828125,0.51171875,33,21
111,0.482421875,0.517578125,29,17
