state,p_marked,error,gate_count,depth
000,0.525390625,0.474609375,41,21
001,0.5078125,0.4921875,37,17
010,0.484375,0.515625,37,21
011,0.53125,0.46875,33,17
100,0.48046875,0.51953125,37,21
101,0.48046875,0.51953125,33,17
110,0.453125,0.546875,33,21
111,0.47265625,0.52734375,29,17
