state,p_marked,error,gate_count,depth
000,0.52734375,0.47265625,32,16
001,0.46875,0.53125,30,14
010,0.48828125,0.51171875,30,16
011,0.5234375,0.4765625,28,14
100,0.53515625,0.46484375,30,16
101,0.509765625,0.490234375,28,14
110,0.501953125,0.498046875,28,16
111,0.482421875,0.517578125,26,14
