state,p_marked,error,gate_count,depth
000,0.484375,0.515625,41,21
001,0.4453125,0.5546875,37,17
010,0.50390625,0.49609375,37,21
011,0.51953125,0.48046875,33,17
100,0.4765625,0.5234375,37,21
101,0.47265625,0.52734375,33,17
110,0.474609375,0.525390625,33,21
111,0.478515625,0.521484375,29,17
