state,p_marked,error,gate_count,depth
000,0.125,0.875,47,24
001,0.126953125,0.873046875,43,20
010,0.08984375,0.91015625,43,24
011,0.1171875,0.8828125,39,20
100,0.123046875,0.876953125,43,24
101,0.14453125,0.85546875,39,20
110,0.12890625,0.87109375,39,24
111,0.11328125,0.88671875,35,20
