state,p_marked,error,gate_count,depth
000,0.087890625,0.912109375,95,49
001,0.111328125,0.888671875,87,42
010,0.083984375,0.916015625,87,49
011,0.10546875,0.89453125,79,41
100,0.123046875,0.876953125,87,49
101,0.0,1.0,79,42
110,0.107421875,0.892578125,79,49
111,0.4765625,0.5234375,71,41
