state,p_marked,error,gate_count,depth
000,0.173828125,0.826171875,138,100
001,0.119140625,0.880859375,136,98
010,0.27734375,0.72265625,136,100
011,0.025390625,0.974609375,134,98
100,0.193359375,0.806640625,136,100
101,0.015625,0.984375,134,98
110,0.126953125,0.873046875,134,100
111,0.083984375,0.916015625,132,98
