state,p_marked,error,gate_count,depth
000,0.248046875,0.751953125,45,24
001,0.240234375,0.759765625,41,20
010,0.02734375,0.97265625,41,24
011,0.25390625,0.74609375,37,20
100,0.03125,0.96875,41,24
101,0.03515625,0.96484375,37,20
110,0.0546875,0.9453125,37,24
111,0.267578125,0.732421875,33,20
