state,p_marked,error,gate_count,depth
000,0.552734375,0.447265625,32,16
001,0.48828125,0.51171875,30,14
010,0.50390625,0.49609375,30,16
011,0.50390625,0.49609375,28,14
100,0.470703125,0.529296875,30,16
101,0.517578125,0.482421875,28,14
110,0.4765625,0.5234375,28,16
111,0.51171875,0.48828125,26,14
