state,p_marked,error,gate_count,depth
000,0.115234375,0.884765625,32,15
001,0.111328125,0.888671875,30,13
010,0.13671875,0.86328125,30,15
011,0.150390625,0.849609375,28,13
100,0.134765625,0.865234375,30,15
101,0.11328125,0.88671875,28,13
110,0.130859375,0.869140625,28,15
111,0.1171875,0.8828125,26,13
