state,p_marked,error,gate_count,depth
000,0.14453125,0.85546875,50,26
001,0.138671875,0.861328125,48,24
010,0.138671875,0.861328125,48,26
011,0.15234375,0.84765625,46,24
100,0.12109375,0.87890625,48,26
101,0.109375,0.890625,46,24
110,0.11328125,0.88671875,46,26
111,0.11328125,0.88671875,44,24
