state,p_marked,error,gate_count,depth
000,0.181640625,0.818359375,68,34
001,0.1171875,0.8828125,62,28
010,0.1171875,0.8828125,62,34
011,0.111328125,0.888671875,56,28
100,0.1171875,0.8828125,62,34
101,0.142578125,0.857421875,56,28
110,0.1171875,0.8828125,56,34
111,0.119140625,0.880859375,50,28
