state,p_marked,error,gate_count,depth
000,0.0703125,0.9296875,32,15
001,0.060546875,0.939453125,30,13
010,0.0625,0.9375,30,15
011,0.0625,0.9375,28,13
100,0.04296875,0.95703125,30,15
101,0.0625,0.9375,28,13
110,0.060546875,0.939453125,28,15
111,0.076171875,0.923828125,26,13
