state,p_marked,error,gate_count,depth
000,0.1015625,0.8984375,66,34
001,0.111328125,0.888671875,64,32
010,0.119140625,0.880859375,64,34
011,0.1484375,0.8515625,62,32
100,0.111328125,0.888671875,64,34
101,0.130859375,0.869140625,62,32
110,0.123046875,0.876953125,62,34
111,0.12890625,0.87109375,60,32
