state,p_marked,error,gate_count,depth
000,0.50390625,0.49609375,41,21
001,0.515625,0.484375,37,17
010,0.517578125,0.482421875,37,21
011,0.53125,0.46875,33,17
100,0.521484375,0.478515625,37,21
101,0.482421875,0.517578125,33,17
110,0.46484375,0.53515625,33,21
111,0.46484375,0.53515625,29,17
