state,p_marked,error,gate_count,depth
000,0.314453125,0.685546875,69,36
001,0.228515625,0.771484375,67,34
010,0.11328125,0.88671875,67,36
011,0.298828125,0.701171875,65,34
100,0.296875,0.703125,67,36
101,0.05078125,0.94921875,65,34
110,0.103515625,0.896484375,65,36
111,0.11328125,0.88671875,63,34
