state,p_marked,error,gate_count,depth
000,0.15234375,0.84765625,33,17
001,0.08984375,0.91015625,27,11
010,0.130859375,0.869140625,27,17
011,0.130859375,0.869140625,21,11
100,0.138671875,0.861328125,27,17
101,0.134765625,0.865234375,21,11
110,0.12890625,0.87109375,21,17
111,0.130859375,0.869140625,15,11
