state,p_marked,error,gate_count,depth
000,0.123046875,0.876953125,41,19
001,0.146484375,0.853515625,41,19
010,0.15234375,0.84765625,41,19
011,0.111328125,0.888671875,41,19
100,0.1328125,0.8671875,41,19
101,0.126953125,0.873046875,41,19
110,0.125,0.875,41,19
111,0.1015625,0.8984375,41,19
