state,p_marked,error,gate_count,depth
000,0.1328125,0.8671875,52,28
001,0.10546875,0.89453125,50,26
010,0.1015625,0.8984375,50,28
011,0.1171875,0.8828125,48,26
100,0.134765625,0.865234375,50,28
101,0.125,0.875,48,26
110,0.109375,0.890625,48,28
111,0.169921875,0.830078125,46,26
