state,p_marked,error,gate_count,depth
000,0.11328125,0.88671875,25,11
001,0.12890625,0.87109375,25,11
010,0.14453125,0.85546875,25,11
011,0.126953125,0.873046875,25,11
100,0.130859375,0.869140625,25,11
101,0.130859375,0.869140625,25,11
110,0.126953125,0.873046875,25,11
111,0.150390625,0.849609375,25,11
