state,p_marked,error,gate_count,depth
000,0.123046875,0.876953125,42,21
001,0.140625,0.859375,38,17
010,0.126953125,0.873046875,38,21
011,0.140625,0.859375,34,17
100,0.13671875,0.86328125,38,21
101,0.12109375,0.87890625,34,17
110,0.138671875,0.861328125,34,21
111,0.12109375,0.87890625,30,17
