state,p_marked,error,gate_count,depth
000,0.484375,0.515625,41,21
001,0.5390625,0.4609375,37,17
010,0.533203125,0.466796875,37,21
011,0.51953125,0.48046875,33,17
100,0.509765625,0.490234375,37,21
101,0.486328125,0.513671875,33,17
110,0.5,0.5,33,21
111,0.466796875,0.533203125,29,17
