state,p_marked,error,gate_count,depth
000,0.0,1.0,34,18
001,0.142578125,0.857421875,32,16
010,0.0,1.0,32,18
011,0.109375,0.890625,30,16
100,0.107421875,0.892578125,32,18
101,0.0,1.0,30,16
110,0.125,0.875,30,18
111,0.0,1.0,28,16
