state,p_marked,error,gate_count,depth
000,0.4296875,0.5703125,41,21
001,0.482421875,0.517578125,37,17
010,0.46875,0.53125,37,21
011,0.53125,0.46875,33,17
100,0.482421875,0.517578125,37,21
101,0.486328125,0.513671875,33,17
110,0.5234375,0.4765625,33,21
111,0.50390625,0.49609375,29,17
