state,p_marked,error,gate_count,depth
000,0.134765625,0.865234375,99,53
001,0.109375,0.890625,95,49
010,0.111328125,0.888671875,95,53
011,0.1328125,0.8671875,91,49
100,0.13671875,0.86328125,95,53
101,0.12890625,0.87109375,91,49
110,0.1171875,0.8828125,91,53
111,0.12109375,0.87890625,87,49
