state,p_marked,error,gate_count,depth
000,0.1171875,0.8828125,50,28
001,0.138671875,0.861328125,46,24
010,0.111328125,0.888671875,46,28
011,0.12109375,0.87890625,42,24
100,0.123046875,0.876953125,46,28
101,0.099609375,0.900390625,42,24
110,0.162109375,0.837890625,42,28
111,0.11328125,0.88671875,38,24
