state,p_marked,error,gate_count,depth
000,0.1171875,0.8828125,24,12
001,0.115234375,0.884765625,20,8
010,0.126953125,0.873046875,20,12
011,0.1328125,0.8671875,16,8
100,0.130859375,0.869140625,20,12
101,0.09375,0.90625,16,8
110,0.12890625,0.87109375,16,12
111,0.173828125,0.826171875,12,8
