state,p_marked,error,gate_count,depth
000,0.12109375,0.87890625,32,15
001,0.126953125,0.873046875,30,13
010,0.126953125,0.873046875,30,15
011,0.1328125,0.8671875,28,13
100,0.126953125,0.873046875,30,15
101,0.107421875,0.892578125,28,13
110,0.107421875,0.892578125,28,15
111,0.125,0.875,26,13
