state,p_marked,error,gate_count,depth
000,0.1171875,0.8828125,15,7
001,0.1328125,0.8671875,13,5
010,0.142578125,0.857421875,13,7
011,0.14453125,0.85546875,11,5
100,0.119140625,0.880859375,13,7
101,0.123046875,0.876953125,11,5
110,0.12890625,0.87109375,11,7
111,0.12109375,0.87890625,9,5
