state,p_marked,error,gate_count,depth
000,0.03125,0.96875,58,30
001,0.033203125,0.966796875,54,26
010,0.041015625,0.958984375,54,30
011,0.025390625,0.974609375,50,26
100,0.03125,0.96875,54,30
101,0.25,0.75,50,26
110,0.03125,0.96875,50,30
111,0.015625,0.984375,46,26
