state,p_marked,error,gate_count,depth
000,0.0,1.0,64,33
001,0.2734375,0.7265625,60,29
010,0.0,1.0,60,33
011,0.255859375,0.744140625,56,29
100,0.265625,0.734375,60,33
101,0.0,1.0,56,29
110,0.109375,0.890625,56,33
111,0.115234375,0.884765625,52,29
