state,p_marked,error,gate_count,depth
000,0.14453125,0.85546875,61,32
001,0.5234375,0.4765625,57,28
010,0.126953125,0.873046875,57,32
011,0.0,1.0,53,28
100,0.166015625,0.833984375,57,32
101,0.501953125,0.498046875,53,28
110,0.11328125,0.88671875,53,32
111,0.00390625,0.99609375,49,28
