state,p_marked,error,gate_count,depth
000,0.005859375,0.994140625,33,17
001,0.005859375,0.994140625,31,15
010,0.005859375,0.994140625,31,17
011,0.001953125,0.998046875,29,15
100,0.515625,0.484375,31,17
101,0.439453125,0.560546875,29,15
110,0.47265625,0.52734375,29,17
111,0.498046875,0.501953125,27,15
