state,p_marked,error,gate_count,depth
000,0.083984375,0.916015625,41,21
001,0.12890625,0.87109375,37,17
010,0.12890625,0.87109375,37,21
011,0.095703125,0.904296875,33,17
100,0.12890625,0.87109375,37,21
101,0.13671875,0.86328125,33,17
110,0.125,0.875,33,21
111,0.138671875,0.861328125,29,17
