state,p_marked,error,gate_count,depth
000,0.1328125,0.8671875,42,22
001,0.1015625,0.8984375,34,14
010,0.125,0.875,34,22
011,0.1484375,0.8515625,26,14
100,0.12109375,0.87890625,34,22
101,0.1171875,0.8828125,26,14
110,0.09765625,0.90234375,26,22
111,0.103515625,0.896484375,18,14
