state,p_marked,error,gate_count,depth
000,0.115234375,0.884765625,33,17
001,0.12890625,0.87109375,27,11
010,0.134765625,0.865234375,27,17
011,0.15625,0.84375,21,11
100,0.111328125,0.888671875,27,17
101,0.103515625,0.896484375,21,11
110,0.109375,0.890625,21,17
111,0.107421875,0.892578125,15,11
