state,p_marked,error,gate_count,depth
000,0.544921875,0.455078125,41,21
001,0.466796875,0.533203125,37,17
010,0.48828125,0.51171875,37,21
011,0.51171875,0.48828125,33,17
100,0.509765625,0.490234375,37,21
101,0.51953125,0.48046875,33,17
110,0.474609375,0.525390625,33,21
111,0.46875,0.53125,29,17
