state,p_marked,error,gate_count,depth
000,0.123046875,0.876953125,49,24
001,0.12890625,0.87109375,47,22
010,0.140625,0.859375,47,24
011,0.1171875,0.8828125,45,22
100,0.126953125,0.873046875,47,24
101,0.123046875,0.876953125,45,22
110,0.12109375,0.87890625,45,24
111,0.126953125,0.873046875,43,22
