state,p_marked,error,gate_count,depth
000,0.142578125,0.857421875,33,17
001,0.125,0.875,27,11
010,0.091796875,0.908203125,27,17
011,0.115234375,0.884765625,21,11
100,0.12109375,0.87890625,27,17
101,0.134765625,0.865234375,21,11
110,0.1171875,0.8828125,21,17
111,0.1484375,0.8515625,15,11
