state,p_marked,error,gate_count,depth
000,0.51171875,0.48828125,41,21
001,0.482421875,0.517578125,37,17
010,0.4921875,0.5078125,37,21
011,0.5390625,0.4609375,33,17
100,0.50390625,0.49609375,37,21
101,0.525390625,0.474609375,33,17
110,0.44921875,0.55078125,33,21
111,0.517578125,0.482421875,29,17
