state,p_marked,error,gate_count,depth
000,0.150390625,0.849609375,49,25
001,0.12890625,0.87109375,47,23
010,0.134765625,0.865234375,47,25
011,0.142578125,0.857421875,45,23
100,0.154296875,0.845703125,47,25
101,0.138671875,0.861328125,45,23
110,0.140625,0.859375,45,25
111,0.11328125,0.88671875,43,23
