state,p_marked,error,gate_count,depth
000,0.111328125,0.888671875,73,50
001,0.095703125,0.904296875,73,50
010,0.15625,0.84375,73,50
011,0.001953125,0.998046875,73,50
100,0.208984375,0.791015625,73,50
101,0.111328125,0.888671875,73,50
110,0.001953125,0.998046875,73,50
111,0.283203125,0.716796875,73,50
