state,p_marked,error,gate_count,depth
000,0.13671875,0.86328125,41,20
001,0.1171875,0.8828125,37,16
010,0.1328125,0.8671875,37,20
011,0.138671875,0.861328125,33,16
100,0.126953125,0.873046875,37,20
101,0.10546875,0.89453125,33,16
110,0.111328125,0.888671875,33,20
111,0.126953125,0.873046875,29,16
