state,p_marked,error,gate_count,depth
000,0.5,0.5,32,16
001,0.501953125,0.498046875,30,14
010,0.529296875,0.470703125,30,16
011,0.48828125,0.51171875,28,14
100,0.474609375,0.525390625,30,16
101,0.484375,0.515625,28,14
110,0.4609375,0.5390625,28,16
111,0.5,0.5,26,14
