state,p_marked,error,gate_count,depth
000,0.486328125,0.513671875,32,16
001,0.51171875,0.48828125,30,14
010,0.515625,0.484375,30,16
011,0.498046875,0.501953125,28,14
100,0.458984375,0.541015625,30,16
101,0.50390625,0.49609375,28,14
110,0.533203125,0.466796875,28,16
111,0.529296875,0.470703125,26,14
