state,p_marked,error,gate_count,depth
000,0.15625,0.84375,59,29
001,0.10546875,0.89453125,55,25
010,0.142578125,0.857421875,55,29
011,0.126953125,0.873046875,51,25
100,0.130859375,0.869140625,55,29
101,0.1171875,0.8828125,51,25
110,0.15234375,0.84765625,51,29
111,0.138671875,0.861328125,47,25
