state,p_marked,error,gate_count,depth
000,0.134765625,0.865234375,54,29
001,0.12109375,0.87890625,52,27
010,0.10546875,0.89453125,52,29
011,0.11328125,0.88671875,50,27
100,0.12109375,0.87890625,52,29
101,0.10546875,0.89453125,50,27
110,0.154296875,0.845703125,50,29
111,0.1328125,0.8671875,48,27
