state,p_marked,error,gate_count,depth
000,0.251953125,0.748046875,41,21
001,0.2421875,0.7578125,37,17
010,0.259765625,0.740234375,37,21
011,0.244140625,0.755859375,33,17
100,0.23828125,0.76171875,37,21
101,0.2890625,0.7109375,33,17
110,0.234375,0.765625,33,21
111,0.275390625,0.724609375,29,17
