state,p_marked,error,gate_count,depth
000,0.46875,0.53125,41,21
001,0.509765625,0.490234375,37,17
010,0.537109375,0.462890625,37,21
011,0.548828125,0.451171875,33,17
100,0.49609375,0.50390625,37,21
101,0.53125,0.46875,33,17
110,0.482421875,0.517578125,33,21
111,0.52734375,0.47265625,29,17
