state,p_marked,error,gate_count,depth
000,0.11328125,0.88671875,43,22
001,0.130859375,0.869140625,43,22
010,0.1484375,0.8515625,43,22
011,0.154296875,0.845703125,43,22
100,0.095703125,0.904296875,43,22
101,0.109375,0.890625,43,22
110,0.12890625,0.87109375,43,22
111,0.091796875,0.908203125,43,22
