state,p_marked,error,gate_count,depth
000,0.0,1.0,64,32
001,0.126953125,0.873046875,60,28
010,0.0,1.0,60,32
011,0.115234375,0.884765625,56,28
100,0.12890625,0.87109375,60,32
101,0.0,1.0,56,28
110,0.12890625,0.87109375,56,32
111,0.0,1.0,52,28
