state,p_marked,error,gate_count,depth
000,0.078125,0.921875,43,22
001,0.076171875,0.923828125,43,22
010,0.05859375,0.94140625,43,22
011,0.0703125,0.9296875,43,22
100,0.4609375,0.5390625,43,22
101,0.125,0.875,43,22
110,0.078125,0.921875,43,22
111,0.072265625,0.927734375,43,22
