state,p_marked,error,gate_count,depth
000,0.478515625,0.521484375,41,21
001,0.46484375,0.53515625,37,17
010,0.470703125,0.529296875,37,21
011,0.486328125,0.513671875,33,17
100,0.5078125,0.4921875,37,21
101,0.521484375,0.478515625,33,17
110,0.529296875,0.470703125,33,21
111,0.509765625,0.490234375,29,17
