state,p_marked,error,gate_count,depth
000,0.490234375,0.509765625,41,21
001,0.51953125,0.48046875,37,17
010,0.513671875,0.486328125,37,21
011,0.44140625,0.55859375,33,17
100,0.451171875,0.548828125,37,21
101,0.5390625,0.4609375,33,17
110,0.53515625,0.46484375,33,21
111,0.5078125,0.4921875,29,17
