state,p_marked,error,gate_count,depth
000,0.0,1.0,41,21
001,0.109375,0.890625,37,17
010,0.107421875,0.892578125,37,21
011,0.0,1.0,33,17
100,0.0,1.0,37,21
101,0.134765625,0.865234375,33,17
110,0.150390625,0.849609375,33,21
111,0.0,1.0,29,17
