state,p_marked,error,gate_count,depth
000,0.068359375,0.931640625,32,15
001,0.0546875,0.9453125,30,13
010,0.060546875,0.939453125,30,15
011,0.046875,0.953125,28,13
100,0.064453125,0.935546875,30,15
101,0.033203125,0.966796875,28,13
110,0.05078125,0.94921875,28,15
111,0.0625,0.9375,26,13
