state,p_marked,error,gate_count,depth
000,0.533203125,0.466796875,42,21
001,0.48828125,0.51171875,38,17
010,0.509765625,0.490234375,38,21
011,0.5234375,0.4765625,34,17
100,0.51171875,0.48828125,38,21
101,0.517578125,0.482421875,34,17
110,0.5078125,0.4921875,34,21
111,0.51953125,0.48046875,30,17
