state,p_marked,error,gate_count,depth
000,0.1171875,0.8828125,58,30
001,0.09765625,0.90234375,54,26
010,0.095703125,0.904296875,54,30
011,0.10546875,0.89453125,50,26
100,0.099609375,0.900390625,54,30
101,0.125,0.875,50,26
110,0.15234375,0.84765625,50,30
111,0.130859375,0.869140625,46,26
