state,p_marked,error,gate_count,depth
000,0.1484375,0.8515625,50,25
001,0.1328125,0.8671875,44,19
010,0.1484375,0.8515625,44,25
011,0.1328125,0.8671875,38,19
100,0.12890625,0.87109375,44,25
101,0.13671875,0.86328125,38,19
110,0.1171875,0.8828125,38,25
111,0.123046875,0.876953125,32,19
