state,p_marked,error,gate_count,depth
000,0.10546875,0.89453125,40,18
001,0.109375,0.890625,40,18
010,0.15625,0.84375,40,18
011,0.14453125,0.85546875,40,18
100,0.150390625,0.849609375,40,18
101,0.15234375,0.84765625,40,18
110,0.111328125,0.888671875,40,18
111,0.134765625,0.865234375,40,18
