state,p_marked,error,gate_count,depth
000,0.130859375,0.869140625,68,35
001,0.123046875,0.876953125,62,29
010,0.109375,0.890625,62,35
011,0.125,0.875,56,29
100,0.130859375,0.869140625,62,35
101,0.115234375,0.884765625,56,29
110,0.1484375,0.8515625,56,35
111,0.12109375,0.87890625,50,29
