state,p_marked,error,gate_count,depth
000,0.14453125,0.85546875,32,15
001,0.15234375,0.84765625,30,13
010,0.134765625,0.865234375,30,15
011,0.123046875,0.876953125,28,13
100,0.115234375,0.884765625,30,15
101,0.138671875,0.861328125,28,13
110,0.142578125,0.857421875,28,15
111,0.1328125,0.8671875,26,13
