state,p_marked,error,gate_count,depth
000,0.09375,0.90625,59,30
001,0.146484375,0.853515625,57,28
010,0.212890625,0.787109375,57,30
011,0.048828125,0.951171875,55,28
100,0.076171875,0.923828125,57,30
101,0.150390625,0.849609375,55,28
110,0.2109375,0.7890625,55,30
111,0.05859375,0.94140625,53,28
