state,p_marked,error,gate_count,depth
000,0.220703125,0.779296875,50,25
001,0.244140625,0.755859375,48,23
010,0.029296875,0.970703125,48,25
011,0.03515625,0.96484375,46,23
100,0.265625,0.734375,48,25
101,0.251953125,0.748046875,46,23
110,0.03125,0.96875,46,25
111,0.0234375,0.9765625,44,23
