state,p_marked,error,gate_count,depth
000,0.51171875,0.48828125,32,16
001,0.48828125,0.51171875,30,14
010,0.484375,0.515625,30,16
011,0.501953125,0.498046875,28,14
100,0.5,0.5,30,16
101,0.501953125,0.498046875,28,14
110,0.505859375,0.494140625,28,16
111,0.50390625,0.49609375,26,14
