state,p_marked,error,gate_count,depth
000,0.505859375,0.494140625,41,21
001,0.478515625,0.521484375,37,17
010,0.482421875,0.517578125,37,21
011,0.458984375,0.541015625,33,17
100,0.509765625,0.490234375,37,21
101,0.55859375,0.44140625,33,17
110,0.490234375,0.509765625,33,21
111,0.529296875,0.470703125,29,17
