state,p_marked,error,gate_count,depth
000,0.125,0.875,32,15
001,0.107421875,0.892578125,30,13
010,0.119140625,0.880859375,30,15
011,0.09765625,0.90234375,28,13
100,0.1171875,0.8828125,30,15
101,0.119140625,0.880859375,28,13
110,0.134765625,0.865234375,28,15
111,0.095703125,0.904296875,26,13
