state,p_marked,error,gate_count,depth
000,0.501953125,0.498046875,32,16
001,0.533203125,0.466796875,30,14
010,0.5234375,0.4765625,30,16
011,0.533203125,0.466796875,28,14
100,0.498046875,0.501953125,30,16
101,0.5,0.5,28,14
110,0.4921875,0.5078125,28,16
111,0.45703125,0.54296875,26,14
