state,p_marked,error,gate_count,depth
000,0.0,1.0,58,37
001,0.259765625,0.740234375,58,37
010,0.140625,0.859375,58,37
011,0.0,1.0,58,37
100,0.119140625,0.880859375,58,37
101,0.1171875,0.8828125,58,37
110,0.107421875,0.892578125,58,37
111,0.251953125,0.748046875,58,37
