state,p_marked,error,gate_count,depth
000,0.115234375,0.884765625,59,31
001,0.146484375,0.853515625,55,27
010,0.115234375,0.884765625,55,31
011,0.134765625,0.865234375,51,27
100,0.12890625,0.87109375,55,31
101,0.12890625,0.87109375,51,27
110,0.099609375,0.900390625,51,31
111,0.091796875,0.908203125,47,27
