state,p_marked,error,gate_count,depth
000,0.126953125,0.873046875,54,28
001,0.13671875,0.86328125,52,26
010,0.1484375,0.8515625,52,28
011,0.09765625,0.90234375,50,26
100,0.1328125,0.8671875,52,28
101,0.12109375,0.87890625,50,26
110,0.119140625,0.880859375,50,28
111,0.14453125,0.85546875,48,26
