state,p_marked,error,gate_count,depth
000,0.14453125,0.85546875,42,22
001,0.1015625,0.8984375,34,14
010,0.107421875,0.892578125,34,22
011,0.1484375,0.8515625,26,14
100,0.1171875,0.8828125,34,22
101,0.154296875,0.845703125,26,14
110,0.109375,0.890625,26,22
111,0.1171875,0.8828125,18,14
