state,p_marked,error,gate_count,depth
000,0.14453125,0.85546875,59,30
001,0.123046875,0.876953125,55,26
010,0.140625,0.859375,55,30
011,0.11328125,0.88671875,51,26
100,0.123046875,0.876953125,55,30
101,0.12109375,0.87890625,51,26
110,0.109375,0.890625,51,30
111,0.1484375,0.8515625,47,26
