state,p_marked,error,gate_count,depth
000,0.154296875,0.845703125,49,25
001,0.12890625,0.87109375,47,23
010,0.134765625,0.865234375,47,25
011,0.1328125,0.8671875,45,23
100,0.154296875,0.845703125,47,25
101,0.140625,0.859375,45,23
110,0.123046875,0.876953125,45,25
111,0.123046875,0.876953125,43,23
