state,p_marked,error,gate_count,depth
000,0.466796875,0.533203125,32,16
001,0.5,0.5,30,14
010,0.52734375,0.47265625,30,16
011,0.505859375,0.494140625,28,14
100,0.53125,0.46875,30,16
101,0.51953125,0.48046875,28,14
110,0.5390625,0.4609375,28,16
111,0.505859375,0.494140625,26,14
