state,p_marked,error,gate_count,depth
000,0.10546875,0.89453125,37,18
001,0.126953125,0.873046875,35,16
010,0.12109375,0.87890625,35,18
011,0.0,1.0,33,16
100,0.12890625,0.87109375,35,18
101,0.134765625,0.865234375,33,16
110,0.0,1.0,33,18
111,0.119140625,0.880859375,31,16
