state,p_marked,error,gate_count,depth
000,0.12890625,0.87109375,50,25
001,0.107421875,0.892578125,48,23
010,0.130859375,0.869140625,48,25
011,0.11328125,0.88671875,46,23
100,0.126953125,0.873046875,48,25
101,0.109375,0.890625,46,23
110,0.138671875,0.861328125,46,25
111,0.111328125,0.888671875,44,23
