state,p_marked,error,gate_count,depth
000,0.119140625,0.880859375,85,44
001,0.119140625,0.880859375,79,39
010,0.11328125,0.88671875,79,44
011,0.123046875,0.876953125,73,38
100,0.125,0.875,79,44
101,0.119140625,0.880859375,73,39
110,0.123046875,0.876953125,73,44
111,0.119140625,0.880859375,67,38
