state,p_marked,error,gate_count,depth
000,0.140625,0.859375,46,24
001,0.115234375,0.884765625,42,20
010,0.10546875,0.89453125,42,24
011,0.115234375,0.884765625,38,20
100,0.142578125,0.857421875,42,24
101,0.1015625,0.8984375,38,20
110,0.140625,0.859375,38,24
111,0.109375,0.890625,34,20
