state,p_marked,error,gate_count,depth
000,0.1328125,0.8671875,32,15
001,0.125,0.875,30,13
010,0.103515625,0.896484375,30,15
011,0.14453125,0.85546875,28,13
100,0.12109375,0.87890625,30,15
101,0.11328125,0.88671875,28,13
110,0.1328125,0.8671875,28,15
111,0.125,0.875,26,13
