state,p_marked,error,gate_count,depth
000,0.12109375,0.87890625,43,22
001,0.13671875,0.86328125,39,18
010,0.12890625,0.87109375,39,22
011,0.126953125,0.873046875,35,18
100,0.142578125,0.857421875,39,22
101,0.130859375,0.869140625,35,18
110,0.140625,0.859375,35,22
111,0.142578125,0.857421875,31,18
