state,p_marked,error,gate_count,depth
000,0.16015625,0.83984375,105,54
001,0.16796875,0.83203125,99,49
010,0.59765625,0.40234375,99,54
011,0.0,1.0,93,49
100,0.15234375,0.84765625,99,54
101,0.15625,0.84375,93,49
110,0.15625,0.84375,93,54
111,0.142578125,0.857421875,87,48
