state,p_marked,error,gate_count,depth
000,0.111328125,0.888671875,63,40
001,0.029296875,0.970703125,63,40
010,0.08203125,0.91796875,63,40
011,0.03125,0.96875,63,40
100,0.197265625,0.802734375,63,40
101,0.107421875,0.892578125,63,40
110,0.013671875,0.986328125,63,40
111,0.369140625,0.630859375,63,40
