state,p_marked,error,gate_count,depth
000,0.15234375,0.84765625,32,16
001,0.11328125,0.88671875,30,14
010,0.142578125,0.857421875,30,16
011,0.134765625,0.865234375,28,14
100,0.126953125,0.873046875,30,16
101,0.123046875,0.876953125,28,14
110,0.146484375,0.853515625,28,16
111,0.11328125,0.88671875,26,14
