state,p_marked,error,gate_count,depth
000,0.43359375,0.56640625,76,49
001,0.1171875,0.8828125,74,47
010,0.080078125,0.919921875,74,49
011,0.05078125,0.94921875,72,47
100,0.2265625,0.7734375,74,49
101,0.107421875,0.892578125,72,47
110,0.072265625,0.927734375,72,49
111,0.06640625,0.93359375,70,47
