state,p_marked,error,gate_count,depth
000,0.119140625,0.880859375,15,7
001,0.125,0.875,13,5
010,0.126953125,0.873046875,13,7
011,0.138671875,0.861328125,11,5
100,0.123046875,0.876953125,13,7
101,0.095703125,0.904296875,11,5
110,0.1484375,0.8515625,11,7
111,0.13671875,0.86328125,9,5
