state,p_marked,error,gate_count,depth
000,0.12109375,0.87890625,54,27
001,0.107421875,0.892578125,52,25
010,0.123046875,0.876953125,52,27
011,0.1328125,0.8671875,50,25
100,0.12890625,0.87109375,52,27
101,0.111328125,0.888671875,50,25
110,0.13671875,0.86328125,50,27
111,0.11328125,0.88671875,48,25
