state,p_marked,error,gate_count,depth
000,0.146484375,0.853515625,33,16
001,0.13671875,0.86328125,31,14
010,0.14453125,0.85546875,31,16
011,0.123046875,0.876953125,29,14
100,0.115234375,0.884765625,31,16
101,0.10546875,0.89453125,29,14
110,0.123046875,0.876953125,29,16
111,0.134765625,0.865234375,27,14
