state,p_marked,error,gate_count,depth
000,0.103515625,0.896484375,50,26
001,0.109375,0.890625,48,24
010,0.109375,0.890625,48,26
011,0.123046875,0.876953125,46,24
100,0.11328125,0.88671875,48,26
101,0.111328125,0.888671875,46,24
110,0.111328125,0.888671875,46,26
111,0.125,0.875,44,24
