state,p_marked,error,gate_count,depth
000,0.126953125,0.873046875,58,29
001,0.13671875,0.86328125,54,25
010,0.134765625,0.865234375,54,29
011,0.109375,0.890625,50,25
100,0.138671875,0.861328125,54,29
101,0.134765625,0.865234375,50,25
110,0.146484375,0.853515625,50,29
111,0.12890625,0.87109375,46,25
