state,p_marked,error,gate_count,depth
000,0.501953125,0.498046875,32,16
001,0.494140625,0.505859375,30,14
010,0.46875,0.53125,30,16
011,0.5234375,0.4765625,28,14
100,0.4921875,0.5078125,30,16
101,0.47265625,0.52734375,28,14
110,0.484375,0.515625,28,16
111,0.5,0.5,26,14
