state,p_marked,error,gate_count,depth
000,0.0,1.0,41,27
001,0.12109375,0.87890625,41,27
010,0.0,1.0,41,27
011,0.103515625,0.896484375,41,27
100,0.25390625,0.74609375,41,27
101,0.00390625,0.99609375,41,27
110,0.55078125,0.44921875,41,27
111,0.0,1.0,41,27
