state,p_marked,error,gate_count,depth
000,0.265625,0.734375,65,37
001,0.00390625,0.99609375,63,35
010,0.001953125,0.998046875,63,37
011,0.248046875,0.751953125,61,35
100,0.2578125,0.7421875,63,37
101,0.0078125,0.9921875,61,35
110,0.005859375,0.994140625,61,37
111,0.25,0.75,59,35
