state,p_marked,error,gate_count,depth
000,0.119140625,0.880859375,52,28
001,0.1328125,0.8671875,50,26
010,0.115234375,0.884765625,50,28
011,0.12109375,0.87890625,48,26
100,0.126953125,0.873046875,50,28
101,0.162109375,0.837890625,48,26
110,0.109375,0.890625,48,28
111,0.12890625,0.87109375,46,26
