state,p_marked,error,gate_count,depth
000,0.0625,0.9375,41,21
001,0.044921875,0.955078125,41,21
010,0.05078125,0.94921875,41,21
011,0.556640625,0.443359375,41,21
100,0.0703125,0.9296875,41,21
101,0.068359375,0.931640625,41,21
110,0.083984375,0.916015625,41,21
111,0.0859375,0.9140625,41,21
