state,p_marked,error,gate_count,depth
000,0.11328125,0.88671875,38,19
001,0.0,1.0,36,17
010,0.111328125,0.888671875,36,19
011,0.0,1.0,34,17
100,0.0,1.0,36,19
101,0.125,0.875,34,17
110,0.0,1.0,34,19
111,0.115234375,0.884765625,32,17
