state,p_marked,error,gate_count,depth
000,0.10546875,0.89453125,114,80
001,0.078125,0.921875,114,80
010,0.236328125,0.763671875,114,80
011,0.00390625,0.99609375,114,80
100,0.189453125,0.810546875,114,80
101,0.099609375,0.900390625,114,80
110,0.0390625,0.9609375,114,80
111,0.146484375,0.853515625,114,80
