state,p_marked,error,gate_count,depth
000,0.11328125,0.88671875,15,7
001,0.115234375,0.884765625,13,5
010,0.091796875,0.908203125,13,7
011,0.130859375,0.869140625,11,5
100,0.126953125,0.873046875,13,7
101,0.138671875,0.861328125,11,5
110,0.15625,0.84375,11,7
111,0.12109375,0.87890625,9,5
