state,p_marked,error,gate_count,depth
000,0.0,1.0,76,39
001,0.0,1.0,72,36
010,0.458984375,0.541015625,72,39
011,0.205078125,0.794921875,68,35
100,0.0,1.0,72,39
101,0.0,1.0,68,36
110,0.013671875,0.986328125,68,39
111,0.12109375,0.87890625,64,35
