state,p_marked,error,gate_count,depth
000,0.423828125,0.576171875,71,45
001,0.044921875,0.955078125,69,43
010,0.1484375,0.8515625,69,45
011,0.09765625,0.90234375,67,43
100,0.033203125,0.966796875,69,45
101,0.16796875,0.83203125,67,43
110,0.078125,0.921875,67,45
111,0.05078125,0.94921875,65,43
