state,p_marked,error,gate_count,depth
000,0.13671875,0.86328125,54,27
001,0.142578125,0.857421875,52,25
010,0.109375,0.890625,52,27
011,0.119140625,0.880859375,50,25
100,0.140625,0.859375,52,27
101,0.1484375,0.8515625,50,25
110,0.140625,0.859375,50,27
111,0.103515625,0.896484375,48,25
