state,p_marked,error,gate_count,depth
000,0.1640625,0.8359375,69,37
001,0.12109375,0.87890625,65,33
010,0.1328125,0.8671875,65,37
011,0.1328125,0.8671875,61,33
100,0.126953125,0.873046875,65,37
101,0.123046875,0.876953125,61,33
110,0.1171875,0.8828125,61,37
111,0.12890625,0.87109375,57,33
