state,p_marked,error,gate_count,depth
000,0.52734375,0.47265625,50,26
001,0.490234375,0.509765625,44,20
010,0.490234375,0.509765625,44,26
011,0.51953125,0.48046875,38,20
100,0.51171875,0.48828125,44,26
101,0.533203125,0.466796875,38,20
110,0.486328125,0.513671875,38,26
111,0.513671875,0.486328125,32,20
