state,p_marked,error,gate_count,depth
000,0.13671875,0.86328125,32,15
001,0.15625,0.84375,30,13
010,0.1640625,0.8359375,30,15
011,0.10546875,0.89453125,28,13
100,0.15234375,0.84765625,30,15
101,0.1171875,0.8828125,28,13
110,0.14453125,0.85546875,28,15
111,0.126953125,0.873046875,26,13
