state,p_marked,error,gate_count,depth
000,0.1015625,0.8984375,33,16
001,0.138671875,0.861328125,31,14
010,0.125,0.875,31,16
011,0.12890625,0.87109375,29,14
100,0.126953125,0.873046875,31,16
101,0.0,1.0,29,14
110,0.0,1.0,29,16
111,0.126953125,0.873046875,27,14
