state,p_marked,error,gate_count,depth
000,0.47265625,0.52734375,32,16
001,0.48046875,0.51953125,30,14
010,0.51171875,0.48828125,30,16
011,0.474609375,0.525390625,28,14
100,0.4765625,0.5234375,30,16
101,0.474609375,0.525390625,28,14
110,0.4375,0.5625,28,16
111,0.484375,0.515625,26,14
