state,p_marked,error,gate_count,depth
000,0.142578125,0.857421875,42,22
001,0.14453125,0.85546875,38,18
010,0.125,0.875,38,22
011,0.107421875,0.892578125,34,18
100,0.12109375,0.87890625,38,22
101,0.1015625,0.8984375,34,18
110,0.150390625,0.849609375,34,22
111,0.119140625,0.880859375,30,18
