state,p_marked,error,gate_count,depth
000,0.138671875,0.861328125,67,35
001,0.126953125,0.873046875,61,29
010,0.158203125,0.841796875,61,35
011,0.130859375,0.869140625,55,29
100,0.126953125,0.873046875,61,35
101,0.111328125,0.888671875,55,29
110,0.109375,0.890625,55,35
111,0.11328125,0.88671875,49,29
