state,p_marked,error,gate_count,depth
000,0.091796875,0.908203125,32,15
001,0.1328125,0.8671875,30,13
010,0.119140625,0.880859375,30,15
011,0.146484375,0.853515625,28,13
100,0.10546875,0.89453125,30,15
101,0.1171875,0.8828125,28,13
110,0.1171875,0.8828125,28,15
111,0.1171875,0.8828125,26,13
