state,p_marked,error,gate_count,depth
000,0.126953125,0.873046875,24,12
001,0.1171875,0.8828125,24,12
010,0.140625,0.859375,24,12
011,0.126953125,0.873046875,24,12
100,0.10546875,0.89453125,24,12
101,0.126953125,0.873046875,24,12
110,0.12890625,0.87109375,24,12
111,0.1171875,0.8828125,24,12
