state,p_marked,error,gate_count,depth
000,0.02734375,0.97265625,61,31
001,0.0390625,0.9609375,57,27
010,0.04296875,0.95703125,57,31
011,0.029296875,0.970703125,53,27
100,0.037109375,0.962890625,57,31
101,0.302734375,0.697265625,53,27
110,0.265625,0.734375,53,31
111,0.037109375,0.962890625,49,27
