state,p_marked,error,gate_count,depth
000,0.24609375,0.75390625,32,16
001,0.275390625,0.724609375,30,14
010,0.248046875,0.751953125,30,16
011,0.255859375,0.744140625,28,14
100,0.25,0.75,30,16
101,0.24609375,0.75390625,28,14
110,0.212890625,0.787109375,28,16
111,0.240234375,0.759765625,26,14
