state,p_marked,error,gate_count,depth
000,0.109375,0.890625,51,26
001,0.109375,0.890625,45,20
010,0.126953125,0.873046875,45,26
011,0.142578125,0.857421875,39,20
100,0.12109375,0.87890625,45,26
101,0.12109375,0.87890625,39,20
110,0.12109375,0.87890625,39,26
111,0.140625,0.859375,33,20
