state,p_marked,error,gate_count,depth
000,0.138671875,0.861328125,59,30
001,0.14453125,0.85546875,55,26
010,0.13671875,0.86328125,55,30
011,0.134765625,0.865234375,51,26
100,0.13671875,0.86328125,55,30
101,0.109375,0.890625,51,26
110,0.134765625,0.865234375,51,30
111,0.107421875,0.892578125,47,26
