state,p_marked,error,gate_count,depth
000,0.1171875,0.8828125,50,25
001,0.123046875,0.876953125,48,23
010,0.123046875,0.876953125,48,25
011,0.1328125,0.8671875,46,23
100,0.119140625,0.880859375,48,25
101,0.107421875,0.892578125,46,23
110,0.1484375,0.8515625,46,25
111,0.150390625,0.849609375,44,23
