state,p_marked,error,gate_count,depth
000,0.072265625,0.927734375,33,15
001,0.056640625,0.943359375,31,13
010,0.06640625,0.93359375,31,15
011,0.06640625,0.93359375,29,13
100,0.048828125,0.951171875,31,15
101,0.068359375,0.931640625,29,13
110,0.087890625,0.912109375,29,15
111,0.068359375,0.931640625,27,13
