state,p_marked,error,gate_count,depth
000,0.11328125,0.88671875,67,34
001,0.064453125,0.935546875,63,30
010,0.01171875,0.98828125,63,34
011,0.001953125,0.998046875,59,30
100,0.298828125,0.701171875,63,34
101,0.0078125,0.9921875,59,30
110,0.1015625,0.8984375,59,34
111,0.171875,0.828125,55,30
