state,p_marked,error,gate_count,depth
000,0.220703125,0.779296875,28,14
001,0.224609375,0.775390625,28,14
010,0.0,1.0,28,14
011,0.0,1.0,28,14
100,0.25,0.75,28,14
101,0.0,1.0,28,14
110,0.0,1.0,28,14
111,0.25,0.75,28,14
