state,p_marked,error,gate_count,depth
000,0.439453125,0.560546875,41,21
001,0.521484375,0.478515625,37,17
010,0.51953125,0.48046875,37,21
011,0.4921875,0.5078125,33,17
100,0.498046875,0.501953125,37,21
101,0.521484375,0.478515625,33,17
110,0.490234375,0.509765625,33,21
111,0.501953125,0.498046875,29,17
