state,p_marked,error,gate_count,depth
000,0.466796875,0.533203125,41,21
001,0.498046875,0.501953125,37,17
010,0.5390625,0.4609375,37,21
011,0.509765625,0.490234375,33,17
100,0.494140625,0.505859375,37,21
101,0.51171875,0.48828125,33,17
110,0.544921875,0.455078125,33,21
111,0.521484375,0.478515625,29,17
