state,p_marked,error,gate_count,depth
000,0.484375,0.515625,67,34
001,0.498046875,0.501953125,61,28
010,0.517578125,0.482421875,61,34
011,0.513671875,0.486328125,55,28
100,0.48046875,0.51953125,61,34
101,0.52734375,0.47265625,55,28
110,0.5078125,0.4921875,55,34
111,0.5078125,0.4921875,49,28
