state,p_marked,error,gate_count,depth
000,0.15234375,0.84765625,24,12
001,0.11328125,0.88671875,20,8
010,0.111328125,0.888671875,20,12
011,0.1328125,0.8671875,16,8
100,0.09375,0.90625,20,12
101,0.109375,0.890625,16,8
110,0.12890625,0.87109375,16,12
111,0.142578125,0.857421875,12,8
