state,p_marked,error,gate_count,depth
000,0.48828125,0.51171875,32,16
001,0.48828125,0.51171875,30,14
010,0.478515625,0.521484375,30,16
011,0.490234375,0.509765625,28,14
100,0.509765625,0.490234375,30,16
101,0.4609375,0.5390625,28,14
110,0.4921875,0.5078125,28,16
111,0.513671875,0.486328125,26,14
