state,p_marked,error,gate_count,depth
000,0.201171875,0.798828125,63,44
001,0.296875,0.703125,63,44
010,0.005859375,0.994140625,63,44
011,0.013671875,0.986328125,63,44
100,0.0234375,0.9765625,63,44
101,0.21875,0.78125,63,44
110,0.046875,0.953125,63,44
111,0.193359375,0.806640625,63,44
