state,p_marked,error,gate_count,depth
000,0.517578125,0.482421875,41,21
001,0.513671875,0.486328125,37,17
010,0.486328125,0.513671875,37,21
011,0.4765625,0.5234375,33,17
100,0.521484375,0.478515625,37,21
101,0.548828125,0.451171875,33,17
110,0.482421875,0.517578125,33,21
111,0.46875,0.53125,29,17
