state,p_marked,error,gate_count,depth
000,0.0,1.0,54,28
001,0.203125,0.796875,52,26
010,0.0,1.0,52,28
011,0.150390625,0.849609375,50,26
100,0.26953125,0.73046875,52,28
101,0.0,1.0,50,26
110,0.24609375,0.75390625,50,28
111,0.099609375,0.900390625,48,26
