state,p_marked,error,gate_count,depth
000,0.123046875,0.876953125,52,28
001,0.123046875,0.876953125,50,26
010,0.123046875,0.876953125,50,28
011,0.140625,0.859375,48,26
100,0.150390625,0.849609375,50,28
101,0.123046875,0.876953125,48,26
110,0.138671875,0.861328125,48,28
111,0.1484375,0.8515625,46,26
