state,p_marked,error,gate_count,depth
000,0.1328125,0.8671875,50,27
001,0.15234375,0.84765625,50,27
010,0.15234375,0.84765625,50,27
011,0.1328125,0.8671875,50,27
100,0.1171875,0.8828125,50,27
101,0.119140625,0.880859375,50,27
110,0.123046875,0.876953125,50,27
111,0.13671875,0.86328125,50,27
