state,p_marked,error,gate_count,depth
000,0.1171875,0.8828125,15,7
001,0.1171875,0.8828125,13,5
010,0.099609375,0.900390625,13,7
011,0.12890625,0.87109375,11,5
100,0.103515625,0.896484375,13,7
101,0.138671875,0.861328125,11,5
110,0.1328125,0.8671875,11,7
111,0.123046875,0.876953125,9,5
