state,p_marked,error,gate_count,depth
000,0.115234375,0.884765625,24,12
001,0.09765625,0.90234375,20,8
010,0.091796875,0.908203125,20,12
011,0.134765625,0.865234375,16,8
100,0.1328125,0.8671875,20,12
101,0.150390625,0.849609375,16,8
110,0.12890625,0.87109375,16,12
111,0.130859375,0.869140625,12,8
