state,p_marked,error,gate_count,depth
000,0.142578125,0.857421875,93,51
001,0.0546875,0.9453125,89,48
010,0.107421875,0.892578125,89,51
011,0.048828125,0.951171875,85,48
100,0.212890625,0.787109375,89,50
101,0.318359375,0.681640625,85,47
110,0.234375,0.765625,85,50
111,0.10546875,0.89453125,81,47
