state,p_marked,error,gate_count,depth
000,0.126953125,0.873046875,69,35
001,0.138671875,0.861328125,63,30
010,0.1328125,0.8671875,63,35
011,0.115234375,0.884765625,57,29
100,0.119140625,0.880859375,63,35
101,0.1015625,0.8984375,57,30
110,0.1484375,0.8515625,57,35
111,0.13671875,0.86328125,51,29
