state,p_marked,error,gate_count,depth
000,0.501953125,0.498046875,50,26
001,0.52734375,0.47265625,44,20
010,0.44140625,0.55859375,44,26
011,0.5,0.5,38,20
100,0.521484375,0.478515625,44,26
101,0.46875,0.53125,38,20
110,0.5390625,0.4609375,38,26
111,0.474609375,0.525390625,32,20
