state,p_marked,error,gate_count,depth
000,0.267578125,0.732421875,33,17
001,0.0,1.0,31,15
010,0.24609375,0.75390625,31,17
011,0.0,1.0,29,15
100,0.25,0.75,31,17
101,0.228515625,0.771484375,29,15
110,0.0,1.0,29,17
111,0.0,1.0,27,15
