state,p_marked,error,gate_count,depth
000,0.103515625,0.896484375,32,15
001,0.10546875,0.89453125,30,13
010,0.1328125,0.8671875,30,15
011,0.1171875,0.8828125,28,13
100,0.123046875,0.876953125,30,15
101,0.138671875,0.861328125,28,13
110,0.12109375,0.87890625,28,15
111,0.142578125,0.857421875,26,13
