state,p_marked,error,gate_count,depth
000,0.0625,0.9375,44,24
001,0.076171875,0.923828125,40,20
010,0.087890625,0.912109375,40,24
011,0.04296875,0.95703125,36,20
100,0.0703125,0.9296875,40,24
101,0.2734375,0.7265625,36,20
110,0.052734375,0.947265625,36,24
111,0.33984375,0.66015625,32,20
