state,p_marked,error,gate_count,depth
000,0.056640625,0.943359375,50,26
001,0.052734375,0.947265625,44,20
010,0.041015625,0.958984375,44,26
011,0.080078125,0.919921875,38,20
100,0.064453125,0.935546875,44,26
101,0.048828125,0.951171875,38,20
110,0.05078125,0.94921875,38,26
111,0.06640625,0.93359375,32,20
