state,p_marked,error,gate_count,depth
000,0.513671875,0.486328125,41,21
001,0.501953125,0.498046875,37,17
010,0.521484375,0.478515625,37,21
011,0.470703125,0.529296875,33,17
100,0.525390625,0.474609375,37,21
101,0.46875,0.53125,33,17
110,0.46484375,0.53515625,33,21
111,0.48046875,0.51953125,29,17
