state,p_marked,error,gate_count,depth
000,0.125,0.875,40,20
001,0.115234375,0.884765625,40,20
010,0.11328125,0.88671875,40,20
011,0.123046875,0.876953125,40,20
100,0.125,0.875,40,20
101,0.12109375,0.87890625,40,20
110,0.1484375,0.8515625,40,20
111,0.109375,0.890625,40,20
