state,p_marked,error,gate_count,depth
000,0.115234375,0.884765625,49,25
001,0.126953125,0.873046875,47,23
010,0.1171875,0.8828125,47,25
011,0.123046875,0.876953125,45,23
100,0.123046875,0.876953125,47,25
101,0.1328125,0.8671875,45,23
110,0.12109375,0.87890625,45,25
111,0.126953125,0.873046875,43,23
