state,p_marked,error,gate_count,depth
000,0.48828125,0.51171875,45,23
001,0.0,1.0,45,23
010,0.474609375,0.525390625,45,23
011,0.0,1.0,45,23
100,0.0,1.0,45,23
101,0.0,1.0,45,23
110,0.0,1.0,45,23
111,0.0,1.0,45,23
