state,p_marked,error,gate_count,depth
000,0.064453125,0.935546875,63,38
001,0.189453125,0.810546875,63,38
010,0.05859375,0.94140625,63,38
011,0.013671875,0.986328125,63,38
100,0.02734375,0.97265625,63,38
101,0.029296875,0.970703125,63,38
110,0.3828125,0.6171875,63,38
111,0.26171875,0.73828125,63,38
