state,p_marked,error,gate_count,depth
000,0.130859375,0.869140625,55,27
001,0.126953125,0.873046875,53,25
010,0.126953125,0.873046875,53,27
011,0.134765625,0.865234375,51,25
100,0.138671875,0.861328125,53,27
101,0.134765625,0.865234375,51,25
110,0.138671875,0.861328125,51,27
111,0.126953125,0.873046875,49,25
