state,p_marked,error,gate_count,depth
000,0.142578125,0.857421875,55,27
001,0.12890625,0.87109375,53,25
010,0.1171875,0.8828125,53,27
011,0.09765625,0.90234375,51,25
100,0.13671875,0.86328125,53,27
101,0.119140625,0.880859375,51,25
110,0.11328125,0.88671875,51,27
111,0.142578125,0.857421875,49,25
