state,p_marked,error,gate_count,depth
000,0.056640625,0.943359375,35,18
001,0.056640625,0.943359375,33,16
010,0.0625,0.9375,33,18
011,0.078125,0.921875,31,16
100,0.068359375,0.931640625,33,18
101,0.0625,0.9375,31,16
110,0.046875,0.953125,31,18
111,0.05859375,0.94140625,29,16
