state,p_marked,error,gate_count,depth
000,0.271484375,0.728515625,32,16
001,0.255859375,0.744140625,30,14
010,0.2265625,0.7734375,30,16
011,0.26171875,0.73828125,28,14
100,0.208984375,0.791015625,30,16
101,0.228515625,0.771484375,28,14
110,0.259765625,0.740234375,28,16
111,0.27734375,0.72265625,26,14
