state,p_marked,error,gate_count,depth
000,0.1015625,0.8984375,55,28
001,0.130859375,0.869140625,53,26
010,0.130859375,0.869140625,53,28
011,0.111328125,0.888671875,51,26
100,0.130859375,0.869140625,53,28
101,0.107421875,0.892578125,51,26
110,0.1328125,0.8671875,51,28
111,0.123046875,0.876953125,49,26
