state,p_marked,error,gate_count,depth
000,0.185546875,0.814453125,32,16
001,0.171875,0.828125,30,14
010,0.185546875,0.814453125,30,16
011,0.189453125,0.810546875,28,14
100,0.1796875,0.8203125,30,16
101,0.212890625,0.787109375,28,14
110,0.15625,0.84375,28,16
111,0.166015625,0.833984375,26,14
