state,p_marked,error,gate_count,depth
000,0.1171875,0.8828125,33,17
001,0.126953125,0.873046875,27,11
010,0.142578125,0.857421875,27,17
011,0.130859375,0.869140625,21,11
100,0.158203125,0.841796875,27,17
101,0.12109375,0.87890625,21,11
110,0.111328125,0.888671875,21,17
111,0.123046875,0.876953125,15,11
