state,p_marked,error,gate_count,depth
000,0.474609375,0.525390625,41,21
001,0.5390625,0.4609375,37,17
010,0.48828125,0.51171875,37,21
011,0.521484375,0.478515625,33,17
100,0.48828125,0.51171875,37,21
101,0.455078125,0.544921875,33,17
110,0.48046875,0.51953125,33,21
111,0.541015625,0.458984375,29,17
