state,p_marked,error,gate_count,depth
000,0.49609375,0.50390625,41,21
001,0.509765625,0.490234375,37,17
010,0.42578125,0.57421875,37,21
011,0.453125,0.546875,33,17
100,0.515625,0.484375,37,21
101,0.5234375,0.4765625,33,17
110,0.51171875,0.48828125,33,21
111,0.48828125,0.51171875,29,17
