state,p_marked,error,gate_count,depth
000,0.12109375,0.87890625,58,29
001,0.111328125,0.888671875,54,25
010,0.125,0.875,54,29
011,0.115234375,0.884765625,50,25
100,0.1328125,0.8671875,54,29
101,0.150390625,0.849609375,50,25
110,0.1328125,0.8671875,50,29
111,0.115234375,0.884765625,46,25
