state,p_marked,error,gate_count,depth
000,0.123046875,0.876953125,58,30
001,0.126953125,0.873046875,54,26
010,0.125,0.875,54,30
011,0.08984375,0.91015625,50,26
100,0.125,0.875,54,30
101,0.142578125,0.857421875,50,26
110,0.107421875,0.892578125,50,30
111,0.1328125,0.8671875,46,26
