state,p_marked,error,gate_count,depth
000,0.12890625,0.87109375,33,17
001,0.12890625,0.87109375,27,11
010,0.126953125,0.873046875,27,17
011,0.150390625,0.849609375,21,11
100,0.123046875,0.876953125,27,17
101,0.125,0.875,21,11
110,0.12109375,0.87890625,21,17
111,0.1171875,0.8828125,15,11
