state,p_marked,error,gate_count,depth
000,0.05859375,0.94140625,40,21
001,0.0,1.0,38,19
010,0.0,1.0,38,21
011,0.05078125,0.94921875,36,19
100,0.0,1.0,38,21
101,0.08984375,0.91015625,36,19
110,0.078125,0.921875,36,21
111,0.0,1.0,34,19
