state,p_marked,error,gate_count,depth
000,0.5078125,0.4921875,32,16
001,0.509765625,0.490234375,30,14
010,0.5078125,0.4921875,30,16
011,0.52734375,0.47265625,28,14
100,0.486328125,0.513671875,30,16
101,0.482421875,0.517578125,28,14
110,0.521484375,0.478515625,28,16
111,0.537109375,0.462890625,26,14
