state,p_marked,error,gate_count,depth
000,0.474609375,0.525390625,59,31
001,0.5078125,0.4921875,51,23
010,0.478515625,0.521484375,51,31
011,0.5390625,0.4609375,43,23
100,0.46875,0.53125,51,31
101,0.51171875,0.48828125,43,23
110,0.484375,0.515625,43,31
111,0.515625,0.484375,35,23
