state,p_marked,error,gate_count,depth
000,0.130859375,0.869140625,50,26
001,0.103515625,0.896484375,48,24
010,0.103515625,0.896484375,48,26
011,0.123046875,0.876953125,46,24
100,0.146484375,0.853515625,48,26
101,0.107421875,0.892578125,46,24
110,0.13671875,0.86328125,46,26
111,0.142578125,0.857421875,44,24
