state,p_marked,error,gate_count,depth
000,0.119140625,0.880859375,33,17
001,0.140625,0.859375,31,15
010,0.1484375,0.8515625,31,17
011,0.140625,0.859375,29,15
100,0.126953125,0.873046875,31,17
101,0.107421875,0.892578125,29,15
110,0.109375,0.890625,29,17
111,0.126953125,0.873046875,27,15
