state,p_marked,error,gate_count,depth
000,0.10546875,0.89453125,49,24
001,0.142578125,0.857421875,47,22
010,0.1328125,0.8671875,47,24
011,0.115234375,0.884765625,45,22
100,0.1328125,0.8671875,47,24
101,0.1171875,0.8828125,45,22
110,0.095703125,0.904296875,45,24
111,0.1171875,0.8828125,43,22
