state,p_marked,error,gate_count,depth
000,0.119140625,0.880859375,78,40
001,0.1484375,0.8515625,70,33
010,0.130859375,0.869140625,70,40
011,0.095703125,0.904296875,62,32
100,0.126953125,0.873046875,70,40
101,0.126953125,0.873046875,62,33
110,0.109375,0.890625,62,40
111,0.134765625,0.865234375,54,32
