state,p_marked,error,gate_count,depth
000,0.123046875,0.876953125,67,35
001,0.125,0.875,61,29
010,0.13671875,0.86328125,61,35
011,0.11328125,0.88671875,55,29
100,0.1171875,0.8828125,61,35
101,0.111328125,0.888671875,55,29
110,0.1171875,0.8828125,55,35
111,0.1484375,0.8515625,49,29
