state,p_marked,error,gate_count,depth
000,0.11328125,0.88671875,15,7
001,0.107421875,0.892578125,13,5
010,0.140625,0.859375,13,7
011,0.11328125,0.88671875,11,5
100,0.125,0.875,13,7
101,0.09765625,0.90234375,11,5
110,0.1015625,0.8984375,11,7
111,0.123046875,0.876953125,9,5
