state,p_marked,error,gate_count,depth
000,0.52734375,0.47265625,41,21
001,0.478515625,0.521484375,37,17
010,0.5234375,0.4765625,37,21
011,0.4921875,0.5078125,33,17
100,0.49609375,0.50390625,37,21
101,0.46875,0.53125,33,17
110,0.5390625,0.4609375,33,21
111,0.54296875,0.45703125,29,17
