state,p_marked,error,gate_count,depth
000,0.099609375,0.900390625,32,15
001,0.1171875,0.8828125,30,13
010,0.142578125,0.857421875,30,15
011,0.13671875,0.86328125,28,13
100,0.1171875,0.8828125,30,15
101,0.126953125,0.873046875,28,13
110,0.09765625,0.90234375,28,15
111,0.08984375,0.91015625,26,13
