state,p_marked,error,gate_count,depth
000,0.125,0.875,33,17
001,0.0,1.0,31,15
010,0.115234375,0.884765625,31,17
011,0.107421875,0.892578125,29,15
100,0.119140625,0.880859375,31,17
101,0.0,1.0,29,15
110,0.109375,0.890625,29,17
111,0.119140625,0.880859375,27,15
