state,p_marked,error,gate_count,depth
000,0.1328125,0.8671875,24,12
001,0.1015625,0.8984375,20,8
010,0.119140625,0.880859375,20,12
011,0.109375,0.890625,16,8
100,0.130859375,0.869140625,20,12
101,0.09765625,0.90234375,16,8
110,0.12109375,0.87890625,16,12
111,0.099609375,0.900390625,12,8
