state,p_marked,error,gate_count,depth
000,0.55078125,0.44921875,50,26
001,0.517578125,0.482421875,44,20
010,0.458984375,0.541015625,44,26
011,0.51953125,0.48046875,38,20
100,0.482421875,0.517578125,44,26
101,0.51171875,0.48828125,38,20
110,0.486328125,0.513671875,38,26
111,0.482421875,0.517578125,32,20
