state,p_marked,error,gate_count,depth
000,0.50390625,0.49609375,41,21
001,0.521484375,0.478515625,37,17
010,0.46484375,0.53515625,37,21
011,0.50390625,0.49609375,33,17
100,0.501953125,0.498046875,37,21
101,0.453125,0.546875,33,17
110,0.509765625,0.490234375,33,21
111,0.556640625,0.443359375,29,17
