state,p_marked,error,gate_count,depth
000,0.109375,0.890625,32,15
001,0.1484375,0.8515625,30,13
010,0.099609375,0.900390625,30,15
011,0.134765625,0.865234375,28,13
100,0.138671875,0.861328125,30,15
101,0.140625,0.859375,28,13
110,0.14453125,0.85546875,28,15
111,0.126953125,0.873046875,26,13
