state,p_marked,error,gate_count,depth
000,0.099609375,0.900390625,59,30
001,0.1171875,0.8828125,55,26
010,0.138671875,0.861328125,55,30
011,0.15234375,0.84765625,51,26
100,0.13671875,0.86328125,55,30
101,0.126953125,0.873046875,51,26
110,0.126953125,0.873046875,51,30
111,0.126953125,0.873046875,47,26
