state,p_marked,error,gate_count,depth
000,0.048828125,0.951171875,56,28
001,0.09375,0.90625,54,26
010,0.048828125,0.951171875,54,28
011,0.095703125,0.904296875,52,26
100,0.087890625,0.912109375,54,28
101,0.064453125,0.935546875,52,26
110,0.072265625,0.927734375,52,28
111,0.044921875,0.955078125,50,26
