state,p_marked,error,gate_count,depth
000,0.501953125,0.498046875,32,16
001,0.513671875,0.486328125,30,14
010,0.48828125,0.51171875,30,16
011,0.486328125,0.513671875,28,14
100,0.51171875,0.48828125,30,16
101,0.474609375,0.525390625,28,14
110,0.494140625,0.505859375,28,16
111,0.50390625,0.49609375,26,14
