state,p_marked,error,gate_count,depth
000,0.177734375,0.822265625,68,35
001,0.150390625,0.849609375,62,29
010,0.171875,0.828125,62,35
011,0.177734375,0.822265625,56,29
100,0.029296875,0.970703125,62,35
101,0.138671875,0.861328125,56,29
110,0.1640625,0.8359375,56,35
111,0.0234375,0.9765625,50,29
