state,p_marked,error,gate_count,depth
000,0.505859375,0.494140625,41,21
001,0.49609375,0.50390625,37,17
010,0.533203125,0.466796875,37,21
011,0.5078125,0.4921875,33,17
100,0.46875,0.53125,37,21
101,0.47265625,0.52734375,33,17
110,0.51171875,0.48828125,33,21
111,0.541015625,0.458984375,29,17
