state,p_marked,error,gate_count,depth
000,0.115234375,0.884765625,36,19
001,0.1171875,0.8828125,34,17
010,0.11328125,0.88671875,34,19
011,0.140625,0.859375,32,17
100,0.12109375,0.87890625,34,19
101,0.125,0.875,32,17
110,0.087890625,0.912109375,32,19
111,0.1171875,0.8828125,30,17
