state,p_marked,error,gate_count,depth
000,0.15234375,0.84765625,51,27
001,0.09765625,0.90234375,49,25
010,0.107421875,0.892578125,49,27
011,0.134765625,0.865234375,47,25
100,0.123046875,0.876953125,49,27
101,0.140625,0.859375,47,25
110,0.1171875,0.8828125,47,27
111,0.115234375,0.884765625,45,25
