state,p_marked,error,gate_count,depth
000,0.07421875,0.92578125,32,15
001,0.0546875,0.9453125,30,13
010,0.056640625,0.943359375,30,15
011,0.06640625,0.93359375,28,13
100,0.046875,0.953125,30,15
101,0.052734375,0.947265625,28,13
110,0.044921875,0.955078125,28,15
111,0.05078125,0.94921875,26,13
