state,p_marked,error,gate_count,depth
000,0.140625,0.859375,15,7
001,0.150390625,0.849609375,13,5
010,0.140625,0.859375,13,7
011,0.12890625,0.87109375,11,5
100,0.15234375,0.84765625,13,7
101,0.099609375,0.900390625,11,5
110,0.119140625,0.880859375,11,7
111,0.109375,0.890625,9,5
