state,p_marked,error,gate_count,depth
000,0.43359375,0.56640625,41,21
001,0.50390625,0.49609375,37,17
010,0.50390625,0.49609375,37,21
011,0.515625,0.484375,33,17
100,0.51171875,0.48828125,37,21
101,0.4765625,0.5234375,33,17
110,0.482421875,0.517578125,33,21
111,0.46484375,0.53515625,29,17
