state,p_marked,error,gate_count,depth
000,0.509765625,0.490234375,32,16
001,0.5,0.5,30,14
010,0.48828125,0.51171875,30,16
011,0.462890625,0.537109375,28,14
100,0.505859375,0.494140625,30,16
101,0.5078125,0.4921875,28,14
110,0.462890625,0.537109375,28,16
111,0.453125,0.546875,26,14
