state,p_marked,error,gate_count,depth
000,0.140625,0.859375,64,32
001,0.111328125,0.888671875,60,28
010,0.10546875,0.89453125,60,32
011,0.109375,0.890625,56,28
100,0.115234375,0.884765625,60,32
101,0.111328125,0.888671875,56,28
110,0.103515625,0.896484375,56,32
111,0.14453125,0.85546875,52,28
