state,p_marked,error,gate_count,depth
000,0.142578125,0.857421875,101,52
001,0.15625,0.84375,95,46
010,0.349609375,0.650390625,95,52
011,0.07421875,0.92578125,89,46
100,0.140625,0.859375,95,52
101,0.1484375,0.8515625,89,46
110,0.037109375,0.962890625,89,52
111,0.05859375,0.94140625,83,46
