state,p_marked,error,gate_count,depth
000,0.10546875,0.89453125,32,16
001,0.123046875,0.876953125,30,14
010,0.150390625,0.849609375,30,16
011,0.138671875,0.861328125,28,14
100,0.1171875,0.8828125,30,16
101,0.1171875,0.8828125,28,14
110,0.11328125,0.88671875,28,16
111,0.099609375,0.900390625,26,14
