state,p_marked,error,gate_count,depth
000,0.498046875,0.501953125,33,17
001,0.466796875,0.533203125,31,15
010,0.50390625,0.49609375,31,17
011,0.51171875,0.48828125,29,15
100,0.119140625,0.880859375,31,17
101,0.134765625,0.865234375,29,15
110,0.111328125,0.888671875,29,17
111,0.126953125,0.873046875,27,15
