state,p_marked,error,gate_count,depth
000,0.51953125,0.48046875,33,17
001,0.513671875,0.486328125,31,15
010,0.525390625,0.474609375,31,17
011,0.1171875,0.8828125,29,15
100,0.501953125,0.498046875,31,17
101,0.498046875,0.501953125,29,15
110,0.125,0.875,29,17
111,0.484375,0.515625,27,15
