state,p_marked,error,gate_count,depth
000,0.53515625,0.46484375,41,21
001,0.482421875,0.517578125,37,17
010,0.501953125,0.498046875,37,21
011,0.5234375,0.4765625,33,17
100,0.484375,0.515625,37,21
101,0.5,0.5,33,17
110,0.521484375,0.478515625,33,21
111,0.478515625,0.521484375,29,17
