state,p_marked,error,gate_count,depth
000,0.140625,0.859375,67,35
001,0.130859375,0.869140625,61,29
010,0.140625,0.859375,61,35
011,0.115234375,0.884765625,55,29
100,0.126953125,0.873046875,61,35
101,0.126953125,0.873046875,55,29
110,0.115234375,0.884765625,55,35
111,0.134765625,0.865234375,49,29
