state,p_marked,error,gate_count,depth
000,0.1328125,0.8671875,68,35
001,0.1328125,0.8671875,62,30
010,0.12890625,0.87109375,62,35
011,0.115234375,0.884765625,56,29
100,0.1484375,0.8515625,62,35
101,0.1015625,0.8984375,56,30
110,0.12890625,0.87109375,56,35
111,0.115234375,0.884765625,50,29
