state,p_marked,error,gate_count,depth
000,0.501953125,0.498046875,41,21
001,0.466796875,0.533203125,37,17
010,0.513671875,0.486328125,37,21
011,0.486328125,0.513671875,33,17
100,0.490234375,0.509765625,37,21
101,0.51171875,0.48828125,33,17
110,0.484375,0.515625,33,21
111,0.525390625,0.474609375,29,17
