state,p_marked,error,gate_count,depth
000,0.13671875,0.86328125,50,25
001,0.126953125,0.873046875,48,23
010,0.111328125,0.888671875,48,25
011,0.158203125,0.841796875,46,23
100,0.1328125,0.8671875,48,25
101,0.119140625,0.880859375,46,23
110,0.146484375,0.853515625,46,25
111,0.11328125,0.88671875,44,23
