state,p_marked,error,gate_count,depth
000,0.498046875,0.501953125,41,21
001,0.50390625,0.49609375,37,17
010,0.517578125,0.482421875,37,21
011,0.486328125,0.513671875,33,17
100,0.46875,0.53125,37,21
101,0.486328125,0.513671875,33,17
110,0.466796875,0.533203125,33,21
111,0.486328125,0.513671875,29,17
