state,p_marked,error,gate_count,depth
000,0.462890625,0.537109375,41,21
001,0.513671875,0.486328125,37,17
010,0.490234375,0.509765625,37,21
011,0.478515625,0.521484375,33,17
100,0.51171875,0.48828125,37,21
101,0.48828125,0.51171875,33,17
110,0.48828125,0.51171875,33,21
111,0.501953125,0.498046875,29,17
