state,p_marked,error,gate_count,depth
000,0.115234375,0.884765625,49,25
001,0.115234375,0.884765625,47,23
010,0.123046875,0.876953125,47,25
011,0.15234375,0.84765625,45,23
100,0.126953125,0.873046875,47,25
101,0.119140625,0.880859375,45,23
110,0.11328125,0.88671875,45,25
111,0.11328125,0.88671875,43,23
