state,p_marked,error,gate_count,depth
000,0.1171875,0.8828125,42,20
001,0.103515625,0.896484375,38,16
010,0.134765625,0.865234375,38,20
011,0.126953125,0.873046875,34,16
100,0.119140625,0.880859375,38,20
101,0.12109375,0.87890625,34,16
110,0.126953125,0.873046875,34,20
111,0.12109375,0.87890625,30,16
