state,p_marked,error,gate_count,depth
000,0.029296875,0.970703125,59,30
001,0.03515625,0.96484375,55,27
010,0.046875,0.953125,55,30
011,0.02734375,0.97265625,51,26
100,0.03125,0.96875,55,30
101,0.048828125,0.951171875,51,27
110,0.03515625,0.96484375,51,30
111,0.03515625,0.96484375,47,26
