state,p_marked,error,gate_count,depth
000,0.11328125,0.88671875,65,33
001,0.12890625,0.87109375,61,30
010,0.123046875,0.876953125,61,33
011,0.10546875,0.89453125,57,30
100,0.119140625,0.880859375,61,33
101,0.15234375,0.84765625,57,29
110,0.13671875,0.86328125,57,33
111,0.158203125,0.841796875,53,29
