state,p_marked,error,gate_count,depth
000,0.130859375,0.869140625,15,7
001,0.134765625,0.865234375,13,5
010,0.1328125,0.8671875,13,7
011,0.111328125,0.888671875,11,5
100,0.11328125,0.88671875,13,7
101,0.12890625,0.87109375,11,5
110,0.10546875,0.89453125,11,7
111,0.158203125,0.841796875,9,5
