state,p_marked,error,gate_count,depth
000,0.130859375,0.869140625,33,17
001,0.095703125,0.904296875,27,11
010,0.109375,0.890625,27,17
011,0.107421875,0.892578125,21,11
100,0.12890625,0.87109375,27,17
101,0.095703125,0.904296875,21,11
110,0.10546875,0.89453125,21,17
111,0.09375,0.90625,15,11
