state,p_marked,error,gate_count,depth
000,0.154296875,0.845703125,24,12
001,0.119140625,0.880859375,20,8
010,0.107421875,0.892578125,20,12
011,0.103515625,0.896484375,16,8
100,0.099609375,0.900390625,20,12
101,0.1171875,0.8828125,16,8
110,0.109375,0.890625,16,12
111,0.09765625,0.90234375,12,8
