state,p_marked,error,gate_count,depth
000,0.099609375,0.900390625,75,38
001,0.08984375,0.91015625,71,34
010,0.111328125,0.888671875,71,38
011,0.10546875,0.89453125,67,34
100,0.12890625,0.87109375,71,38
101,0.5,0.5,67,34
110,0.5,0.5,67,38
111,0.134765625,0.865234375,63,34
