state,p_marked,error,gate_count,depth
000,0.12109375,0.87890625,33,17
001,0.107421875,0.892578125,27,11
010,0.125,0.875,27,17
011,0.14453125,0.85546875,21,11
100,0.111328125,0.888671875,27,17
101,0.140625,0.859375,21,11
110,0.138671875,0.861328125,21,17
111,0.099609375,0.900390625,15,11
