state,p_marked,error,gate_count,depth
000,0.111328125,0.888671875,41,20
001,0.103515625,0.896484375,37,16
010,0.115234375,0.884765625,37,20
011,0.134765625,0.865234375,33,16
100,0.109375,0.890625,37,20
101,0.115234375,0.884765625,33,16
110,0.14453125,0.85546875,33,20
111,0.15234375,0.84765625,29,16
