state,p_marked,error,gate_count,depth
000,0.125,0.875,46,24
001,0.134765625,0.865234375,46,24
010,0.1328125,0.8671875,46,24
011,0.111328125,0.888671875,46,24
100,0.087890625,0.912109375,46,24
101,0.140625,0.859375,46,24
110,0.14453125,0.85546875,46,24
111,0.130859375,0.869140625,46,24
