state,p_marked,error,gate_count,depth
000,0.04296875,0.95703125,87,45
001,0.029296875,0.970703125,77,36
010,0.130859375,0.869140625,77,45
011,0.123046875,0.876953125,67,35
100,0.048828125,0.951171875,77,45
101,0.0390625,0.9609375,67,36
110,0.12109375,0.87890625,67,45
111,0.12890625,0.87109375,57,35
