state,p_marked,error,gate_count,depth
000,0.51171875,0.48828125,41,21
001,0.466796875,0.533203125,37,17
010,0.494140625,0.505859375,37,21
011,0.48828125,0.51171875,33,17
100,0.50390625,0.49609375,37,21
101,0.49609375,0.50390625,33,17
110,0.49609375,0.50390625,33,21
111,0.501953125,0.498046875,29,17
