state,p_marked,error,gate_count,depth
000,0.111328125,0.888671875,40,19
001,0.154296875,0.845703125,40,19
010,0.099609375,0.900390625,40,19
011,0.107421875,0.892578125,40,19
100,0.095703125,0.904296875,40,19
101,0.08984375,0.91015625,40,19
110,0.126953125,0.873046875,40,19
111,0.130859375,0.869140625,40,19
