state,p_marked,error,gate_count,depth
000,0.06640625,0.93359375,129,71
001,0.0,1.0,121,63
010,0.396484375,0.603515625,121,71
011,0.0,1.0,113,63
100,0.0,1.0,121,71
101,0.0,1.0,113,63
110,0.416015625,0.583984375,113,71
111,0.087890625,0.912109375,105,63
