state,p_marked,error,gate_count,depth
000,0.06640625,0.93359375,32,15
001,0.05078125,0.94921875,30,13
010,0.052734375,0.947265625,30,15
011,0.0703125,0.9296875,28,13
100,0.072265625,0.927734375,30,15
101,0.0625,0.9375,28,13
110,0.052734375,0.947265625,28,15
111,0.060546875,0.939453125,26,13
