state,p_marked,error,gate_count,depth
000,0.486328125,0.513671875,42,22
001,0.548828125,0.451171875,38,18
010,0.47265625,0.52734375,38,22
011,0.15234375,0.84765625,34,18
100,0.521484375,0.478515625,38,22
101,0.48828125,0.51171875,34,18
110,0.1171875,0.8828125,34,22
111,0.4765625,0.5234375,30,18
