state,p_marked,error,gate_count,depth
000,0.126953125,0.873046875,54,28
001,0.0,1.0,52,26
010,0.0,1.0,52,28
011,0.125,0.875,50,26
100,0.119140625,0.880859375,52,28
101,0.521484375,0.478515625,50,26
110,0.0,1.0,50,28
111,0.12109375,0.87890625,48,26
