state,p_marked,error,gate_count,depth
000,0.53125,0.46875,61,32
001,0.0,1.0,57,28
010,0.48046875,0.51953125,57,32
011,0.138671875,0.861328125,53,28
100,0.154296875,0.845703125,57,32
101,0.125,0.875,53,28
110,0.107421875,0.892578125,53,32
111,0.0,1.0,49,28
