state,p_marked,error,gate_count,depth
000,0.125,0.875,33,17
001,0.125,0.875,27,11
010,0.123046875,0.876953125,27,17
011,0.1171875,0.8828125,21,11
100,0.1171875,0.8828125,27,17
101,0.16015625,0.83984375,21,11
110,0.1328125,0.8671875,21,17
111,0.115234375,0.884765625,15,11
