state,p_marked,error,gate_count,depth
000,0.505859375,0.494140625,41,21
001,0.4765625,0.5234375,37,17
010,0.5390625,0.4609375,37,21
011,0.5078125,0.4921875,33,17
100,0.474609375,0.525390625,37,21
101,0.546875,0.453125,33,17
110,0.484375,0.515625,33,21
111,0.51171875,0.48828125,29,17
