state,p_marked,error,gate_count,depth
000,0.12109375,0.87890625,52,27
001,0.12890625,0.87109375,50,25
010,0.115234375,0.884765625,50,27
011,0.091796875,0.908203125,48,25
100,0.130859375,0.869140625,50,27
101,0.123046875,0.876953125,48,25
110,0.125,0.875,48,27
111,0.09765625,0.90234375,46,25
