state,p_marked,error,gate_count,depth
000,0.130859375,0.869140625,41,20
001,0.166015625,0.833984375,37,16
010,0.1015625,0.8984375,37,20
011,0.1015625,0.8984375,33,16
100,0.111328125,0.888671875,37,20
101,0.09765625,0.90234375,33,16
110,0.09375,0.90625,33,20
111,0.12109375,0.87890625,29,16
