state,p_marked,error,gate_count,depth
000,0.4921875,0.5078125,41,21
001,0.505859375,0.494140625,37,17
010,0.5546875,0.4453125,37,21
011,0.482421875,0.517578125,33,17
100,0.525390625,0.474609375,37,21
101,0.544921875,0.455078125,33,17
110,0.470703125,0.529296875,33,21
111,0.51171875,0.48828125,29,17
