state,p_marked,error,gate_count,depth
000,0.103515625,0.896484375,60,31
001,0.126953125,0.873046875,52,23
010,0.130859375,0.869140625,52,31
011,0.138671875,0.861328125,44,23
100,0.138671875,0.861328125,52,31
101,0.109375,0.890625,44,23
110,0.1484375,0.8515625,44,31
111,0.107421875,0.892578125,36,23
