state,p_marked,error,gate_count,depth
000,0.146484375,0.853515625,63,31
001,0.091796875,0.908203125,63,31
010,0.1015625,0.8984375,63,31
011,0.142578125,0.857421875,63,31
100,0.11328125,0.88671875,63,31
101,0.14453125,0.85546875,63,31
110,0.138671875,0.861328125,63,31
111,0.1484375,0.8515625,63,31
