state,p_marked,error,gate_count,depth
000,0.115234375,0.884765625,50,26
001,0.146484375,0.853515625,48,24
010,0.10546875,0.89453125,48,26
011,0.126953125,0.873046875,46,24
100,0.115234375,0.884765625,48,26
101,0.109375,0.890625,46,24
110,0.11328125,0.88671875,46,26
111,0.1328125,0.8671875,44,24
