state,p_marked,error,gate_count,depth
000,0.126953125,0.873046875,50,26
001,0.13671875,0.86328125,44,20
010,0.10546875,0.89453125,44,26
011,0.111328125,0.888671875,38,20
100,0.125,0.875,44,26
101,0.1171875,0.8828125,38,20
110,0.119140625,0.880859375,38,26
111,0.115234375,0.884765625,32,20
