state,p_marked,error,gate_count,depth
000,0.10546875,0.89453125,23,11
001,0.130859375,0.869140625,23,11
010,0.107421875,0.892578125,23,11
011,0.111328125,0.888671875,23,11
100,0.126953125,0.873046875,23,11
101,0.123046875,0.876953125,23,11
110,0.12890625,0.87109375,23,11
111,0.12890625,0.87109375,23,11
