state,p_marked,error,gate_count,depth
000,0.0,1.0,55,29
001,0.14453125,0.85546875,53,27
010,0.0,1.0,53,29
011,0.130859375,0.869140625,51,27
100,0.134765625,0.865234375,53,29
101,0.134765625,0.865234375,51,27
110,0.1484375,0.8515625,51,29
111,0.107421875,0.892578125,49,27
