state,p_marked,error,gate_count,depth
000,0.0,1.0,42,21
001,0.0,1.0,42,21
010,0.0,1.0,42,21
011,0.0,1.0,42,21
100,0.263671875,0.736328125,42,21
101,0.291015625,0.708984375,42,21
110,0.26953125,0.73046875,42,21
111,0.2578125,0.7421875,42,21
