state,p_marked,error,gate_count,depth
000,0.51171875,0.48828125,41,21
001,0.455078125,0.544921875,37,17
010,0.462890625,0.537109375,37,21
011,0.515625,0.484375,33,17
100,0.53515625,0.46484375,37,21
101,0.49609375,0.50390625,33,17
110,0.486328125,0.513671875,33,21
111,0.486328125,0.513671875,29,17
