state,p_marked,error,gate_count,depth
000,0.14453125,0.85546875,32,16
001,0.12109375,0.87890625,30,14
010,0.09765625,0.90234375,30,16
011,0.123046875,0.876953125,28,14
100,0.1171875,0.8828125,30,16
101,0.103515625,0.896484375,28,14
110,0.1171875,0.8828125,28,16
111,0.126953125,0.873046875,26,14
