state,p_marked,error,gate_count,depth
000,0.33203125,0.66796875,66,34
001,0.0234375,0.9765625,62,30
010,0.0234375,0.9765625,62,34
011,0.220703125,0.779296875,58,30
100,0.23046875,0.76953125,62,34
101,0.025390625,0.974609375,58,30
110,0.0234375,0.9765625,58,34
111,0.041015625,0.958984375,54,30
