state,p_marked,error,gate_count,depth
000,0.078125,0.921875,53,36
001,0.013671875,0.986328125,53,36
010,0.0859375,0.9140625,53,36
011,0.044921875,0.955078125,53,36
100,0.138671875,0.861328125,53,36
101,0.021484375,0.978515625,53,36
110,0.212890625,0.787109375,53,36
111,0.349609375,0.650390625,53,36
