state,p_marked,error,gate_count,depth
000,0.13671875,0.86328125,41,20
001,0.11328125,0.88671875,37,16
010,0.1171875,0.8828125,37,20
011,0.119140625,0.880859375,33,16
100,0.15625,0.84375,37,20
101,0.111328125,0.888671875,33,16
110,0.12109375,0.87890625,33,20
111,0.150390625,0.849609375,29,16
