state,p_marked,error,gate_count,depth
000,0.125,0.875,32,15
001,0.103515625,0.896484375,30,13
010,0.142578125,0.857421875,30,15
011,0.1171875,0.8828125,28,13
100,0.17578125,0.82421875,30,15
101,0.125,0.875,28,13
110,0.109375,0.890625,28,15
111,0.126953125,0.873046875,26,13
