state,p_marked,error,gate_count,depth
000,0.0,1.0,42,21
001,0.119140625,0.880859375,38,17
010,0.0,1.0,38,21
011,0.1328125,0.8671875,34,17
100,0.115234375,0.884765625,38,21
101,0.0,1.0,34,17
110,0.11328125,0.88671875,34,21
111,0.0,1.0,30,17
