state,p_marked,error,gate_count,depth
000,0.126953125,0.873046875,33,17
001,0.099609375,0.900390625,27,11
010,0.16015625,0.83984375,27,17
011,0.123046875,0.876953125,21,11
100,0.1171875,0.8828125,27,17
101,0.140625,0.859375,21,11
110,0.10546875,0.89453125,21,17
111,0.12890625,0.87109375,15,11
