state,p_marked,error,gate_count,depth
000,0.501953125,0.498046875,34,18
001,0.123046875,0.876953125,32,16
010,0.0,1.0,32,18
011,0.130859375,0.869140625,30,16
100,0.466796875,0.533203125,32,18
101,0.13671875,0.86328125,30,16
110,0.0,1.0,30,18
111,0.150390625,0.849609375,28,16
