state,p_marked,error,gate_count,depth
000,0.115234375,0.884765625,63,33
001,0.119140625,0.880859375,59,29
010,0.1171875,0.8828125,59,33
011,0.126953125,0.873046875,55,29
100,0.115234375,0.884765625,59,33
101,0.134765625,0.865234375,55,29
110,0.1484375,0.8515625,55,33
111,0.10546875,0.89453125,51,29
