state,p_marked,error,gate_count,depth
000,0.05859375,0.94140625,44,24
001,0.07421875,0.92578125,44,24
010,0.064453125,0.935546875,44,24
011,0.015625,0.984375,44,24
100,0.056640625,0.943359375,44,24
101,0.513671875,0.486328125,44,24
110,0.048828125,0.951171875,44,24
111,0.146484375,0.853515625,44,24
