state,p_marked,error,gate_count,depth
000,0.296875,0.703125,82,42
001,0.1640625,0.8359375,78,39
010,0.033203125,0.966796875,78,42
011,0.541015625,0.458984375,74,39
100,0.16015625,0.83984375,78,42
101,0.14453125,0.85546875,74,39
110,0.13671875,0.86328125,74,42
111,0.26953125,0.73046875,70,38
