state,p_marked,error,gate_count,depth
000,0.12109375,0.87890625,41,20
001,0.126953125,0.873046875,37,16
010,0.126953125,0.873046875,37,20
011,0.1171875,0.8828125,33,16
100,0.12890625,0.87109375,37,20
101,0.10546875,0.89453125,33,16
110,0.11328125,0.88671875,33,20
111,0.095703125,0.904296875,29,16
