state,p_marked,error,gate_count,depth
000,0.140625,0.859375,15,7
001,0.11328125,0.88671875,13,5
010,0.119140625,0.880859375,13,7
011,0.12109375,0.87890625,11,5
100,0.1015625,0.8984375,13,7
101,0.158203125,0.841796875,11,5
110,0.146484375,0.853515625,11,7
111,0.13671875,0.86328125,9,5
