state,p_marked,error,gate_count,depth
000,0.21875,0.78125,67,35
001,0.232421875,0.767578125,65,33
010,0.24609375,0.75390625,65,35
011,0.126953125,0.873046875,63,33
100,0.255859375,0.744140625,65,35
101,0.2734375,0.7265625,63,33
110,0.0,1.0,63,35
111,0.138671875,0.861328125,61,33
