state,p_marked,error,gate_count,depth
000,0.275390625,0.724609375,89,47
001,0.27734375,0.72265625,83,42
010,0.048828125,0.951171875,83,47
011,0.025390625,0.974609375,77,41
100,0.291015625,0.708984375,83,47
101,0.271484375,0.728515625,77,42
110,0.03515625,0.96484375,77,47
111,0.080078125,0.919921875,71,41
