state,p_marked,error,gate_count,depth
000,0.130859375,0.869140625,50,26
001,0.16015625,0.83984375,48,24
010,0.146484375,0.853515625,48,26
011,0.134765625,0.865234375,46,24
100,0.123046875,0.876953125,48,26
101,0.1484375,0.8515625,46,24
110,0.138671875,0.861328125,46,26
111,0.1015625,0.8984375,44,24
