state,p_marked,error,gate_count,depth
000,0.123046875,0.876953125,41,20
001,0.123046875,0.876953125,37,16
010,0.111328125,0.888671875,37,20
011,0.140625,0.859375,33,16
100,0.1328125,0.8671875,37,20
101,0.103515625,0.896484375,33,16
110,0.103515625,0.896484375,33,20
111,0.134765625,0.865234375,29,16
