state,p_marked,error,gate_count,depth
000,0.10546875,0.89453125,32,16
001,0.126953125,0.873046875,30,14
010,0.109375,0.890625,30,16
011,0.107421875,0.892578125,28,14
100,0.119140625,0.880859375,30,16
101,0.14453125,0.85546875,28,14
110,0.142578125,0.857421875,28,16
111,0.130859375,0.869140625,26,14
