state,p_marked,error,gate_count,depth
000,0.0,1.0,60,32
001,0.0,1.0,52,24
010,0.0,1.0,52,32
011,0.1484375,0.8515625,44,24
100,0.0,1.0,52,32
101,0.0,1.0,44,24
110,0.0,1.0,44,32
111,0.109375,0.890625,36,24
