state,p_marked,error,gate_count,depth
000,0.041015625,0.958984375,60,31
001,0.03515625,0.96484375,56,27
010,0.041015625,0.958984375,56,31
011,0.033203125,0.966796875,52,27
100,0.037109375,0.962890625,56,31
101,0.251953125,0.748046875,52,27
110,0.298828125,0.701171875,52,31
111,0.03125,0.96875,48,27
