state,p_marked,error,gate_count,depth
000,0.279296875,0.720703125,76,50
001,0.380859375,0.619140625,74,48
010,0.138671875,0.861328125,74,50
011,0.01171875,0.98828125,72,48
100,0.0703125,0.9296875,74,50
101,0.125,0.875,72,48
110,0.009765625,0.990234375,72,50
111,0.06640625,0.93359375,70,48
