state,p_marked,error,gate_count,depth
000,0.11328125,0.88671875,50,25
001,0.119140625,0.880859375,44,19
010,0.13671875,0.86328125,44,25
011,0.140625,0.859375,38,19
100,0.1328125,0.8671875,44,25
101,0.109375,0.890625,38,19
110,0.12890625,0.87109375,38,25
111,0.119140625,0.880859375,32,19
