state,p_marked,error,gate_count,depth
000,0.12109375,0.87890625,56,29
001,0.109375,0.890625,54,27
010,0.111328125,0.888671875,54,29
011,0.115234375,0.884765625,52,27
100,0.134765625,0.865234375,54,29
101,0.1328125,0.8671875,52,27
110,0.126953125,0.873046875,52,29
111,0.130859375,0.869140625,50,27
