state,p_marked,error,gate_count,depth
000,0.03125,0.96875,40,24
001,0.0625,0.9375,40,24
010,0.248046875,0.751953125,40,24
011,0.060546875,0.939453125,40,24
100,0.0390625,0.9609375,40,24
101,0.51953125,0.48046875,40,24
110,0.029296875,0.970703125,40,24
111,0.052734375,0.947265625,40,24
