state,p_marked,error,gate_count,depth
000,0.515625,0.484375,41,21
001,0.517578125,0.482421875,37,17
010,0.486328125,0.513671875,37,21
011,0.453125,0.546875,33,17
100,0.501953125,0.498046875,37,21
101,0.48046875,0.51953125,33,17
110,0.51171875,0.48828125,33,21
111,0.505859375,0.494140625,29,17
