state,p_marked,error,gate_count,depth
000,0.45703125,0.54296875,59,31
001,0.51171875,0.48828125,51,23
010,0.50390625,0.49609375,51,31
011,0.49609375,0.50390625,43,23
100,0.49609375,0.50390625,51,31
101,0.5,0.5,43,23
110,0.498046875,0.501953125,43,31
111,0.50390625,0.49609375,35,23
