state,p_marked,error,gate_count,depth
000,0.095703125,0.904296875,15,7
001,0.13671875,0.86328125,13,5
010,0.12890625,0.87109375,13,7
011,0.115234375,0.884765625,11,5
100,0.12109375,0.87890625,13,7
101,0.13671875,0.86328125,11,5
110,0.15234375,0.84765625,11,7
111,0.12890625,0.87109375,9,5
