state,p_marked,error,gate_count,depth
000,0.14453125,0.85546875,55,28
001,0.14453125,0.85546875,53,26
010,0.12890625,0.87109375,53,28
011,0.125,0.875,51,26
100,0.15234375,0.84765625,53,28
101,0.125,0.875,51,26
110,0.125,0.875,51,28
111,0.123046875,0.876953125,49,26
