state,p_marked,error,gate_count,depth
000,0.49609375,0.50390625,32,16
001,0.509765625,0.490234375,30,14
010,0.47265625,0.52734375,30,16
011,0.501953125,0.498046875,28,14
100,0.494140625,0.505859375,30,16
101,0.462890625,0.537109375,28,14
110,0.52734375,0.47265625,28,16
111,0.505859375,0.494140625,26,14
