state,p_marked,error,gate_count,depth
000,0.1328125,0.8671875,33,17
001,0.1015625,0.8984375,27,11
010,0.109375,0.890625,27,17
011,0.12890625,0.87109375,21,11
100,0.134765625,0.865234375,27,17
101,0.1171875,0.8828125,21,11
110,0.1328125,0.8671875,21,17
111,0.12109375,0.87890625,15,11
