state,p_marked,error,gate_count,depth
000,0.486328125,0.513671875,32,16
001,0.54296875,0.45703125,30,14
010,0.498046875,0.501953125,30,16
011,0.494140625,0.505859375,28,14
100,0.537109375,0.462890625,30,16
101,0.478515625,0.521484375,28,14
110,0.525390625,0.474609375,28,16
111,0.501953125,0.498046875,26,14
