state,p_marked,error,gate_count,depth
000,0.470703125,0.529296875,41,21
001,0.482421875,0.517578125,37,17
010,0.4765625,0.5234375,37,21
011,0.462890625,0.537109375,33,17
100,0.46484375,0.53515625,37,21
101,0.49609375,0.50390625,33,17
110,0.470703125,0.529296875,33,21
111,0.513671875,0.486328125,29,17
