state,p_marked,error,gate_count,depth
000,0.306640625,0.693359375,87,44
001,0.357421875,0.642578125,81,39
010,0.3125,0.6875,81,44
011,0.302734375,0.697265625,75,39
100,0.470703125,0.529296875,81,43
101,0.005859375,0.994140625,75,38
110,0.013671875,0.986328125,75,43
111,0.53515625,0.46484375,69,38
