state,p_marked,error,gate_count,depth
000,0.126953125,0.873046875,59,31
001,0.103515625,0.896484375,55,27
010,0.130859375,0.869140625,55,31
011,0.12890625,0.87109375,51,27
100,0.126953125,0.873046875,55,31
101,0.119140625,0.880859375,51,27
110,0.13671875,0.86328125,51,31
111,0.134765625,0.865234375,47,27
