state,p_marked,error,gate_count,depth
000,0.142578125,0.857421875,15,7
001,0.134765625,0.865234375,13,5
010,0.138671875,0.861328125,13,7
011,0.125,0.875,11,5
100,0.1171875,0.8828125,13,7
101,0.130859375,0.869140625,11,5
110,0.123046875,0.876953125,11,7
111,0.126953125,0.873046875,9,5
