state,p_marked,error,gate_count,depth
000,0.05078125,0.94921875,32,15
001,0.0546875,0.9453125,30,13
010,0.0625,0.9375,30,15
011,0.052734375,0.947265625,28,13
100,0.0546875,0.9453125,30,15
101,0.064453125,0.935546875,28,13
110,0.041015625,0.958984375,28,15
111,0.064453125,0.935546875,26,13
