state,p_marked,error,gate_count,depth
000,0.109375,0.890625,49,25
001,0.150390625,0.849609375,47,23
010,0.109375,0.890625,47,25
011,0.111328125,0.888671875,45,23
100,0.126953125,0.873046875,47,25
101,0.111328125,0.888671875,45,23
110,0.12890625,0.87109375,45,25
111,0.125,0.875,43,23
