state,p_marked,error,gate_count,depth
000,0.248046875,0.751953125,105,55
001,0.19921875,0.80078125,99,50
010,0.01953125,0.98046875,99,55
011,0.099609375,0.900390625,93,49
100,0.142578125,0.857421875,99,55
101,0.13671875,0.86328125,93,50
110,0.033203125,0.966796875,93,55
111,0.060546875,0.939453125,87,49
