state,p_marked,error,gate_count,depth
000,0.12890625,0.87109375,49,25
001,0.107421875,0.892578125,47,23
010,0.15234375,0.84765625,47,25
011,0.125,0.875,45,23
100,0.125,0.875,47,25
101,0.14453125,0.85546875,45,23
110,0.126953125,0.873046875,45,25
111,0.09375,0.90625,43,23
