state,p_marked,error,gate_count,depth
000,0.220703125,0.779296875,100,55
001,0.21875,0.78125,94,49
010,0.224609375,0.775390625,94,55
011,0.20703125,0.79296875,88,49
100,0.2421875,0.7578125,94,55
101,0.20703125,0.79296875,88,49
110,0.234375,0.765625,88,55
111,0.212890625,0.787109375,82,49
