state,p_marked,error,gate_count,depth
000,0.095703125,0.904296875,46,24
001,0.111328125,0.888671875,42,20
010,0.111328125,0.888671875,42,24
011,0.1171875,0.8828125,38,20
100,0.125,0.875,42,24
101,0.1484375,0.8515625,38,20
110,0.142578125,0.857421875,38,24
111,0.134765625,0.865234375,34,20
