state,p_marked,error,gate_count,depth
000,0.0,1.0,40,21
001,0.14453125,0.85546875,38,19
010,0.0,1.0,38,21
011,0.12109375,0.87890625,36,19
100,0.119140625,0.880859375,38,21
101,0.0,1.0,36,19
110,0.515625,0.484375,36,21
111,0.126953125,0.873046875,34,19
