state,p_marked,error,gate_count,depth
000,0.26953125,0.73046875,58,30
001,0.31640625,0.68359375,54,26
010,0.03515625,0.96484375,54,30
011,0.021484375,0.978515625,50,26
100,0.291015625,0.708984375,54,30
101,0.267578125,0.732421875,50,26
110,0.037109375,0.962890625,50,30
111,0.03515625,0.96484375,46,26
