state,p_marked,error,gate_count,depth
000,0.296875,0.703125,68,35
001,0.3125,0.6875,62,30
010,0.029296875,0.970703125,62,35
011,0.294921875,0.705078125,56,30
100,0.2734375,0.7265625,62,35
101,0.291015625,0.708984375,56,30
110,0.03125,0.96875,56,35
111,0.265625,0.734375,50,29
