state,p_marked,error,gate_count,depth
000,0.123046875,0.876953125,50,25
001,0.134765625,0.865234375,44,19
010,0.11328125,0.88671875,44,25
011,0.1484375,0.8515625,38,19
100,0.154296875,0.845703125,44,25
101,0.16015625,0.83984375,38,19
110,0.12109375,0.87890625,38,25
111,0.14453125,0.85546875,32,19
