state,p_marked,error,gate_count,depth
000,0.126953125,0.873046875,61,32
001,0.14453125,0.85546875,57,28
010,0.10546875,0.89453125,57,32
011,0.13671875,0.86328125,53,28
100,0.142578125,0.857421875,57,32
101,0.125,0.875,53,28
110,0.125,0.875,53,32
111,0.125,0.875,49,28
