state,p_marked,error,gate_count,depth
000,0.109375,0.890625,23,11
001,0.111328125,0.888671875,23,11
010,0.0859375,0.9140625,23,11
011,0.087890625,0.912109375,23,11
100,0.107421875,0.892578125,23,11
101,0.12109375,0.87890625,23,11
110,0.119140625,0.880859375,23,11
111,0.14453125,0.85546875,23,11
