state,p_marked,error,gate_count,depth
000,0.505859375,0.494140625,41,21
001,0.482421875,0.517578125,37,17
010,0.484375,0.515625,37,21
011,0.515625,0.484375,33,17
100,0.5390625,0.4609375,37,21
101,0.458984375,0.541015625,33,17
110,0.5078125,0.4921875,33,21
111,0.5078125,0.4921875,29,17
