state,p_marked,error,gate_count,depth
000,0.126953125,0.873046875,117,63
001,0.126953125,0.873046875,111,57
010,0.11328125,0.88671875,111,63
011,0.189453125,0.810546875,105,57
100,0.146484375,0.853515625,111,63
101,0.126953125,0.873046875,105,57
110,0.240234375,0.759765625,105,63
111,0.1328125,0.8671875,99,57
