state,p_marked,error,gate_count,depth
000,0.13671875,0.86328125,49,25
001,0.134765625,0.865234375,47,23
010,0.119140625,0.880859375,47,25
011,0.11328125,0.88671875,45,23
100,0.08984375,0.91015625,47,25
101,0.146484375,0.853515625,45,23
110,0.134765625,0.865234375,45,25
111,0.1171875,0.8828125,43,23
