state,p_marked,error,gate_count,depth
000,0.1328125,0.8671875,49,24
001,0.146484375,0.853515625,47,22
010,0.16796875,0.83203125,47,24
011,0.130859375,0.869140625,45,22
100,0.130859375,0.869140625,47,24
101,0.12890625,0.87109375,45,22
110,0.125,0.875,45,24
111,0.12890625,0.87109375,43,22
