state,p_marked,error,gate_count,depth
000,0.484375,0.515625,41,21
001,0.49609375,0.50390625,37,17
010,0.5234375,0.4765625,37,21
011,0.46875,0.53125,33,17
100,0.49609375,0.50390625,37,21
101,0.494140625,0.505859375,33,17
110,0.46875,0.53125,33,21
111,0.525390625,0.474609375,29,17
