state,p_marked,error,gate_count,depth
000,0.125,0.875,24,12
001,0.115234375,0.884765625,20,8
010,0.1015625,0.8984375,20,12
011,0.08984375,0.91015625,16,8
100,0.146484375,0.853515625,20,12
101,0.125,0.875,16,8
110,0.119140625,0.880859375,16,12
111,0.138671875,0.861328125,12,8
