state,p_marked,error,gate_count,depth
000,0.05859375,0.94140625,45,25
001,0.078125,0.921875,45,25
010,0.55859375,0.44140625,45,25
011,0.052734375,0.947265625,45,25
100,0.0625,0.9375,45,25
101,0.0625,0.9375,45,25
110,0.056640625,0.943359375,45,25
111,0.068359375,0.931640625,45,25
