state,p_marked,error,gate_count,depth
000,0.15625,0.84375,54,27
001,0.11328125,0.88671875,52,25
010,0.123046875,0.876953125,52,27
011,0.158203125,0.841796875,50,25
100,0.123046875,0.876953125,52,27
101,0.12109375,0.87890625,50,25
110,0.109375,0.890625,50,27
111,0.111328125,0.888671875,48,25
