state,p_marked,error,gate_count,depth
000,0.1328125,0.8671875,35,18
001,0.11328125,0.88671875,33,16
010,0.130859375,0.869140625,33,18
011,0.0,1.0,31,16
100,0.13671875,0.86328125,33,18
101,0.123046875,0.876953125,31,16
110,0.138671875,0.861328125,31,18
111,0.0,1.0,29,16
