state,p_marked,error,gate_count,depth
000,0.0,1.0,55,29
001,0.138671875,0.861328125,49,23
010,0.126953125,0.873046875,49,29
011,0.0,1.0,43,23
100,0.0,1.0,49,29
101,0.158203125,0.841796875,43,23
110,0.140625,0.859375,43,29
111,0.0,1.0,37,23
