state,p_marked,error,gate_count,depth
000,0.22265625,0.77734375,27,14
001,0.0,1.0,27,14
010,0.27734375,0.72265625,27,14
011,0.0,1.0,27,14
100,0.0,1.0,27,14
101,0.0,1.0,27,14
110,0.2578125,0.7421875,27,14
111,0.234375,0.765625,27,14
