state,p_marked,error,gate_count,depth
000,0.00390625,0.99609375,48,31
001,0.3515625,0.6484375,48,31
010,0.03125,0.96875,48,31
011,0.125,0.875,48,31
100,0.1875,0.8125,48,31
101,0.013671875,0.986328125,48,31
110,0.345703125,0.654296875,48,31
111,0.00390625,0.99609375,48,31
