state,p_marked,error,gate_count,depth
000,0.123046875,0.876953125,24,12
001,0.130859375,0.869140625,20,8
010,0.095703125,0.904296875,20,12
011,0.126953125,0.873046875,16,8
100,0.162109375,0.837890625,20,12
101,0.12109375,0.87890625,16,8
110,0.134765625,0.865234375,16,12
111,0.09375,0.90625,12,8
