state,p_marked,error,gate_count,depth
000,0.5234375,0.4765625,50,26
001,0.46875,0.53125,44,20
010,0.486328125,0.513671875,44,26
011,0.501953125,0.498046875,38,20
100,0.515625,0.484375,44,26
101,0.517578125,0.482421875,38,20
110,0.50390625,0.49609375,38,26
111,0.486328125,0.513671875,32,20
