state,p_marked,error,gate_count,depth
000,0.0,1.0,38,20
001,0.146484375,0.853515625,36,18
010,0.0,1.0,36,20
011,0.125,0.875,34,18
100,0.13671875,0.86328125,36,20
101,0.0,1.0,34,18
110,0.130859375,0.869140625,34,20
111,0.0,1.0,32,18
