state,p_marked,error,gate_count,depth
000,0.072265625,0.927734375,57,30
001,0.26171875,0.73828125,55,28
010,0.05859375,0.94140625,55,30
011,0.23828125,0.76171875,53,28
100,0.279296875,0.720703125,55,30
101,0.03125,0.96875,53,28
110,0.03125,0.96875,53,30
111,0.056640625,0.943359375,51,28
