state,p_marked,error,gate_count,depth
000,0.29296875,0.70703125,58,29
001,0.025390625,0.974609375,54,25
010,0.255859375,0.744140625,54,29
011,0.03515625,0.96484375,50,25
100,0.251953125,0.748046875,54,29
101,0.02734375,0.97265625,50,25
110,0.29296875,0.70703125,50,29
111,0.025390625,0.974609375,46,25
