state,p_marked,error,gate_count,depth
000,0.130859375,0.869140625,69,36
001,0.1328125,0.8671875,63,31
010,0.138671875,0.861328125,63,36
011,0.095703125,0.904296875,57,30
100,0.103515625,0.896484375,63,36
101,0.1328125,0.8671875,57,31
110,0.1171875,0.8828125,57,36
111,0.13671875,0.86328125,51,30
