state,p_marked,error,gate_count,depth
000,0.525390625,0.474609375,84,44
001,0.474609375,0.525390625,78,38
010,0.48828125,0.51171875,78,44
011,0.521484375,0.478515625,72,38
100,0.44140625,0.55859375,78,44
101,0.501953125,0.498046875,72,38
110,0.0,1.0,72,44
111,0.0,1.0,66,38
