state,p_marked,error,gate_count,depth
000,0.119140625,0.880859375,183,124
001,0.009765625,0.990234375,181,122
010,0.037109375,0.962890625,181,124
011,0.029296875,0.970703125,179,122
100,0.12109375,0.87890625,181,124
101,0.416015625,0.583984375,179,122
110,0.115234375,0.884765625,179,124
111,0.099609375,0.900390625,177,122
