state,p_marked,error,gate_count,depth
000,0.466796875,0.533203125,41,21
001,0.490234375,0.509765625,37,17
010,0.494140625,0.505859375,37,21
011,0.498046875,0.501953125,33,17
100,0.466796875,0.533203125,37,21
101,0.513671875,0.486328125,33,17
110,0.509765625,0.490234375,33,21
111,0.462890625,0.537109375,29,17
