state,p_marked,error,gate_count,depth
000,0.09765625,0.90234375,49,25
001,0.146484375,0.853515625,47,23
010,0.099609375,0.900390625,47,25
011,0.134765625,0.865234375,45,23
100,0.111328125,0.888671875,47,25
101,0.13671875,0.86328125,45,23
110,0.123046875,0.876953125,45,25
111,0.134765625,0.865234375,43,23
