state,p_marked,error,gate_count,depth
000,0.1015625,0.8984375,56,30
001,0.15625,0.84375,54,28
010,0.119140625,0.880859375,54,30
011,0.1171875,0.8828125,52,28
100,0.12109375,0.87890625,54,30
101,0.130859375,0.869140625,52,28
110,0.11328125,0.88671875,52,30
111,0.12890625,0.87109375,50,28
