state,p_marked,error,gate_count,depth
000,0.111328125,0.888671875,77,39
001,0.12890625,0.87109375,73,36
010,0.171875,0.828125,73,39
011,0.125,0.875,69,35
100,0.126953125,0.873046875,73,39
101,0.1171875,0.8828125,69,36
110,0.138671875,0.861328125,69,39
111,0.130859375,0.869140625,65,35
