state,p_marked,error,gate_count,depth
000,0.458984375,0.541015625,41,21
001,0.513671875,0.486328125,37,17
010,0.46875,0.53125,37,21
011,0.458984375,0.541015625,33,17
100,0.455078125,0.544921875,37,21
101,0.4296875,0.5703125,33,17
110,0.482421875,0.517578125,33,21
111,0.52734375,0.47265625,29,17
