state,p_marked,error,gate_count,depth
000,0.123046875,0.876953125,44,23
001,0.125,0.875,40,19
010,0.119140625,0.880859375,40,23
011,0.15625,0.84375,36,19
100,0.14453125,0.85546875,40,23
101,0.10546875,0.89453125,36,19
110,0.123046875,0.876953125,36,23
111,0.09765625,0.90234375,32,19
