state,p_marked,error,gate_count,depth
000,0.119140625,0.880859375,49,25
001,0.14453125,0.85546875,47,23
010,0.119140625,0.880859375,47,25
011,0.111328125,0.888671875,45,23
100,0.115234375,0.884765625,47,25
101,0.142578125,0.857421875,45,23
110,0.126953125,0.873046875,45,25
111,0.1015625,0.8984375,43,23
