state,p_marked,error,gate_count,depth
000,0.4609375,0.5390625,32,16
001,0.515625,0.484375,30,14
010,0.548828125,0.451171875,30,16
011,0.49609375,0.50390625,28,14
100,0.48828125,0.51171875,30,16
101,0.490234375,0.509765625,28,14
110,0.451171875,0.548828125,28,16
111,0.49609375,0.50390625,26,14
