state,p_marked,error,gate_count,depth
000,0.1171875,0.8828125,33,17
001,0.103515625,0.896484375,27,11
010,0.125,0.875,27,17
011,0.13671875,0.86328125,21,11
100,0.1171875,0.8828125,27,17
101,0.119140625,0.880859375,21,11
110,0.12890625,0.87109375,21,17
111,0.09765625,0.90234375,15,11
