state,p_marked,error,gate_count,depth
000,0.0703125,0.9296875,66,33
001,0.078125,0.921875,64,31
010,0.060546875,0.939453125,64,33
011,0.0546875,0.9453125,62,31
100,0.08203125,0.91796875,64,33
101,0.064453125,0.935546875,62,31
110,0.06640625,0.93359375,62,33
111,0.06640625,0.93359375,60,31
