state,p_marked,error,gate_count,depth
000,0.482421875,0.517578125,41,21
001,0.501953125,0.498046875,37,17
010,0.53125,0.46875,37,21
011,0.5234375,0.4765625,33,17
100,0.453125,0.546875,37,21
101,0.48828125,0.51171875,33,17
110,0.486328125,0.513671875,33,21
111,0.498046875,0.501953125,29,17
