state,p_marked,error,gate_count,depth
000,0.111328125,0.888671875,41,20
001,0.126953125,0.873046875,37,16
010,0.13671875,0.86328125,37,20
011,0.12109375,0.87890625,33,16
100,0.146484375,0.853515625,37,20
101,0.12890625,0.87109375,33,16
110,0.1171875,0.8828125,33,20
111,0.115234375,0.884765625,29,16
