state,p_marked,error,gate_count,depth
000,0.107421875,0.892578125,15,7
001,0.125,0.875,13,5
010,0.11328125,0.88671875,13,7
011,0.119140625,0.880859375,11,5
100,0.103515625,0.896484375,13,7
101,0.146484375,0.853515625,11,5
110,0.140625,0.859375,11,7
111,0.107421875,0.892578125,9,5
