state,p_marked,error,gate_count,depth
000,0.484375,0.515625,58,29
001,0.50390625,0.49609375,54,25
010,0.517578125,0.482421875,54,29
011,0.45703125,0.54296875,50,25
100,0.470703125,0.529296875,54,29
101,0.494140625,0.505859375,50,25
110,0.484375,0.515625,50,29
111,0.505859375,0.494140625,46,25
