state,p_marked,error,gate_count,depth
000,0.13671875,0.86328125,55,28
001,0.125,0.875,53,26
010,0.1328125,0.8671875,53,28
011,0.140625,0.859375,51,26
100,0.115234375,0.884765625,53,28
101,0.099609375,0.900390625,51,26
110,0.11328125,0.88671875,51,28
111,0.11328125,0.88671875,49,26
