state,p_marked,error,gate_count,depth
000,0.486328125,0.513671875,68,36
001,0.515625,0.484375,58,26
010,0.5,0.5,58,36
011,0.46484375,0.53515625,48,26
100,0.517578125,0.482421875,58,36
101,0.501953125,0.498046875,48,26
110,0.515625,0.484375,48,36
111,0.501953125,0.498046875,38,26
