state,p_marked,error,gate_count,depth
000,0.115234375,0.884765625,46,24
001,0.12890625,0.87109375,42,20
010,0.109375,0.890625,42,24
011,0.125,0.875,38,20
100,0.14453125,0.85546875,42,24
101,0.140625,0.859375,38,20
110,0.130859375,0.869140625,38,24
111,0.099609375,0.900390625,34,20
