state,p_marked,error,gate_count,depth
000,0.0,1.0,64,33
001,0.232421875,0.767578125,60,29
010,0.0,1.0,60,33
011,0.12109375,0.87890625,56,29
100,0.263671875,0.736328125,60,33
101,0.0,1.0,56,29
110,0.24609375,0.75390625,56,33
111,0.125,0.875,52,29
