state,p_marked,error,gate_count,depth
000,0.240234375,0.759765625,41,21
001,0.25,0.75,37,17
010,0.25,0.75,37,21
011,0.2578125,0.7421875,33,17
100,0.220703125,0.779296875,37,21
101,0.216796875,0.783203125,33,17
110,0.234375,0.765625,33,21
111,0.220703125,0.779296875,29,17
