state,p_marked,error,gate_count,depth
000,0.515625,0.484375,50,26
001,0.478515625,0.521484375,44,20
010,0.49609375,0.50390625,44,26
011,0.53515625,0.46484375,38,20
100,0.494140625,0.505859375,44,26
101,0.505859375,0.494140625,38,20
110,0.48046875,0.51953125,38,26
111,0.4765625,0.5234375,32,20
