state,p_marked,error,gate_count,depth
000,0.0,1.0,41,21
001,0.0078125,0.9921875,41,21
010,0.443359375,0.556640625,41,21
011,0.0,1.0,41,21
100,0.0,1.0,41,21
101,0.515625,0.484375,41,21
110,0.017578125,0.982421875,41,21
111,0.0,1.0,41,21
