state,p_marked,error,gate_count,depth
000,0.076171875,0.923828125,42,25
001,0.072265625,0.927734375,40,23
010,0.052734375,0.947265625,40,25
011,0.07421875,0.92578125,38,23
100,0.044921875,0.955078125,40,25
101,0.048828125,0.951171875,38,23
110,0.056640625,0.943359375,38,25
111,0.072265625,0.927734375,36,23
