state,p_marked,error,gate_count,depth
000,0.462890625,0.537109375,32,16
001,0.5,0.5,30,14
010,0.470703125,0.529296875,30,16
011,0.541015625,0.458984375,28,14
100,0.501953125,0.498046875,30,16
101,0.521484375,0.478515625,28,14
110,0.564453125,0.435546875,28,16
111,0.482421875,0.517578125,26,14
