state,p_marked,error,gate_count,depth
000,0.150390625,0.849609375,33,17
001,0.10546875,0.89453125,27,11
010,0.11328125,0.88671875,27,17
011,0.1484375,0.8515625,21,11
100,0.109375,0.890625,27,17
101,0.11328125,0.88671875,21,11
110,0.142578125,0.857421875,21,17
111,0.1171875,0.8828125,15,11
