state,p_marked,error,gate_count,depth
000,0.033203125,0.966796875,32,16
001,0.029296875,0.970703125,30,14
010,0.02734375,0.97265625,30,16
011,0.0390625,0.9609375,28,14
100,0.037109375,0.962890625,30,16
101,0.0078125,0.9921875,28,14
110,0.05078125,0.94921875,28,16
111,0.025390625,0.974609375,26,14
