state,p_marked,error,gate_count,depth
000,0.11328125,0.88671875,41,20
001,0.115234375,0.884765625,37,16
010,0.12890625,0.87109375,37,20
011,0.134765625,0.865234375,33,16
100,0.134765625,0.865234375,37,20
101,0.138671875,0.861328125,33,16
110,0.126953125,0.873046875,33,20
111,0.123046875,0.876953125,29,16
