state,p_marked,error,gate_count,depth
000,0.4921875,0.5078125,41,21
001,0.5078125,0.4921875,37,17
010,0.5078125,0.4921875,37,21
011,0.48046875,0.51953125,33,17
100,0.52734375,0.47265625,37,21
101,0.47265625,0.52734375,33,17
110,0.5,0.5,33,21
111,0.52734375,0.47265625,29,17
