state,p_marked,error,gate_count,depth
000,0.01171875,0.98828125,109,74
001,0.095703125,0.904296875,109,74
010,0.01171875,0.98828125,109,74
011,0.005859375,0.994140625,109,74
100,0.16015625,0.83984375,109,74
101,0.154296875,0.845703125,109,74
110,0.11328125,0.88671875,109,74
111,0.42578125,0.57421875,109,74
