state,p_marked,error,gate_count,depth
000,0.517578125,0.482421875,32,16
001,0.486328125,0.513671875,30,14
010,0.53515625,0.46484375,30,16
011,0.505859375,0.494140625,28,14
100,0.53125,0.46875,30,16
101,0.525390625,0.474609375,28,14
110,0.4921875,0.5078125,28,16
111,0.490234375,0.509765625,26,14
