state,p_marked,error,gate_count,depth
000,0.10546875,0.89453125,33,17
001,0.109375,0.890625,27,11
010,0.087890625,0.912109375,27,17
011,0.099609375,0.900390625,21,11
100,0.109375,0.890625,27,17
101,0.10546875,0.89453125,21,11
110,0.130859375,0.869140625,21,17
111,0.138671875,0.861328125,15,11
