state,p_marked,error,gate_count,depth
000,0.12890625,0.87109375,51,27
001,0.154296875,0.845703125,49,25
010,0.126953125,0.873046875,49,27
011,0.146484375,0.853515625,47,25
100,0.11328125,0.88671875,49,27
101,0.1328125,0.8671875,47,25
110,0.12890625,0.87109375,47,27
111,0.119140625,0.880859375,45,25
