state,p_marked,error,gate_count,depth
000,0.48046875,0.51953125,32,16
001,0.47265625,0.52734375,30,14
010,0.49609375,0.50390625,30,16
011,0.537109375,0.462890625,28,14
100,0.529296875,0.470703125,30,16
101,0.50390625,0.49609375,28,14
110,0.46484375,0.53515625,28,16
111,0.4765625,0.5234375,26,14
