state,p_marked,error,gate_count,depth
000,0.314453125,0.685546875,58,30
001,0.244140625,0.755859375,54,26
010,0.037109375,0.962890625,54,30
011,0.013671875,0.986328125,50,26
100,0.263671875,0.736328125,54,30
101,0.28515625,0.71484375,50,26
110,0.03515625,0.96484375,50,30
111,0.03125,0.96875,46,26
