state,p_marked,error,gate_count,depth
000,0.099609375,0.900390625,50,26
001,0.119140625,0.880859375,44,20
010,0.15234375,0.84765625,44,26
011,0.123046875,0.876953125,38,20
100,0.109375,0.890625,44,26
101,0.140625,0.859375,38,20
110,0.134765625,0.865234375,38,26
111,0.109375,0.890625,32,20
