state,p_marked,error,gate_count,depth
000,0.119140625,0.880859375,60,30
001,0.123046875,0.876953125,56,26
010,0.138671875,0.861328125,56,30
011,0.12890625,0.87109375,52,26
100,0.1328125,0.8671875,56,30
101,0.1171875,0.8828125,52,26
110,0.150390625,0.849609375,52,30
111,0.146484375,0.853515625,48,26
