state,p_marked,error,gate_count,depth
000,0.142578125,0.857421875,52,28
001,0.123046875,0.876953125,50,26
010,0.111328125,0.888671875,50,28
011,0.142578125,0.857421875,48,26
100,0.1171875,0.8828125,50,28
101,0.134765625,0.865234375,48,26
110,0.1171875,0.8828125,48,28
111,0.158203125,0.841796875,46,26
