state,p_marked,error,gate_count,depth
000,0.123046875,0.876953125,60,31
001,0.099609375,0.900390625,52,23
010,0.119140625,0.880859375,52,31
011,0.162109375,0.837890625,44,23
100,0.10546875,0.89453125,52,31
101,0.123046875,0.876953125,44,23
110,0.123046875,0.876953125,44,31
111,0.10546875,0.89453125,36,23
