state,p_marked,error,gate_count,depth
000,0.125,0.875,24,12
001,0.09765625,0.90234375,20,8
010,0.109375,0.890625,20,12
011,0.1015625,0.8984375,16,8
100,0.14453125,0.85546875,20,12
101,0.126953125,0.873046875,16,8
110,0.130859375,0.869140625,16,12
111,0.111328125,0.888671875,12,8
