state,p_marked,error,gate_count,depth
000,0.42578125,0.57421875,41,21
001,0.484375,0.515625,37,17
010,0.509765625,0.490234375,37,21
011,0.51171875,0.48828125,33,17
100,0.509765625,0.490234375,37,21
101,0.482421875,0.517578125,33,17
110,0.484375,0.515625,33,21
111,0.482421875,0.517578125,29,17
