state,p_marked,error,gate_count,depth
000,0.0,1.0,43,23
001,0.123046875,0.876953125,43,23
010,0.50390625,0.49609375,43,23
011,0.11328125,0.88671875,43,23
100,0.130859375,0.869140625,43,23
101,0.12109375,0.87890625,43,23
110,0.0,1.0,43,23
111,0.0,1.0,43,23
