state,p_marked,error,gate_count,depth
000,0.103515625,0.896484375,44,22
001,0.08203125,0.91796875,44,22
010,0.099609375,0.900390625,44,22
011,0.15234375,0.84765625,44,22
100,0.125,0.875,44,22
101,0.177734375,0.822265625,44,22
110,0.08203125,0.91796875,44,22
111,0.169921875,0.830078125,44,22
