state,p_marked,error,gate_count,depth
000,0.482421875,0.517578125,50,26
001,0.501953125,0.498046875,44,20
010,0.44921875,0.55078125,44,26
011,0.4921875,0.5078125,38,20
100,0.515625,0.484375,44,26
101,0.4921875,0.5078125,38,20
110,0.498046875,0.501953125,38,26
111,0.529296875,0.470703125,32,20
