state,p_marked,error,gate_count,depth
000,0.4921875,0.5078125,33,17
001,0.525390625,0.474609375,31,15
010,0.470703125,0.529296875,31,17
011,0.0,1.0,29,15
100,0.490234375,0.509765625,31,17
101,0.0,1.0,29,15
110,0.44140625,0.55859375,29,17
111,0.4765625,0.5234375,27,15
