state,p_marked,error,gate_count,depth
000,0.013671875,0.986328125,33,17
001,0.017578125,0.982421875,31,15
010,0.0078125,0.9921875,31,17
011,0.0078125,0.9921875,29,15
100,0.0078125,0.9921875,31,17
101,0.01171875,0.98828125,29,15
110,0.515625,0.484375,29,17
111,0.50390625,0.49609375,27,15
