state,p_marked,error,gate_count,depth
000,0.13671875,0.86328125,77,40
001,0.13671875,0.86328125,69,33
010,0.111328125,0.888671875,69,40
011,0.138671875,0.861328125,61,32
100,0.123046875,0.876953125,69,40
101,0.1328125,0.8671875,61,33
110,0.111328125,0.888671875,61,40
111,0.12109375,0.87890625,53,32
