state,p_marked,error,gate_count,depth
000,0.3671875,0.6328125,29,16
001,0.19140625,0.80859375,29,16
010,0.0,1.0,29,16
011,0.0,1.0,29,16
100,0.3359375,0.6640625,29,16
101,0.193359375,0.806640625,29,16
110,0.0,1.0,29,16
111,0.0,1.0,29,16
