state,p_marked,error,gate_count,depth
000,0.111328125,0.888671875,51,26
001,0.134765625,0.865234375,49,24
010,0.123046875,0.876953125,49,26
011,0.134765625,0.865234375,47,24
100,0.109375,0.890625,49,26
101,0.12890625,0.87109375,47,24
110,0.111328125,0.888671875,47,26
111,0.119140625,0.880859375,45,24
