state,p_marked,error,gate_count,depth
000,0.095703125,0.904296875,55,27
001,0.1328125,0.8671875,53,25
010,0.134765625,0.865234375,53,27
011,0.10546875,0.89453125,51,25
100,0.125,0.875,53,27
101,0.12890625,0.87109375,51,25
110,0.111328125,0.888671875,51,27
111,0.126953125,0.873046875,49,25
