state,p_marked,error,gate_count,depth
000,0.111328125,0.888671875,50,25
001,0.107421875,0.892578125,44,19
010,0.10546875,0.89453125,44,25
011,0.138671875,0.861328125,38,19
100,0.125,0.875,44,25
101,0.12109375,0.87890625,38,19
110,0.125,0.875,38,25
111,0.11328125,0.88671875,32,19
