state,p_marked,error,gate_count,depth
000,0.0703125,0.9296875,32,15
001,0.046875,0.953125,30,13
010,0.0625,0.9375,30,15
011,0.080078125,0.919921875,28,13
100,0.05859375,0.94140625,30,15
101,0.06640625,0.93359375,28,13
110,0.05078125,0.94921875,28,15
111,0.068359375,0.931640625,26,13
