state,p_marked,error,gate_count,depth
000,0.494140625,0.505859375,41,21
001,0.49609375,0.50390625,37,17
010,0.447265625,0.552734375,37,21
011,0.498046875,0.501953125,33,17
100,0.484375,0.515625,37,21
101,0.52734375,0.47265625,33,17
110,0.455078125,0.544921875,33,21
111,0.48828125,0.51171875,29,17
