state,p_marked,error,gate_count,depth
000,0.13671875,0.86328125,41,20
001,0.134765625,0.865234375,37,16
010,0.15625,0.84375,37,20
011,0.123046875,0.876953125,33,16
100,0.111328125,0.888671875,37,20
101,0.10546875,0.89453125,33,16
110,0.15234375,0.84765625,33,20
111,0.1171875,0.8828125,29,16
