state,p_marked,error,gate_count,depth
000,0.126953125,0.873046875,59,30
001,0.107421875,0.892578125,55,26
010,0.109375,0.890625,55,30
011,0.1328125,0.8671875,51,26
100,0.12109375,0.87890625,55,30
101,0.12890625,0.87109375,51,26
110,0.1328125,0.8671875,51,30
111,0.12890625,0.87109375,47,26
