state,p_marked,error,gate_count,depth
000,0.15234375,0.84765625,33,17
001,0.111328125,0.888671875,27,11
010,0.1015625,0.8984375,27,17
011,0.138671875,0.861328125,21,11
100,0.1171875,0.8828125,27,17
101,0.109375,0.890625,21,11
110,0.142578125,0.857421875,21,17
111,0.138671875,0.861328125,15,11
