state,p_marked,error,gate_count,depth
000,0.1171875,0.8828125,32,15
001,0.11328125,0.88671875,30,13
010,0.13671875,0.86328125,30,15
011,0.15234375,0.84765625,28,13
100,0.130859375,0.869140625,30,15
101,0.115234375,0.884765625,28,13
110,0.14453125,0.85546875,28,15
111,0.08984375,0.91015625,26,13
