state,p_marked,error,gate_count,depth
000,0.486328125,0.513671875,76,39
001,0.48828125,0.51171875,72,35
010,0.494140625,0.505859375,72,39
011,0.099609375,0.900390625,68,35
100,0.501953125,0.498046875,72,39
101,0.5,0.5,68,35
110,0.0,1.0,68,39
111,0.111328125,0.888671875,64,35
