state,p_marked,error,gate_count,depth
000,0.13671875,0.86328125,32,15
001,0.126953125,0.873046875,30,13
010,0.099609375,0.900390625,30,15
011,0.162109375,0.837890625,28,13
100,0.107421875,0.892578125,30,15
101,0.134765625,0.865234375,28,13
110,0.125,0.875,28,15
111,0.1328125,0.8671875,26,13
