state,p_marked,error,gate_count,depth
000,0.134765625,0.865234375,58,29
001,0.126953125,0.873046875,54,25
010,0.15234375,0.84765625,54,29
011,0.111328125,0.888671875,50,25
100,0.12109375,0.87890625,54,29
101,0.109375,0.890625,50,25
110,0.123046875,0.876953125,50,29
111,0.125,0.875,46,25
