state,p_marked,error,gate_count,depth
000,0.125,0.875,24,11
001,0.13671875,0.86328125,24,11
010,0.107421875,0.892578125,24,11
011,0.13671875,0.86328125,24,11
100,0.1328125,0.8671875,24,11
101,0.142578125,0.857421875,24,11
110,0.150390625,0.849609375,24,11
111,0.123046875,0.876953125,24,11
