state,p_marked,error,gate_count,depth
000,0.126953125,0.873046875,59,31
001,0.11328125,0.88671875,55,27
010,0.12890625,0.87109375,55,31
011,0.115234375,0.884765625,51,27
100,0.111328125,0.888671875,55,31
101,0.115234375,0.884765625,51,27
110,0.115234375,0.884765625,51,31
111,0.126953125,0.873046875,47,27
