state,p_marked,error,gate_count,depth
000,0.11328125,0.88671875,102,63
001,0.072265625,0.927734375,100,61
010,0.044921875,0.955078125,100,63
011,0.001953125,0.998046875,98,61
100,0.095703125,0.904296875,100,63
101,0.044921875,0.955078125,98,61
110,0.1015625,0.8984375,98,63
111,0.046875,0.953125,96,61
