state,p_marked,error,gate_count,depth
000,0.52734375,0.47265625,32,16
001,0.484375,0.515625,30,14
010,0.513671875,0.486328125,30,16
011,0.482421875,0.517578125,28,14
100,0.517578125,0.482421875,30,16
101,0.51953125,0.48046875,28,14
110,0.4765625,0.5234375,28,16
111,0.48046875,0.51953125,26,14
