state,p_marked,error,gate_count,depth
000,0.005859375,0.994140625,25,13
001,0.0078125,0.9921875,25,13
010,0.267578125,0.732421875,25,13
011,0.265625,0.734375,25,13
100,0.00390625,0.99609375,25,13
101,0.0,1.0,25,13
110,0.23828125,0.76171875,25,13
111,0.25390625,0.74609375,25,13
