state,p_marked,error,gate_count,depth
000,0.046875,0.953125,88,47
001,0.30078125,0.69921875,84,43
010,0.046875,0.953125,84,47
011,0.025390625,0.974609375,80,43
100,0.103515625,0.896484375,84,47
101,0.01953125,0.98046875,80,43
110,0.513671875,0.486328125,80,47
111,0.021484375,0.978515625,76,43
