state,p_marked,error,gate_count,depth
000,0.109375,0.890625,24,12
001,0.154296875,0.845703125,20,8
010,0.14453125,0.85546875,20,12
011,0.107421875,0.892578125,16,8
100,0.150390625,0.849609375,20,12
101,0.1171875,0.8828125,16,8
110,0.1328125,0.8671875,16,12
111,0.12109375,0.87890625,12,8
