state,p_marked,error,gate_count,depth
000,0.26953125,0.73046875,73,37
001,0.34375,0.65625,71,35
010,0.00390625,0.99609375,71,37
011,0.126953125,0.873046875,69,35
100,0.57421875,0.42578125,71,37
101,0.0859375,0.9140625,69,35
110,0.11328125,0.88671875,69,37
111,0.015625,0.984375,67,35
