state,p_marked,error,gate_count,depth
000,0.2578125,0.7421875,41,21
001,0.275390625,0.724609375,37,17
010,0.283203125,0.716796875,37,21
011,0.234375,0.765625,33,17
100,0.28515625,0.71484375,37,21
101,0.251953125,0.748046875,33,17
110,0.30078125,0.69921875,33,21
111,0.203125,0.796875,29,17
