state,p_marked,error,gate_count,depth
000,0.125,0.875,24,12
001,0.15625,0.84375,20,8
010,0.109375,0.890625,20,12
011,0.099609375,0.900390625,16,8
100,0.10546875,0.89453125,20,12
101,0.1328125,0.8671875,16,8
110,0.125,0.875,16,12
111,0.09765625,0.90234375,12,8
