state,p_marked,error,gate_count,depth
000,0.115234375,0.884765625,67,34
001,0.111328125,0.888671875,65,32
010,0.150390625,0.849609375,65,34
011,0.1328125,0.8671875,63,32
100,0.115234375,0.884765625,65,34
101,0.087890625,0.912109375,63,32
110,0.115234375,0.884765625,63,34
111,0.1328125,0.8671875,61,32
