state,p_marked,error,gate_count,depth
000,0.146484375,0.853515625,62,33
001,0.111328125,0.888671875,54,25
010,0.1328125,0.8671875,54,33
011,0.1328125,0.8671875,46,25
100,0.111328125,0.888671875,54,33
101,0.1171875,0.8828125,46,25
110,0.099609375,0.900390625,46,33
111,0.126953125,0.873046875,38,25
