state,p_marked,error,gate_count,depth
000,0.134765625,0.865234375,50,26
001,0.095703125,0.904296875,44,20
010,0.09765625,0.90234375,44,26
011,0.12109375,0.87890625,38,20
100,0.146484375,0.853515625,44,26
101,0.130859375,0.869140625,38,20
110,0.1171875,0.8828125,38,26
111,0.1484375,0.8515625,32,20
