state,p_marked,error,gate_count,depth
000,0.103515625,0.896484375,24,12
001,0.134765625,0.865234375,20,8
010,0.134765625,0.865234375,20,12
011,0.134765625,0.865234375,16,8
100,0.12890625,0.87109375,20,12
101,0.15234375,0.84765625,16,8
110,0.14453125,0.85546875,16,12
111,0.140625,0.859375,12,8
