state,p_marked,error,gate_count,depth
000,0.13671875,0.86328125,41,20
001,0.125,0.875,37,16
010,0.115234375,0.884765625,37,20
011,0.130859375,0.869140625,33,16
100,0.126953125,0.873046875,37,20
101,0.119140625,0.880859375,33,16
110,0.12890625,0.87109375,33,20
111,0.095703125,0.904296875,29,16
