state,p_marked,error,gate_count,depth
000,0.142578125,0.857421875,49,25
001,0.107421875,0.892578125,47,23
010,0.109375,0.890625,47,25
011,0.134765625,0.865234375,45,23
100,0.138671875,0.861328125,47,25
101,0.138671875,0.861328125,45,23
110,0.123046875,0.876953125,45,25
111,0.12890625,0.87109375,43,23
