state,p_marked,error,gate_count,depth
000,0.064453125,0.935546875,32,15
001,0.095703125,0.904296875,30,13
010,0.068359375,0.931640625,30,15
011,0.0546875,0.9453125,28,13
100,0.064453125,0.935546875,30,15
101,0.056640625,0.943359375,28,13
110,0.068359375,0.931640625,28,15
111,0.046875,0.953125,26,13
