state,p_marked,error,gate_count,depth
000,0.5234375,0.4765625,32,16
001,0.5,0.5,30,14
010,0.5234375,0.4765625,30,16
011,0.482421875,0.517578125,28,14
100,0.474609375,0.525390625,30,16
101,0.50390625,0.49609375,28,14
110,0.484375,0.515625,28,16
111,0.509765625,0.490234375,26,14
