state,p_marked,error,gate_count,depth
000,0.107421875,0.892578125,49,25
001,0.13671875,0.86328125,47,23
010,0.107421875,0.892578125,47,25
011,0.134765625,0.865234375,45,23
100,0.119140625,0.880859375,47,25
101,0.134765625,0.865234375,45,23
110,0.111328125,0.888671875,45,25
111,0.111328125,0.888671875,43,23
