state,p_marked,error,gate_count,depth
000,0.125,0.875,33,17
001,0.115234375,0.884765625,27,11
010,0.130859375,0.869140625,27,17
011,0.107421875,0.892578125,21,11
100,0.125,0.875,27,17
101,0.13671875,0.86328125,21,11
110,0.126953125,0.873046875,21,17
111,0.1328125,0.8671875,15,11
