state,p_marked,error,gate_count,depth
000,0.095703125,0.904296875,24,12
001,0.126953125,0.873046875,20,8
010,0.103515625,0.896484375,20,12
011,0.130859375,0.869140625,16,8
100,0.115234375,0.884765625,20,12
101,0.107421875,0.892578125,16,8
110,0.126953125,0.873046875,16,12
111,0.12109375,0.87890625,12,8
