state,p_marked,error,gate_count,depth
000,0.109375,0.890625,70,36
001,0.09765625,0.90234375,68,34
010,0.11328125,0.88671875,68,36
011,0.271484375,0.728515625,66,34
100,0.21484375,0.78515625,68,36
101,0.326171875,0.673828125,66,34
110,0.123046875,0.876953125,66,36
111,0.21875,0.78125,64,34
