state,p_marked,error,gate_count,depth
000,0.517578125,0.482421875,52,27
001,0.134765625,0.865234375,46,21
010,0.0,1.0,46,27
011,0.10546875,0.89453125,40,21
100,0.541015625,0.458984375,46,27
101,0.103515625,0.896484375,40,21
110,0.0,1.0,40,27
111,0.126953125,0.873046875,34,21
