state,p_marked,error,gate_count,depth
000,0.048828125,0.951171875,33,15
001,0.068359375,0.931640625,31,13
010,0.05078125,0.94921875,31,15
011,0.060546875,0.939453125,29,13
100,0.06640625,0.93359375,31,15
101,0.0703125,0.9296875,29,13
110,0.056640625,0.943359375,29,15
111,0.076171875,0.923828125,27,13
