state,p_marked,error,gate_count,depth
000,0.119140625,0.880859375,50,25
001,0.099609375,0.900390625,44,19
010,0.130859375,0.869140625,44,25
011,0.125,0.875,38,19
100,0.138671875,0.861328125,44,25
101,0.123046875,0.876953125,38,19
110,0.109375,0.890625,38,25
111,0.138671875,0.861328125,32,19
