state,p_marked,error,gate_count,depth
000,0.126953125,0.873046875,41,20
001,0.091796875,0.908203125,37,16
010,0.12890625,0.87109375,37,20
011,0.15234375,0.84765625,33,16
100,0.11328125,0.88671875,37,20
101,0.13671875,0.86328125,33,16
110,0.1328125,0.8671875,33,20
111,0.095703125,0.904296875,29,16
