state,p_marked,error,gate_count,depth
000,0.07421875,0.92578125,70,35
001,0.0703125,0.9296875,64,30
010,0.08984375,0.91015625,64,35
011,0.064453125,0.935546875,58,30
100,0.18359375,0.81640625,64,35
101,0.1875,0.8125,58,30
110,0.1796875,0.8203125,58,34
111,0.13671875,0.86328125,52,29
