state,p_marked,error,gate_count,depth
000,0.029296875,0.970703125,87,45
001,0.021484375,0.978515625,81,40
010,0.08984375,0.91015625,81,45
011,0.1015625,0.8984375,75,39
100,0.03125,0.96875,81,45
101,0.025390625,0.974609375,75,40
110,0.0859375,0.9140625,75,45
111,0.103515625,0.896484375,69,39
