state,p_marked,error,gate_count,depth
000,0.15234375,0.84765625,24,12
001,0.109375,0.890625,20,8
010,0.09765625,0.90234375,20,12
011,0.107421875,0.892578125,16,8
100,0.119140625,0.880859375,20,12
101,0.1328125,0.8671875,16,8
110,0.11328125,0.88671875,16,12
111,0.130859375,0.869140625,12,8
