state,p_marked,error,gate_count,depth
000,0.107421875,0.892578125,42,22
001,0.125,0.875,34,14
010,0.12890625,0.87109375,34,22
011,0.130859375,0.869140625,26,14
100,0.111328125,0.888671875,34,22
101,0.134765625,0.865234375,26,14
110,0.138671875,0.861328125,26,22
111,0.125,0.875,18,14
