state,p_marked,error,gate_count,depth
000,0.142578125,0.857421875,27,13
001,0.1171875,0.8828125,27,13
010,0.123046875,0.876953125,27,13
011,0.119140625,0.880859375,27,13
100,0.130859375,0.869140625,27,13
101,0.115234375,0.884765625,27,13
110,0.109375,0.890625,27,13
111,0.12890625,0.87109375,27,13
