state,p_marked,error,gate_count,depth
000,0.1484375,0.8515625,32,15
001,0.115234375,0.884765625,30,13
010,0.123046875,0.876953125,30,15
011,0.14453125,0.85546875,28,13
100,0.138671875,0.861328125,30,15
101,0.146484375,0.853515625,28,13
110,0.12109375,0.87890625,28,15
111,0.138671875,0.861328125,26,13
