state,p_marked,error,gate_count,depth
000,0.146484375,0.853515625,24,11
001,0.126953125,0.873046875,24,11
010,0.15234375,0.84765625,24,11
011,0.12890625,0.87109375,24,11
100,0.146484375,0.853515625,24,11
101,0.1328125,0.8671875,24,11
110,0.126953125,0.873046875,24,11
111,0.111328125,0.888671875,24,11
