state,p_marked,error,gate_count,depth
000,0.138671875,0.861328125,68,35
001,0.109375,0.890625,62,30
010,0.13671875,0.86328125,62,35
011,0.111328125,0.888671875,56,29
100,0.13671875,0.86328125,62,35
101,0.123046875,0.876953125,56,30
110,0.130859375,0.869140625,56,35
111,0.1171875,0.8828125,50,29
