state,p_marked,error,gate_count,depth
000,0.2890625,0.7109375,58,30
001,0.3203125,0.6796875,54,26
010,0.044921875,0.955078125,54,30
011,0.029296875,0.970703125,50,26
100,0.2734375,0.7265625,54,30
101,0.2578125,0.7421875,50,26
110,0.037109375,0.962890625,50,30
111,0.02734375,0.97265625,46,26
