state,p_marked,error,gate_count,depth
000,0.0,1.0,40,23
001,0.125,0.875,38,21
010,0.0,1.0,38,23
011,0.1484375,0.8515625,36,21
100,0.16015625,0.83984375,38,23
101,0.0,1.0,36,21
110,0.49609375,0.50390625,36,23
111,0.115234375,0.884765625,34,21
