state,p_marked,error,gate_count,depth
000,0.521484375,0.478515625,32,16
001,0.513671875,0.486328125,30,14
010,0.5,0.5,30,16
011,0.5,0.5,28,14
100,0.4921875,0.5078125,30,16
101,0.482421875,0.517578125,28,14
110,0.49609375,0.50390625,28,16
111,0.509765625,0.490234375,26,14
