state,p_marked,error,gate_count,depth
000,0.125,0.875,51,27
001,0.130859375,0.869140625,49,25
010,0.130859375,0.869140625,49,27
011,0.123046875,0.876953125,47,25
100,0.138671875,0.861328125,49,27
101,0.140625,0.859375,47,25
110,0.119140625,0.880859375,47,27
111,0.1171875,0.8828125,45,25
