state,p_marked,error,gate_count,depth
000,0.51953125,0.48046875,50,26
001,0.517578125,0.482421875,44,20
010,0.5,0.5,44,26
011,0.505859375,0.494140625,38,20
100,0.5,0.5,44,26
101,0.4921875,0.5078125,38,20
110,0.494140625,0.505859375,38,26
111,0.4765625,0.5234375,32,20
