state,p_marked,error,gate_count,depth
000,0.123046875,0.876953125,46,24
001,0.119140625,0.880859375,46,24
010,0.142578125,0.857421875,46,24
011,0.119140625,0.880859375,46,24
100,0.1328125,0.8671875,46,24
101,0.123046875,0.876953125,46,24
110,0.138671875,0.861328125,46,24
111,0.154296875,0.845703125,46,24
