state,p_marked,error,gate_count,depth
000,0.125,0.875,63,45
001,0.12890625,0.87109375,63,45
010,0.0078125,0.9921875,63,45
011,0.34375,0.65625,63,45
100,0.056640625,0.943359375,63,45
101,0.12109375,0.87890625,63,45
110,0.177734375,0.822265625,63,45
111,0.044921875,0.955078125,63,45
