state,p_marked,error,gate_count,depth
000,0.109375,0.890625,25,11
001,0.134765625,0.865234375,25,11
010,0.111328125,0.888671875,25,11
011,0.123046875,0.876953125,25,11
100,0.15234375,0.84765625,25,11
101,0.12109375,0.87890625,25,11
110,0.119140625,0.880859375,25,11
111,0.123046875,0.876953125,25,11
