state,p_marked,error,gate_count,depth
000,0.115234375,0.884765625,33,17
001,0.0,1.0,31,15
010,0.107421875,0.892578125,31,17
011,0.1171875,0.8828125,29,15
100,0.103515625,0.896484375,31,17
101,0.0,1.0,29,15
110,0.107421875,0.892578125,29,17
111,0.138671875,0.861328125,27,15
