state,p_marked,error,gate_count,depth
000,0.5078125,0.4921875,41,21
001,0.4375,0.5625,37,17
010,0.517578125,0.482421875,37,21
011,0.48046875,0.51953125,33,17
100,0.4921875,0.5078125,37,21
101,0.48046875,0.51953125,33,17
110,0.505859375,0.494140625,33,21
111,0.515625,0.484375,29,17
