state,p_marked,error,gate_count,depth
000,0.130859375,0.869140625,24,12
001,0.1484375,0.8515625,20,8
010,0.10546875,0.89453125,20,12
011,0.130859375,0.869140625,16,8
100,0.1171875,0.8828125,20,12
101,0.126953125,0.873046875,16,8
110,0.134765625,0.865234375,16,12
111,0.142578125,0.857421875,12,8
