state,p_marked,error,gate_count,depth
000,0.2578125,0.7421875,63,42
001,0.001953125,0.998046875,63,42
010,0.123046875,0.876953125,63,42
011,0.2421875,0.7578125,63,42
100,0.2265625,0.7734375,63,42
101,0.091796875,0.908203125,63,42
110,0.037109375,0.962890625,63,42
111,0.083984375,0.916015625,63,42
