state,p_marked,error,gate_count,depth
000,0.13671875,0.86328125,41,23
001,0.109375,0.890625,39,21
010,0.142578125,0.857421875,39,23
011,0.080078125,0.919921875,37,21
100,0.015625,0.984375,39,23
101,0.013671875,0.986328125,37,21
110,0.025390625,0.974609375,37,23
111,0.01171875,0.98828125,35,21
