state,p_marked,error,gate_count,depth
000,0.12890625,0.87109375,55,28
001,0.138671875,0.861328125,53,26
010,0.10546875,0.89453125,53,28
011,0.126953125,0.873046875,51,26
100,0.119140625,0.880859375,53,28
101,0.10546875,0.89453125,51,26
110,0.140625,0.859375,51,28
111,0.15625,0.84375,49,26
