state,p_marked,error,gate_count,depth
000,0.017578125,0.982421875,76,47
001,0.21875,0.78125,72,43
010,0.21484375,0.78515625,72,47
011,0.224609375,0.775390625,68,43
100,0.03125,0.96875,72,47
101,0.013671875,0.986328125,68,43
110,0.255859375,0.744140625,68,47
111,0.015625,0.984375,64,43
