state,p_marked,error,gate_count,depth
000,0.46484375,0.53515625,50,26
001,0.466796875,0.533203125,44,20
010,0.4609375,0.5390625,44,26
011,0.52734375,0.47265625,38,20
100,0.494140625,0.505859375,44,26
101,0.5,0.5,38,20
110,0.478515625,0.521484375,38,26
111,0.50390625,0.49609375,32,20
