state,p_marked,error,gate_count,depth
000,0.109375,0.890625,33,17
001,0.0,1.0,31,15
010,0.154296875,0.845703125,31,17
011,0.12109375,0.87890625,29,15
100,0.140625,0.859375,31,17
101,0.0,1.0,29,15
110,0.134765625,0.865234375,29,17
111,0.1171875,0.8828125,27,15
