state,p_marked,error,gate_count,depth
000,0.0078125,0.9921875,50,25
001,0.009765625,0.990234375,48,23
010,0.0078125,0.9921875,48,25
011,0.0078125,0.9921875,46,23
100,0.25,0.75,48,25
101,0.224609375,0.775390625,46,23
110,0.251953125,0.748046875,46,25
111,0.251953125,0.748046875,44,23
