state,p_marked,error,gate_count,depth
000,0.1171875,0.8828125,49,25
001,0.10546875,0.89453125,47,23
010,0.119140625,0.880859375,47,25
011,0.15625,0.84375,45,23
100,0.1171875,0.8828125,47,25
101,0.126953125,0.873046875,45,23
110,0.134765625,0.865234375,45,25
111,0.12890625,0.87109375,43,23
