state,p_marked,error,gate_count,depth
000,0.150390625,0.849609375,32,16
001,0.197265625,0.802734375,30,14
010,0.16796875,0.83203125,30,16
011,0.185546875,0.814453125,28,14
100,0.177734375,0.822265625,30,16
101,0.189453125,0.810546875,28,14
110,0.203125,0.796875,28,16
111,0.18359375,0.81640625,26,14
