state,p_marked,error,gate_count,depth
000,0.125,0.875,54,27
001,0.14453125,0.85546875,52,25
010,0.12109375,0.87890625,52,27
011,0.130859375,0.869140625,50,25
100,0.130859375,0.869140625,52,27
101,0.12890625,0.87109375,50,25
110,0.1171875,0.8828125,50,27
111,0.162109375,0.837890625,48,25
