state,p_marked,error,gate_count,depth
000,0.095703125,0.904296875,32,16
001,0.15625,0.84375,30,14
010,0.123046875,0.876953125,30,16
011,0.142578125,0.857421875,28,14
100,0.123046875,0.876953125,30,16
101,0.125,0.875,28,14
110,0.14453125,0.85546875,28,16
111,0.125,0.875,26,14
