state,p_marked,error,gate_count,depth
000,0.130859375,0.869140625,68,35
001,0.115234375,0.884765625,62,30
010,0.12109375,0.87890625,62,35
011,0.119140625,0.880859375,56,29
100,0.142578125,0.857421875,62,35
101,0.162109375,0.837890625,56,30
110,0.09375,0.90625,56,35
111,0.126953125,0.873046875,50,29
