state,p_marked,error,gate_count,depth
000,0.140625,0.859375,24,12
001,0.130859375,0.869140625,20,8
010,0.103515625,0.896484375,20,12
011,0.125,0.875,16,8
100,0.1171875,0.8828125,20,12
101,0.10546875,0.89453125,16,8
110,0.12109375,0.87890625,16,12
111,0.130859375,0.869140625,12,8
