state,p_marked,error,gate_count,depth
000,0.4921875,0.5078125,32,16
001,0.486328125,0.513671875,30,14
010,0.494140625,0.505859375,30,16
011,0.4921875,0.5078125,28,14
100,0.4921875,0.5078125,30,16
101,0.513671875,0.486328125,28,14
110,0.537109375,0.462890625,28,16
111,0.486328125,0.513671875,26,14
