state,p_marked,error,gate_count,depth
000,0.123046875,0.876953125,58,30
001,0.1484375,0.8515625,54,26
010,0.126953125,0.873046875,54,30
011,0.142578125,0.857421875,50,26
100,0.138671875,0.861328125,54,30
101,0.107421875,0.892578125,50,26
110,0.138671875,0.861328125,50,30
111,0.14453125,0.85546875,46,26
