state,p_marked,error,gate_count,depth
000,0.12109375,0.87890625,24,12
001,0.146484375,0.853515625,24,12
010,0.1640625,0.8359375,24,12
011,0.1171875,0.8828125,24,12
100,0.12890625,0.87109375,24,12
101,0.111328125,0.888671875,24,12
110,0.12109375,0.87890625,24,12
111,0.107421875,0.892578125,24,12
