state,p_marked,error,gate_count,depth
000,0.26171875,0.73828125,58,30
001,0.275390625,0.724609375,54,26
010,0.033203125,0.966796875,54,30
011,0.0234375,0.9765625,50,26
100,0.322265625,0.677734375,54,30
101,0.29296875,0.70703125,50,26
110,0.025390625,0.974609375,50,30
111,0.03125,0.96875,46,26
