state,p_marked,error,gate_count,depth
000,0.123046875,0.876953125,15,7
001,0.126953125,0.873046875,13,5
010,0.09765625,0.90234375,13,7
011,0.13671875,0.86328125,11,5
100,0.119140625,0.880859375,13,7
101,0.13671875,0.86328125,11,5
110,0.13671875,0.86328125,11,7
111,0.1484375,0.8515625,9,5
