state,p_marked,error,gate_count,depth
000,0.119140625,0.880859375,49,24
001,0.140625,0.859375,47,22
010,0.1171875,0.8828125,47,24
011,0.134765625,0.865234375,45,22
100,0.125,0.875,47,24
101,0.10546875,0.89453125,45,22
110,0.126953125,0.873046875,45,24
111,0.13671875,0.86328125,43,22
