state,p_marked,error,gate_count,depth
000,0.0,1.0,63,33
001,0.103515625,0.896484375,59,29
010,0.12109375,0.87890625,59,33
011,0.26171875,0.73828125,55,29
100,0.0,1.0,59,33
101,0.138671875,0.861328125,55,29
110,0.12890625,0.87109375,55,33
111,0.2734375,0.7265625,51,29
