state,p_marked,error,gate_count,depth
000,0.08984375,0.91015625,63,48
001,0.03125,0.96875,63,48
010,0.212890625,0.787109375,63,48
011,0.01953125,0.98046875,63,48
100,0.126953125,0.873046875,63,48
101,0.318359375,0.681640625,63,48
110,0.1796875,0.8203125,63,48
111,0.005859375,0.994140625,63,48
