state,p_marked,error,gate_count,depth
000,0.1171875,0.8828125,47,24
001,0.134765625,0.865234375,43,20
010,0.140625,0.859375,43,24
011,0.154296875,0.845703125,39,20
100,0.107421875,0.892578125,43,24
101,0.119140625,0.880859375,39,20
110,0.12890625,0.87109375,39,24
111,0.126953125,0.873046875,35,20
