state,p_marked,error,gate_count,depth
000,0.19140625,0.80859375,51,29
001,0.068359375,0.931640625,51,29
010,0.177734375,0.822265625,51,29
011,0.0703125,0.9296875,51,29
100,0.173828125,0.826171875,51,29
101,0.078125,0.921875,51,29
110,0.197265625,0.802734375,51,29
111,0.046875,0.953125,51,29
