state,p_marked,error,gate_count,depth
000,0.1484375,0.8515625,49,25
001,0.1328125,0.8671875,47,23
010,0.158203125,0.841796875,47,25
011,0.12890625,0.87109375,45,23
100,0.103515625,0.896484375,47,25
101,0.126953125,0.873046875,45,23
110,0.169921875,0.830078125,45,25
111,0.123046875,0.876953125,43,23
