state,p_marked,error,gate_count,depth
000,0.11328125,0.88671875,33,16
001,0.123046875,0.876953125,31,14
010,0.11328125,0.88671875,31,16
011,0.119140625,0.880859375,29,14
100,0.10546875,0.89453125,31,16
101,0.130859375,0.869140625,29,14
110,0.125,0.875,29,16
111,0.1328125,0.8671875,27,14
