state,p_marked,error,gate_count,depth
000,0.478515625,0.521484375,41,21
001,0.533203125,0.466796875,37,17
010,0.5625,0.4375,37,21
011,0.5,0.5,33,17
100,0.453125,0.546875,37,21
101,0.517578125,0.482421875,33,17
110,0.470703125,0.529296875,33,21
111,0.46875,0.53125,29,17
