state,p_marked,error,gate_count,depth
000,0.099609375,0.900390625,49,24
001,0.15625,0.84375,47,22
010,0.125,0.875,47,24
011,0.126953125,0.873046875,45,22
100,0.130859375,0.869140625,47,24
101,0.126953125,0.873046875,45,22
110,0.150390625,0.849609375,45,24
111,0.140625,0.859375,43,22
