state,p_marked,error,gate_count,depth
000,0.1328125,0.8671875,15,7
001,0.138671875,0.861328125,13,5
010,0.0859375,0.9140625,13,7
011,0.123046875,0.876953125,11,5
100,0.109375,0.890625,13,7
101,0.1328125,0.8671875,11,5
110,0.1484375,0.8515625,11,7
111,0.099609375,0.900390625,9,5
