state,p_marked,error,gate_count,depth
000,0.5,0.5,42,22
001,0.447265625,0.552734375,38,18
010,0.509765625,0.490234375,38,22
011,0.103515625,0.896484375,34,18
100,0.505859375,0.494140625,38,22
101,0.525390625,0.474609375,34,18
110,0.14453125,0.85546875,34,22
111,0.5390625,0.4609375,30,18
