state,p_marked,error,gate_count,depth
000,0.123046875,0.876953125,52,27
001,0.1171875,0.8828125,50,25
010,0.125,0.875,50,27
011,0.107421875,0.892578125,48,25
100,0.130859375,0.869140625,50,27
101,0.1484375,0.8515625,48,25
110,0.12109375,0.87890625,48,27
111,0.1328125,0.8671875,46,25
