state,p_marked,error,gate_count,depth
000,0.046875,0.953125,59,31
001,0.06640625,0.93359375,51,23
010,0.064453125,0.935546875,51,31
011,0.072265625,0.927734375,43,23
100,0.068359375,0.931640625,51,31
101,0.08203125,0.91796875,43,23
110,0.052734375,0.947265625,43,31
111,0.052734375,0.947265625,35,23
