state,p_marked,error,gate_count,depth
000,0.052734375,0.947265625,24,12
001,0.197265625,0.802734375,24,12
010,0.06640625,0.93359375,24,12
011,0.197265625,0.802734375,24,12
100,0.060546875,0.939453125,24,12
101,0.208984375,0.791015625,24,12
110,0.064453125,0.935546875,24,12
111,0.189453125,0.810546875,24,12
