state,p_marked,error,gate_count,depth
000,0.107421875,0.892578125,41,20
001,0.11328125,0.88671875,37,16
010,0.126953125,0.873046875,37,20
011,0.115234375,0.884765625,33,16
100,0.11328125,0.88671875,37,20
101,0.12109375,0.87890625,33,16
110,0.1328125,0.8671875,33,20
111,0.154296875,0.845703125,29,16
