state,p_marked,error,gate_count,depth
000,0.134765625,0.865234375,15,7
001,0.109375,0.890625,13,5
010,0.115234375,0.884765625,13,7
011,0.091796875,0.908203125,11,5
100,0.115234375,0.884765625,13,7
101,0.109375,0.890625,11,5
110,0.140625,0.859375,11,7
111,0.119140625,0.880859375,9,5
