state,p_marked,error,gate_count,depth
000,0.12890625,0.87109375,15,7
001,0.146484375,0.853515625,13,5
010,0.1015625,0.8984375,13,7
011,0.14453125,0.85546875,11,5
100,0.138671875,0.861328125,13,7
101,0.126953125,0.873046875,11,5
110,0.140625,0.859375,11,7
111,0.123046875,0.876953125,9,5
