state,p_marked,error,gate_count,depth
000,0.49609375,0.50390625,41,21
001,0.486328125,0.513671875,37,17
010,0.533203125,0.466796875,37,21
011,0.478515625,0.521484375,33,17
100,0.529296875,0.470703125,37,21
101,0.52734375,0.47265625,33,17
110,0.515625,0.484375,33,21
111,0.478515625,0.521484375,29,17
