state,p_marked,error,gate_count,depth
000,0.142578125,0.857421875,58,30
001,0.126953125,0.873046875,54,26
010,0.099609375,0.900390625,54,30
011,0.103515625,0.896484375,50,26
100,0.107421875,0.892578125,54,30
101,0.130859375,0.869140625,50,26
110,0.134765625,0.865234375,50,30
111,0.109375,0.890625,46,26
