state,p_marked,error,gate_count,depth
000,0.0,1.0,42,21
001,0.0,1.0,38,18
010,0.169921875,0.830078125,38,21
011,0.12109375,0.87890625,34,18
100,0.0,1.0,38,21
101,0.0,1.0,34,18
110,0.109375,0.890625,34,21
111,0.15625,0.84375,30,17
