state,p_marked,error,gate_count,depth
000,0.154296875,0.845703125,69,41
001,0.048828125,0.951171875,67,39
010,0.08203125,0.91796875,67,41
011,0.208984375,0.791015625,65,39
100,0.173828125,0.826171875,67,41
101,0.154296875,0.845703125,65,39
110,0.2109375,0.7890625,65,41
111,0.1796875,0.8203125,63,39
