state,p_marked,error,gate_count,depth
000,0.515625,0.484375,32,16
001,0.51953125,0.48046875,30,14
010,0.51171875,0.48828125,30,16
011,0.4609375,0.5390625,28,14
100,0.513671875,0.486328125,30,16
101,0.53515625,0.46484375,28,14
110,0.490234375,0.509765625,28,16
111,0.509765625,0.490234375,26,14
