state,p_marked,error,gate_count,depth
000,0.48828125,0.51171875,32,16
001,0.46875,0.53125,30,14
010,0.453125,0.546875,30,16
011,0.455078125,0.544921875,28,14
100,0.515625,0.484375,30,16
101,0.509765625,0.490234375,28,14
110,0.47265625,0.52734375,28,16
111,0.50390625,0.49609375,26,14
