state,p_marked,error,gate_count,depth
000,0.001953125,0.998046875,48,29
001,0.03125,0.96875,48,29
010,0.001953125,0.998046875,48,29
011,0.080078125,0.919921875,48,29
100,0.775390625,0.224609375,48,29
101,0.00390625,0.99609375,48,29
110,0.009765625,0.990234375,48,29
111,0.07421875,0.92578125,48,29
