state,p_marked,error,gate_count,depth
000,0.140625,0.859375,49,23
001,0.115234375,0.884765625,47,21
010,0.142578125,0.857421875,47,23
011,0.12109375,0.87890625,45,21
100,0.1171875,0.8828125,47,23
101,0.130859375,0.869140625,45,21
110,0.134765625,0.865234375,45,23
111,0.126953125,0.873046875,43,21
