state,p_marked,error,gate_count,depth
000,0.181640625,0.818359375,63,43
001,0.197265625,0.802734375,63,43
010,0.1640625,0.8359375,63,43
011,0.08203125,0.91796875,63,43
100,0.15625,0.84375,63,43
101,0.08203125,0.91796875,63,43
110,0.064453125,0.935546875,63,43
111,0.072265625,0.927734375,63,43
