state,p_marked,error,gate_count,depth
000,0.138671875,0.861328125,58,29
001,0.1484375,0.8515625,54,25
010,0.109375,0.890625,54,29
011,0.09765625,0.90234375,50,25
100,0.095703125,0.904296875,54,29
101,0.099609375,0.900390625,50,25
110,0.109375,0.890625,50,29
111,0.103515625,0.896484375,46,25
