state,p_marked,error,gate_count,depth
000,0.4921875,0.5078125,41,21
001,0.45703125,0.54296875,37,17
010,0.46484375,0.53515625,37,21
011,0.48046875,0.51953125,33,17
100,0.462890625,0.537109375,37,21
101,0.4921875,0.5078125,33,17
110,0.50390625,0.49609375,33,21
111,0.53125,0.46875,29,17
