state,p_marked,error,gate_count,depth
000,0.119140625,0.880859375,33,15
001,0.09765625,0.90234375,31,13
010,0.119140625,0.880859375,31,15
011,0.140625,0.859375,29,13
100,0.111328125,0.888671875,31,15
101,0.134765625,0.865234375,29,13
110,0.134765625,0.865234375,29,15
111,0.109375,0.890625,27,13
