state,p_marked,error,gate_count,depth
000,0.12890625,0.87109375,41,20
001,0.16015625,0.83984375,37,16
010,0.109375,0.890625,37,20
011,0.119140625,0.880859375,33,16
100,0.15625,0.84375,37,20
101,0.1171875,0.8828125,33,16
110,0.103515625,0.896484375,33,20
111,0.099609375,0.900390625,29,16
