state,p_marked,error,gate_count,depth
000,0.11328125,0.88671875,49,25
001,0.09765625,0.90234375,47,23
010,0.10546875,0.89453125,47,25
011,0.1171875,0.8828125,45,23
100,0.087890625,0.912109375,47,25
101,0.107421875,0.892578125,45,23
110,0.14453125,0.85546875,45,25
111,0.15625,0.84375,43,23
