state,p_marked,error,gate_count,depth
000,0.13671875,0.86328125,65,37
001,0.138671875,0.861328125,63,35
010,0.142578125,0.857421875,63,37
011,0.109375,0.890625,61,35
100,0.11328125,0.88671875,63,37
101,0.111328125,0.888671875,61,35
110,0.12109375,0.87890625,61,37
111,0.119140625,0.880859375,59,35
