state,p_marked,error,gate_count,depth
000,0.134765625,0.865234375,32,15
001,0.1484375,0.8515625,30,13
010,0.125,0.875,30,15
011,0.1015625,0.8984375,28,13
100,0.099609375,0.900390625,30,15
101,0.146484375,0.853515625,28,13
110,0.0859375,0.9140625,28,15
111,0.130859375,0.869140625,26,13
