state,p_marked,error,gate_count,depth
000,0.119140625,0.880859375,34,17
001,0.107421875,0.892578125,32,15
010,0.1484375,0.8515625,32,17
011,0.1328125,0.8671875,30,15
100,0.09765625,0.90234375,32,17
101,0.111328125,0.888671875,30,15
110,0.142578125,0.857421875,30,17
111,0.150390625,0.849609375,28,15
