state,p_marked,error,gate_count,depth
000,0.125,0.875,77,39
001,0.1328125,0.8671875,77,39
010,0.11328125,0.88671875,77,39
011,0.134765625,0.865234375,77,39
100,0.13671875,0.86328125,77,39
101,0.123046875,0.876953125,77,39
110,0.115234375,0.884765625,77,39
111,0.11328125,0.88671875,77,39
