state,p_marked,error,gate_count,depth
000,0.119140625,0.880859375,41,21
001,0.09765625,0.90234375,37,17
010,0.103515625,0.896484375,37,21
011,0.12109375,0.87890625,33,17
100,0.119140625,0.880859375,37,21
101,0.115234375,0.884765625,33,17
110,0.119140625,0.880859375,33,21
111,0.126953125,0.873046875,29,17
