state,p_marked,error,gate_count,depth
000,0.130859375,0.869140625,49,24
001,0.099609375,0.900390625,47,22
010,0.099609375,0.900390625,47,24
011,0.126953125,0.873046875,45,22
100,0.11328125,0.88671875,47,24
101,0.11328125,0.88671875,45,22
110,0.1171875,0.8828125,45,24
111,0.140625,0.859375,43,22
