state,p_marked,error,gate_count,depth
000,0.099609375,0.900390625,95,49
001,0.12890625,0.87109375,87,43
010,0.134765625,0.865234375,87,49
011,0.10546875,0.89453125,79,41
100,0.166015625,0.833984375,87,49
101,0.115234375,0.884765625,79,43
110,0.142578125,0.857421875,79,49
111,0.12890625,0.87109375,71,41
