state,p_marked,error,gate_count,depth
000,0.1171875,0.8828125,134,71
001,0.140625,0.859375,128,65
010,0.259765625,0.740234375,128,71
011,0.2578125,0.7421875,122,65
100,0.150390625,0.849609375,128,71
101,0.12890625,0.87109375,122,65
110,0.263671875,0.736328125,122,71
111,0.26171875,0.73828125,116,65
