state,p_marked,error,gate_count,depth
000,0.40234375,0.59765625,66,32
001,0.4140625,0.5859375,64,30
010,0.001953125,0.998046875,64,32
011,0.005859375,0.994140625,62,30
100,0.0,1.0,64,32
101,0.12890625,0.87109375,62,30
110,0.58203125,0.41796875,62,32
111,0.119140625,0.880859375,60,30
