state,p_marked,error,gate_count,depth
000,0.134765625,0.865234375,32,15
001,0.125,0.875,30,13
010,0.091796875,0.908203125,30,15
011,0.095703125,0.904296875,28,13
100,0.138671875,0.861328125,30,15
101,0.1015625,0.8984375,28,13
110,0.103515625,0.896484375,28,15
111,0.123046875,0.876953125,26,13
