state,p_marked,error,gate_count,depth
000,0.029296875,0.970703125,49,25
001,0.02734375,0.97265625,47,23
010,0.03515625,0.96484375,47,25
011,0.0390625,0.9609375,45,23
100,0.029296875,0.970703125,47,25
101,0.0234375,0.9765625,45,23
110,0.02734375,0.97265625,45,25
111,0.021484375,0.978515625,43,23
