state,p_marked,error,gate_count,depth
000,0.4609375,0.5390625,32,16
001,0.51171875,0.48828125,30,14
010,0.498046875,0.501953125,30,16
011,0.5,0.5,28,14
100,0.5234375,0.4765625,30,16
101,0.51953125,0.48046875,28,14
110,0.48828125,0.51171875,28,16
111,0.49609375,0.50390625,26,14
