state,p_marked,error,gate_count,depth
000,0.025390625,0.974609375,64,35
001,0.025390625,0.974609375,60,31
010,0.0234375,0.9765625,60,35
011,0.02734375,0.97265625,56,31
100,0.02734375,0.97265625,60,35
101,0.318359375,0.681640625,56,31
110,0.2734375,0.7265625,56,35
111,0.029296875,0.970703125,52,31
