state,p_marked,error,gate_count,depth
000,0.494140625,0.505859375,32,16
001,0.474609375,0.525390625,30,14
010,0.451171875,0.548828125,30,16
011,0.494140625,0.505859375,28,14
100,0.4453125,0.5546875,30,16
101,0.521484375,0.478515625,28,14
110,0.501953125,0.498046875,28,16
111,0.53125,0.46875,26,14
