state,p_marked,error,gate_count,depth
000,0.52734375,0.47265625,66,33
001,0.474609375,0.525390625,64,31
010,0.48828125,0.51171875,64,33
011,0.484375,0.515625,62,31
100,0.482421875,0.517578125,64,33
101,0.494140625,0.505859375,62,31
110,0.4765625,0.5234375,62,33
111,0.521484375,0.478515625,60,31
