state,p_marked,error,gate_count,depth
000,0.044921875,0.955078125,246,161
001,0.201171875,0.798828125,244,159
010,0.0234375,0.9765625,244,161
011,0.048828125,0.951171875,242,159
100,0.03515625,0.96484375,244,161
101,0.0234375,0.9765625,242,159
110,0.23828125,0.76171875,242,161
111,0.205078125,0.794921875,240,159
