state,p_marked,error,gate_count,depth
000,0.12109375,0.87890625,51,26
001,0.154296875,0.845703125,49,24
010,0.1171875,0.8828125,49,26
011,0.115234375,0.884765625,47,24
100,0.09375,0.90625,49,26
101,0.119140625,0.880859375,47,24
110,0.125,0.875,47,26
111,0.111328125,0.888671875,45,24
