state,p_marked,error,gate_count,depth
000,0.529296875,0.470703125,50,26
001,0.4765625,0.5234375,44,20
010,0.5078125,0.4921875,44,26
011,0.5078125,0.4921875,38,20
100,0.49609375,0.50390625,44,26
101,0.466796875,0.533203125,38,20
110,0.4921875,0.5078125,38,26
111,0.51953125,0.48046875,32,20
