state,p_marked,error,gate_count,depth
000,0.5,0.5,41,21
001,0.47265625,0.52734375,37,17
010,0.45703125,0.54296875,37,21
011,0.48828125,0.51171875,33,17
100,0.498046875,0.501953125,37,21
101,0.529296875,0.470703125,33,17
110,0.486328125,0.513671875,33,21
111,0.5078125,0.4921875,29,17
