state,p_marked,error,gate_count,depth
000,0.482421875,0.517578125,41,21
001,0.46875,0.53125,37,17
010,0.5390625,0.4609375,37,21
011,0.4609375,0.5390625,33,17
100,0.486328125,0.513671875,37,21
101,0.462890625,0.537109375,33,17
110,0.46875,0.53125,33,21
111,0.484375,0.515625,29,17
