state,p_marked,error,gate_count,depth
000,0.15625,0.84375,32,16
001,0.06640625,0.93359375,30,14
010,0.1875,0.8125,30,16
011,0.056640625,0.943359375,28,14
100,0.177734375,0.822265625,30,16
101,0.07421875,0.92578125,28,14
110,0.203125,0.796875,28,16
111,0.078125,0.921875,26,14
