state,p_marked,error,gate_count,depth
000,0.4765625,0.5234375,32,16
001,0.48046875,0.51953125,30,14
010,0.51953125,0.48046875,30,16
011,0.517578125,0.482421875,28,14
100,0.5390625,0.4609375,30,16
101,0.490234375,0.509765625,28,14
110,0.515625,0.484375,28,16
111,0.48046875,0.51953125,26,14
