state,p_marked,error,gate_count,depth
000,0.119140625,0.880859375,32,15
001,0.140625,0.859375,30,13
010,0.134765625,0.865234375,30,15
011,0.09765625,0.90234375,28,13
100,0.126953125,0.873046875,30,15
101,0.115234375,0.884765625,28,13
110,0.15625,0.84375,28,15
111,0.14453125,0.85546875,26,13
