state,p_marked,error,gate_count,depth
000,0.1328125,0.8671875,24,12
001,0.123046875,0.876953125,20,8
010,0.111328125,0.888671875,20,12
011,0.09375,0.90625,16,8
100,0.126953125,0.873046875,20,12
101,0.11328125,0.88671875,16,8
110,0.134765625,0.865234375,16,12
111,0.119140625,0.880859375,12,8
