state,p_marked,error,gate_count,depth
000,0.130859375,0.869140625,24,12
001,0.14453125,0.85546875,20,8
010,0.12109375,0.87890625,20,12
011,0.138671875,0.861328125,16,8
100,0.12109375,0.87890625,20,12
101,0.158203125,0.841796875,16,8
110,0.12109375,0.87890625,16,12
111,0.111328125,0.888671875,12,8
