state,p_marked,error,gate_count,depth
000,0.06640625,0.93359375,50,26
001,0.0546875,0.9453125,44,20
010,0.05078125,0.94921875,44,26
011,0.060546875,0.939453125,38,20
100,0.0625,0.9375,44,26
101,0.04296875,0.95703125,38,20
110,0.072265625,0.927734375,38,26
111,0.068359375,0.931640625,32,20
