state,p_marked,error,gate_count,depth
000,0.4765625,0.5234375,67,34
001,0.53125,0.46875,61,28
010,0.49609375,0.50390625,61,34
011,0.53125,0.46875,55,28
100,0.509765625,0.490234375,61,34
101,0.4765625,0.5234375,55,28
110,0.490234375,0.509765625,55,34
111,0.486328125,0.513671875,49,28
