state,p_marked,error,gate_count,depth
000,0.109375,0.890625,15,7
001,0.1015625,0.8984375,13,5
010,0.125,0.875,13,7
011,0.111328125,0.888671875,11,5
100,0.091796875,0.908203125,13,7
101,0.12890625,0.87109375,11,5
110,0.158203125,0.841796875,11,7
111,0.126953125,0.873046875,9,5
