state,p_marked,error,gate_count,depth
000,0.0,1.0,49,32
001,0.0,1.0,49,32
010,0.072265625,0.927734375,49,32
011,0.7109375,0.2890625,49,32
100,0.001953125,0.998046875,49,32
101,0.001953125,0.998046875,49,32
110,0.048828125,0.951171875,49,32
111,0.173828125,0.826171875,49,32
