state,p_marked,error,gate_count,depth
000,0.126953125,0.873046875,24,12
001,0.1328125,0.8671875,20,8
010,0.1484375,0.8515625,20,12
011,0.09765625,0.90234375,16,8
100,0.146484375,0.853515625,20,12
101,0.1328125,0.8671875,16,8
110,0.109375,0.890625,16,12
111,0.142578125,0.857421875,12,8
