state,p_marked,error,gate_count,depth
000,0.302734375,0.697265625,50,26
001,0.26953125,0.73046875,48,24
010,0.033203125,0.966796875,48,26
011,0.03515625,0.96484375,46,24
100,0.2890625,0.7109375,48,26
101,0.2734375,0.7265625,46,24
110,0.033203125,0.966796875,46,26
111,0.025390625,0.974609375,44,24
