state,p_marked,error,gate_count,depth
000,0.119140625,0.880859375,15,7
001,0.12890625,0.87109375,13,5
010,0.12890625,0.87109375,13,7
011,0.12109375,0.87890625,11,5
100,0.10546875,0.89453125,13,7
101,0.107421875,0.892578125,11,5
110,0.142578125,0.857421875,11,7
111,0.130859375,0.869140625,9,5
