state,p_marked,error,gate_count,depth
000,0.123046875,0.876953125,33,17
001,0.130859375,0.869140625,27,11
010,0.134765625,0.865234375,27,17
011,0.12890625,0.87109375,21,11
100,0.09765625,0.90234375,27,17
101,0.134765625,0.865234375,21,11
110,0.126953125,0.873046875,21,17
111,0.099609375,0.900390625,15,11
