state,p_marked,error,gate_count,depth
000,0.0,1.0,65,33
001,0.0,1.0,65,33
010,0.0,1.0,65,33
011,0.0,1.0,65,33
100,0.462890625,0.537109375,65,33
101,0.0,1.0,65,33
110,0.0,1.0,65,33
111,0.533203125,0.466796875,65,33
