state,p_marked,error,gate_count,depth
000,0.5,0.5,41,21
001,0.53125,0.46875,37,17
010,0.486328125,0.513671875,37,21
011,0.50390625,0.49609375,33,17
100,0.50390625,0.49609375,37,21
101,0.51953125,0.48046875,33,17
110,0.515625,0.484375,33,21
111,0.533203125,0.466796875,29,17
