state,p_marked,error,gate_count,depth
000,0.10546875,0.89453125,24,12
001,0.09765625,0.90234375,20,8
010,0.1171875,0.8828125,20,12
011,0.12890625,0.87109375,16,8
100,0.1171875,0.8828125,20,12
101,0.1484375,0.8515625,16,8
110,0.0859375,0.9140625,16,12
111,0.1171875,0.8828125,12,8
