state,p_marked,error,gate_count,depth
000,0.11328125,0.88671875,98,50
001,0.109375,0.890625,96,48
010,0.125,0.875,96,50
011,0.126953125,0.873046875,94,48
100,0.119140625,0.880859375,96,50
101,0.119140625,0.880859375,94,48
110,0.126953125,0.873046875,94,50
111,0.1015625,0.8984375,92,48
