state,p_marked,error,gate_count,depth
000,0.509765625,0.490234375,41,21
001,0.521484375,0.478515625,37,17
010,0.4765625,0.5234375,37,21
011,0.490234375,0.509765625,33,17
100,0.494140625,0.505859375,37,21
101,0.54296875,0.45703125,33,17
110,0.494140625,0.505859375,33,21
111,0.478515625,0.521484375,29,17
