state,p_marked,error,gate_count,depth
000,0.109375,0.890625,49,24
001,0.150390625,0.849609375,47,22
010,0.130859375,0.869140625,47,24
011,0.134765625,0.865234375,45,22
100,0.11328125,0.88671875,47,24
101,0.111328125,0.888671875,45,22
110,0.15625,0.84375,45,24
111,0.11328125,0.88671875,43,22
