state,p_marked,error,gate_count,depth
000,0.08203125,0.91796875,56,31
001,0.19140625,0.80859375,54,29
010,0.1640625,0.8359375,54,31
011,0.060546875,0.939453125,52,29
100,0.083984375,0.916015625,54,31
101,0.181640625,0.818359375,52,29
110,0.17578125,0.82421875,52,31
111,0.080078125,0.919921875,50,29
