state,p_marked,error,gate_count,depth
000,0.14453125,0.85546875,24,12
001,0.119140625,0.880859375,20,8
010,0.107421875,0.892578125,20,12
011,0.134765625,0.865234375,16,8
100,0.130859375,0.869140625,20,12
101,0.125,0.875,16,8
110,0.1640625,0.8359375,16,12
111,0.12109375,0.87890625,12,8
