state,p_marked,error,gate_count,depth
000,0.1171875,0.8828125,39,20
001,0.49609375,0.50390625,37,18
010,0.544921875,0.455078125,37,20
011,0.12890625,0.87109375,35,18
100,0.150390625,0.849609375,37,20
101,0.513671875,0.486328125,35,18
110,0.482421875,0.517578125,35,20
111,0.125,0.875,33,18
