state,p_marked,error,gate_count,depth
000,0.0546875,0.9453125,68,34
001,0.078125,0.921875,66,32
010,0.048828125,0.951171875,66,34
011,0.06640625,0.93359375,64,32
100,0.0703125,0.9296875,66,34
101,0.072265625,0.927734375,64,32
110,0.0625,0.9375,64,34
111,0.076171875,0.923828125,62,32
