state,p_marked,error,gate_count,depth
000,0.12109375,0.87890625,42,21
001,0.11328125,0.88671875,38,18
010,0.125,0.875,38,21
011,0.12109375,0.87890625,34,17
100,0.09375,0.90625,38,21
101,0.12890625,0.87109375,34,18
110,0.111328125,0.888671875,34,21
111,0.1484375,0.8515625,30,17
