state,p_marked,error,gate_count,depth
000,0.013671875,0.986328125,42,22
001,0.001953125,0.998046875,40,20
010,0.369140625,0.630859375,40,22
011,0.001953125,0.998046875,38,20
100,0.017578125,0.982421875,40,22
101,0.001953125,0.998046875,38,20
110,0.365234375,0.634765625,38,22
111,0.0078125,0.9921875,36,20
