state,p_marked,error,gate_count,depth
000,0.111328125,0.888671875,24,12
001,0.1171875,0.8828125,20,8
010,0.111328125,0.888671875,20,12
011,0.1171875,0.8828125,16,8
100,0.109375,0.890625,20,12
101,0.099609375,0.900390625,16,8
110,0.123046875,0.876953125,16,12
111,0.123046875,0.876953125,12,8
