state,p_marked,error,gate_count,depth
000,0.1015625,0.8984375,33,17
001,0.0,1.0,31,15
010,0.13671875,0.86328125,31,17
011,0.12890625,0.87109375,29,15
100,0.0,1.0,31,17
101,0.12109375,0.87890625,29,15
110,0.115234375,0.884765625,29,17
111,0.091796875,0.908203125,27,15
