state,p_marked,error,gate_count,depth
000,0.486328125,0.513671875,41,21
001,0.525390625,0.474609375,37,17
010,0.509765625,0.490234375,37,21
011,0.517578125,0.482421875,33,17
100,0.53125,0.46875,37,21
101,0.466796875,0.533203125,33,17
110,0.525390625,0.474609375,33,21
111,0.4609375,0.5390625,29,17
