state,p_marked,error,gate_count,depth
000,0.11328125,0.88671875,58,30
001,0.12890625,0.87109375,54,26
010,0.12109375,0.87890625,54,30
011,0.111328125,0.888671875,50,26
100,0.12890625,0.87109375,54,30
101,0.11328125,0.88671875,50,26
110,0.16015625,0.83984375,50,30
111,0.140625,0.859375,46,26
