state,p_marked,error,gate_count,depth
000,0.1328125,0.8671875,15,7
001,0.130859375,0.869140625,13,5
010,0.134765625,0.865234375,13,7
011,0.12109375,0.87890625,11,5
100,0.126953125,0.873046875,13,7
101,0.107421875,0.892578125,11,5
110,0.119140625,0.880859375,11,7
111,0.115234375,0.884765625,9,5
