state,p_marked,error,gate_count,depth
000,0.5,0.5,33,17
001,0.505859375,0.494140625,31,15
010,0.521484375,0.478515625,31,17
011,0.11328125,0.88671875,29,15
100,0.4765625,0.5234375,31,17
101,0.48046875,0.51953125,29,15
110,0.138671875,0.861328125,29,17
111,0.51953125,0.48046875,27,15
