state,p_marked,error,gate_count,depth
000,0.01953125,0.98046875,71,35
001,0.078125,0.921875,67,31
010,0.0,1.0,67,35
011,0.0,1.0,63,31
100,0.046875,0.953125,67,35
101,0.05078125,0.94921875,63,31
110,0.09375,0.90625,63,35
111,0.029296875,0.970703125,59,31
