state,p_marked,error,gate_count,depth
000,0.142578125,0.857421875,53,33
001,0.029296875,0.970703125,51,31
010,0.080078125,0.919921875,51,33
011,0.0703125,0.9296875,49,31
100,0.02734375,0.97265625,51,33
101,0.294921875,0.705078125,49,31
110,0.013671875,0.986328125,49,33
111,0.025390625,0.974609375,47,31
