state,p_marked,error,gate_count,depth
000,0.5234375,0.4765625,41,21
001,0.515625,0.484375,37,17
010,0.5078125,0.4921875,37,21
011,0.45703125,0.54296875,33,17
100,0.4765625,0.5234375,37,21
101,0.515625,0.484375,33,17
110,0.466796875,0.533203125,33,21
111,0.515625,0.484375,29,17
