state,p_marked,error,gate_count,depth
000,0.490234375,0.509765625,41,21
001,0.548828125,0.451171875,37,17
010,0.4609375,0.5390625,37,21
011,0.5,0.5,33,17
100,0.462890625,0.537109375,37,21
101,0.470703125,0.529296875,33,17
110,0.46484375,0.53515625,33,21
111,0.533203125,0.466796875,29,17
