state,p_marked,error,gate_count,depth
000,0.52734375,0.47265625,42,22
001,0.126953125,0.873046875,42,22
010,0.0625,0.9375,42,22
011,0.072265625,0.927734375,42,22
100,0.07421875,0.92578125,42,22
101,0.046875,0.953125,42,22
110,0.064453125,0.935546875,42,22
111,0.068359375,0.931640625,42,22
