state,p_marked,error,gate_count,depth
000,0.244140625,0.755859375,76,40
001,0.11328125,0.88671875,74,38
010,0.0,1.0,74,40
011,0.0,1.0,72,38
100,0.140625,0.859375,74,40
101,0.2421875,0.7578125,72,38
110,0.265625,0.734375,72,40
111,0.26171875,0.73828125,70,38
