state,p_marked,error,gate_count,depth
000,0.099609375,0.900390625,37,18
001,0.13671875,0.86328125,35,16
010,0.119140625,0.880859375,35,18
011,0.0,1.0,33,16
100,0.146484375,0.853515625,35,18
101,0.095703125,0.904296875,33,16
110,0.0,1.0,33,18
111,0.099609375,0.900390625,31,16
