state,p_marked,error,gate_count,depth
000,0.51953125,0.48046875,50,26
001,0.5,0.5,44,20
010,0.515625,0.484375,44,26
011,0.47265625,0.52734375,38,20
100,0.484375,0.515625,44,26
101,0.48046875,0.51953125,38,20
110,0.490234375,0.509765625,38,26
111,0.494140625,0.505859375,32,20
