state,p_marked,error,gate_count,depth
000,0.525390625,0.474609375,41,21
001,0.4921875,0.5078125,37,17
010,0.486328125,0.513671875,37,21
011,0.52734375,0.47265625,33,17
100,0.5,0.5,37,21
101,0.548828125,0.451171875,33,17
110,0.478515625,0.521484375,33,21
111,0.517578125,0.482421875,29,17
