state,p_marked,error,gate_count,depth
000,0.134765625,0.865234375,32,15
001,0.166015625,0.833984375,30,13
010,0.130859375,0.869140625,30,15
011,0.142578125,0.857421875,28,13
100,0.109375,0.890625,30,15
101,0.119140625,0.880859375,28,13
110,0.109375,0.890625,28,15
111,0.134765625,0.865234375,26,13
