state,p_marked,error,gate_count,depth
000,0.0,1.0,64,33
001,0.27734375,0.72265625,60,29
010,0.0,1.0,60,33
011,0.130859375,0.869140625,56,29
100,0.244140625,0.755859375,60,33
101,0.0,1.0,56,29
110,0.251953125,0.748046875,56,33
111,0.142578125,0.857421875,52,29
