state,p_marked,error,gate_count,depth
000,0.09375,0.90625,25,12
001,0.146484375,0.853515625,25,12
010,0.142578125,0.857421875,25,12
011,0.126953125,0.873046875,25,12
100,0.123046875,0.876953125,25,12
101,0.119140625,0.880859375,25,12
110,0.12890625,0.87109375,25,12
111,0.1171875,0.8828125,25,12
