state,p_marked,error,gate_count,depth
000,0.130859375,0.869140625,59,30
001,0.12109375,0.87890625,55,26
010,0.138671875,0.861328125,55,30
011,0.14453125,0.85546875,51,26
100,0.107421875,0.892578125,55,30
101,0.1328125,0.8671875,51,26
110,0.126953125,0.873046875,51,30
111,0.115234375,0.884765625,47,26
