state,p_marked,error,gate_count,depth
000,0.064453125,0.935546875,66,42
001,0.005859375,0.994140625,64,40
010,0.064453125,0.935546875,64,42
011,0.294921875,0.705078125,62,40
100,0.208984375,0.791015625,64,42
101,0.1640625,0.8359375,62,40
110,0.166015625,0.833984375,62,42
111,0.0546875,0.9453125,60,40
