state,p_marked,error,gate_count,depth
000,0.119140625,0.880859375,24,10
001,0.111328125,0.888671875,24,10
010,0.146484375,0.853515625,24,10
011,0.15625,0.84375,24,10
100,0.1328125,0.8671875,24,10
101,0.140625,0.859375,24,10
110,0.14453125,0.85546875,24,10
111,0.13671875,0.86328125,24,10
