state,p_marked,error,gate_count,depth
000,0.123046875,0.876953125,50,26
001,0.13671875,0.86328125,44,20
010,0.12890625,0.87109375,44,26
011,0.130859375,0.869140625,38,20
100,0.134765625,0.865234375,44,26
101,0.134765625,0.865234375,38,20
110,0.1328125,0.8671875,38,26
111,0.1484375,0.8515625,32,20
