state,p_marked,error,gate_count,depth
000,0.05859375,0.94140625,35,18
001,0.05859375,0.94140625,33,16
010,0.07421875,0.92578125,33,18
011,0.048828125,0.951171875,31,16
100,0.078125,0.921875,33,18
101,0.064453125,0.935546875,31,16
110,0.076171875,0.923828125,31,18
111,0.5859375,0.4140625,29,16
