state,p_marked,error,gate_count,depth
000,0.12890625,0.87109375,15,7
001,0.1640625,0.8359375,13,5
010,0.126953125,0.873046875,13,7
011,0.142578125,0.857421875,11,5
100,0.1640625,0.8359375,13,7
101,0.123046875,0.876953125,11,5
110,0.107421875,0.892578125,11,7
111,0.123046875,0.876953125,9,5
