state,p_marked,error,gate_count,depth
000,0.13671875,0.86328125,50,25
001,0.115234375,0.884765625,48,23
010,0.1328125,0.8671875,48,25
011,0.154296875,0.845703125,46,23
100,0.125,0.875,48,25
101,0.138671875,0.861328125,46,23
110,0.111328125,0.888671875,46,25
111,0.134765625,0.865234375,44,23
