state,p_marked,error,gate_count,depth
000,0.49609375,0.50390625,42,22
001,0.509765625,0.490234375,38,18
010,0.4765625,0.5234375,38,22
011,0.140625,0.859375,34,18
100,0.46875,0.53125,38,22
101,0.51171875,0.48828125,34,18
110,0.126953125,0.873046875,34,22
111,0.484375,0.515625,30,18
