state,p_marked,error,gate_count,depth
000,0.525390625,0.474609375,41,21
001,0.482421875,0.517578125,37,17
010,0.4296875,0.5703125,37,21
011,0.5,0.5,33,17
100,0.55078125,0.44921875,37,21
101,0.470703125,0.529296875,33,17
110,0.474609375,0.525390625,33,21
111,0.529296875,0.470703125,29,17
