state,p_marked,error,gate_count,depth
000,0.0,1.0,65,34
001,0.109375,0.890625,57,26
010,0.0,1.0,57,34
011,0.140625,0.859375,49,26
100,0.1171875,0.8828125,57,34
101,0.0,1.0,49,26
110,0.123046875,0.876953125,49,34
111,0.0,1.0,41,26
