state,p_marked,error,gate_count,depth
000,0.498046875,0.501953125,52,27
001,0.11328125,0.88671875,46,21
010,0.0,1.0,46,27
011,0.130859375,0.869140625,40,21
100,0.478515625,0.521484375,46,27
101,0.142578125,0.857421875,40,21
110,0.0,1.0,40,27
111,0.140625,0.859375,34,21
