state,p_marked,error,gate_count,depth
000,0.466796875,0.533203125,32,16
001,0.478515625,0.521484375,30,14
010,0.501953125,0.498046875,30,16
011,0.458984375,0.541015625,28,14
100,0.48828125,0.51171875,30,16
101,0.552734375,0.447265625,28,14
110,0.5,0.5,28,16
111,0.4921875,0.5078125,26,14
