state,p_marked,error,gate_count,depth
000,0.130859375,0.869140625,24,12
001,0.1484375,0.8515625,20,8
010,0.150390625,0.849609375,20,12
011,0.142578125,0.857421875,16,8
100,0.14453125,0.85546875,20,12
101,0.140625,0.859375,16,8
110,0.142578125,0.857421875,16,12
111,0.123046875,0.876953125,12,8
