state,p_marked,error,gate_count,depth
000,0.1015625,0.8984375,24,12
001,0.111328125,0.888671875,20,8
010,0.134765625,0.865234375,20,12
011,0.158203125,0.841796875,16,8
100,0.12890625,0.87109375,20,12
101,0.119140625,0.880859375,16,8
110,0.13671875,0.86328125,16,12
111,0.134765625,0.865234375,12,8
