state,p_marked,error,gate_count,depth
000,0.080078125,0.919921875,32,16
001,0.064453125,0.935546875,30,14
010,0.048828125,0.951171875,30,16
011,0.056640625,0.943359375,28,14
100,0.05859375,0.94140625,30,16
101,0.0546875,0.9453125,28,14
110,0.05859375,0.94140625,28,16
111,0.05859375,0.94140625,26,14
