state,p_marked,error,gate_count,depth
000,0.162109375,0.837890625,15,7
001,0.142578125,0.857421875,13,5
010,0.126953125,0.873046875,13,7
011,0.14453125,0.85546875,11,5
100,0.11328125,0.88671875,13,7
101,0.150390625,0.849609375,11,5
110,0.125,0.875,11,7
111,0.134765625,0.865234375,9,5
