state,p_marked,error,gate_count,depth
000,0.12890625,0.87109375,42,21
001,0.103515625,0.896484375,38,17
010,0.12109375,0.87890625,38,21
011,0.0,1.0,34,17
100,0.138671875,0.861328125,38,21
101,0.162109375,0.837890625,34,17
110,0.0,1.0,34,21
111,0.1328125,0.8671875,30,17
