state,p_marked,error,gate_count,depth
000,0.142578125,0.857421875,24,12
001,0.1484375,0.8515625,20,8
010,0.111328125,0.888671875,20,12
011,0.11328125,0.88671875,16,8
100,0.140625,0.859375,20,12
101,0.1171875,0.8828125,16,8
110,0.126953125,0.873046875,16,12
111,0.1328125,0.8671875,12,8
