state,p_marked,error,gate_count,depth
000,0.130859375,0.869140625,24,12
001,0.099609375,0.900390625,20,8
010,0.10546875,0.89453125,20,12
011,0.125,0.875,16,8
100,0.126953125,0.873046875,20,12
101,0.125,0.875,16,8
110,0.16015625,0.83984375,16,12
111,0.111328125,0.888671875,12,8
