state,p_marked,error,gate_count,depth
000,0.095703125,0.904296875,41,20
001,0.126953125,0.873046875,37,16
010,0.15234375,0.84765625,37,20
011,0.14453125,0.85546875,33,16
100,0.130859375,0.869140625,37,20
101,0.119140625,0.880859375,33,16
110,0.1328125,0.8671875,33,20
111,0.1328125,0.8671875,29,16
