state,p_marked,error,gate_count,depth
000,0.462890625,0.537109375,41,21
001,0.443359375,0.556640625,37,17
010,0.509765625,0.490234375,37,21
011,0.470703125,0.529296875,33,17
100,0.490234375,0.509765625,37,21
101,0.517578125,0.482421875,33,17
110,0.51953125,0.48046875,33,21
111,0.474609375,0.525390625,29,17
