state,p_marked,error,gate_count,depth
000,0.123046875,0.876953125,41,19
001,0.103515625,0.896484375,41,19
010,0.125,0.875,41,19
011,0.126953125,0.873046875,41,19
100,0.126953125,0.873046875,41,19
101,0.107421875,0.892578125,41,19
110,0.158203125,0.841796875,41,19
111,0.126953125,0.873046875,41,19
