state,p_marked,error,gate_count,depth
000,0.482421875,0.517578125,86,45
001,0.439453125,0.560546875,80,40
010,0.39453125,0.60546875,80,45
011,0.42578125,0.57421875,74,39
100,0.478515625,0.521484375,80,45
101,0.140625,0.859375,74,40
110,0.0,1.0,74,45
111,0.140625,0.859375,68,39
