state,p_marked,error,gate_count,depth
000,0.13671875,0.86328125,55,28
001,0.107421875,0.892578125,53,26
010,0.130859375,0.869140625,53,28
011,0.138671875,0.861328125,51,26
100,0.142578125,0.857421875,53,28
101,0.119140625,0.880859375,51,26
110,0.130859375,0.869140625,51,28
111,0.125,0.875,49,26
