state,p_marked,error,gate_count,depth
000,0.0,1.0,87,46
001,0.203125,0.796875,85,44
010,0.001953125,0.998046875,85,46
011,0.203125,0.796875,83,44
100,0.146484375,0.853515625,85,46
101,0.078125,0.921875,83,44
110,0.05859375,0.94140625,83,46
111,0.5390625,0.4609375,81,44
