state,p_marked,error,gate_count,depth
000,0.1171875,0.8828125,63,32
001,0.083984375,0.916015625,59,28
010,0.134765625,0.865234375,59,32
011,0.09765625,0.90234375,55,28
100,0.130859375,0.869140625,59,32
101,0.1171875,0.8828125,55,28
110,0.125,0.875,55,32
111,0.099609375,0.900390625,51,28
