state,p_marked,error,gate_count,depth
000,0.27734375,0.72265625,32,16
001,0.25390625,0.74609375,30,14
010,0.2578125,0.7421875,30,16
011,0.2421875,0.7578125,28,14
100,0.236328125,0.763671875,30,16
101,0.259765625,0.740234375,28,14
110,0.267578125,0.732421875,28,16
111,0.26171875,0.73828125,26,14
