state,p_marked,error,gate_count,depth
000,0.052734375,0.947265625,58,30
001,0.025390625,0.974609375,54,26
010,0.025390625,0.974609375,54,30
011,0.037109375,0.962890625,50,26
100,0.03125,0.96875,54,30
101,0.306640625,0.693359375,50,26
110,0.263671875,0.736328125,50,30
111,0.021484375,0.978515625,46,26
