state,p_marked,error,gate_count,depth
000,0.03515625,0.96484375,78,40
001,0.044921875,0.955078125,70,34
010,0.02734375,0.97265625,70,40
011,0.26953125,0.73046875,62,33
100,0.037109375,0.962890625,70,40
101,0.03515625,0.96484375,62,34
110,0.037109375,0.962890625,62,40
111,0.26953125,0.73046875,54,32
