state,p_marked,error,gate_count,depth
000,0.041015625,0.958984375,48,32
001,0.26953125,0.73046875,48,32
010,0.06640625,0.93359375,48,32
011,0.501953125,0.498046875,48,32
100,0.01953125,0.98046875,48,32
101,0.048828125,0.951171875,48,32
110,0.021484375,0.978515625,48,32
111,0.046875,0.953125,48,32
