state,p_marked,error,gate_count,depth
000,0.087890625,0.912109375,68,46
001,0.11328125,0.88671875,68,46
010,0.123046875,0.876953125,68,46
011,0.255859375,0.744140625,68,46
100,0.0,1.0,68,46
101,0.119140625,0.880859375,68,46
110,0.193359375,0.806640625,68,46
111,0.12890625,0.87109375,68,46
