state,p_marked,error,gate_count,depth
000,0.515625,0.484375,41,21
001,0.4765625,0.5234375,37,17
010,0.52734375,0.47265625,37,21
011,0.470703125,0.529296875,33,17
100,0.49609375,0.50390625,37,21
101,0.4921875,0.5078125,33,17
110,0.51953125,0.48046875,33,21
111,0.498046875,0.501953125,29,17
