state,p_marked,error,gate_count,depth
000,0.28125,0.71875,58,30
001,0.287109375,0.712890625,54,26
010,0.025390625,0.974609375,54,30
011,0.033203125,0.966796875,50,26
100,0.26171875,0.73828125,54,30
101,0.291015625,0.708984375,50,26
110,0.021484375,0.978515625,50,30
111,0.03125,0.96875,46,26
