state,p_marked,error,gate_count,depth
000,0.087890625,0.912109375,32,15
001,0.060546875,0.939453125,30,13
010,0.052734375,0.947265625,30,15
011,0.046875,0.953125,28,13
100,0.05859375,0.94140625,30,15
101,0.05859375,0.94140625,28,13
110,0.0546875,0.9453125,28,15
111,0.052734375,0.947265625,26,13
