state,p_marked,error,gate_count,depth
000,0.1328125,0.8671875,58,29
001,0.109375,0.890625,54,25
010,0.138671875,0.861328125,54,29
011,0.10546875,0.89453125,50,25
100,0.1328125,0.8671875,54,29
101,0.134765625,0.865234375,50,25
110,0.12109375,0.87890625,50,29
111,0.142578125,0.857421875,46,25
