state,p_marked,error,gate_count,depth
000,0.0,1.0,41,21
001,0.0,1.0,41,21
010,0.48828125,0.51171875,41,21
011,0.0,1.0,41,21
100,0.0,1.0,41,21
101,0.45703125,0.54296875,41,21
110,0.0,1.0,41,21
111,0.0,1.0,41,21
