state,p_marked,error,gate_count,depth
000,0.525390625,0.474609375,42,21
001,0.478515625,0.521484375,38,17
010,0.529296875,0.470703125,38,21
011,0.47265625,0.52734375,34,17
100,0.4921875,0.5078125,38,21
101,0.52734375,0.47265625,34,17
110,0.529296875,0.470703125,34,21
111,0.482421875,0.517578125,30,17
