state,p_marked,error,gate_count,depth
000,0.490234375,0.509765625,32,16
001,0.494140625,0.505859375,30,14
010,0.498046875,0.501953125,30,16
011,0.4765625,0.5234375,28,14
100,0.546875,0.453125,30,16
101,0.533203125,0.466796875,28,14
110,0.484375,0.515625,28,16
111,0.484375,0.515625,26,14
