state,p_marked,error,gate_count,depth
000,0.275390625,0.724609375,49,24
001,0.03515625,0.96484375,47,22
010,0.24609375,0.75390625,47,24
011,0.02734375,0.97265625,45,22
100,0.04296875,0.95703125,47,24
101,0.310546875,0.689453125,45,22
110,0.041015625,0.958984375,45,24
111,0.267578125,0.732421875,43,22
