state,p_marked,error,gate_count,depth
000,0.48046875,0.51953125,59,31
001,0.466796875,0.533203125,51,23
010,0.47265625,0.52734375,51,31
011,0.521484375,0.478515625,43,23
100,0.498046875,0.501953125,51,31
101,0.48046875,0.51953125,43,23
110,0.48046875,0.51953125,43,31
111,0.498046875,0.501953125,35,23
