state,p_marked,error,gate_count,depth
000,0.140625,0.859375,50,26
001,0.126953125,0.873046875,48,24
010,0.125,0.875,48,26
011,0.130859375,0.869140625,46,24
100,0.123046875,0.876953125,48,26
101,0.119140625,0.880859375,46,24
110,0.111328125,0.888671875,46,26
111,0.111328125,0.888671875,44,24
