state,p_marked,error,gate_count,depth
000,0.119140625,0.880859375,15,7
001,0.1328125,0.8671875,13,5
010,0.10546875,0.89453125,13,7
011,0.109375,0.890625,11,5
100,0.107421875,0.892578125,13,7
101,0.1484375,0.8515625,11,5
110,0.09375,0.90625,11,7
111,0.142578125,0.857421875,9,5
