state,p_marked,error,gate_count,depth
000,0.09375,0.90625,85,43
001,0.185546875,0.814453125,81,39
010,0.0,1.0,81,43
011,0.0,1.0,77,39
100,0.09375,0.90625,81,43
101,0.16796875,0.83203125,77,39
110,0.0,1.0,77,43
111,0.0,1.0,73,39
