state,p_marked,error,gate_count,depth
000,0.482421875,0.517578125,33,17
001,0.48828125,0.51171875,31,15
010,0.53125,0.46875,31,17
011,0.5234375,0.4765625,29,15
100,0.529296875,0.470703125,31,17
101,0.498046875,0.501953125,29,15
110,0.537109375,0.462890625,29,17
111,0.4765625,0.5234375,27,15
