state,p_marked,error,gate_count,depth
000,0.5,0.5,104,53
001,0.505859375,0.494140625,98,48
010,0.521484375,0.478515625,98,53
011,0.490234375,0.509765625,92,48
100,0.29296875,0.70703125,98,52
101,0.056640625,0.943359375,92,47
110,0.068359375,0.931640625,92,52
111,0.2890625,0.7109375,86,47
