state,p_marked,error,gate_count,depth
000,0.134765625,0.865234375,42,22
001,0.10546875,0.89453125,38,18
010,0.13671875,0.86328125,38,22
011,0.11328125,0.88671875,34,18
100,0.123046875,0.876953125,38,22
101,0.10546875,0.89453125,34,18
110,0.146484375,0.853515625,34,22
111,0.12109375,0.87890625,30,18
