state,p_marked,error,gate_count,depth
000,0.1171875,0.8828125,67,34
001,0.119140625,0.880859375,61,28
010,0.130859375,0.869140625,61,34
011,0.166015625,0.833984375,55,28
100,0.13671875,0.86328125,61,34
101,0.125,0.875,55,28
110,0.125,0.875,55,34
111,0.11328125,0.88671875,49,28
