state,p_marked,error,gate_count,depth
000,0.51953125,0.48046875,41,21
001,0.517578125,0.482421875,37,17
010,0.443359375,0.556640625,37,21
011,0.486328125,0.513671875,33,17
100,0.47265625,0.52734375,37,21
101,0.5,0.5,33,17
110,0.4609375,0.5390625,33,21
111,0.462890625,0.537109375,29,17
