state,p_marked,error,gate_count,depth
000,0.5078125,0.4921875,41,21
001,0.513671875,0.486328125,37,17
010,0.5390625,0.4609375,37,21
011,0.529296875,0.470703125,33,17
100,0.45703125,0.54296875,37,21
101,0.541015625,0.458984375,33,17
110,0.482421875,0.517578125,33,21
111,0.505859375,0.494140625,29,17
