state,p_marked,error,gate_count,depth
000,0.140625,0.859375,60,30
001,0.099609375,0.900390625,56,26
010,0.140625,0.859375,56,30
011,0.123046875,0.876953125,52,26
100,0.11328125,0.88671875,56,30
101,0.109375,0.890625,52,26
110,0.125,0.875,52,30
111,0.12890625,0.87109375,48,26
