state,p_marked,error,gate_count,depth
000,0.150390625,0.849609375,82,42
001,0.1171875,0.8828125,78,38
010,0.16015625,0.83984375,78,42
011,0.11328125,0.88671875,74,38
100,0.0625,0.9375,78,42
101,0.048828125,0.951171875,74,38
110,0.052734375,0.947265625,74,42
111,0.0546875,0.9453125,70,38
