state,p_marked,error,gate_count,depth
000,0.041015625,0.958984375,63,44
001,0.212890625,0.787109375,63,44
010,0.056640625,0.943359375,63,44
011,0.0703125,0.9296875,63,44
100,0.1015625,0.8984375,63,44
101,0.140625,0.859375,63,44
110,0.03125,0.96875,63,44
111,0.33203125,0.66796875,63,44
