state,p_marked,error,gate_count,depth
000,0.453125,0.546875,41,21
001,0.462890625,0.537109375,37,17
010,0.533203125,0.466796875,37,21
011,0.5234375,0.4765625,33,17
100,0.4921875,0.5078125,37,21
101,0.48046875,0.51953125,33,17
110,0.48828125,0.51171875,33,21
111,0.4375,0.5625,29,17
