state,p_marked,error,gate_count,depth
000,0.4609375,0.5390625,72,37
001,0.1484375,0.8515625,66,31
010,0.001953125,0.998046875,66,37
011,0.1015625,0.8984375,60,31
100,0.00390625,0.99609375,66,37
101,0.146484375,0.853515625,60,31
110,0.001953125,0.998046875,60,37
111,0.103515625,0.896484375,54,31
