state,p_marked,error,gate_count,depth
000,0.470703125,0.529296875,32,16
001,0.46484375,0.53515625,30,14
010,0.533203125,0.466796875,30,16
011,0.529296875,0.470703125,28,14
100,0.49609375,0.50390625,30,16
101,0.50390625,0.49609375,28,14
110,0.544921875,0.455078125,28,16
111,0.48046875,0.51953125,26,14
