state,p_marked,error,gate_count,depth
000,0.0703125,0.9296875,33,15
001,0.048828125,0.951171875,31,13
010,0.080078125,0.919921875,31,15
011,0.05859375,0.94140625,29,13
100,0.044921875,0.955078125,31,15
101,0.041015625,0.958984375,29,13
110,0.0703125,0.9296875,29,15
111,0.0703125,0.9296875,27,13
