state,p_marked,error,gate_count,depth
000,0.525390625,0.474609375,32,16
001,0.494140625,0.505859375,30,14
010,0.49609375,0.50390625,30,16
011,0.50390625,0.49609375,28,14
100,0.525390625,0.474609375,30,16
101,0.51953125,0.48046875,28,14
110,0.474609375,0.525390625,28,16
111,0.5,0.5,26,14
