state,p_marked,error,gate_count,depth
000,0.111328125,0.888671875,28,14
001,0.142578125,0.857421875,28,14
010,0.123046875,0.876953125,28,14
011,0.12890625,0.87109375,28,14
100,0.125,0.875,28,14
101,0.15234375,0.84765625,28,14
110,0.11328125,0.88671875,28,14
111,0.125,0.875,28,14
