state,p_marked,error,gate_count,depth
000,0.119140625,0.880859375,41,20
001,0.1328125,0.8671875,37,16
010,0.15234375,0.84765625,37,20
011,0.099609375,0.900390625,33,16
100,0.119140625,0.880859375,37,20
101,0.12109375,0.87890625,33,16
110,0.14453125,0.85546875,33,20
111,0.13671875,0.86328125,29,16
