state,p_marked,error,gate_count,depth
000,0.123046875,0.876953125,58,28
001,0.1328125,0.8671875,54,24
010,0.142578125,0.857421875,54,28
011,0.12890625,0.87109375,50,24
100,0.111328125,0.888671875,54,28
101,0.16015625,0.83984375,50,24
110,0.119140625,0.880859375,50,28
111,0.1328125,0.8671875,46,24
