state,p_marked,error,gate_count,depth
000,0.5078125,0.4921875,32,16
001,0.47265625,0.52734375,30,14
010,0.48046875,0.51953125,30,16
011,0.50390625,0.49609375,28,14
100,0.494140625,0.505859375,30,16
101,0.45703125,0.54296875,28,14
110,0.48046875,0.51953125,28,16
111,0.55078125,0.44921875,26,14
