state,p_marked,error,gate_count,depth
000,0.142578125,0.857421875,51,27
001,0.1171875,0.8828125,49,25
010,0.140625,0.859375,49,27
011,0.095703125,0.904296875,47,25
100,0.126953125,0.873046875,49,27
101,0.12890625,0.87109375,47,25
110,0.119140625,0.880859375,47,27
111,0.13671875,0.86328125,45,25
