state,p_marked,error,gate_count,depth
000,0.607421875,0.392578125,42,20
001,0.076171875,0.923828125,42,20
010,0.087890625,0.912109375,42,20
011,0.072265625,0.927734375,42,20
100,0.078125,0.921875,42,20
101,0.064453125,0.935546875,42,20
110,0.068359375,0.931640625,42,20
111,0.05859375,0.94140625,42,20
