state,p_marked,error,gate_count,depth
000,0.13671875,0.86328125,15,7
001,0.11328125,0.88671875,13,5
010,0.138671875,0.861328125,13,7
011,0.12890625,0.87109375,11,5
100,0.126953125,0.873046875,13,7
101,0.12890625,0.87109375,11,5
110,0.16015625,0.83984375,11,7
111,0.115234375,0.884765625,9,5
