state,p_marked,error,gate_count,depth
000,0.140625,0.859375,58,30
001,0.12109375,0.87890625,54,26
010,0.119140625,0.880859375,54,30
011,0.138671875,0.861328125,50,26
100,0.123046875,0.876953125,54,30
101,0.11328125,0.88671875,50,26
110,0.125,0.875,50,30
111,0.14453125,0.85546875,46,26
