state,p_marked,error,gate_count,depth
000,0.51953125,0.48046875,41,21
001,0.509765625,0.490234375,37,17
010,0.509765625,0.490234375,37,21
011,0.45703125,0.54296875,33,17
100,0.552734375,0.447265625,37,21
101,0.517578125,0.482421875,33,17
110,0.47265625,0.52734375,33,21
111,0.458984375,0.541015625,29,17
