state,p_marked,error,gate_count,depth
000,0.119140625,0.880859375,15,7
001,0.15234375,0.84765625,13,5
010,0.1171875,0.8828125,13,7
011,0.09765625,0.90234375,11,5
100,0.158203125,0.841796875,13,7
101,0.111328125,0.888671875,11,5
110,0.109375,0.890625,11,7
111,0.142578125,0.857421875,9,5
