state,p_marked,error,gate_count,depth
000,0.13671875,0.86328125,15,7
001,0.115234375,0.884765625,13,5
010,0.12890625,0.87109375,13,7
011,0.115234375,0.884765625,11,5
100,0.119140625,0.880859375,13,7
101,0.134765625,0.865234375,11,5
110,0.12890625,0.87109375,11,7
111,0.1484375,0.8515625,9,5
