state,p_marked,error,gate_count,depth
000,0.505859375,0.494140625,59,31
001,0.498046875,0.501953125,51,23
010,0.533203125,0.466796875,51,31
011,0.474609375,0.525390625,43,23
100,0.49609375,0.50390625,51,31
101,0.490234375,0.509765625,43,23
110,0.482421875,0.517578125,43,31
111,0.529296875,0.470703125,35,23
