state,p_marked,error,gate_count,depth
000,0.14453125,0.85546875,28,15
001,0.10546875,0.89453125,28,15
010,0.11328125,0.88671875,28,15
011,0.119140625,0.880859375,28,15
100,0.12109375,0.87890625,28,15
101,0.103515625,0.896484375,28,15
110,0.130859375,0.869140625,28,15
111,0.12109375,0.87890625,28,15
