state,p_marked,error,gate_count,depth
000,0.486328125,0.513671875,69,36
001,0.119140625,0.880859375,63,30
010,0.0,1.0,63,36
011,0.138671875,0.861328125,57,30
100,0.478515625,0.521484375,63,36
101,0.123046875,0.876953125,57,30
110,0.0,1.0,57,36
111,0.14453125,0.85546875,51,30
