state,p_marked,error,gate_count,depth
000,0.123046875,0.876953125,52,27
001,0.134765625,0.865234375,50,25
010,0.103515625,0.896484375,50,27
011,0.134765625,0.865234375,48,25
100,0.109375,0.890625,50,27
101,0.169921875,0.830078125,48,25
110,0.11328125,0.88671875,48,27
111,0.103515625,0.896484375,46,25
