state,p_marked,error,gate_count,depth
000,0.087890625,0.912109375,24,12
001,0.130859375,0.869140625,20,8
010,0.13671875,0.86328125,20,12
011,0.138671875,0.861328125,16,8
100,0.126953125,0.873046875,20,12
101,0.123046875,0.876953125,16,8
110,0.109375,0.890625,16,12
111,0.107421875,0.892578125,12,8
