state,p_marked,error,gate_count,depth
000,0.501953125,0.498046875,41,21
001,0.4765625,0.5234375,37,17
010,0.451171875,0.548828125,37,21
011,0.4921875,0.5078125,33,17
100,0.486328125,0.513671875,37,21
101,0.462890625,0.537109375,33,17
110,0.548828125,0.451171875,33,21
111,0.515625,0.484375,29,17
