state,p_marked,error,gate_count,depth
000,0.068359375,0.931640625,54,27
001,0.083984375,0.916015625,52,25
010,0.06640625,0.93359375,52,27
011,0.142578125,0.857421875,50,25
100,0.16015625,0.83984375,52,27
101,0.1953125,0.8046875,50,25
110,0.130859375,0.869140625,50,27
111,0.1875,0.8125,48,25
