state,p_marked,error,gate_count,depth
000,0.119140625,0.880859375,61,31
001,0.12109375,0.87890625,57,27
010,0.12109375,0.87890625,57,31
011,0.146484375,0.853515625,53,27
100,0.11328125,0.88671875,57,31
101,0.123046875,0.876953125,53,27
110,0.130859375,0.869140625,53,31
111,0.12890625,0.87109375,49,27
