state,p_marked,error,gate_count,depth
000,0.103515625,0.896484375,24,12
001,0.099609375,0.900390625,20,8
010,0.123046875,0.876953125,20,12
011,0.140625,0.859375,16,8
100,0.1328125,0.8671875,20,12
101,0.123046875,0.876953125,16,8
110,0.13671875,0.86328125,16,12
111,0.095703125,0.904296875,12,8
