state,p_marked,error,gate_count,depth
000,0.541015625,0.458984375,67,35
001,0.505859375,0.494140625,61,29
010,0.46484375,0.53515625,61,35
011,0.498046875,0.501953125,55,29
100,0.486328125,0.513671875,61,35
101,0.515625,0.484375,55,29
110,0.4921875,0.5078125,55,35
111,0.494140625,0.505859375,49,29
