state,p_marked,error,gate_count,depth
000,0.123046875,0.876953125,60,31
001,0.10546875,0.89453125,52,24
010,0.12109375,0.87890625,52,31
011,0.142578125,0.857421875,44,23
100,0.126953125,0.873046875,52,31
101,0.134765625,0.865234375,44,24
110,0.12890625,0.87109375,44,31
111,0.134765625,0.865234375,36,23
