state,p_marked,error,gate_count,depth
000,0.12109375,0.87890625,41,20
001,0.13671875,0.86328125,37,16
010,0.119140625,0.880859375,37,20
011,0.146484375,0.853515625,33,16
100,0.140625,0.859375,37,20
101,0.1328125,0.8671875,33,16
110,0.119140625,0.880859375,33,20
111,0.119140625,0.880859375,29,16
