state,p_marked,error,gate_count,depth
000,0.13671875,0.86328125,32,15
001,0.125,0.875,30,13
010,0.095703125,0.904296875,30,15
011,0.109375,0.890625,28,13
100,0.126953125,0.873046875,30,15
101,0.083984375,0.916015625,28,13
110,0.13671875,0.86328125,28,15
111,0.12109375,0.87890625,26,13
