state,p_marked,error,gate_count,depth
000,0.103515625,0.896484375,24,12
001,0.12109375,0.87890625,24,12
010,0.1328125,0.8671875,24,12
011,0.14453125,0.85546875,24,12
100,0.103515625,0.896484375,24,12
101,0.125,0.875,24,12
110,0.14453125,0.85546875,24,12
111,0.123046875,0.876953125,24,12
