state,p_marked,error,gate_count,depth
000,0.068359375,0.931640625,32,15
001,0.07421875,0.92578125,30,13
010,0.072265625,0.927734375,30,15
011,0.048828125,0.951171875,28,13
100,0.07421875,0.92578125,30,15
101,0.048828125,0.951171875,28,13
110,0.068359375,0.931640625,28,15
111,0.078125,0.921875,26,13
