state,p_marked,error,gate_count,depth
000,0.134765625,0.865234375,42,22
001,0.130859375,0.869140625,34,14
010,0.109375,0.890625,34,22
011,0.11328125,0.88671875,26,14
100,0.142578125,0.857421875,34,22
101,0.123046875,0.876953125,26,14
110,0.134765625,0.865234375,26,22
111,0.130859375,0.869140625,18,14
