state,p_marked,error,gate_count,depth
000,0.12890625,0.87109375,15,7
001,0.140625,0.859375,13,5
010,0.1328125,0.8671875,13,7
011,0.130859375,0.869140625,11,5
100,0.111328125,0.888671875,13,7
101,0.111328125,0.888671875,11,5
110,0.154296875,0.845703125,11,7
111,0.09765625,0.90234375,9,5
