state,p_marked,error,gate_count,depth
000,0.12109375,0.87890625,32,15
001,0.1015625,0.8984375,30,13
010,0.12890625,0.87109375,30,15
011,0.1328125,0.8671875,28,13
100,0.134765625,0.865234375,30,15
101,0.091796875,0.908203125,28,13
110,0.130859375,0.869140625,28,15
111,0.14453125,0.85546875,26,13
