state,p_marked,error,gate_count,depth
000,0.021484375,0.978515625,42,22
001,0.001953125,0.998046875,40,20
010,0.359375,0.640625,40,22
011,0.015625,0.984375,38,20
100,0.015625,0.984375,40,22
101,0.001953125,0.998046875,38,20
110,0.353515625,0.646484375,38,22
111,0.015625,0.984375,36,20
