state,p_marked,error,gate_count,depth
000,0.119140625,0.880859375,58,29
001,0.1171875,0.8828125,54,25
010,0.1015625,0.8984375,54,29
011,0.12109375,0.87890625,50,25
100,0.123046875,0.876953125,54,29
101,0.111328125,0.888671875,50,25
110,0.12890625,0.87109375,50,29
111,0.125,0.875,46,25
