state,p_marked,error,gate_count,depth
000,0.123046875,0.876953125,44,24
001,0.12890625,0.87109375,40,20
010,0.12890625,0.87109375,40,24
011,0.13671875,0.86328125,36,20
100,0.095703125,0.904296875,40,24
101,0.1328125,0.8671875,36,20
110,0.123046875,0.876953125,36,24
111,0.142578125,0.857421875,32,20
