state,p_marked,error,gate_count,depth
000,0.544921875,0.455078125,41,21
001,0.509765625,0.490234375,37,17
010,0.48046875,0.51953125,37,21
011,0.46484375,0.53515625,33,17
100,0.498046875,0.501953125,37,21
101,0.50390625,0.49609375,33,17
110,0.501953125,0.498046875,33,21
111,0.517578125,0.482421875,29,17
