state,p_marked,error,gate_count,depth
000,0.126953125,0.873046875,32,15
001,0.107421875,0.892578125,30,13
010,0.130859375,0.869140625,30,15
011,0.12109375,0.87890625,28,13
100,0.10546875,0.89453125,30,15
101,0.134765625,0.865234375,28,13
110,0.13671875,0.86328125,28,15
111,0.111328125,0.888671875,26,13
