state,p_marked,error,gate_count,depth
000,0.0078125,0.9921875,61,41
001,0.0625,0.9375,59,39
010,0.44921875,0.55078125,59,41
011,0.0,1.0,57,39
100,0.119140625,0.880859375,59,41
101,0.009765625,0.990234375,57,39
110,0.05859375,0.94140625,57,41
111,0.07421875,0.92578125,55,39
