state,p_marked,error,gate_count,depth
000,0.140625,0.859375,40,19
001,0.119140625,0.880859375,40,19
010,0.126953125,0.873046875,40,19
011,0.138671875,0.861328125,40,19
100,0.134765625,0.865234375,40,19
101,0.12890625,0.87109375,40,19
110,0.107421875,0.892578125,40,19
111,0.115234375,0.884765625,40,19
