state,p_marked,error,gate_count,depth
000,0.126953125,0.873046875,33,16
001,0.12890625,0.87109375,31,14
010,0.140625,0.859375,31,16
011,0.126953125,0.873046875,29,14
100,0.12109375,0.87890625,31,16
101,0.125,0.875,29,14
110,0.1328125,0.8671875,29,16
111,0.125,0.875,27,14
