state,p_marked,error,gate_count,depth
000,0.37890625,0.62109375,67,42
001,0.044921875,0.955078125,65,40
010,0.19921875,0.80078125,65,42
011,0.072265625,0.927734375,63,40
100,0.009765625,0.990234375,65,42
101,0.07421875,0.92578125,63,40
110,0.037109375,0.962890625,63,42
111,0.17578125,0.82421875,61,40
