state,p_marked,error,gate_count,depth
000,0.142578125,0.857421875,52,28
001,0.109375,0.890625,50,26
010,0.130859375,0.869140625,50,28
011,0.1328125,0.8671875,48,26
100,0.12890625,0.87109375,50,28
101,0.12109375,0.87890625,48,26
110,0.10546875,0.89453125,48,28
111,0.109375,0.890625,46,26
