state,p_marked,error,gate_count,depth
000,0.0625,0.9375,33,15
001,0.05859375,0.94140625,31,13
010,0.068359375,0.931640625,31,15
011,0.068359375,0.931640625,29,13
100,0.060546875,0.939453125,31,15
101,0.06640625,0.93359375,29,13
110,0.072265625,0.927734375,29,15
111,0.037109375,0.962890625,27,13
