state,p_marked,error,gate_count,depth
000,0.15234375,0.84765625,119,86
001,0.03125,0.96875,119,86
010,0.01171875,0.98828125,119,86
011,0.1328125,0.8671875,119,86
100,0.09375,0.90625,119,86
101,0.17578125,0.82421875,119,86
110,0.19140625,0.80859375,119,86
111,0.22265625,0.77734375,119,86
