state,p_marked,error,gate_count,depth
000,0.1015625,0.8984375,24,12
001,0.130859375,0.869140625,20,8
010,0.16796875,0.83203125,20,12
011,0.158203125,0.841796875,16,8
100,0.10546875,0.89453125,20,12
101,0.111328125,0.888671875,16,8
110,0.119140625,0.880859375,16,12
111,0.119140625,0.880859375,12,8
