state,p_marked,error,gate_count,depth
000,0.4921875,0.5078125,59,31
001,0.470703125,0.529296875,51,23
010,0.470703125,0.529296875,51,31
011,0.5234375,0.4765625,43,23
100,0.50390625,0.49609375,51,31
101,0.5078125,0.4921875,43,23
110,0.54296875,0.45703125,43,31
111,0.498046875,0.501953125,35,23
