state,p_marked,error,gate_count,depth
000,0.1171875,0.8828125,55,27
001,0.13671875,0.86328125,53,25
010,0.130859375,0.869140625,53,27
011,0.111328125,0.888671875,51,25
100,0.119140625,0.880859375,53,27
101,0.126953125,0.873046875,51,25
110,0.10546875,0.89453125,51,27
111,0.078125,0.921875,49,25
