state,p_marked,error,gate_count,depth
000,0.052734375,0.947265625,32,15
001,0.0859375,0.9140625,30,13
010,0.087890625,0.912109375,30,15
011,0.06640625,0.93359375,28,13
100,0.064453125,0.935546875,30,15
101,0.0703125,0.9296875,28,13
110,0.046875,0.953125,28,15
111,0.048828125,0.951171875,26,13
