state,p_marked,error,gate_count,depth
000,0.130859375,0.869140625,15,7
001,0.123046875,0.876953125,13,5
010,0.103515625,0.896484375,13,7
011,0.115234375,0.884765625,11,5
100,0.11328125,0.88671875,13,7
101,0.1328125,0.8671875,11,5
110,0.123046875,0.876953125,11,7
111,0.142578125,0.857421875,9,5
