state,p_marked,error,gate_count,depth
000,0.125,0.875,41,20
001,0.083984375,0.916015625,37,16
010,0.1484375,0.8515625,37,20
011,0.138671875,0.861328125,33,16
100,0.140625,0.859375,37,20
101,0.1484375,0.8515625,33,16
110,0.11328125,0.88671875,33,20
111,0.130859375,0.869140625,29,16
