state,p_marked,error,gate_count,depth
000,0.12890625,0.87109375,41,20
001,0.142578125,0.857421875,37,16
010,0.158203125,0.841796875,37,20
011,0.1328125,0.8671875,33,16
100,0.125,0.875,37,20
101,0.107421875,0.892578125,33,16
110,0.09375,0.90625,33,20
111,0.125,0.875,29,16
