state,p_marked,error,gate_count,depth
000,0.119140625,0.880859375,50,25
001,0.138671875,0.861328125,44,19
010,0.1328125,0.8671875,44,25
011,0.134765625,0.865234375,38,19
100,0.119140625,0.880859375,44,25
101,0.126953125,0.873046875,38,19
110,0.158203125,0.841796875,38,25
111,0.150390625,0.849609375,32,19
