state,p_marked,error,gate_count,depth
000,0.533203125,0.466796875,41,21
001,0.513671875,0.486328125,37,17
010,0.470703125,0.529296875,37,21
011,0.453125,0.546875,33,17
100,0.5234375,0.4765625,37,21
101,0.505859375,0.494140625,33,17
110,0.517578125,0.482421875,33,21
111,0.541015625,0.458984375,29,17
