state,p_marked,error,gate_count,depth
000,0.515625,0.484375,43,23
001,0.54296875,0.45703125,39,19
010,0.484375,0.515625,39,23
011,0.1328125,0.8671875,35,19
100,0.494140625,0.505859375,39,23
101,0.546875,0.453125,35,19
110,0.130859375,0.869140625,35,23
111,0.45703125,0.54296875,31,19
