state,p_marked,error,gate_count,depth
000,0.134765625,0.865234375,58,30
001,0.12890625,0.87109375,54,26
010,0.134765625,0.865234375,54,30
011,0.10546875,0.89453125,50,26
100,0.134765625,0.865234375,54,30
101,0.13671875,0.86328125,50,26
110,0.12109375,0.87890625,50,30
111,0.142578125,0.857421875,46,26
