state,p_marked,error,gate_count,depth
000,0.099609375,0.900390625,41,20
001,0.154296875,0.845703125,37,16
010,0.11328125,0.88671875,37,20
011,0.138671875,0.861328125,33,16
100,0.12890625,0.87109375,37,20
101,0.12109375,0.87890625,33,16
110,0.142578125,0.857421875,33,20
111,0.11328125,0.88671875,29,16
