state,p_marked,error,gate_count,depth
000,0.060546875,0.939453125,32,15
001,0.06640625,0.93359375,30,13
010,0.056640625,0.943359375,30,15
011,0.064453125,0.935546875,28,13
100,0.068359375,0.931640625,30,15
101,0.056640625,0.943359375,28,13
110,0.068359375,0.931640625,28,15
111,0.0625,0.9375,26,13
