state,p_marked,error,gate_count,depth
000,0.3828125,0.6171875,58,40
001,0.01171875,0.98828125,58,40
010,0.15625,0.84375,58,40
011,0.1796875,0.8203125,58,40
100,0.03515625,0.96484375,58,40
101,0.056640625,0.943359375,58,40
110,0.048828125,0.951171875,58,40
111,0.1171875,0.8828125,58,40
