state,p_marked,error,gate_count,depth
000,0.048828125,0.951171875,32,15
001,0.078125,0.921875,30,13
010,0.078125,0.921875,30,15
011,0.080078125,0.919921875,28,13
100,0.0546875,0.9453125,30,15
101,0.060546875,0.939453125,28,13
110,0.064453125,0.935546875,28,15
111,0.064453125,0.935546875,26,13
