state,p_marked,error,gate_count,depth
000,0.125,0.875,33,15
001,0.1328125,0.8671875,31,13
010,0.125,0.875,31,15
011,0.134765625,0.865234375,29,13
100,0.126953125,0.873046875,31,15
101,0.09375,0.90625,29,13
110,0.1171875,0.8828125,29,15
111,0.12890625,0.87109375,27,13
