state,p_marked,error,gate_count,depth
000,0.126953125,0.873046875,15,7
001,0.1484375,0.8515625,13,5
010,0.09765625,0.90234375,13,7
011,0.115234375,0.884765625,11,5
100,0.12890625,0.87109375,13,7
101,0.130859375,0.869140625,11,5
110,0.1015625,0.8984375,11,7
111,0.150390625,0.849609375,9,5
