state,p_marked,error,gate_count,depth
000,0.091796875,0.908203125,58,30
001,0.140625,0.859375,54,26
010,0.115234375,0.884765625,54,30
011,0.1328125,0.8671875,50,26
100,0.12890625,0.87109375,54,30
101,0.12109375,0.87890625,50,26
110,0.109375,0.890625,50,30
111,0.123046875,0.876953125,46,26
