state,p_marked,error,gate_count,depth
000,0.154296875,0.845703125,24,12
001,0.115234375,0.884765625,20,8
010,0.140625,0.859375,20,12
011,0.16796875,0.83203125,16,8
100,0.134765625,0.865234375,20,12
101,0.138671875,0.861328125,16,8
110,0.107421875,0.892578125,16,12
111,0.1015625,0.8984375,12,8
