state,p_marked,error,gate_count,depth
000,0.052734375,0.947265625,32,15
001,0.064453125,0.935546875,30,13
010,0.052734375,0.947265625,30,15
011,0.05078125,0.94921875,28,13
100,0.076171875,0.923828125,30,15
101,0.0703125,0.9296875,28,13
110,0.083984375,0.916015625,28,15
111,0.0625,0.9375,26,13
