state,p_marked,error,gate_count,depth
000,0.0,1.0,58,29
001,0.13671875,0.86328125,54,25
010,0.12109375,0.87890625,54,29
011,0.0,1.0,50,25
100,0.0,1.0,54,29
101,0.15234375,0.84765625,50,25
110,0.126953125,0.873046875,50,29
111,0.0,1.0,46,25
