state,p_marked,error,gate_count,depth
000,0.54296875,0.45703125,41,21
001,0.5,0.5,37,17
010,0.48046875,0.51953125,37,21
011,0.462890625,0.537109375,33,17
100,0.4921875,0.5078125,37,21
101,0.5625,0.4375,33,17
110,0.486328125,0.513671875,33,21
111,0.50390625,0.49609375,29,17
