state,p_marked,error,gate_count,depth
000,0.369140625,0.630859375,29,16
001,0.37109375,0.62890625,29,16
010,0.119140625,0.880859375,29,16
011,0.125,0.875,29,16
100,0.0,1.0,29,16
101,0.0,1.0,29,16
110,0.0078125,0.9921875,29,16
111,0.001953125,0.998046875,29,16
