state,p_marked,error,gate_count,depth
000,0.470703125,0.529296875,41,21
001,0.48828125,0.51171875,37,17
010,0.462890625,0.537109375,37,21
011,0.5,0.5,33,17
100,0.486328125,0.513671875,37,21
101,0.49609375,0.50390625,33,17
110,0.48828125,0.51171875,33,21
111,0.505859375,0.494140625,29,17
