state,p_marked,error,gate_count,depth
000,0.123046875,0.876953125,168,115
001,0.126953125,0.873046875,166,114
010,0.0390625,0.9609375,166,115
011,0.068359375,0.931640625,164,114
100,0.388671875,0.611328125,166,115
101,0.03515625,0.96484375,164,114
110,0.009765625,0.990234375,164,115
111,0.19921875,0.80078125,162,113
