state,p_marked,error,gate_count,depth
000,0.1171875,0.8828125,33,15
001,0.126953125,0.873046875,31,13
010,0.1484375,0.8515625,31,15
011,0.171875,0.828125,29,13
100,0.14453125,0.85546875,31,15
101,0.11328125,0.88671875,29,13
110,0.125,0.875,29,15
111,0.12109375,0.87890625,27,13
