state,p_marked,error,gate_count,depth
000,0.48046875,0.51953125,50,26
001,0.505859375,0.494140625,44,20
010,0.513671875,0.486328125,44,26
011,0.466796875,0.533203125,38,20
100,0.49609375,0.50390625,44,26
101,0.48828125,0.51171875,38,20
110,0.509765625,0.490234375,38,26
111,0.482421875,0.517578125,32,20
