state,p_marked,error,gate_count,depth
000,0.130859375,0.869140625,15,7
001,0.12890625,0.87109375,13,5
010,0.111328125,0.888671875,13,7
011,0.119140625,0.880859375,11,5
100,0.11328125,0.88671875,13,7
101,0.1171875,0.8828125,11,5
110,0.158203125,0.841796875,11,7
111,0.123046875,0.876953125,9,5
