state,p_marked,error,gate_count,depth
000,0.1328125,0.8671875,64,31
001,0.138671875,0.861328125,64,31
010,0.13671875,0.86328125,64,31
011,0.138671875,0.861328125,64,31
100,0.111328125,0.888671875,64,31
101,0.162109375,0.837890625,64,31
110,0.095703125,0.904296875,64,31
111,0.099609375,0.900390625,64,31
