state,p_marked,error,gate_count,depth
000,0.15625,0.84375,25,12
001,0.16015625,0.83984375,25,12
010,0.080078125,0.919921875,25,12
011,0.083984375,0.916015625,25,12
100,0.1640625,0.8359375,25,12
101,0.07421875,0.92578125,25,12
110,0.09375,0.90625,25,12
111,0.1640625,0.8359375,25,12
