state,p_marked,error,gate_count,depth
000,0.126953125,0.873046875,55,27
001,0.123046875,0.876953125,53,25
010,0.125,0.875,53,27
011,0.109375,0.890625,51,25
100,0.146484375,0.853515625,53,27
101,0.134765625,0.865234375,51,25
110,0.138671875,0.861328125,51,27
111,0.111328125,0.888671875,49,25
