state,p_marked,error,gate_count,depth
000,0.1171875,0.8828125,32,15
001,0.134765625,0.865234375,30,13
010,0.1328125,0.8671875,30,15
011,0.142578125,0.857421875,28,13
100,0.12109375,0.87890625,30,15
101,0.126953125,0.873046875,28,13
110,0.10546875,0.89453125,28,15
111,0.11328125,0.88671875,26,13
