state,p_marked,error,gate_count,depth
000,0.486328125,0.513671875,68,36
001,0.498046875,0.501953125,58,26
010,0.494140625,0.505859375,58,36
011,0.50390625,0.49609375,48,26
100,0.517578125,0.482421875,58,36
101,0.52734375,0.47265625,48,26
110,0.48828125,0.51171875,48,36
111,0.515625,0.484375,38,26
