state,p_marked,error,gate_count,depth
000,0.111328125,0.888671875,67,35
001,0.123046875,0.876953125,61,29
010,0.13671875,0.86328125,61,35
011,0.12890625,0.87109375,55,29
100,0.123046875,0.876953125,61,35
101,0.1484375,0.8515625,55,29
110,0.1171875,0.8828125,55,35
111,0.11328125,0.88671875,49,29
