state,p_marked,error,gate_count,depth
000,0.158203125,0.841796875,52,28
001,0.177734375,0.822265625,50,26
010,0.193359375,0.806640625,50,28
011,0.1640625,0.8359375,48,26
100,0.16796875,0.83203125,50,28
101,0.154296875,0.845703125,48,26
110,0.1640625,0.8359375,48,28
111,0.130859375,0.869140625,46,26
