state,p_marked,error,gate_count,depth
000,0.494140625,0.505859375,33,17
001,0.49609375,0.50390625,31,15
010,0.5078125,0.4921875,31,17
011,0.1484375,0.8515625,29,15
100,0.48828125,0.51171875,31,17
101,0.5078125,0.4921875,29,15
110,0.12890625,0.87109375,29,17
111,0.521484375,0.478515625,27,15
