state,p_marked,error,gate_count,depth
000,0.1171875,0.8828125,50,25
001,0.134765625,0.865234375,44,19
010,0.119140625,0.880859375,44,25
011,0.13671875,0.86328125,38,19
100,0.103515625,0.896484375,44,25
101,0.123046875,0.876953125,38,19
110,0.1328125,0.8671875,38,25
111,0.146484375,0.853515625,32,19
