state,p_marked,error,gate_count,depth
000,0.0,1.0,44,22
001,0.0,1.0,44,22
010,0.0,1.0,44,22
011,0.0,1.0,44,22
100,0.283203125,0.716796875,44,22
101,0.2578125,0.7421875,44,22
110,0.251953125,0.748046875,44,22
111,0.23828125,0.76171875,44,22
