state,p_marked,error,gate_count,depth
000,0.189453125,0.810546875,79,40
001,0.08203125,0.91796875,75,37
010,0.140625,0.859375,75,40
011,0.126953125,0.873046875,71,36
100,0.0703125,0.9296875,75,40
101,0.166015625,0.833984375,71,37
110,0.140625,0.859375,71,40
111,0.12890625,0.87109375,67,36
