state,p_marked,error,gate_count,depth
000,0.11328125,0.88671875,52,28
001,0.119140625,0.880859375,48,24
010,0.1015625,0.8984375,48,28
011,0.15234375,0.84765625,44,24
100,0.123046875,0.876953125,48,28
101,0.1328125,0.8671875,44,24
110,0.123046875,0.876953125,44,28
111,0.154296875,0.845703125,40,24
