state,p_marked,error,gate_count,depth
000,0.275390625,0.724609375,32,16
001,0.2890625,0.7109375,30,14
010,0.25390625,0.74609375,30,16
011,0.244140625,0.755859375,28,14
100,0.244140625,0.755859375,30,16
101,0.20703125,0.79296875,28,14
110,0.271484375,0.728515625,28,16
111,0.216796875,0.783203125,26,14
