state,p_marked,error,gate_count,depth
000,0.021484375,0.978515625,157,83
001,0.01953125,0.98046875,147,74
010,0.123046875,0.876953125,147,83
011,0.09375,0.90625,137,73
100,0.060546875,0.939453125,147,83
101,0.064453125,0.935546875,137,74
110,0.091796875,0.908203125,137,83
111,0.0546875,0.9453125,127,73
