state,p_marked,error,gate_count,depth
000,0.541015625,0.458984375,32,16
001,0.48046875,0.51953125,30,14
010,0.501953125,0.498046875,30,16
011,0.49609375,0.50390625,28,14
100,0.513671875,0.486328125,30,16
101,0.484375,0.515625,28,14
110,0.517578125,0.482421875,28,16
111,0.49609375,0.50390625,26,14
