state,p_marked,error,gate_count,depth
000,0.130859375,0.869140625,41,21
001,0.146484375,0.853515625,37,17
010,0.16015625,0.83984375,37,21
011,0.130859375,0.869140625,33,17
100,0.119140625,0.880859375,37,21
101,0.150390625,0.849609375,33,17
110,0.1015625,0.8984375,33,21
111,0.1328125,0.8671875,29,17
