state,p_marked,error,gate_count,depth
000,0.11328125,0.88671875,41,21
001,0.103515625,0.896484375,37,17
010,0.10546875,0.89453125,37,21
011,0.138671875,0.861328125,33,17
100,0.123046875,0.876953125,37,21
101,0.119140625,0.880859375,33,17
110,0.1328125,0.8671875,33,21
111,0.13671875,0.86328125,29,17
