state,p_marked,error,gate_count,depth
000,0.140625,0.859375,32,15
001,0.130859375,0.869140625,30,13
010,0.119140625,0.880859375,30,15
011,0.107421875,0.892578125,28,13
100,0.1015625,0.8984375,30,15
101,0.125,0.875,28,13
110,0.13671875,0.86328125,28,15
111,0.119140625,0.880859375,26,13
