state,p_marked,error,gate_count,depth
000,0.51171875,0.48828125,33,17
001,0.5234375,0.4765625,31,15
010,0.478515625,0.521484375,31,17
011,0.126953125,0.873046875,29,15
100,0.48046875,0.51953125,31,17
101,0.5078125,0.4921875,29,15
110,0.111328125,0.888671875,29,17
111,0.517578125,0.482421875,27,15
