state,p_marked,error,gate_count,depth
000,0.283203125,0.716796875,58,30
001,0.302734375,0.697265625,54,26
010,0.03125,0.96875,54,30
011,0.03515625,0.96484375,50,26
100,0.259765625,0.740234375,54,30
101,0.310546875,0.689453125,50,26
110,0.029296875,0.970703125,50,30
111,0.03515625,0.96484375,46,26
