state,p_marked,error,gate_count,depth
000,0.48828125,0.51171875,59,31
001,0.4921875,0.5078125,51,23
010,0.48046875,0.51953125,51,31
011,0.50390625,0.49609375,43,23
100,0.478515625,0.521484375,51,31
101,0.5546875,0.4453125,43,23
110,0.51171875,0.48828125,43,31
111,0.4765625,0.5234375,35,23
