state,p_marked,error,gate_count,depth
000,0.125,0.875,15,7
001,0.125,0.875,13,5
010,0.15234375,0.84765625,13,7
011,0.15625,0.84375,11,5
100,0.1328125,0.8671875,13,7
101,0.12890625,0.87109375,11,5
110,0.12890625,0.87109375,11,7
111,0.119140625,0.880859375,9,5
