state,p_marked,error,gate_count,depth
000,0.11328125,0.88671875,49,25
001,0.111328125,0.888671875,47,23
010,0.099609375,0.900390625,47,25
011,0.12109375,0.87890625,45,23
100,0.12109375,0.87890625,47,25
101,0.1328125,0.8671875,45,23
110,0.103515625,0.896484375,45,25
111,0.126953125,0.873046875,43,23
