state,p_marked,error,gate_count,depth
000,0.11328125,0.88671875,33,15
001,0.1484375,0.8515625,31,14
010,0.109375,0.890625,31,15
011,0.10546875,0.89453125,29,13
100,0.134765625,0.865234375,31,15
101,0.13671875,0.86328125,29,14
110,0.095703125,0.904296875,29,15
111,0.146484375,0.853515625,27,13
