state,p_marked,error,gate_count,depth
000,0.498046875,0.501953125,50,26
001,0.48046875,0.51953125,44,20
010,0.5078125,0.4921875,44,26
011,0.48046875,0.51953125,38,20
100,0.546875,0.453125,44,26
101,0.47265625,0.52734375,38,20
110,0.458984375,0.541015625,38,26
111,0.515625,0.484375,32,20
