state,p_marked,error,gate_count,depth
000,0.0,1.0,63,33
001,0.126953125,0.873046875,59,29
010,0.14453125,0.85546875,59,33
011,0.2578125,0.7421875,55,29
100,0.0,1.0,59,33
101,0.12890625,0.87109375,55,29
110,0.14453125,0.85546875,55,33
111,0.302734375,0.697265625,51,29
