state,p_marked,error,gate_count,depth
000,0.12109375,0.87890625,78,40
001,0.10546875,0.89453125,70,33
010,0.12109375,0.87890625,70,40
011,0.142578125,0.857421875,62,32
100,0.134765625,0.865234375,70,40
101,0.125,0.875,62,33
110,0.13671875,0.86328125,62,40
111,0.1171875,0.8828125,54,32
