state,p_marked,error,gate_count,depth
000,0.1328125,0.8671875,53,27
001,0.12109375,0.87890625,51,25
010,0.123046875,0.876953125,51,27
011,0.119140625,0.880859375,49,25
100,0.130859375,0.869140625,51,27
101,0.123046875,0.876953125,49,25
110,0.119140625,0.880859375,49,27
111,0.115234375,0.884765625,47,25
