state,p_marked,error,gate_count,depth
000,0.177734375,0.822265625,67,45
001,0.140625,0.859375,65,43
010,0.162109375,0.837890625,65,45
011,0.02734375,0.97265625,63,43
100,0.02734375,0.97265625,65,45
101,0.01171875,0.98828125,63,43
110,0.427734375,0.572265625,63,45
111,0.03125,0.96875,61,43
