state,p_marked,error,gate_count,depth
000,0.12109375,0.87890625,40,19
001,0.12890625,0.87109375,40,19
010,0.1171875,0.8828125,40,19
011,0.1484375,0.8515625,40,19
100,0.12890625,0.87109375,40,19
101,0.1171875,0.8828125,40,19
110,0.119140625,0.880859375,40,19
111,0.1328125,0.8671875,40,19
