state,p_marked,error,gate_count,depth
000,0.12109375,0.87890625,44,23
001,0.1171875,0.8828125,40,19
010,0.126953125,0.873046875,40,23
011,0.12890625,0.87109375,36,19
100,0.125,0.875,40,23
101,0.10546875,0.89453125,36,19
110,0.142578125,0.857421875,36,23
111,0.103515625,0.896484375,32,19
