state,p_marked,error,gate_count,depth
000,0.1171875,0.8828125,15,7
001,0.140625,0.859375,13,5
010,0.154296875,0.845703125,13,7
011,0.142578125,0.857421875,11,5
100,0.12890625,0.87109375,13,7
101,0.111328125,0.888671875,11,5
110,0.12890625,0.87109375,11,7
111,0.11328125,0.88671875,9,5
