state,p_marked,error,gate_count,depth
000,0.130859375,0.869140625,49,24
001,0.130859375,0.869140625,47,22
010,0.138671875,0.861328125,47,24
011,0.140625,0.859375,45,22
100,0.1328125,0.8671875,47,24
101,0.111328125,0.888671875,45,22
110,0.115234375,0.884765625,45,24
111,0.11328125,0.88671875,43,22
