state,p_marked,error,gate_count,depth
000,0.125,0.875,67,35
001,0.12890625,0.87109375,61,29
010,0.115234375,0.884765625,61,35
011,0.115234375,0.884765625,55,29
100,0.09765625,0.90234375,61,35
101,0.12109375,0.87890625,55,29
110,0.14453125,0.85546875,55,35
111,0.123046875,0.876953125,49,29
