state,p_marked,error,gate_count,depth
000,0.1484375,0.8515625,58,30
001,0.134765625,0.865234375,54,26
010,0.130859375,0.869140625,54,30
011,0.091796875,0.908203125,50,26
100,0.150390625,0.849609375,54,30
101,0.10546875,0.89453125,50,26
110,0.1171875,0.8828125,50,30
111,0.107421875,0.892578125,46,26
