state,p_marked,error,gate_count,depth
000,0.126953125,0.873046875,43,23
001,0.103515625,0.896484375,39,19
010,0.134765625,0.865234375,39,23
011,0.12109375,0.87890625,35,19
100,0.134765625,0.865234375,39,23
101,0.140625,0.859375,35,19
110,0.134765625,0.865234375,35,23
111,0.107421875,0.892578125,31,19
