state,p_marked,error,gate_count,depth
000,0.119140625,0.880859375,49,24
001,0.138671875,0.861328125,47,22
010,0.119140625,0.880859375,47,24
011,0.142578125,0.857421875,45,22
100,0.119140625,0.880859375,47,24
101,0.1171875,0.8828125,45,22
110,0.123046875,0.876953125,45,24
111,0.10546875,0.89453125,43,22
