state,p_marked,error,gate_count,depth
000,0.12109375,0.87890625,33,17
001,0.12890625,0.87109375,27,11
010,0.126953125,0.873046875,27,17
011,0.125,0.875,21,11
100,0.150390625,0.849609375,27,17
101,0.115234375,0.884765625,21,11
110,0.109375,0.890625,21,17
111,0.125,0.875,15,11
