state,p_marked,error,gate_count,depth
000,0.130859375,0.869140625,70,37
001,0.140625,0.859375,64,31
010,0.138671875,0.861328125,64,37
011,0.15234375,0.84765625,58,31
100,0.111328125,0.888671875,64,37
101,0.125,0.875,58,31
110,0.123046875,0.876953125,58,37
111,0.134765625,0.865234375,52,31
