state,p_marked,error,gate_count,depth
000,0.10546875,0.89453125,50,26
001,0.125,0.875,44,20
010,0.107421875,0.892578125,44,26
011,0.115234375,0.884765625,38,20
100,0.146484375,0.853515625,44,26
101,0.11328125,0.88671875,38,20
110,0.109375,0.890625,38,26
111,0.109375,0.890625,32,20
