state,p_marked,error,gate_count,depth
000,0.1328125,0.8671875,68,35
001,0.126953125,0.873046875,58,25
010,0.1484375,0.8515625,58,35
011,0.125,0.875,48,25
100,0.138671875,0.861328125,58,35
101,0.123046875,0.876953125,48,25
110,0.146484375,0.853515625,48,35
111,0.126953125,0.873046875,38,25
