state,p_marked,error,gate_count,depth
000,0.138671875,0.861328125,24,12
001,0.142578125,0.857421875,20,8
010,0.103515625,0.896484375,20,12
011,0.109375,0.890625,16,8
100,0.140625,0.859375,20,12
101,0.13671875,0.86328125,16,8
110,0.130859375,0.869140625,16,12
111,0.11328125,0.88671875,12,8
