state,p_marked,error,gate_count,depth
000,0.130859375,0.869140625,51,26
001,0.12109375,0.87890625,49,24
010,0.1171875,0.8828125,49,26
011,0.126953125,0.873046875,47,24
100,0.14453125,0.85546875,49,26
101,0.115234375,0.884765625,47,24
110,0.130859375,0.869140625,47,26
111,0.107421875,0.892578125,45,24
