state,p_marked,error,gate_count,depth
000,0.4765625,0.5234375,42,22
001,0.4765625,0.5234375,38,18
010,0.517578125,0.482421875,38,22
011,0.134765625,0.865234375,34,18
100,0.48046875,0.51953125,38,22
101,0.51953125,0.48046875,34,18
110,0.109375,0.890625,34,22
111,0.498046875,0.501953125,30,18
