state,p_marked,error,gate_count,depth
000,0.12109375,0.87890625,15,7
001,0.13671875,0.86328125,13,5
010,0.146484375,0.853515625,13,7
011,0.11328125,0.88671875,11,5
100,0.150390625,0.849609375,13,7
101,0.126953125,0.873046875,11,5
110,0.126953125,0.873046875,11,7
111,0.111328125,0.888671875,9,5
