state,p_marked,error,gate_count,depth
000,0.51171875,0.48828125,41,21
001,0.5,0.5,37,17
010,0.49609375,0.50390625,37,21
011,0.498046875,0.501953125,33,17
100,0.541015625,0.458984375,37,21
101,0.548828125,0.451171875,33,17
110,0.515625,0.484375,33,21
111,0.45703125,0.54296875,29,17
