state,p_marked,error,gate_count,depth
000,0.126953125,0.873046875,32,15
001,0.109375,0.890625,30,13
010,0.1171875,0.8828125,30,15
011,0.142578125,0.857421875,28,13
100,0.134765625,0.865234375,30,15
101,0.126953125,0.873046875,28,13
110,0.126953125,0.873046875,28,15
111,0.119140625,0.880859375,26,13
