state,p_marked,error,gate_count,depth
000,0.130859375,0.869140625,44,23
001,0.126953125,0.873046875,40,19
010,0.146484375,0.853515625,40,23
011,0.126953125,0.873046875,36,19
100,0.095703125,0.904296875,40,23
101,0.1171875,0.8828125,36,19
110,0.123046875,0.876953125,36,23
111,0.111328125,0.888671875,32,19
