state,p_marked,error,gate_count,depth
000,0.068359375,0.931640625,118,71
001,0.001953125,0.998046875,112,66
010,0.28515625,0.71484375,112,71
011,0.169921875,0.830078125,106,66
100,0.240234375,0.759765625,112,70
101,0.19921875,0.80078125,106,65
110,0.2265625,0.7734375,106,70
111,0.0625,0.9375,100,65
