state,p_marked,error,gate_count,depth
000,0.5234375,0.4765625,59,31
001,0.4765625,0.5234375,51,23
010,0.529296875,0.470703125,51,31
011,0.47265625,0.52734375,43,23
100,0.49609375,0.50390625,51,31
101,0.529296875,0.470703125,43,23
110,0.494140625,0.505859375,43,31
111,0.486328125,0.513671875,35,23
