state,p_marked,error,gate_count,depth
000,0.501953125,0.498046875,32,16
001,0.51171875,0.48828125,30,14
010,0.51171875,0.48828125,30,16
011,0.494140625,0.505859375,28,14
100,0.505859375,0.494140625,30,16
101,0.49609375,0.50390625,28,14
110,0.490234375,0.509765625,28,16
111,0.48828125,0.51171875,26,14
