state,p_marked,error,gate_count,depth
000,0.142578125,0.857421875,33,17
001,0.115234375,0.884765625,27,11
010,0.140625,0.859375,27,17
011,0.126953125,0.873046875,21,11
100,0.09375,0.90625,27,17
101,0.1171875,0.8828125,21,11
110,0.146484375,0.853515625,21,17
111,0.12890625,0.87109375,15,11
