state,p_marked,error,gate_count,depth
000,0.109375,0.890625,49,24
001,0.1484375,0.8515625,47,22
010,0.134765625,0.865234375,47,24
011,0.126953125,0.873046875,45,22
100,0.115234375,0.884765625,47,24
101,0.15234375,0.84765625,45,22
110,0.1171875,0.8828125,45,24
111,0.142578125,0.857421875,43,22
