state,p_marked,error,gate_count,depth
000,0.494140625,0.505859375,41,21
001,0.5,0.5,37,17
010,0.474609375,0.525390625,37,21
011,0.51171875,0.48828125,33,17
100,0.4921875,0.5078125,37,21
101,0.53515625,0.46484375,33,17
110,0.501953125,0.498046875,33,21
111,0.474609375,0.525390625,29,17
