state,p_marked,error,gate_count,depth
000,0.12109375,0.87890625,58,29
001,0.1171875,0.8828125,54,25
010,0.12890625,0.87109375,54,29
011,0.119140625,0.880859375,50,25
100,0.146484375,0.853515625,54,29
101,0.1328125,0.8671875,50,25
110,0.12109375,0.87890625,50,29
111,0.158203125,0.841796875,46,25
