state,p_marked,error,gate_count,depth
000,0.486328125,0.513671875,69,36
001,0.107421875,0.892578125,63,30
010,0.0,1.0,63,36
011,0.1015625,0.8984375,57,30
100,0.51171875,0.48828125,63,36
101,0.119140625,0.880859375,57,30
110,0.0,1.0,57,36
111,0.130859375,0.869140625,51,30
