state,p_marked,error,gate_count,depth
000,0.109375,0.890625,24,12
001,0.1171875,0.8828125,20,8
010,0.13671875,0.86328125,20,12
011,0.162109375,0.837890625,16,8
100,0.107421875,0.892578125,20,12
101,0.10546875,0.89453125,16,8
110,0.095703125,0.904296875,16,12
111,0.111328125,0.888671875,12,8
