state,p_marked,error,gate_count,depth
000,0.15625,0.84375,33,17
001,0.138671875,0.861328125,27,11
010,0.1640625,0.8359375,27,17
011,0.12109375,0.87890625,21,11
100,0.14453125,0.85546875,27,17
101,0.115234375,0.884765625,21,11
110,0.15625,0.84375,21,17
111,0.1015625,0.8984375,15,11
