state,p_marked,error,gate_count,depth
000,0.123046875,0.876953125,27,14
001,0.119140625,0.880859375,27,14
010,0.1328125,0.8671875,27,14
011,0.13671875,0.86328125,27,14
100,0.119140625,0.880859375,27,14
101,0.14453125,0.85546875,27,14
110,0.10546875,0.89453125,27,14
111,0.103515625,0.896484375,27,14
