state,p_marked,error,gate_count,depth
000,0.1171875,0.8828125,44,23
001,0.123046875,0.876953125,40,19
010,0.111328125,0.888671875,40,23
011,0.138671875,0.861328125,36,19
100,0.109375,0.890625,40,23
101,0.125,0.875,36,19
110,0.158203125,0.841796875,36,23
111,0.123046875,0.876953125,32,19
