state,p_marked,error,gate_count,depth
000,0.021484375,0.978515625,59,31
001,0.037109375,0.962890625,55,27
010,0.029296875,0.970703125,55,31
011,0.025390625,0.974609375,51,27
100,0.033203125,0.966796875,55,31
101,0.025390625,0.974609375,51,27
110,0.0390625,0.9609375,51,31
111,0.0234375,0.9765625,47,27
