state,p_marked,error,gate_count,depth
000,0.130859375,0.869140625,24,12
001,0.12109375,0.87890625,20,8
010,0.1484375,0.8515625,20,12
011,0.103515625,0.896484375,16,8
100,0.1484375,0.8515625,20,12
101,0.150390625,0.849609375,16,8
110,0.107421875,0.892578125,16,12
111,0.111328125,0.888671875,12,8
