state,p_marked,error,gate_count,depth
000,0.484375,0.515625,41,21
001,0.484375,0.515625,37,17
010,0.478515625,0.521484375,37,21
011,0.53515625,0.46484375,33,17
100,0.478515625,0.521484375,37,21
101,0.4765625,0.5234375,33,17
110,0.5078125,0.4921875,33,21
111,0.51953125,0.48046875,29,17
