state,p_marked,error,gate_count,depth
000,0.12890625,0.87109375,32,15
001,0.154296875,0.845703125,30,13
010,0.166015625,0.833984375,30,15
011,0.12890625,0.87109375,28,13
100,0.1171875,0.8828125,30,15
101,0.14453125,0.85546875,28,13
110,0.125,0.875,28,15
111,0.11328125,0.88671875,26,13
