state,p_marked,error,gate_count,depth
000,0.134765625,0.865234375,42,22
001,0.11328125,0.88671875,38,18
010,0.146484375,0.853515625,38,22
011,0.12109375,0.87890625,34,18
100,0.107421875,0.892578125,38,22
101,0.138671875,0.861328125,34,18
110,0.12109375,0.87890625,34,22
111,0.125,0.875,30,18
