state,p_marked,error,gate_count,depth
000,0.521484375,0.478515625,32,16
001,0.451171875,0.548828125,30,14
010,0.50390625,0.49609375,30,16
011,0.505859375,0.494140625,28,14
100,0.4453125,0.5546875,30,16
101,0.505859375,0.494140625,28,14
110,0.51953125,0.48046875,28,16
111,0.501953125,0.498046875,26,14
