state,p_marked,error,gate_count,depth
000,0.103515625,0.896484375,41,21
001,0.12890625,0.87109375,37,17
010,0.146484375,0.853515625,37,21
011,0.14453125,0.85546875,33,17
100,0.09375,0.90625,37,21
101,0.119140625,0.880859375,33,17
110,0.103515625,0.896484375,33,21
111,0.134765625,0.865234375,29,17
