state,p_marked,error,gate_count,depth
000,0.248046875,0.751953125,49,25
001,0.0,1.0,47,23
010,0.23828125,0.76171875,47,25
011,0.0,1.0,45,23
100,0.232421875,0.767578125,47,25
101,0.0,1.0,45,23
110,0.26953125,0.73046875,45,25
111,0.0,1.0,43,23
