state,p_marked,error,gate_count,depth
000,0.0,1.0,32,16
001,0.0,1.0,30,14
010,0.0,1.0,30,16
011,0.0,1.0,28,14
100,0.0,1.0,30,16
101,0.12890625,0.87109375,28,14
110,0.1328125,0.8671875,28,16
111,0.0,1.0,26,14
