state,p_marked,error,gate_count,depth
000,0.263671875,0.736328125,38,19
001,0.126953125,0.873046875,36,17
010,0.25,0.75,36,19
011,0.146484375,0.853515625,34,17
100,0.1171875,0.8828125,36,19
101,0.30078125,0.69921875,34,17
110,0.09375,0.90625,34,19
111,0.251953125,0.748046875,32,17
