state,p_marked,error,gate_count,depth
000,0.560546875,0.439453125,41,21
001,0.486328125,0.513671875,37,17
010,0.46875,0.53125,37,21
011,0.4765625,0.5234375,33,17
100,0.501953125,0.498046875,37,21
101,0.5390625,0.4609375,33,17
110,0.49609375,0.50390625,33,21
111,0.5390625,0.4609375,29,17
