state,p_marked,error,gate_count,depth
000,0.10546875,0.89453125,33,15
001,0.12890625,0.87109375,31,13
010,0.126953125,0.873046875,31,15
011,0.119140625,0.880859375,29,13
100,0.14453125,0.85546875,31,15
101,0.123046875,0.876953125,29,13
110,0.140625,0.859375,29,15
111,0.111328125,0.888671875,27,13
