state,p_marked,error,gate_count,depth
000,0.12109375,0.87890625,24,12
001,0.12109375,0.87890625,24,12
010,0.1328125,0.8671875,24,12
011,0.12109375,0.87890625,24,12
100,0.119140625,0.880859375,24,12
101,0.12109375,0.87890625,24,12
110,0.12890625,0.87109375,24,12
111,0.166015625,0.833984375,24,12
