state,p_marked,error,gate_count,depth
000,0.48046875,0.51953125,32,16
001,0.54296875,0.45703125,30,14
010,0.54296875,0.45703125,30,16
011,0.486328125,0.513671875,28,14
100,0.53125,0.46875,30,16
101,0.48046875,0.51953125,28,14
110,0.521484375,0.478515625,28,16
111,0.474609375,0.525390625,26,14
