state,p_marked,error,gate_count,depth
000,0.109375,0.890625,50,26
001,0.1328125,0.8671875,48,24
010,0.11328125,0.88671875,48,26
011,0.109375,0.890625,46,24
100,0.130859375,0.869140625,48,26
101,0.1328125,0.8671875,46,24
110,0.10546875,0.89453125,46,26
111,0.11328125,0.88671875,44,24
