state,p_marked,error,gate_count,depth
000,0.138671875,0.861328125,15,7
001,0.134765625,0.865234375,13,5
010,0.10546875,0.89453125,13,7
011,0.1015625,0.8984375,11,5
100,0.181640625,0.818359375,13,7
101,0.12109375,0.87890625,11,5
110,0.083984375,0.916015625,11,7
111,0.126953125,0.873046875,9,5
