state,p_marked,error,gate_count,depth
000,0.470703125,0.529296875,32,16
001,0.5,0.5,30,14
010,0.48828125,0.51171875,30,16
011,0.5,0.5,28,14
100,0.525390625,0.474609375,30,16
101,0.521484375,0.478515625,28,14
110,0.451171875,0.548828125,28,16
111,0.505859375,0.494140625,26,14
