state,p_marked,error,gate_count,depth
000,0.107421875,0.892578125,33,17
001,0.115234375,0.884765625,31,15
010,0.107421875,0.892578125,31,17
011,0.11328125,0.88671875,29,15
100,0.12109375,0.87890625,31,17
101,0.1015625,0.8984375,29,15
110,0.12890625,0.87109375,29,17
111,0.107421875,0.892578125,27,15
