state,p_marked,error,gate_count,depth
000,0.091796875,0.908203125,32,15
001,0.05859375,0.94140625,30,13
010,0.076171875,0.923828125,30,15
011,0.052734375,0.947265625,28,13
100,0.06640625,0.93359375,30,15
101,0.0625,0.9375,28,13
110,0.07421875,0.92578125,28,15
111,0.080078125,0.919921875,26,13
