state,p_marked,error,gate_count,depth
000,0.0,1.0,38,21
001,0.146484375,0.853515625,36,19
010,0.142578125,0.857421875,36,21
011,0.0,1.0,34,19
100,0.0,1.0,36,21
101,0.095703125,0.904296875,34,19
110,0.138671875,0.861328125,34,21
111,0.0,1.0,32,19
