state,p_marked,error,gate_count,depth
000,0.119140625,0.880859375,76,38
001,0.130859375,0.869140625,72,35
010,0.125,0.875,72,38
011,0.109375,0.890625,68,34
100,0.130859375,0.869140625,72,38
101,0.125,0.875,68,35
110,0.123046875,0.876953125,68,38
111,0.130859375,0.869140625,64,34
