state,p_marked,error,gate_count,depth
000,0.515625,0.484375,58,29
001,0.529296875,0.470703125,54,25
010,0.4453125,0.5546875,54,29
011,0.47265625,0.52734375,50,25
100,0.49609375,0.50390625,54,29
101,0.44140625,0.55859375,50,25
110,0.4765625,0.5234375,50,29
111,0.486328125,0.513671875,46,25
