state,p_marked,error,gate_count,depth
000,0.099609375,0.900390625,33,17
001,0.15234375,0.84765625,27,11
010,0.13671875,0.86328125,27,17
011,0.109375,0.890625,21,11
100,0.140625,0.859375,27,17
101,0.142578125,0.857421875,21,11
110,0.16015625,0.83984375,21,17
111,0.12890625,0.87109375,15,11
