state,p_marked,error,gate_count,depth
000,0.130859375,0.869140625,33,16
001,0.111328125,0.888671875,31,15
010,0.15625,0.84375,31,16
011,0.10546875,0.89453125,29,14
100,0.111328125,0.888671875,31,16
101,0.126953125,0.873046875,29,15
110,0.130859375,0.869140625,29,16
111,0.13671875,0.86328125,27,14
