state,p_marked,error,gate_count,depth
000,0.4921875,0.5078125,41,21
001,0.525390625,0.474609375,37,17
010,0.51953125,0.48046875,37,21
011,0.544921875,0.455078125,33,17
100,0.5078125,0.4921875,37,21
101,0.544921875,0.455078125,33,17
110,0.51953125,0.48046875,33,21
111,0.541015625,0.458984375,29,17
