state,p_marked,error,gate_count,depth
000,0.12109375,0.87890625,49,25
001,0.134765625,0.865234375,47,23
010,0.138671875,0.861328125,47,25
011,0.09765625,0.90234375,45,23
100,0.09765625,0.90234375,47,25
101,0.126953125,0.873046875,45,23
110,0.140625,0.859375,45,25
111,0.12890625,0.87109375,43,23
