state,p_marked,error,gate_count,depth
000,0.10546875,0.89453125,15,7
001,0.140625,0.859375,13,5
010,0.107421875,0.892578125,13,7
011,0.12109375,0.87890625,11,5
100,0.14453125,0.85546875,13,7
101,0.111328125,0.888671875,11,5
110,0.11328125,0.88671875,11,7
111,0.119140625,0.880859375,9,5
