state,p_marked,error,gate_count,depth
000,0.48828125,0.51171875,42,22
001,0.466796875,0.533203125,38,18
010,0.490234375,0.509765625,38,22
011,0.0,1.0,34,18
100,0.458984375,0.541015625,38,22
101,0.0,1.0,34,18
110,0.46484375,0.53515625,34,22
111,0.49609375,0.50390625,30,18
