state,p_marked,error,gate_count,depth
000,0.138671875,0.861328125,47,25
001,0.1015625,0.8984375,47,25
010,0.111328125,0.888671875,47,25
011,0.1171875,0.8828125,47,25
100,0.115234375,0.884765625,47,25
101,0.10546875,0.89453125,47,25
110,0.142578125,0.857421875,47,25
111,0.14453125,0.85546875,47,25
