state,p_marked,error,gate_count,depth
000,0.1484375,0.8515625,15,7
001,0.12109375,0.87890625,13,5
010,0.1328125,0.8671875,13,7
011,0.109375,0.890625,11,5
100,0.1015625,0.8984375,13,7
101,0.10546875,0.89453125,11,5
110,0.11328125,0.88671875,11,7
111,0.119140625,0.880859375,9,5
