state,p_marked,error,gate_count,depth
000,0.607421875,0.392578125,41,23
001,0.115234375,0.884765625,39,21
010,0.11328125,0.88671875,39,23
011,0.259765625,0.740234375,37,21
100,0.625,0.375,39,23
101,0.126953125,0.873046875,37,21
110,0.111328125,0.888671875,37,23
111,0.2421875,0.7578125,35,21
