state,p_marked,error,gate_count,depth
000,0.158203125,0.841796875,42,21
001,0.125,0.875,38,18
010,0.1328125,0.8671875,38,21
011,0.15234375,0.84765625,34,17
100,0.12890625,0.87109375,38,21
101,0.125,0.875,34,18
110,0.1171875,0.8828125,34,21
111,0.14453125,0.85546875,30,17
