state,p_marked,error,gate_count,depth
000,0.126953125,0.873046875,49,25
001,0.15625,0.84375,47,23
010,0.111328125,0.888671875,47,25
011,0.095703125,0.904296875,45,23
100,0.134765625,0.865234375,47,25
101,0.138671875,0.861328125,45,23
110,0.140625,0.859375,45,25
111,0.123046875,0.876953125,43,23
