state,p_marked,error,gate_count,depth
000,0.1015625,0.8984375,50,26
001,0.111328125,0.888671875,48,24
010,0.134765625,0.865234375,48,26
011,0.109375,0.890625,46,24
100,0.13671875,0.86328125,48,26
101,0.14453125,0.85546875,46,24
110,0.125,0.875,46,26
111,0.12890625,0.87109375,44,24
