state,p_marked,error,gate_count,depth
000,0.5234375,0.4765625,32,16
001,0.53515625,0.46484375,30,14
010,0.47265625,0.52734375,30,16
011,0.5078125,0.4921875,28,14
100,0.5078125,0.4921875,30,16
101,0.537109375,0.462890625,28,14
110,0.501953125,0.498046875,28,16
111,0.478515625,0.521484375,26,14
