state,p_marked,error,gate_count,depth
000,0.14453125,0.85546875,58,29
001,0.1328125,0.8671875,54,25
010,0.126953125,0.873046875,54,29
011,0.13671875,0.86328125,50,25
100,0.146484375,0.853515625,54,29
101,0.1015625,0.8984375,50,25
110,0.115234375,0.884765625,50,29
111,0.150390625,0.849609375,46,25
