state,p_marked,error,gate_count,depth
000,0.4921875,0.5078125,32,16
001,0.50390625,0.49609375,30,14
010,0.484375,0.515625,30,16
011,0.4921875,0.5078125,28,14
100,0.5234375,0.4765625,30,16
101,0.521484375,0.478515625,28,14
110,0.548828125,0.451171875,28,16
111,0.494140625,0.505859375,26,14
