state,p_marked,error,gate_count,depth
000,0.478515625,0.521484375,32,16
001,0.4921875,0.5078125,30,14
010,0.515625,0.484375,30,16
011,0.513671875,0.486328125,28,14
100,0.46484375,0.53515625,30,16
101,0.4921875,0.5078125,28,14
110,0.5703125,0.4296875,28,16
111,0.525390625,0.474609375,26,14
