state,p_marked,error,gate_count,depth
000,0.486328125,0.513671875,59,31
001,0.474609375,0.525390625,51,23
010,0.509765625,0.490234375,51,31
011,0.49609375,0.50390625,43,23
100,0.478515625,0.521484375,51,31
101,0.525390625,0.474609375,43,23
110,0.49609375,0.50390625,43,31
111,0.51953125,0.48046875,35,23
