state,p_marked,error,gate_count,depth
000,0.5,0.5,50,26
001,0.53515625,0.46484375,44,20
010,0.529296875,0.470703125,44,26
011,0.44921875,0.55078125,38,20
100,0.494140625,0.505859375,44,26
101,0.525390625,0.474609375,38,20
110,0.5,0.5,38,26
111,0.48828125,0.51171875,32,20
