state,p_marked,error,gate_count,depth
000,0.125,0.875,24,12
001,0.123046875,0.876953125,20,8
010,0.142578125,0.857421875,20,12
011,0.126953125,0.873046875,16,8
100,0.1171875,0.8828125,20,12
101,0.123046875,0.876953125,16,8
110,0.123046875,0.876953125,16,12
111,0.15625,0.84375,12,8
