state,p_marked,error,gate_count,depth
000,0.123046875,0.876953125,35,18
001,0.0,1.0,33,16
010,0.134765625,0.865234375,33,18
011,0.12890625,0.87109375,31,16
100,0.11328125,0.88671875,33,18
101,0.0,1.0,31,16
110,0.13671875,0.86328125,31,18
111,0.103515625,0.896484375,29,16
