state,p_marked,error,gate_count,depth
000,0.119140625,0.880859375,25,11
001,0.130859375,0.869140625,25,11
010,0.115234375,0.884765625,25,11
011,0.12890625,0.87109375,25,11
100,0.126953125,0.873046875,25,11
101,0.12890625,0.87109375,25,11
110,0.138671875,0.861328125,25,11
111,0.109375,0.890625,25,11
