state,p_marked,error,gate_count,depth
000,0.1328125,0.8671875,15,7
001,0.125,0.875,13,5
010,0.111328125,0.888671875,13,7
011,0.1171875,0.8828125,11,5
100,0.10546875,0.89453125,13,7
101,0.1328125,0.8671875,11,5
110,0.119140625,0.880859375,11,7
111,0.140625,0.859375,9,5
