state,p_marked,error,gate_count,depth
000,0.078125,0.921875,63,46
001,0.076171875,0.923828125,63,46
010,0.009765625,0.990234375,63,46
011,0.1015625,0.8984375,63,46
100,0.203125,0.796875,63,46
101,0.27734375,0.72265625,63,46
110,0.072265625,0.927734375,63,46
111,0.154296875,0.845703125,63,46
