state,p_marked,error,gate_count,depth
000,0.123046875,0.876953125,24,12
001,0.125,0.875,20,8
010,0.09375,0.90625,20,12
011,0.095703125,0.904296875,16,8
100,0.1328125,0.8671875,20,12
101,0.10546875,0.89453125,16,8
110,0.109375,0.890625,16,12
111,0.126953125,0.873046875,12,8
