state,p_marked,error,gate_count,depth
000,0.11328125,0.88671875,51,25
001,0.12890625,0.87109375,49,23
010,0.11328125,0.88671875,49,25
011,0.140625,0.859375,47,23
100,0.1328125,0.8671875,49,25
101,0.103515625,0.896484375,47,23
110,0.126953125,0.873046875,47,25
111,0.103515625,0.896484375,45,23
