state,p_marked,error,gate_count,depth
000,0.1328125,0.8671875,50,25
001,0.1328125,0.8671875,44,19
010,0.125,0.875,44,25
011,0.107421875,0.892578125,38,19
100,0.12109375,0.87890625,44,25
101,0.134765625,0.865234375,38,19
110,0.09765625,0.90234375,38,25
111,0.12109375,0.87890625,32,19
