state,p_marked,error,gate_count,depth
000,0.142578125,0.857421875,15,7
001,0.11328125,0.88671875,13,5
010,0.0703125,0.9296875,13,7
011,0.1328125,0.8671875,11,5
100,0.138671875,0.861328125,13,7
101,0.103515625,0.896484375,11,5
110,0.130859375,0.869140625,11,7
111,0.142578125,0.857421875,9,5
