state,p_marked,error,gate_count,depth
000,0.12109375,0.87890625,24,12
001,0.10546875,0.89453125,20,8
010,0.130859375,0.869140625,20,12
011,0.16015625,0.83984375,16,8
100,0.12890625,0.87109375,20,12
101,0.14453125,0.85546875,16,8
110,0.1171875,0.8828125,16,12
111,0.130859375,0.869140625,12,8
