state,p_marked,error,gate_count,depth
000,0.45703125,0.54296875,41,21
001,0.443359375,0.556640625,37,17
010,0.50390625,0.49609375,37,21
011,0.529296875,0.470703125,33,17
100,0.5,0.5,37,21
101,0.5234375,0.4765625,33,17
110,0.515625,0.484375,33,21
111,0.478515625,0.521484375,29,17
