state,p_marked,error,gate_count,depth
000,0.384765625,0.615234375,71,48
001,0.005859375,0.994140625,71,48
010,0.01171875,0.98828125,71,48
011,0.060546875,0.939453125,71,48
100,0.203125,0.796875,71,48
101,0.16015625,0.83984375,71,48
110,0.12890625,0.87109375,71,48
111,0.12890625,0.87109375,71,48
