state,p_marked,error,gate_count,depth
000,0.11328125,0.88671875,56,28
001,0.115234375,0.884765625,54,26
010,0.1015625,0.8984375,54,28
011,0.123046875,0.876953125,52,26
100,0.10546875,0.89453125,54,28
101,0.12109375,0.87890625,52,26
110,0.103515625,0.896484375,52,28
111,0.115234375,0.884765625,50,26
