state,p_marked,error,gate_count,depth
000,0.431640625,0.568359375,41,21
001,0.513671875,0.486328125,37,17
010,0.517578125,0.482421875,37,21
011,0.4765625,0.5234375,33,17
100,0.5390625,0.4609375,37,21
101,0.4375,0.5625,33,17
110,0.44921875,0.55078125,33,21
111,0.509765625,0.490234375,29,17
