state,p_marked,error,gate_count,depth
000,0.052734375,0.947265625,50,25
001,0.07421875,0.92578125,44,19
010,0.068359375,0.931640625,44,25
011,0.048828125,0.951171875,38,19
100,0.072265625,0.927734375,44,25
101,0.06640625,0.93359375,38,19
110,0.060546875,0.939453125,38,25
111,0.04296875,0.95703125,32,19
