state,p_marked,error,gate_count,depth
000,0.123046875,0.876953125,32,15
001,0.1171875,0.8828125,30,13
010,0.11328125,0.88671875,30,15
011,0.142578125,0.857421875,28,13
100,0.142578125,0.857421875,30,15
101,0.080078125,0.919921875,28,13
110,0.130859375,0.869140625,28,15
111,0.123046875,0.876953125,26,13
