state,p_marked,error,gate_count,depth
000,0.47265625,0.52734375,41,21
001,0.501953125,0.498046875,37,17
010,0.5078125,0.4921875,37,21
011,0.5078125,0.4921875,33,17
100,0.515625,0.484375,37,21
101,0.50390625,0.49609375,33,17
110,0.517578125,0.482421875,33,21
111,0.48828125,0.51171875,29,17
