state,p_marked,error,gate_count,depth
000,0.13671875,0.86328125,55,28
001,0.126953125,0.873046875,53,26
010,0.1171875,0.8828125,53,28
011,0.125,0.875,51,26
100,0.1171875,0.8828125,53,28
101,0.126953125,0.873046875,51,26
110,0.13671875,0.86328125,51,28
111,0.130859375,0.869140625,49,26
