state,p_marked,error,gate_count,depth
000,0.12109375,0.87890625,41,20
001,0.146484375,0.853515625,37,16
010,0.15234375,0.84765625,37,20
011,0.1171875,0.8828125,33,16
100,0.087890625,0.912109375,37,20
101,0.11328125,0.88671875,33,16
110,0.115234375,0.884765625,33,20
111,0.115234375,0.884765625,29,16
