state,p_marked,error,gate_count,depth
000,0.46875,0.53125,41,21
001,0.513671875,0.486328125,37,17
010,0.505859375,0.494140625,37,21
011,0.494140625,0.505859375,33,17
100,0.439453125,0.560546875,37,21
101,0.5,0.5,33,17
110,0.4921875,0.5078125,33,21
111,0.478515625,0.521484375,29,17
