state,p_marked,error,gate_count,depth
000,0.140625,0.859375,23,11
001,0.12109375,0.87890625,23,11
010,0.115234375,0.884765625,23,11
011,0.115234375,0.884765625,23,11
100,0.126953125,0.873046875,23,11
101,0.134765625,0.865234375,23,11
110,0.10546875,0.89453125,23,11
111,0.146484375,0.853515625,23,11
