state,p_marked,error,gate_count,depth
000,0.189453125,0.810546875,63,35
001,0.0234375,0.9765625,59,31
010,0.158203125,0.841796875,59,35
011,0.025390625,0.974609375,55,31
100,0.03515625,0.96484375,59,35
101,0.244140625,0.755859375,55,31
110,0.234375,0.765625,55,35
111,0.0234375,0.9765625,51,31
