state,p_marked,error,gate_count,depth
000,0.1953125,0.8046875,82,44
001,0.0625,0.9375,78,41
010,0.07421875,0.92578125,78,44
011,0.1796875,0.8203125,74,40
100,0.189453125,0.810546875,78,44
101,0.07421875,0.92578125,74,41
110,0.08203125,0.91796875,74,44
111,0.17578125,0.82421875,70,40
