state,p_marked,error,gate_count,depth
000,0.099609375,0.900390625,33,17
001,0.126953125,0.873046875,27,11
010,0.12109375,0.87890625,27,17
011,0.115234375,0.884765625,21,11
100,0.134765625,0.865234375,27,17
101,0.138671875,0.861328125,21,11
110,0.111328125,0.888671875,21,17
111,0.162109375,0.837890625,15,11
