state,p_marked,error,gate_count,depth
000,0.103515625,0.896484375,58,30
001,0.130859375,0.869140625,54,26
010,0.099609375,0.900390625,54,30
011,0.134765625,0.865234375,50,26
100,0.15625,0.84375,54,30
101,0.10546875,0.89453125,50,26
110,0.12109375,0.87890625,50,30
111,0.123046875,0.876953125,46,26
