state,p_marked,error,gate_count,depth
000,0.501953125,0.498046875,32,16
001,0.501953125,0.498046875,30,14
010,0.509765625,0.490234375,30,16
011,0.478515625,0.521484375,28,14
100,0.513671875,0.486328125,30,16
101,0.51171875,0.48828125,28,14
110,0.521484375,0.478515625,28,16
111,0.509765625,0.490234375,26,14
