state,p_marked,error,gate_count,depth
000,0.5078125,0.4921875,41,21
001,0.48828125,0.51171875,37,17
010,0.4921875,0.5078125,37,21
011,0.52734375,0.47265625,33,17
100,0.525390625,0.474609375,37,21
101,0.48828125,0.51171875,33,17
110,0.5,0.5,33,21
111,0.453125,0.546875,29,17
