state,p_marked,error,gate_count,depth
000,0.125,0.875,24,12
001,0.142578125,0.857421875,20,8
010,0.103515625,0.896484375,20,12
011,0.12890625,0.87109375,16,8
100,0.140625,0.859375,20,12
101,0.076171875,0.923828125,16,8
110,0.12890625,0.87109375,16,12
111,0.1171875,0.8828125,12,8
