state,p_marked,error,gate_count,depth
000,0.537109375,0.462890625,32,16
001,0.4921875,0.5078125,30,14
010,0.498046875,0.501953125,30,16
011,0.46484375,0.53515625,28,14
100,0.5,0.5,30,16
101,0.537109375,0.462890625,28,14
110,0.462890625,0.537109375,28,16
111,0.505859375,0.494140625,26,14
