state,p_marked,error,gate_count,depth
000,0.15234375,0.84765625,59,31
001,0.123046875,0.876953125,51,23
010,0.099609375,0.900390625,51,31
011,0.1171875,0.8828125,43,23
100,0.12890625,0.87109375,51,31
101,0.111328125,0.888671875,43,23
110,0.099609375,0.900390625,43,31
111,0.123046875,0.876953125,35,23
