state,p_marked,error,gate_count,depth
000,0.470703125,0.529296875,59,31
001,0.521484375,0.478515625,51,23
010,0.50390625,0.49609375,51,31
011,0.521484375,0.478515625,43,23
100,0.517578125,0.482421875,51,31
101,0.482421875,0.517578125,43,23
110,0.533203125,0.466796875,43,31
111,0.474609375,0.525390625,35,23
