state,p_marked,error,gate_count,depth
000,0.091796875,0.908203125,33,17
001,0.140625,0.859375,27,11
010,0.1171875,0.8828125,27,17
011,0.130859375,0.869140625,21,11
100,0.123046875,0.876953125,27,17
101,0.14453125,0.85546875,21,11
110,0.107421875,0.892578125,21,17
111,0.158203125,0.841796875,15,11
