state,p_marked,error,gate_count,depth
000,0.109375,0.890625,68,35
001,0.115234375,0.884765625,62,30
010,0.099609375,0.900390625,62,35
011,0.12109375,0.87890625,56,29
100,0.150390625,0.849609375,62,35
101,0.125,0.875,56,30
110,0.125,0.875,56,35
111,0.13671875,0.86328125,50,29
