state,p_marked,error,gate_count,depth
000,0.51171875,0.48828125,41,21
001,0.515625,0.484375,37,17
010,0.50390625,0.49609375,37,21
011,0.51171875,0.48828125,33,17
100,0.515625,0.484375,37,21
101,0.529296875,0.470703125,33,17
110,0.529296875,0.470703125,33,21
111,0.5,0.5,29,17
