state,p_marked,error,gate_count,depth
000,0.177734375,0.822265625,99,51
001,0.171875,0.828125,97,49
010,0.138671875,0.861328125,97,51
011,0.029296875,0.970703125,95,49
100,0.099609375,0.900390625,97,51
101,0.162109375,0.837890625,95,49
110,0.06640625,0.93359375,95,51
111,0.0234375,0.9765625,93,49
