state,p_marked,error,gate_count,depth
000,0.140625,0.859375,32,15
001,0.130859375,0.869140625,30,13
010,0.1328125,0.8671875,30,15
011,0.12890625,0.87109375,28,13
100,0.103515625,0.896484375,30,15
101,0.123046875,0.876953125,28,13
110,0.10546875,0.89453125,28,15
111,0.138671875,0.861328125,26,13
