state,p_marked,error,gate_count,depth
000,0.115234375,0.884765625,55,28
001,0.12109375,0.87890625,53,26
010,0.10546875,0.89453125,53,28
011,0.123046875,0.876953125,51,26
100,0.142578125,0.857421875,53,28
101,0.125,0.875,51,26
110,0.130859375,0.869140625,51,28
111,0.12109375,0.87890625,49,26
