state,p_marked,error,gate_count,depth
000,0.00390625,0.99609375,25,12
001,0.482421875,0.517578125,25,12
010,0.0,1.0,25,12
011,0.0,1.0,25,12
100,0.009765625,0.990234375,25,12
101,0.48046875,0.51953125,25,12
110,0.0,1.0,25,12
111,0.0,1.0,25,12
