state,p_marked,error,gate_count,depth
000,0.0,1.0,32,15
001,0.0,1.0,30,13
010,0.0,1.0,30,15
011,0.0,1.0,28,13
100,0.130859375,0.869140625,30,15
101,0.1015625,0.8984375,28,13
110,0.140625,0.859375,28,15
111,0.140625,0.859375,26,13
