state,p_marked,error,gate_count,depth
000,0.126953125,0.873046875,42,21
001,0.1328125,0.8671875,38,18
010,0.140625,0.859375,38,21
011,0.1328125,0.8671875,34,17
100,0.1015625,0.8984375,38,21
101,0.103515625,0.896484375,34,18
110,0.119140625,0.880859375,34,21
111,0.12109375,0.87890625,30,17
