state,p_marked,error,gate_count,depth
000,0.12890625,0.87109375,50,25
001,0.12109375,0.87890625,48,23
010,0.1328125,0.8671875,48,25
011,0.126953125,0.873046875,46,23
100,0.1015625,0.8984375,48,25
101,0.123046875,0.876953125,46,23
110,0.109375,0.890625,46,25
111,0.099609375,0.900390625,44,23
