state,p_marked,error,gate_count,depth
000,0.119140625,0.880859375,24,12
001,0.166015625,0.833984375,20,8
010,0.130859375,0.869140625,20,12
011,0.123046875,0.876953125,16,8
100,0.14453125,0.85546875,20,12
101,0.1015625,0.8984375,16,8
110,0.16015625,0.83984375,16,12
111,0.134765625,0.865234375,12,8
