state,p_marked,error,gate_count,depth
000,0.119140625,0.880859375,32,16
001,0.126953125,0.873046875,30,14
010,0.111328125,0.888671875,30,16
011,0.11328125,0.88671875,28,14
100,0.09375,0.90625,30,16
101,0.12109375,0.87890625,28,14
110,0.146484375,0.853515625,28,16
111,0.12890625,0.87109375,26,14
