state,p_marked,error,gate_count,depth
000,0.109375,0.890625,51,26
001,0.123046875,0.876953125,49,24
010,0.125,0.875,49,26
011,0.142578125,0.857421875,47,24
100,0.142578125,0.857421875,49,26
101,0.10546875,0.89453125,47,24
110,0.12890625,0.87109375,47,26
111,0.140625,0.859375,45,24
