state,p_marked,error,gate_count,depth
000,0.529296875,0.470703125,41,21
001,0.474609375,0.525390625,37,17
010,0.5,0.5,37,21
011,0.517578125,0.482421875,33,17
100,0.513671875,0.486328125,37,21
101,0.5078125,0.4921875,33,17
110,0.55859375,0.44140625,33,21
111,0.501953125,0.498046875,29,17
