state,p_marked,error,gate_count,depth
000,0.12890625,0.87109375,15,7
001,0.12890625,0.87109375,13,5
010,0.1484375,0.8515625,13,7
011,0.16015625,0.83984375,11,5
100,0.1640625,0.8359375,13,7
101,0.109375,0.890625,11,5
110,0.15234375,0.84765625,11,7
111,0.125,0.875,9,5
