state,p_marked,error,gate_count,depth
000,0.47265625,0.52734375,76,39
001,0.41015625,0.58984375,72,35
010,0.43359375,0.56640625,72,39
011,0.1015625,0.8984375,68,35
100,0.443359375,0.556640625,72,39
101,0.3828125,0.6171875,68,35
110,0.091796875,0.908203125,68,39
111,0.119140625,0.880859375,64,35
