state,p_marked,error,gate_count,depth
000,0.1015625,0.8984375,15,7
001,0.11328125,0.88671875,13,5
010,0.11328125,0.88671875,13,7
011,0.115234375,0.884765625,11,5
100,0.14453125,0.85546875,13,7
101,0.115234375,0.884765625,11,5
110,0.10546875,0.89453125,11,7
111,0.138671875,0.861328125,9,5
