state,p_marked,error,gate_count,depth
000,0.533203125,0.466796875,42,22
001,0.068359375,0.931640625,42,22
010,0.072265625,0.927734375,42,22
011,0.072265625,0.927734375,42,22
100,0.0625,0.9375,42,22
101,0.0625,0.9375,42,22
110,0.0703125,0.9296875,42,22
111,0.083984375,0.916015625,42,22
