state,p_marked,error,gate_count,depth
000,0.0,1.0,49,23
001,0.0,1.0,47,21
010,0.0,1.0,47,23
011,0.0,1.0,45,21
100,0.26953125,0.73046875,47,23
101,0.24609375,0.75390625,45,21
110,0.2734375,0.7265625,45,23
111,0.224609375,0.775390625,43,21
