state,p_marked,error,gate_count,depth
000,0.103515625,0.896484375,24,12
001,0.14453125,0.85546875,20,8
010,0.12109375,0.87890625,20,12
011,0.115234375,0.884765625,16,8
100,0.09375,0.90625,20,12
101,0.130859375,0.869140625,16,8
110,0.12109375,0.87890625,16,12
111,0.125,0.875,12,8
