state,p_marked,error,gate_count,depth
000,0.134765625,0.865234375,59,31
001,0.126953125,0.873046875,55,27
010,0.125,0.875,55,31
011,0.123046875,0.876953125,51,27
100,0.111328125,0.888671875,55,31
101,0.130859375,0.869140625,51,27
110,0.1015625,0.8984375,51,31
111,0.115234375,0.884765625,47,27
