state,p_marked,error,gate_count,depth
000,0.5078125,0.4921875,33,17
001,0.517578125,0.482421875,31,15
010,0.451171875,0.548828125,31,17
011,0.109375,0.890625,29,15
100,0.46875,0.53125,31,17
101,0.5078125,0.4921875,29,15
110,0.154296875,0.845703125,29,17
111,0.505859375,0.494140625,27,15
