state,p_marked,error,gate_count,depth
000,0.107421875,0.892578125,49,24
001,0.1171875,0.8828125,47,22
010,0.107421875,0.892578125,47,24
011,0.134765625,0.865234375,45,22
100,0.15234375,0.84765625,47,24
101,0.1171875,0.8828125,45,22
110,0.1015625,0.8984375,45,24
111,0.130859375,0.869140625,43,22
