state,p_marked,error,gate_count,depth
000,0.0,1.0,55,29
001,0.11328125,0.88671875,49,23
010,0.099609375,0.900390625,49,29
011,0.0,1.0,43,23
100,0.0,1.0,49,29
101,0.14453125,0.85546875,43,23
110,0.14453125,0.85546875,43,29
111,0.0,1.0,37,23
