state,p_marked,error,gate_count,depth
000,0.0,1.0,51,27
001,0.0,1.0,45,21
010,0.125,0.875,45,27
011,0.126953125,0.873046875,39,21
100,0.0,1.0,45,27
101,0.0,1.0,39,21
110,0.12890625,0.87109375,39,27
111,0.123046875,0.876953125,33,21
