state,p_marked,error,gate_count,depth
000,0.07421875,0.92578125,32,15
001,0.0625,0.9375,30,13
010,0.05078125,0.94921875,30,15
011,0.06640625,0.93359375,28,13
100,0.06640625,0.93359375,30,15
101,0.0625,0.9375,28,13
110,0.05078125,0.94921875,28,15
111,0.0625,0.9375,26,13
