state,p_marked,error,gate_count,depth
000,0.125,0.875,33,17
001,0.130859375,0.869140625,27,11
010,0.1328125,0.8671875,27,17
011,0.1171875,0.8828125,21,11
100,0.138671875,0.861328125,27,17
101,0.12890625,0.87109375,21,11
110,0.10546875,0.89453125,21,17
111,0.134765625,0.865234375,15,11
