state,p_marked,error,gate_count,depth
000,0.158203125,0.841796875,46,24
001,0.1171875,0.8828125,42,20
010,0.115234375,0.884765625,42,24
011,0.15234375,0.84765625,38,20
100,0.140625,0.859375,42,24
101,0.12890625,0.87109375,38,20
110,0.140625,0.859375,38,24
111,0.103515625,0.896484375,34,20
