state,p_marked,error,gate_count,depth
000,0.107421875,0.892578125,49,24
001,0.109375,0.890625,47,22
010,0.126953125,0.873046875,47,24
011,0.130859375,0.869140625,45,22
100,0.107421875,0.892578125,47,24
101,0.123046875,0.876953125,45,22
110,0.142578125,0.857421875,45,24
111,0.115234375,0.884765625,43,22
