state,p_marked,error,gate_count,depth
000,0.12890625,0.87109375,52,28
001,0.130859375,0.869140625,50,26
010,0.130859375,0.869140625,50,28
011,0.126953125,0.873046875,48,26
100,0.099609375,0.900390625,50,28
101,0.109375,0.890625,48,26
110,0.103515625,0.896484375,48,28
111,0.125,0.875,46,26
