state,p_marked,error,gate_count,depth
000,0.3359375,0.6640625,81,54
001,0.333984375,0.666015625,79,52
010,0.185546875,0.814453125,79,54
011,0.16796875,0.83203125,77,52
100,0.49609375,0.50390625,79,54
101,0.02734375,0.97265625,77,52
110,0.04296875,0.95703125,77,54
111,0.044921875,0.955078125,75,52
