state,p_marked,error,gate_count,depth
000,0.14453125,0.85546875,34,17
001,0.138671875,0.861328125,32,15
010,0.111328125,0.888671875,32,17
011,0.14453125,0.85546875,30,15
100,0.083984375,0.916015625,32,17
101,0.11328125,0.88671875,30,15
110,0.123046875,0.876953125,30,17
111,0.138671875,0.861328125,28,15
