state,p_marked,error,gate_count,depth
000,0.134765625,0.865234375,71,35
001,0.119140625,0.880859375,69,33
010,0.1171875,0.8828125,69,35
011,0.115234375,0.884765625,67,33
100,0.12890625,0.87109375,69,35
101,0.12890625,0.87109375,67,33
110,0.134765625,0.865234375,67,35
111,0.126953125,0.873046875,65,33
