state,p_marked,error,gate_count,depth
000,0.505859375,0.494140625,32,16
001,0.521484375,0.478515625,30,14
010,0.48046875,0.51953125,30,16
011,0.509765625,0.490234375,28,14
100,0.49609375,0.50390625,30,16
101,0.484375,0.515625,28,14
110,0.505859375,0.494140625,28,16
111,0.490234375,0.509765625,26,14
