state,p_marked,error,gate_count,depth
000,0.1484375,0.8515625,55,28
001,0.107421875,0.892578125,53,26
010,0.125,0.875,53,28
011,0.1328125,0.8671875,51,26
100,0.115234375,0.884765625,53,28
101,0.12109375,0.87890625,51,26
110,0.115234375,0.884765625,51,28
111,0.115234375,0.884765625,49,26
