state,p_marked,error,gate_count,depth
000,0.1484375,0.8515625,32,15
001,0.130859375,0.869140625,30,13
010,0.107421875,0.892578125,30,15
011,0.130859375,0.869140625,28,13
100,0.14453125,0.85546875,30,15
101,0.15234375,0.84765625,28,13
110,0.130859375,0.869140625,28,15
111,0.119140625,0.880859375,26,13
