state,p_marked,error,gate_count,depth
000,0.060546875,0.939453125,47,24
001,0.052734375,0.947265625,47,24
010,0.552734375,0.447265625,47,24
011,0.0703125,0.9296875,47,24
100,0.087890625,0.912109375,47,24
101,0.072265625,0.927734375,47,24
110,0.068359375,0.931640625,47,24
111,0.056640625,0.943359375,47,24
