state,p_marked,error,gate_count,depth
000,0.0,1.0,75,38
001,0.111328125,0.888671875,71,34
010,0.146484375,0.853515625,71,38
011,0.0,1.0,67,34
100,0.09375,0.90625,71,38
101,0.0,1.0,67,34
110,0.0,1.0,67,38
111,0.13671875,0.86328125,63,34
