state,p_marked,error,gate_count,depth
000,0.0625,0.9375,32,15
001,0.048828125,0.951171875,30,13
010,0.0546875,0.9453125,30,15
011,0.052734375,0.947265625,28,13
100,0.056640625,0.943359375,30,15
101,0.064453125,0.935546875,28,13
110,0.060546875,0.939453125,28,15
111,0.076171875,0.923828125,26,13
