state,p_marked,error,gate_count,depth
000,0.146484375,0.853515625,15,7
001,0.1171875,0.8828125,13,5
010,0.140625,0.859375,13,7
011,0.1015625,0.8984375,11,5
100,0.125,0.875,13,7
101,0.103515625,0.896484375,11,5
110,0.109375,0.890625,11,7
111,0.11328125,0.88671875,9,5
