state,p_marked,error,gate_count,depth
000,0.115234375,0.884765625,26,13
001,0.12890625,0.87109375,26,13
010,0.119140625,0.880859375,26,13
011,0.12890625,0.87109375,26,13
100,0.125,0.875,26,13
101,0.119140625,0.880859375,26,13
110,0.140625,0.859375,26,13
111,0.109375,0.890625,26,13
