state,p_marked,error,gate_count,depth
000,0.12109375,0.87890625,42,22
001,0.126953125,0.873046875,34,14
010,0.11328125,0.88671875,34,22
011,0.115234375,0.884765625,26,14
100,0.140625,0.859375,34,22
101,0.12890625,0.87109375,26,14
110,0.130859375,0.869140625,26,22
111,0.10546875,0.89453125,18,14
