state,p_marked,error,gate_count,depth
000,0.10546875,0.89453125,43,22
001,0.115234375,0.884765625,39,18
010,0.126953125,0.873046875,39,22
011,0.12890625,0.87109375,35,18
100,0.09375,0.90625,39,22
101,0.12109375,0.87890625,35,18
110,0.126953125,0.873046875,35,22
111,0.14453125,0.85546875,31,18
