state,p_marked,error,gate_count,depth
000,0.5546875,0.4453125,41,21
001,0.5078125,0.4921875,37,17
010,0.490234375,0.509765625,37,21
011,0.505859375,0.494140625,33,17
100,0.51171875,0.48828125,37,21
101,0.5390625,0.4609375,33,17
110,0.458984375,0.541015625,33,21
111,0.53125,0.46875,29,17
