state,p_marked,error,gate_count,depth
000,0.10546875,0.89453125,41,20
001,0.13671875,0.86328125,37,16
010,0.134765625,0.865234375,37,20
011,0.123046875,0.876953125,33,16
100,0.12890625,0.87109375,37,20
101,0.12890625,0.87109375,33,16
110,0.154296875,0.845703125,33,20
111,0.158203125,0.841796875,29,16
