state,p_marked,error,gate_count,depth
000,0.212890625,0.787109375,32,16
001,0.25,0.75,30,14
010,0.228515625,0.771484375,30,16
011,0.248046875,0.751953125,28,14
100,0.259765625,0.740234375,30,16
101,0.2421875,0.7578125,28,14
110,0.259765625,0.740234375,28,16
111,0.26953125,0.73046875,26,14
