state,p_marked,error,gate_count,depth
000,0.12890625,0.87109375,45,23
001,0.1484375,0.8515625,41,19
010,0.12890625,0.87109375,41,23
011,0.12890625,0.87109375,37,19
100,0.09765625,0.90234375,41,23
101,0.140625,0.859375,37,19
110,0.1328125,0.8671875,37,23
111,0.111328125,0.888671875,33,19
