state,p_marked,error,gate_count,depth
000,0.099609375,0.900390625,50,26
001,0.1328125,0.8671875,48,24
010,0.15625,0.84375,48,26
011,0.12109375,0.87890625,46,24
100,0.103515625,0.896484375,48,26
101,0.134765625,0.865234375,46,24
110,0.15234375,0.84765625,46,26
111,0.140625,0.859375,44,24
