state,p_marked,error,gate_count,depth
000,0.1328125,0.8671875,33,17
001,0.109375,0.890625,27,11
010,0.12890625,0.87109375,27,17
011,0.115234375,0.884765625,21,11
100,0.10546875,0.89453125,27,17
101,0.111328125,0.888671875,21,11
110,0.140625,0.859375,21,17
111,0.16015625,0.83984375,15,11
