state,p_marked,error,gate_count,depth
000,0.1328125,0.8671875,32,15
001,0.1171875,0.8828125,30,13
010,0.11328125,0.88671875,30,15
011,0.1171875,0.8828125,28,13
100,0.1171875,0.8828125,30,15
101,0.140625,0.859375,28,13
110,0.150390625,0.849609375,28,15
111,0.099609375,0.900390625,26,13
