state,p_marked,error,gate_count,depth
000,0.10546875,0.89453125,32,15
001,0.09765625,0.90234375,30,13
010,0.111328125,0.888671875,30,15
011,0.107421875,0.892578125,28,13
100,0.115234375,0.884765625,30,15
101,0.138671875,0.861328125,28,13
110,0.142578125,0.857421875,28,15
111,0.12890625,0.87109375,26,13
