state,p_marked,error,gate_count,depth
000,0.458984375,0.541015625,110,61
001,0.3046875,0.6953125,98,49
010,0.1953125,0.8046875,98,61
011,0.291015625,0.708984375,86,49
100,0.08984375,0.91015625,98,61
101,0.0546875,0.9453125,86,49
110,0.046875,0.953125,86,61
111,0.080078125,0.919921875,74,49
