state,p_marked,error,gate_count,depth
000,0.498046875,0.501953125,41,21
001,0.50390625,0.49609375,37,17
010,0.5234375,0.4765625,37,21
011,0.4375,0.5625,33,17
100,0.51953125,0.48046875,37,21
101,0.48828125,0.51171875,33,17
110,0.48828125,0.51171875,33,21
111,0.5234375,0.4765625,29,17
