state,p_marked,error,gate_count,depth
000,0.138671875,0.861328125,41,21
001,0.107421875,0.892578125,37,17
010,0.10546875,0.89453125,37,21
011,0.134765625,0.865234375,33,17
100,0.12890625,0.87109375,37,21
101,0.123046875,0.876953125,33,17
110,0.15625,0.84375,33,21
111,0.130859375,0.869140625,29,17
