state,p_marked,error,gate_count,depth
000,0.11328125,0.88671875,15,7
001,0.123046875,0.876953125,13,5
010,0.119140625,0.880859375,13,7
011,0.12109375,0.87890625,11,5
100,0.111328125,0.888671875,13,7
101,0.1171875,0.8828125,11,5
110,0.109375,0.890625,11,7
111,0.126953125,0.873046875,9,5
