state,p_marked,error,gate_count,depth
000,0.134765625,0.865234375,60,31
001,0.111328125,0.888671875,52,23
010,0.146484375,0.853515625,52,31
011,0.123046875,0.876953125,44,23
100,0.109375,0.890625,52,31
101,0.09765625,0.90234375,44,23
110,0.142578125,0.857421875,44,31
111,0.1171875,0.8828125,36,23
