state,p_marked,error,gate_count,depth
000,0.5,0.5,50,26
001,0.51953125,0.48046875,44,20
010,0.4609375,0.5390625,44,26
011,0.51953125,0.48046875,38,20
100,0.49609375,0.50390625,44,26
101,0.484375,0.515625,38,20
110,0.4765625,0.5234375,38,26
111,0.47265625,0.52734375,32,20
