state,p_marked,error,gate_count,depth
000,0.24609375,0.75390625,41,21
001,0.24609375,0.75390625,37,17
010,0.224609375,0.775390625,37,21
011,0.2578125,0.7421875,33,17
100,0.271484375,0.728515625,37,21
101,0.2578125,0.7421875,33,17
110,0.2421875,0.7578125,33,21
111,0.265625,0.734375,29,17
