state,p_marked,error,gate_count,depth
000,0.1171875,0.8828125,24,12
001,0.130859375,0.869140625,20,8
010,0.1328125,0.8671875,20,12
011,0.13671875,0.86328125,16,8
100,0.142578125,0.857421875,20,12
101,0.12109375,0.87890625,16,8
110,0.140625,0.859375,16,12
111,0.1015625,0.8984375,12,8
