state,p_marked,error,gate_count,depth
000,0.130859375,0.869140625,32,15
001,0.150390625,0.849609375,30,13
010,0.103515625,0.896484375,30,15
011,0.111328125,0.888671875,28,13
100,0.10546875,0.89453125,30,15
101,0.154296875,0.845703125,28,13
110,0.14453125,0.85546875,28,15
111,0.134765625,0.865234375,26,13
