state,p_marked,error,gate_count,depth
000,0.470703125,0.529296875,41,21
001,0.48046875,0.51953125,37,17
010,0.51171875,0.48828125,37,21
011,0.5,0.5,33,17
100,0.517578125,0.482421875,37,21
101,0.501953125,0.498046875,33,17
110,0.466796875,0.533203125,33,21
111,0.5,0.5,29,17
