state,p_marked,error,gate_count,depth
000,0.134765625,0.865234375,54,28
001,0.111328125,0.888671875,52,26
010,0.15625,0.84375,52,28
011,0.123046875,0.876953125,50,26
100,0.111328125,0.888671875,52,28
101,0.109375,0.890625,50,26
110,0.142578125,0.857421875,50,28
111,0.126953125,0.873046875,48,26
