state,p_marked,error,gate_count,depth
000,0.111328125,0.888671875,50,26
001,0.16015625,0.83984375,44,20
010,0.126953125,0.873046875,44,26
011,0.09765625,0.90234375,38,20
100,0.12890625,0.87109375,44,26
101,0.126953125,0.873046875,38,20
110,0.1171875,0.8828125,38,26
111,0.109375,0.890625,32,20
