state,p_marked,error,gate_count,depth
000,0.119140625,0.880859375,47,24
001,0.138671875,0.861328125,43,20
010,0.134765625,0.865234375,43,24
011,0.1171875,0.8828125,39,20
100,0.130859375,0.869140625,43,24
101,0.11328125,0.88671875,39,20
110,0.09765625,0.90234375,39,24
111,0.109375,0.890625,35,20
