state,p_marked,error,gate_count,depth
000,0.119140625,0.880859375,32,15
001,0.1171875,0.8828125,30,13
010,0.154296875,0.845703125,30,15
011,0.111328125,0.888671875,28,13
100,0.1640625,0.8359375,30,15
101,0.1640625,0.8359375,28,13
110,0.140625,0.859375,28,15
111,0.111328125,0.888671875,26,13
