state,p_marked,error,gate_count,depth
000,0.52734375,0.47265625,50,26
001,0.486328125,0.513671875,44,20
010,0.4921875,0.5078125,44,26
011,0.509765625,0.490234375,38,20
100,0.486328125,0.513671875,44,26
101,0.49609375,0.50390625,38,20
110,0.4375,0.5625,38,26
111,0.51953125,0.48046875,32,20
