state,p_marked,error,gate_count,depth
000,0.1328125,0.8671875,58,30
001,0.11328125,0.88671875,54,26
010,0.123046875,0.876953125,54,30
011,0.119140625,0.880859375,50,26
100,0.12890625,0.87109375,54,30
101,0.142578125,0.857421875,50,26
110,0.12890625,0.87109375,50,30
111,0.126953125,0.873046875,46,26
