state,p_marked,error,gate_count,depth
000,0.134765625,0.865234375,33,17
001,0.0,1.0,31,15
010,0.123046875,0.876953125,31,17
011,0.130859375,0.869140625,29,15
100,0.138671875,0.861328125,31,17
101,0.0,1.0,29,15
110,0.126953125,0.873046875,29,17
111,0.103515625,0.896484375,27,15
