state,p_marked,error,gate_count,depth
000,0.140625,0.859375,50,24
001,0.095703125,0.904296875,48,22
010,0.125,0.875,48,24
011,0.12109375,0.87890625,46,22
100,0.150390625,0.849609375,48,24
101,0.134765625,0.865234375,46,22
110,0.13671875,0.86328125,46,24
111,0.10546875,0.89453125,44,22
