state,p_marked,error,gate_count,depth
000,0.103515625,0.896484375,63,43
001,0.08203125,0.91796875,63,43
010,0.013671875,0.986328125,63,43
011,0.017578125,0.982421875,63,43
100,0.6796875,0.3203125,63,43
101,0.001953125,0.998046875,63,43
110,0.09375,0.90625,63,43
111,0.0,1.0,63,43
