state,p_marked,error,gate_count,depth
000,0.50390625,0.49609375,41,21
001,0.46484375,0.53515625,37,17
010,0.478515625,0.521484375,37,21
011,0.49609375,0.50390625,33,17
100,0.50390625,0.49609375,37,21
101,0.486328125,0.513671875,33,17
110,0.443359375,0.556640625,33,21
111,0.515625,0.484375,29,17
