state,p_marked,error,gate_count,depth
000,0.12890625,0.87109375,49,24
001,0.138671875,0.861328125,47,22
010,0.1328125,0.8671875,47,24
011,0.1328125,0.8671875,45,22
100,0.12109375,0.87890625,47,24
101,0.125,0.875,45,22
110,0.126953125,0.873046875,45,24
111,0.1328125,0.8671875,43,22
