state,p_marked,error,gate_count,depth
000,0.5,0.5,26,12
001,0.0,1.0,26,12
010,0.0,1.0,26,12
011,0.0,1.0,26,12
100,0.5234375,0.4765625,26,12
101,0.0,1.0,26,12
110,0.0,1.0,26,12
111,0.0,1.0,26,12
