state,p_marked,error,gate_count,depth
000,0.14453125,0.85546875,15,7
001,0.11328125,0.88671875,13,5
010,0.123046875,0.876953125,13,7
011,0.119140625,0.880859375,11,5
100,0.134765625,0.865234375,13,7
101,0.16015625,0.83984375,11,5
110,0.119140625,0.880859375,11,7
111,0.12890625,0.87109375,9,5
