state,p_marked,error,gate_count,depth
000,0.11328125,0.88671875,55,28
001,0.11328125,0.88671875,53,26
010,0.119140625,0.880859375,53,28
011,0.115234375,0.884765625,51,26
100,0.09375,0.90625,53,28
101,0.123046875,0.876953125,51,26
110,0.12890625,0.87109375,51,28
111,0.142578125,0.857421875,49,26
