state,p_marked,error,gate_count,depth
000,0.0,1.0,49,25
001,0.267578125,0.732421875,47,23
010,0.0,1.0,47,25
011,0.26953125,0.73046875,45,23
100,0.0,1.0,47,25
101,0.25390625,0.74609375,45,23
110,0.0,1.0,45,25
111,0.244140625,0.755859375,43,23
