state,p_marked,error,gate_count,depth
000,0.4765625,0.5234375,32,16
001,0.4921875,0.5078125,30,14
010,0.529296875,0.470703125,30,16
011,0.53125,0.46875,28,14
100,0.529296875,0.470703125,30,16
101,0.4765625,0.5234375,28,14
110,0.453125,0.546875,28,16
111,0.484375,0.515625,26,14
