state,p_marked,error,gate_count,depth
000,0.5078125,0.4921875,32,16
001,0.494140625,0.505859375,30,14
010,0.51171875,0.48828125,30,16
011,0.509765625,0.490234375,28,14
100,0.501953125,0.498046875,30,16
101,0.48828125,0.51171875,28,14
110,0.49609375,0.50390625,28,16
111,0.51171875,0.48828125,26,14
