state,p_marked,error,gate_count,depth
000,0.134765625,0.865234375,32,16
001,0.130859375,0.869140625,30,14
010,0.1171875,0.8828125,30,16
011,0.1484375,0.8515625,28,14
100,0.09375,0.90625,30,16
101,0.1171875,0.8828125,28,14
110,0.123046875,0.876953125,28,16
111,0.14453125,0.85546875,26,14
