state,p_marked,error,gate_count,depth
000,0.13671875,0.86328125,42,22
001,0.126953125,0.873046875,34,14
010,0.146484375,0.853515625,34,22
011,0.12109375,0.87890625,26,14
100,0.14453125,0.85546875,34,22
101,0.123046875,0.876953125,26,14
110,0.119140625,0.880859375,26,22
111,0.138671875,0.861328125,18,14
