state,p_marked,error,gate_count,depth
000,0.07421875,0.92578125,68,35
001,0.310546875,0.689453125,66,33
010,0.05078125,0.94921875,66,35
011,0.3125,0.6875,64,33
100,0.30859375,0.69140625,66,35
101,0.07421875,0.92578125,64,33
110,0.25390625,0.74609375,64,35
111,0.060546875,0.939453125,62,33
