state,p_marked,error,gate_count,depth
000,0.154296875,0.845703125,51,27
001,0.130859375,0.869140625,49,25
010,0.14453125,0.85546875,49,27
011,0.123046875,0.876953125,47,25
100,0.125,0.875,49,27
101,0.142578125,0.857421875,47,25
110,0.138671875,0.861328125,47,27
111,0.13671875,0.86328125,45,25
