state,p_marked,error,gate_count,depth
000,0.07421875,0.92578125,48,26
001,0.515625,0.484375,48,26
010,0.064453125,0.935546875,48,26
011,0.0546875,0.9453125,48,26
100,0.0625,0.9375,48,26
101,0.111328125,0.888671875,48,26
110,0.06640625,0.93359375,48,26
111,0.072265625,0.927734375,48,26
