state,p_marked,error,gate_count,depth
000,0.126953125,0.873046875,41,19
001,0.109375,0.890625,41,19
010,0.1484375,0.8515625,41,19
011,0.12109375,0.87890625,41,19
100,0.125,0.875,41,19
101,0.12109375,0.87890625,41,19
110,0.138671875,0.861328125,41,19
111,0.130859375,0.869140625,41,19
