state,p_marked,error,gate_count,depth
000,0.126953125,0.873046875,40,19
001,0.126953125,0.873046875,40,19
010,0.115234375,0.884765625,40,19
011,0.109375,0.890625,40,19
100,0.109375,0.890625,40,19
101,0.1328125,0.8671875,40,19
110,0.126953125,0.873046875,40,19
111,0.115234375,0.884765625,40,19
