state,p_marked,error,gate_count,depth
000,0.44921875,0.55078125,41,21
001,0.494140625,0.505859375,37,17
010,0.490234375,0.509765625,37,21
011,0.513671875,0.486328125,33,17
100,0.484375,0.515625,37,21
101,0.546875,0.453125,33,17
110,0.498046875,0.501953125,33,21
111,0.49609375,0.50390625,29,17
