state,p_marked,error,gate_count,depth
000,0.546875,0.453125,32,16
001,0.548828125,0.451171875,30,14
010,0.498046875,0.501953125,30,16
011,0.474609375,0.525390625,28,14
100,0.5625,0.4375,30,16
101,0.484375,0.515625,28,14
110,0.484375,0.515625,28,16
111,0.482421875,0.517578125,26,14
