state,p_marked,error,gate_count,depth
000,0.10546875,0.89453125,61,32
001,0.1484375,0.8515625,55,27
010,0.23046875,0.76953125,55,32
011,0.2421875,0.7578125,49,27
100,0.001953125,0.998046875,55,32
101,0.103515625,0.896484375,49,27
110,0.109375,0.890625,49,32
111,0.00390625,0.99609375,43,26
