state,p_marked,error,gate_count,depth
000,0.126953125,0.873046875,33,17
001,0.158203125,0.841796875,27,11
010,0.107421875,0.892578125,27,17
011,0.1484375,0.8515625,21,11
100,0.130859375,0.869140625,27,17
101,0.10546875,0.89453125,21,11
110,0.126953125,0.873046875,21,17
111,0.13671875,0.86328125,15,11
