state,p_marked,error,gate_count,depth
000,0.13671875,0.86328125,58,30
001,0.115234375,0.884765625,54,26
010,0.140625,0.859375,54,30
011,0.111328125,0.888671875,50,26
100,0.111328125,0.888671875,54,30
101,0.123046875,0.876953125,50,26
110,0.1171875,0.8828125,50,30
111,0.123046875,0.876953125,46,26
