state,p_marked,error,gate_count,depth
000,0.138671875,0.861328125,15,7
001,0.140625,0.859375,13,5
010,0.099609375,0.900390625,13,7
011,0.150390625,0.849609375,11,5
100,0.083984375,0.916015625,13,7
101,0.091796875,0.908203125,11,5
110,0.12109375,0.87890625,11,7
111,0.130859375,0.869140625,9,5
