state,p_marked,error,gate_count,depth
000,0.107421875,0.892578125,24,12
001,0.138671875,0.861328125,20,8
010,0.134765625,0.865234375,20,12
011,0.15234375,0.84765625,16,8
100,0.1015625,0.8984375,20,12
101,0.140625,0.859375,16,8
110,0.126953125,0.873046875,16,12
111,0.138671875,0.861328125,12,8
