state,p_marked,error,gate_count,depth
000,0.1328125,0.8671875,32,15
001,0.125,0.875,30,13
010,0.1484375,0.8515625,30,15
011,0.126953125,0.873046875,28,13
100,0.11328125,0.88671875,30,15
101,0.1171875,0.8828125,28,13
110,0.12109375,0.87890625,28,15
111,0.115234375,0.884765625,26,13
