state,p_marked,error,gate_count,depth
000,0.146484375,0.853515625,15,7
001,0.1171875,0.8828125,13,5
010,0.12890625,0.87109375,13,7
011,0.109375,0.890625,11,5
100,0.130859375,0.869140625,13,7
101,0.1171875,0.8828125,11,5
110,0.08984375,0.91015625,11,7
111,0.1328125,0.8671875,9,5
