state,p_marked,error,gate_count,depth
000,0.12890625,0.87109375,32,15
001,0.146484375,0.853515625,30,13
010,0.138671875,0.861328125,30,15
011,0.12109375,0.87890625,28,13
100,0.115234375,0.884765625,30,15
101,0.130859375,0.869140625,28,13
110,0.1171875,0.8828125,28,15
111,0.111328125,0.888671875,26,13
