state,p_marked,error,gate_count,depth
000,0.501953125,0.498046875,33,17
001,0.478515625,0.521484375,31,15
010,0.478515625,0.521484375,31,17
011,0.119140625,0.880859375,29,15
100,0.490234375,0.509765625,31,17
101,0.517578125,0.482421875,29,15
110,0.10546875,0.89453125,29,17
111,0.51953125,0.48046875,27,15
