state,p_marked,error,gate_count,depth
000,0.48046875,0.51953125,32,16
001,0.5390625,0.4609375,30,14
010,0.453125,0.546875,30,16
011,0.474609375,0.525390625,28,14
100,0.455078125,0.544921875,30,16
101,0.52734375,0.47265625,28,14
110,0.546875,0.453125,28,16
111,0.5078125,0.4921875,26,14
