state,p_marked,error,gate_count,depth
000,0.1328125,0.8671875,78,40
001,0.14453125,0.85546875,70,33
010,0.1171875,0.8828125,70,40
011,0.134765625,0.865234375,62,32
100,0.146484375,0.853515625,70,40
101,0.140625,0.859375,62,33
110,0.111328125,0.888671875,62,40
111,0.138671875,0.861328125,54,32
