state,p_marked,error,gate_count,depth
000,0.00390625,0.99609375,71,37
001,0.0,1.0,69,35
010,0.01953125,0.98046875,69,37
011,0.263671875,0.736328125,67,35
100,0.0,1.0,69,37
101,0.22265625,0.77734375,67,35
110,0.0,1.0,67,37
111,0.01171875,0.98828125,65,35
