state,p_marked,error,gate_count,depth
000,0.515625,0.484375,76,39
001,0.5078125,0.4921875,72,35
010,0.482421875,0.517578125,72,39
011,0.515625,0.484375,68,35
100,0.533203125,0.466796875,72,39
101,0.470703125,0.529296875,68,35
110,0.0,1.0,68,39
111,0.0,1.0,64,35
