state,p_marked,error,gate_count,depth
000,0.509765625,0.490234375,32,16
001,0.513671875,0.486328125,30,14
010,0.5390625,0.4609375,30,16
011,0.509765625,0.490234375,28,14
100,0.533203125,0.466796875,30,16
101,0.51953125,0.48046875,28,14
110,0.486328125,0.513671875,28,16
111,0.478515625,0.521484375,26,14
