state,p_marked,error,gate_count,depth
000,0.140625,0.859375,15,7
001,0.125,0.875,13,5
010,0.130859375,0.869140625,13,7
011,0.130859375,0.869140625,11,5
100,0.09375,0.90625,13,7
101,0.130859375,0.869140625,11,5
110,0.119140625,0.880859375,11,7
111,0.115234375,0.884765625,9,5
