state,p_marked,error,gate_count,depth
000,0.001953125,0.998046875,32,15
001,0.001953125,0.998046875,30,13
010,0.001953125,0.998046875,30,15
011,0.0,1.0,28,13
100,0.001953125,0.998046875,30,15
101,0.0078125,0.9921875,28,13
110,0.0078125,0.9921875,28,15
111,0.0078125,0.9921875,26,13
