state,p_marked,error,gate_count,depth
000,0.15625,0.84375,54,28
001,0.1015625,0.8984375,50,24
010,0.21484375,0.78515625,50,28
011,0.033203125,0.966796875,46,24
100,0.10546875,0.89453125,50,28
101,0.15234375,0.84765625,46,24
110,0.029296875,0.970703125,46,28
111,0.212890625,0.787109375,42,24
