state,p_marked,error,gate_count,depth
000,0.1328125,0.8671875,45,22
001,0.095703125,0.904296875,45,22
010,0.125,0.875,45,22
011,0.115234375,0.884765625,45,22
100,0.140625,0.859375,45,22
101,0.134765625,0.865234375,45,22
110,0.12109375,0.87890625,45,22
111,0.123046875,0.876953125,45,22
