state,p_marked,error,gate_count,depth
000,0.357421875,0.642578125,57,30
001,0.068359375,0.931640625,57,30
010,0.064453125,0.935546875,57,30
011,0.005859375,0.994140625,57,30
100,0.35546875,0.64453125,57,30
101,0.072265625,0.927734375,57,30
110,0.044921875,0.955078125,57,30
111,0.009765625,0.990234375,57,30
