state,p_marked,error,gate_count,depth
000,0.119140625,0.880859375,63,33
001,0.123046875,0.876953125,59,29
010,0.10546875,0.89453125,59,33
011,0.166015625,0.833984375,55,29
100,0.14453125,0.85546875,59,33
101,0.115234375,0.884765625,55,29
110,0.12890625,0.87109375,55,33
111,0.115234375,0.884765625,51,29
