state,p_marked,error,gate_count,depth
000,0.435546875,0.564453125,32,16
001,0.537109375,0.462890625,30,14
010,0.521484375,0.478515625,30,16
011,0.509765625,0.490234375,28,14
100,0.5,0.5,30,16
101,0.498046875,0.501953125,28,14
110,0.533203125,0.466796875,28,16
111,0.55078125,0.44921875,26,14
