state,p_marked,error,gate_count,depth
000,0.119140625,0.880859375,33,17
001,0.1328125,0.8671875,27,11
010,0.162109375,0.837890625,27,17
011,0.140625,0.859375,21,11
100,0.125,0.875,27,17
101,0.1484375,0.8515625,21,11
110,0.1171875,0.8828125,21,17
111,0.169921875,0.830078125,15,11
