state,p_marked,error,gate_count,depth
000,0.533203125,0.466796875,50,26
001,0.505859375,0.494140625,44,20
010,0.51171875,0.48828125,44,26
011,0.513671875,0.486328125,38,20
100,0.4921875,0.5078125,44,26
101,0.484375,0.515625,38,20
110,0.4921875,0.5078125,38,26
111,0.513671875,0.486328125,32,20
