state,p_marked,error,gate_count,depth
000,0.474609375,0.525390625,50,25
001,0.482421875,0.517578125,48,23
010,0.482421875,0.517578125,48,25
011,0.130859375,0.869140625,46,23
100,0.51171875,0.48828125,48,25
101,0.46484375,0.53515625,46,23
110,0.42578125,0.57421875,46,25
111,0.1484375,0.8515625,44,23
