state,p_marked,error,gate_count,depth
000,0.1171875,0.8828125,15,7
001,0.119140625,0.880859375,13,5
010,0.130859375,0.869140625,13,7
011,0.125,0.875,11,5
100,0.10546875,0.89453125,13,7
101,0.126953125,0.873046875,11,5
110,0.15234375,0.84765625,11,7
111,0.12109375,0.87890625,9,5
