state,p_marked,error,gate_count,depth
000,0.220703125,0.779296875,63,44
001,0.31640625,0.68359375,63,44
010,0.0078125,0.9921875,63,44
011,0.021484375,0.978515625,63,44
100,0.01171875,0.98828125,63,44
101,0.193359375,0.806640625,63,44
110,0.052734375,0.947265625,63,44
111,0.169921875,0.830078125,63,44
