state,p_marked,error,gate_count,depth
000,0.14453125,0.85546875,32,15
001,0.125,0.875,30,13
010,0.123046875,0.876953125,30,15
011,0.1171875,0.8828125,28,13
100,0.126953125,0.873046875,30,15
101,0.140625,0.859375,28,13
110,0.138671875,0.861328125,28,15
111,0.123046875,0.876953125,26,13
