state,p_marked,error,gate_count,depth
000,0.50390625,0.49609375,41,21
001,0.513671875,0.486328125,37,17
010,0.498046875,0.501953125,37,21
011,0.5390625,0.4609375,33,17
100,0.462890625,0.537109375,37,21
101,0.486328125,0.513671875,33,17
110,0.484375,0.515625,33,21
111,0.513671875,0.486328125,29,17
