state,p_marked,error,gate_count,depth
000,0.48046875,0.51953125,32,16
001,0.50390625,0.49609375,30,14
010,0.5,0.5,30,16
011,0.474609375,0.525390625,28,14
100,0.513671875,0.486328125,30,16
101,0.517578125,0.482421875,28,14
110,0.474609375,0.525390625,28,16
111,0.474609375,0.525390625,26,14
