state,p_marked,error,gate_count,depth
000,0.224609375,0.775390625,40,24
001,0.05078125,0.94921875,40,24
010,0.037109375,0.962890625,40,24
011,0.505859375,0.494140625,40,24
100,0.05078125,0.94921875,40,24
101,0.080078125,0.919921875,40,24
110,0.033203125,0.966796875,40,24
111,0.048828125,0.951171875,40,24
