state,p_marked,error,gate_count,depth
000,0.099609375,0.900390625,32,15
001,0.15234375,0.84765625,30,13
010,0.171875,0.828125,30,15
011,0.12890625,0.87109375,28,13
100,0.099609375,0.900390625,30,15
101,0.111328125,0.888671875,28,13
110,0.115234375,0.884765625,28,15
111,0.12109375,0.87890625,26,13
