state,p_marked,error,gate_count,depth
000,0.5078125,0.4921875,59,31
001,0.51171875,0.48828125,51,23
010,0.525390625,0.474609375,51,31
011,0.513671875,0.486328125,43,23
100,0.498046875,0.501953125,51,31
101,0.484375,0.515625,43,23
110,0.501953125,0.498046875,43,31
111,0.494140625,0.505859375,35,23
