state,p_marked,error,gate_count,depth
000,0.11328125,0.88671875,54,28
001,0.130859375,0.869140625,52,26
010,0.1171875,0.8828125,52,28
011,0.13671875,0.86328125,50,26
100,0.142578125,0.857421875,52,28
101,0.10546875,0.89453125,50,26
110,0.13671875,0.86328125,50,28
111,0.11328125,0.88671875,48,26
