state,p_marked,error,gate_count,depth
000,0.302734375,0.697265625,58,30
001,0.318359375,0.681640625,54,26
010,0.05078125,0.94921875,54,30
011,0.029296875,0.970703125,50,26
100,0.279296875,0.720703125,54,30
101,0.29296875,0.70703125,50,26
110,0.033203125,0.966796875,50,30
111,0.03125,0.96875,46,26
