state,p_marked,error,gate_count,depth
000,0.109375,0.890625,59,30
001,0.119140625,0.880859375,55,26
010,0.111328125,0.888671875,55,30
011,0.13671875,0.86328125,51,26
100,0.087890625,0.912109375,55,30
101,0.130859375,0.869140625,51,26
110,0.126953125,0.873046875,51,30
111,0.140625,0.859375,47,26
