state,p_marked,error,gate_count,depth
000,0.5,0.5,32,16
001,0.55078125,0.44921875,30,14
010,0.5234375,0.4765625,30,16
011,0.501953125,0.498046875,28,14
100,0.517578125,0.482421875,30,16
101,0.521484375,0.478515625,28,14
110,0.466796875,0.533203125,28,16
111,0.45703125,0.54296875,26,14
