state,p_marked,error,gate_count,depth
000,0.064453125,0.935546875,87,57
001,0.0,1.0,85,55
010,0.052734375,0.947265625,85,57
011,0.23046875,0.76953125,83,55
100,0.0,1.0,85,57
101,0.2421875,0.7578125,83,55
110,0.12890625,0.87109375,83,57
111,0.2578125,0.7421875,81,55
