state,p_marked,error,gate_count,depth
000,0.142578125,0.857421875,58,39
001,0.130859375,0.869140625,58,39
010,0.015625,0.984375,58,39
011,0.43359375,0.56640625,58,39
100,0.0078125,0.9921875,58,39
101,0.02734375,0.97265625,58,39
110,0.025390625,0.974609375,58,39
111,0.142578125,0.857421875,58,39
