state,p_marked,error,gate_count,depth
000,0.130859375,0.869140625,50,24
001,0.130859375,0.869140625,48,22
010,0.095703125,0.904296875,48,24
011,0.126953125,0.873046875,46,22
100,0.12890625,0.87109375,48,24
101,0.12890625,0.87109375,46,22
110,0.13671875,0.86328125,46,24
111,0.138671875,0.861328125,44,22
