state,p_marked,error,gate_count,depth
000,0.140625,0.859375,24,12
001,0.158203125,0.841796875,20,8
010,0.115234375,0.884765625,20,12
011,0.142578125,0.857421875,16,8
100,0.138671875,0.861328125,20,12
101,0.09375,0.90625,16,8
110,0.115234375,0.884765625,16,12
111,0.125,0.875,12,8
