state,p_marked,error,gate_count,depth
000,0.130859375,0.869140625,76,39
001,0.1328125,0.8671875,72,35
010,0.111328125,0.888671875,72,39
011,0.13671875,0.86328125,68,35
100,0.16015625,0.83984375,72,39
101,0.125,0.875,68,35
110,0.126953125,0.873046875,68,39
111,0.126953125,0.873046875,64,35
