state,p_marked,error,gate_count,depth
000,0.142578125,0.857421875,60,32
001,0.111328125,0.888671875,52,24
010,0.123046875,0.876953125,52,32
011,0.115234375,0.884765625,44,24
100,0.115234375,0.884765625,52,32
101,0.13671875,0.86328125,44,24
110,0.119140625,0.880859375,44,32
111,0.12109375,0.87890625,36,24
