state,p_marked,error,gate_count,depth
000,0.134765625,0.865234375,33,17
001,0.138671875,0.861328125,27,11
010,0.125,0.875,27,17
011,0.16015625,0.83984375,21,11
100,0.138671875,0.861328125,27,17
101,0.125,0.875,21,11
110,0.10546875,0.89453125,21,17
111,0.12109375,0.87890625,15,11
