state,p_marked,error,gate_count,depth
000,0.123046875,0.876953125,52,27
001,0.115234375,0.884765625,50,25
010,0.138671875,0.861328125,50,27
011,0.14453125,0.85546875,48,25
100,0.134765625,0.865234375,50,27
101,0.130859375,0.869140625,48,25
110,0.125,0.875,48,27
111,0.1328125,0.8671875,46,25
