state,p_marked,error,gate_count,depth
000,0.126953125,0.873046875,41,20
001,0.107421875,0.892578125,37,16
010,0.142578125,0.857421875,37,20
011,0.099609375,0.900390625,33,16
100,0.125,0.875,37,20
101,0.115234375,0.884765625,33,16
110,0.126953125,0.873046875,33,20
111,0.115234375,0.884765625,29,16
