state,p_marked,error,gate_count,depth
000,0.470703125,0.529296875,41,21
001,0.5390625,0.4609375,37,17
010,0.494140625,0.505859375,37,21
011,0.53125,0.46875,33,17
100,0.501953125,0.498046875,37,21
101,0.505859375,0.494140625,33,17
110,0.51953125,0.48046875,33,21
111,0.4921875,0.5078125,29,17
