state,p_marked,error,gate_count,depth
000,0.1328125,0.8671875,50,24
001,0.107421875,0.892578125,48,22
010,0.142578125,0.857421875,48,24
011,0.125,0.875,46,22
100,0.109375,0.890625,48,24
101,0.1328125,0.8671875,46,22
110,0.123046875,0.876953125,46,24
111,0.1171875,0.8828125,44,22
