state,p_marked,error,gate_count,depth
000,0.521484375,0.478515625,32,16
001,0.47265625,0.52734375,30,14
010,0.494140625,0.505859375,30,16
011,0.49609375,0.50390625,28,14
100,0.533203125,0.466796875,30,16
101,0.5,0.5,28,14
110,0.513671875,0.486328125,28,16
111,0.505859375,0.494140625,26,14
