state,p_marked,error,gate_count,depth
000,0.140625,0.859375,58,31
001,0.142578125,0.857421875,56,29
010,0.12890625,0.87109375,56,31
011,0.134765625,0.865234375,54,29
100,0.126953125,0.873046875,56,31
101,0.125,0.875,54,29
110,0.111328125,0.888671875,54,31
111,0.1328125,0.8671875,52,29
