state,p_marked,error,gate_count,depth
000,0.0703125,0.9296875,113,59
001,0.046875,0.953125,105,51
010,0.05859375,0.94140625,105,59
011,0.494140625,0.505859375,97,51
100,0.01171875,0.98828125,105,59
101,0.361328125,0.638671875,97,51
110,0.056640625,0.943359375,97,59
111,0.146484375,0.853515625,89,51
