state,p_marked,error,gate_count,depth
000,0.0,1.0,35,18
001,0.138671875,0.861328125,33,16
010,0.25390625,0.74609375,33,18
011,0.123046875,0.876953125,31,16
100,0.125,0.875,33,18
101,0.23828125,0.76171875,31,16
110,0.15234375,0.84765625,31,18
111,0.0,1.0,29,16
