state,p_marked,error,gate_count,depth
000,0.125,0.875,72,37
001,0.125,0.875,70,35
010,0.111328125,0.888671875,70,37
011,0.125,0.875,68,35
100,0.1484375,0.8515625,70,37
101,0.1171875,0.8828125,68,35
110,0.1328125,0.8671875,68,37
111,0.140625,0.859375,66,35
