state,p_marked,error,gate_count,depth
000,0.51953125,0.48046875,33,17
001,0.525390625,0.474609375,31,15
010,0.5234375,0.4765625,31,17
011,0.453125,0.546875,29,15
100,0.48828125,0.51171875,31,17
101,0.494140625,0.505859375,29,15
110,0.515625,0.484375,29,17
111,0.48046875,0.51953125,27,15
