state,p_marked,error,gate_count,depth
000,0.5078125,0.4921875,41,21
001,0.5234375,0.4765625,37,17
010,0.48046875,0.51953125,37,21
011,0.4609375,0.5390625,33,17
100,0.494140625,0.505859375,37,21
101,0.515625,0.484375,33,17
110,0.490234375,0.509765625,33,21
111,0.4921875,0.5078125,29,17
