state,p_marked,error,gate_count,depth
000,0.119140625,0.880859375,66,33
001,0.1328125,0.8671875,64,31
010,0.140625,0.859375,64,33
011,0.142578125,0.857421875,62,31
100,0.15234375,0.84765625,64,33
101,0.11328125,0.88671875,62,31
110,0.130859375,0.869140625,62,33
111,0.1171875,0.8828125,60,31
