state,p_marked,error,gate_count,depth
000,0.125,0.875,41,20
001,0.1171875,0.8828125,37,16
010,0.142578125,0.857421875,37,20
011,0.1328125,0.8671875,33,16
100,0.1171875,0.8828125,37,20
101,0.119140625,0.880859375,33,16
110,0.1171875,0.8828125,33,20
111,0.12109375,0.87890625,29,16
