state,p_marked,error,gate_count,depth
000,0.119140625,0.880859375,54,28
001,0.123046875,0.876953125,52,26
010,0.142578125,0.857421875,52,28
011,0.1328125,0.8671875,50,26
100,0.1171875,0.8828125,52,28
101,0.115234375,0.884765625,50,26
110,0.1171875,0.8828125,50,28
111,0.130859375,0.869140625,48,26
