state,p_marked,error,gate_count,depth
000,0.1328125,0.8671875,15,7
001,0.109375,0.890625,13,5
010,0.126953125,0.873046875,13,7
011,0.134765625,0.865234375,11,5
100,0.146484375,0.853515625,13,7
101,0.11328125,0.88671875,11,5
110,0.154296875,0.845703125,11,7
111,0.1328125,0.8671875,9,5
