state,p_marked,error,gate_count,depth
000,0.453125,0.546875,52,25
001,0.48828125,0.51171875,50,24
010,0.474609375,0.525390625,50,25
011,0.453125,0.546875,48,24
100,0.447265625,0.552734375,50,24
101,0.46875,0.53125,48,23
110,0.03125,0.96875,48,24
111,0.033203125,0.966796875,46,23
