state,p_marked,error,gate_count,depth
000,0.025390625,0.974609375,49,24
001,0.03515625,0.96484375,47,22
010,0.0390625,0.9609375,47,24
011,0.029296875,0.970703125,45,22
100,0.294921875,0.705078125,47,24
101,0.279296875,0.720703125,45,22
110,0.271484375,0.728515625,45,24
111,0.296875,0.703125,43,22
