state,p_marked,error,gate_count,depth
000,0.103515625,0.896484375,24,12
001,0.12109375,0.87890625,20,8
010,0.103515625,0.896484375,20,12
011,0.1015625,0.8984375,16,8
100,0.138671875,0.861328125,20,12
101,0.12109375,0.87890625,16,8
110,0.134765625,0.865234375,16,12
111,0.15234375,0.84765625,12,8
