state,p_marked,error,gate_count,depth
000,0.5078125,0.4921875,50,26
001,0.48828125,0.51171875,44,20
010,0.494140625,0.505859375,44,26
011,0.46484375,0.53515625,38,20
100,0.5078125,0.4921875,44,26
101,0.45703125,0.54296875,38,20
110,0.48828125,0.51171875,38,26
111,0.52734375,0.47265625,32,20
