state,p_marked,error,gate_count,depth
000,0.224609375,0.775390625,63,43
001,0.220703125,0.779296875,63,43
010,0.0078125,0.9921875,63,43
011,0.005859375,0.994140625,63,43
100,0.001953125,0.998046875,63,43
101,0.00390625,0.99609375,63,43
110,0.265625,0.734375,63,43
111,0.2578125,0.7421875,63,43
