state,p_marked,error,gate_count,depth
000,0.228515625,0.771484375,41,21
001,0.259765625,0.740234375,37,17
010,0.259765625,0.740234375,37,21
011,0.234375,0.765625,33,17
100,0.23828125,0.76171875,37,21
101,0.23828125,0.76171875,33,17
110,0.24609375,0.75390625,33,21
111,0.25390625,0.74609375,29,17
