state,p_marked,error,gate_count,depth
000,0.115234375,0.884765625,51,27
001,0.123046875,0.876953125,45,21
010,0.130859375,0.869140625,45,27
011,0.1171875,0.8828125,39,21
100,0.119140625,0.880859375,45,27
101,0.1328125,0.8671875,39,21
110,0.130859375,0.869140625,39,27
111,0.123046875,0.876953125,33,21
