state,p_marked,error,gate_count,depth
000,0.453125,0.546875,68,36
001,0.5078125,0.4921875,58,26
010,0.509765625,0.490234375,58,36
011,0.50390625,0.49609375,48,26
100,0.498046875,0.501953125,58,36
101,0.478515625,0.521484375,48,26
110,0.486328125,0.513671875,48,36
111,0.498046875,0.501953125,38,26
