state,p_marked,error,gate_count,depth
000,0.130859375,0.869140625,67,35
001,0.12109375,0.87890625,61,29
010,0.11328125,0.88671875,61,35
011,0.12890625,0.87109375,55,29
100,0.08203125,0.91796875,61,35
101,0.150390625,0.849609375,55,29
110,0.1328125,0.8671875,55,35
111,0.1484375,0.8515625,49,29
