state,p_marked,error,gate_count,depth
000,0.041015625,0.958984375,49,25
001,0.037109375,0.962890625,47,23
010,0.033203125,0.966796875,47,25
011,0.02734375,0.97265625,45,23
100,0.041015625,0.958984375,47,25
101,0.029296875,0.970703125,45,23
110,0.03515625,0.96484375,45,25
111,0.02734375,0.97265625,43,23
