state,p_marked,error,gate_count,depth
000,0.498046875,0.501953125,41,21
001,0.49609375,0.50390625,37,17
010,0.47265625,0.52734375,37,21
011,0.470703125,0.529296875,33,17
100,0.4921875,0.5078125,37,21
101,0.478515625,0.521484375,33,17
110,0.458984375,0.541015625,33,21
111,0.46484375,0.53515625,29,17
