state,p_marked,error,gate_count,depth
000,0.10546875,0.89453125,33,17
001,0.10546875,0.89453125,27,11
010,0.095703125,0.904296875,27,17
011,0.115234375,0.884765625,21,11
100,0.11328125,0.88671875,27,17
101,0.1484375,0.8515625,21,11
110,0.09765625,0.90234375,21,17
111,0.099609375,0.900390625,15,11
