state,p_marked,error,gate_count,depth
000,0.14453125,0.85546875,42,20
001,0.134765625,0.865234375,38,16
010,0.138671875,0.861328125,38,20
011,0.119140625,0.880859375,34,16
100,0.130859375,0.869140625,38,20
101,0.119140625,0.880859375,34,16
110,0.1171875,0.8828125,34,20
111,0.12890625,0.87109375,30,16
