state,p_marked,error,gate_count,depth
000,0.091796875,0.908203125,49,24
001,0.11328125,0.88671875,47,22
010,0.142578125,0.857421875,47,24
011,0.1484375,0.8515625,45,22
100,0.107421875,0.892578125,47,24
101,0.138671875,0.861328125,45,22
110,0.1328125,0.8671875,45,24
111,0.107421875,0.892578125,43,22
