state,p_marked,error,gate_count,depth
000,0.107421875,0.892578125,63,33
001,0.1171875,0.8828125,59,29
010,0.14453125,0.85546875,59,33
011,0.126953125,0.873046875,55,29
100,0.1171875,0.8828125,59,33
101,0.150390625,0.849609375,55,29
110,0.140625,0.859375,55,33
111,0.107421875,0.892578125,51,29
