state,p_marked,error,gate_count,depth
000,0.52734375,0.47265625,41,21
001,0.546875,0.453125,37,17
010,0.474609375,0.525390625,37,21
011,0.529296875,0.470703125,33,17
100,0.509765625,0.490234375,37,21
101,0.54296875,0.45703125,33,17
110,0.482421875,0.517578125,33,21
111,0.53125,0.46875,29,17
