state,p_marked,error,gate_count,depth
000,0.056640625,0.943359375,32,15
001,0.076171875,0.923828125,30,13
010,0.06640625,0.93359375,30,15
011,0.060546875,0.939453125,28,13
100,0.064453125,0.935546875,30,15
101,0.076171875,0.923828125,28,13
110,0.05859375,0.94140625,28,15
111,0.064453125,0.935546875,26,13
