state,p_marked,error,gate_count,depth
000,0.509765625,0.490234375,32,16
001,0.494140625,0.505859375,30,14
010,0.478515625,0.521484375,30,16
011,0.482421875,0.517578125,28,14
100,0.4609375,0.5390625,30,16
101,0.505859375,0.494140625,28,14
110,0.48828125,0.51171875,28,16
111,0.533203125,0.466796875,26,14
