state,p_marked,error,gate_count,depth
000,0.505859375,0.494140625,32,16
001,0.55078125,0.44921875,30,14
010,0.490234375,0.509765625,30,16
011,0.505859375,0.494140625,28,14
100,0.486328125,0.513671875,30,16
101,0.505859375,0.494140625,28,14
110,0.478515625,0.521484375,28,16
111,0.49609375,0.50390625,26,14
