state,p_marked,error,gate_count,depth
000,0.5078125,0.4921875,41,21
001,0.0,1.0,41,21
010,0.0,1.0,41,21
011,0.0,1.0,41,21
100,0.505859375,0.494140625,41,21
101,0.0,1.0,41,21
110,0.0,1.0,41,21
111,0.0,1.0,41,21
