state,p_marked,error,gate_count,depth
000,0.150390625,0.849609375,41,20
001,0.1171875,0.8828125,37,16
010,0.138671875,0.861328125,37,20
011,0.119140625,0.880859375,33,16
100,0.111328125,0.888671875,37,20
101,0.13671875,0.86328125,33,16
110,0.1015625,0.8984375,33,20
111,0.115234375,0.884765625,29,16
