state,p_marked,error,gate_count,depth
000,0.12890625,0.87109375,24,12
001,0.107421875,0.892578125,20,8
010,0.109375,0.890625,20,12
011,0.095703125,0.904296875,16,8
100,0.119140625,0.880859375,20,12
101,0.146484375,0.853515625,16,8
110,0.1484375,0.8515625,16,12
111,0.123046875,0.876953125,12,8
