state,p_marked,error,gate_count,depth
000,0.119140625,0.880859375,24,12
001,0.119140625,0.880859375,20,8
010,0.111328125,0.888671875,20,12
011,0.119140625,0.880859375,16,8
100,0.142578125,0.857421875,20,12
101,0.126953125,0.873046875,16,8
110,0.134765625,0.865234375,16,12
111,0.140625,0.859375,12,8
