state,p_marked,error,gate_count,depth
000,0.10546875,0.89453125,46,22
001,0.142578125,0.857421875,46,22
010,0.123046875,0.876953125,46,22
011,0.14453125,0.85546875,46,22
100,0.130859375,0.869140625,46,22
101,0.12890625,0.87109375,46,22
110,0.14453125,0.85546875,46,22
111,0.09765625,0.90234375,46,22
