state,p_marked,error,gate_count,depth
000,0.119140625,0.880859375,56,28
001,0.125,0.875,54,26
010,0.1328125,0.8671875,54,28
011,0.107421875,0.892578125,52,26
100,0.119140625,0.880859375,54,28
101,0.13671875,0.86328125,52,26
110,0.130859375,0.869140625,52,28
111,0.12890625,0.87109375,50,26
