state,p_marked,error,gate_count,depth
000,0.259765625,0.740234375,59,30
001,0.287109375,0.712890625,55,27
010,0.02734375,0.97265625,55,30
011,0.30078125,0.69921875,51,27
100,0.28515625,0.71484375,55,30
101,0.279296875,0.720703125,51,27
110,0.015625,0.984375,51,30
111,0.251953125,0.748046875,47,26
