state,p_marked,error,gate_count,depth
000,0.12109375,0.87890625,32,15
001,0.13671875,0.86328125,30,13
010,0.126953125,0.873046875,30,15
011,0.115234375,0.884765625,28,13
100,0.146484375,0.853515625,30,15
101,0.11328125,0.88671875,28,13
110,0.130859375,0.869140625,28,15
111,0.13671875,0.86328125,26,13
