state,p_marked,error,gate_count,depth
000,0.501953125,0.498046875,32,16
001,0.515625,0.484375,30,14
010,0.53125,0.46875,30,16
011,0.537109375,0.462890625,28,14
100,0.513671875,0.486328125,30,16
101,0.5234375,0.4765625,28,14
110,0.50390625,0.49609375,28,16
111,0.5390625,0.4609375,26,14
