state,p_marked,error,gate_count,depth
000,0.49609375,0.50390625,41,21
001,0.5078125,0.4921875,37,17
010,0.568359375,0.431640625,37,21
011,0.498046875,0.501953125,33,17
100,0.44921875,0.55078125,37,21
101,0.501953125,0.498046875,33,17
110,0.50390625,0.49609375,33,21
111,0.54296875,0.45703125,29,17
