state,p_marked,error,gate_count,depth
000,0.16015625,0.83984375,46,22
001,0.134765625,0.865234375,46,22
010,0.125,0.875,46,22
011,0.12109375,0.87890625,46,22
100,0.13671875,0.86328125,46,22
101,0.130859375,0.869140625,46,22
110,0.140625,0.859375,46,22
111,0.12890625,0.87109375,46,22
