state,p_marked,error,gate_count,depth
000,0.5,0.5,41,21
001,0.52734375,0.47265625,37,17
010,0.529296875,0.470703125,37,21
011,0.478515625,0.521484375,33,17
100,0.509765625,0.490234375,37,21
101,0.515625,0.484375,33,17
110,0.509765625,0.490234375,33,21
111,0.53515625,0.46484375,29,17
