state,p_marked,error,gate_count,depth
000,0.0,1.0,68,35
001,0.0,1.0,66,33
010,0.0,1.0,66,35
011,0.0,1.0,64,33
100,0.111328125,0.888671875,66,35
101,0.0,1.0,64,33
110,0.134765625,0.865234375,64,35
111,0.248046875,0.751953125,62,33
