state,p_marked,error,gate_count,depth
000,0.505859375,0.494140625,50,26
001,0.5,0.5,44,20
010,0.470703125,0.529296875,44,26
011,0.54296875,0.45703125,38,20
100,0.48046875,0.51953125,44,26
101,0.49609375,0.50390625,38,20
110,0.48828125,0.51171875,38,26
111,0.4609375,0.5390625,32,20
