state,p_marked,error,gate_count,depth
000,0.544921875,0.455078125,41,21
001,0.517578125,0.482421875,37,17
010,0.451171875,0.548828125,37,21
011,0.47265625,0.52734375,33,17
100,0.48828125,0.51171875,37,21
101,0.484375,0.515625,33,17
110,0.51171875,0.48828125,33,21
111,0.513671875,0.486328125,29,17
