state,p_marked,error,gate_count,depth
000,0.076171875,0.923828125,32,15
001,0.04296875,0.95703125,30,13
010,0.0625,0.9375,30,15
011,0.076171875,0.923828125,28,13
100,0.0625,0.9375,30,15
101,0.08203125,0.91796875,28,13
110,0.0625,0.9375,28,15
111,0.072265625,0.927734375,26,13
