state,p_marked,error,gate_count,depth
000,0.142578125,0.857421875,46,24
001,0.126953125,0.873046875,42,20
010,0.125,0.875,42,24
011,0.130859375,0.869140625,38,20
100,0.1328125,0.8671875,42,24
101,0.119140625,0.880859375,38,20
110,0.12890625,0.87109375,38,24
111,0.140625,0.859375,34,20
