state,p_marked,error,gate_count,depth
000,0.015625,0.984375,109,57
001,0.0078125,0.9921875,99,48
010,0.005859375,0.994140625,99,57
011,0.009765625,0.990234375,89,48
100,0.005859375,0.994140625,99,57
101,0.00390625,0.99609375,89,47
110,0.015625,0.984375,89,57
111,0.01171875,0.98828125,79,47
