state,p_marked,error,gate_count,depth
000,0.126953125,0.873046875,46,24
001,0.142578125,0.857421875,42,20
010,0.109375,0.890625,42,24
011,0.12109375,0.87890625,38,20
100,0.125,0.875,42,24
101,0.130859375,0.869140625,38,20
110,0.138671875,0.861328125,38,24
111,0.125,0.875,34,20
