state,p_marked,error,gate_count,depth
000,0.025390625,0.974609375,42,22
001,0.017578125,0.982421875,38,18
010,0.01953125,0.98046875,38,22
011,0.01171875,0.98828125,34,18
100,0.01171875,0.98828125,38,22
101,0.03515625,0.96484375,34,18
110,0.44921875,0.55078125,34,22
111,0.45703125,0.54296875,30,18
