state,p_marked,error,gate_count,depth
000,0.123046875,0.876953125,41,19
001,0.126953125,0.873046875,41,19
010,0.150390625,0.849609375,41,19
011,0.134765625,0.865234375,41,19
100,0.16015625,0.83984375,41,19
101,0.1171875,0.8828125,41,19
110,0.111328125,0.888671875,41,19
111,0.119140625,0.880859375,41,19
