state,p_marked,error,gate_count,depth
000,0.25,0.75,41,21
001,0.220703125,0.779296875,37,17
010,0.26953125,0.73046875,37,21
011,0.25,0.75,33,17
100,0.22265625,0.77734375,37,21
101,0.25,0.75,33,17
110,0.267578125,0.732421875,33,21
111,0.265625,0.734375,29,17
