state,p_marked,error,gate_count,depth
000,0.1484375,0.8515625,33,17
001,0.12890625,0.87109375,27,11
010,0.109375,0.890625,27,17
011,0.12890625,0.87109375,21,11
100,0.107421875,0.892578125,27,17
101,0.119140625,0.880859375,21,11
110,0.134765625,0.865234375,21,17
111,0.125,0.875,15,11
