state,p_marked,error,gate_count,depth
000,0.171875,0.828125,58,42
001,0.0546875,0.9453125,58,42
010,0.068359375,0.931640625,58,42
011,0.18359375,0.81640625,58,42
100,0.24609375,0.75390625,58,42
101,0.111328125,0.888671875,58,42
110,0.05859375,0.94140625,58,42
111,0.07421875,0.92578125,58,42
