state,p_marked,error,gate_count,depth
000,0.123046875,0.876953125,58,30
001,0.138671875,0.861328125,54,26
010,0.099609375,0.900390625,54,30
011,0.0,1.0,50,26
100,0.14453125,0.85546875,54,30
101,0.138671875,0.861328125,50,26
110,0.119140625,0.880859375,50,30
111,0.0,1.0,46,26
