state,p_marked,error,gate_count,depth
000,0.51953125,0.48046875,50,26
001,0.533203125,0.466796875,44,20
010,0.46484375,0.53515625,44,26
011,0.490234375,0.509765625,38,20
100,0.509765625,0.490234375,44,26
101,0.48828125,0.51171875,38,20
110,0.48046875,0.51953125,38,26
111,0.46875,0.53125,32,20
