state,p_marked,error,gate_count,depth
000,0.267578125,0.732421875,59,31
001,0.263671875,0.736328125,55,27
010,0.03125,0.96875,55,31
011,0.02734375,0.97265625,51,27
100,0.25390625,0.74609375,55,31
101,0.2734375,0.7265625,51,27
110,0.025390625,0.974609375,51,31
111,0.03515625,0.96484375,47,27
