state,p_marked,error,gate_count,depth
000,0.107421875,0.892578125,15,7
001,0.115234375,0.884765625,13,5
010,0.103515625,0.896484375,13,7
011,0.115234375,0.884765625,11,5
100,0.13671875,0.86328125,13,7
101,0.1171875,0.8828125,11,5
110,0.09375,0.90625,11,7
111,0.158203125,0.841796875,9,5
