state,p_marked,error,gate_count,depth
000,0.123046875,0.876953125,58,30
001,0.123046875,0.876953125,54,26
010,0.15625,0.84375,54,30
011,0.138671875,0.861328125,50,26
100,0.1328125,0.8671875,54,30
101,0.111328125,0.888671875,50,26
110,0.109375,0.890625,50,30
111,0.1328125,0.8671875,46,26
