state,p_marked,error,gate_count,depth
000,0.5,0.5,41,21
001,0.521484375,0.478515625,37,17
010,0.51171875,0.48828125,37,21
011,0.478515625,0.521484375,33,17
100,0.51171875,0.48828125,37,21
101,0.484375,0.515625,33,17
110,0.486328125,0.513671875,33,21
111,0.48828125,0.51171875,29,17
