state,p_marked,error,gate_count,depth
000,0.115234375,0.884765625,87,47
001,0.14453125,0.85546875,77,37
010,0.138671875,0.861328125,77,47
011,0.12890625,0.87109375,67,37
100,0.09375,0.90625,77,47
101,0.138671875,0.861328125,67,37
110,0.123046875,0.876953125,67,47
111,0.115234375,0.884765625,57,37
