state,p_marked,error,gate_count,depth
000,0.146484375,0.853515625,15,7
001,0.142578125,0.857421875,13,5
010,0.12109375,0.87890625,13,7
011,0.1171875,0.8828125,11,5
100,0.099609375,0.900390625,13,7
101,0.1328125,0.8671875,11,5
110,0.12890625,0.87109375,11,7
111,0.138671875,0.861328125,9,5
