state,p_marked,error,gate_count,depth
000,0.5078125,0.4921875,41,21
001,0.466796875,0.533203125,37,17
010,0.4609375,0.5390625,37,21
011,0.486328125,0.513671875,33,17
100,0.494140625,0.505859375,37,21
101,0.45703125,0.54296875,33,17
110,0.501953125,0.498046875,33,21
111,0.48046875,0.51953125,29,17
