state,p_marked,error,gate_count,depth
000,0.501953125,0.498046875,32,16
001,0.50390625,0.49609375,30,14
010,0.451171875,0.548828125,30,16
011,0.5,0.5,28,14
100,0.484375,0.515625,30,16
101,0.5390625,0.4609375,28,14
110,0.5,0.5,28,16
111,0.533203125,0.466796875,26,14
