state,p_marked,error,gate_count,depth
000,0.521484375,0.478515625,32,16
001,0.48828125,0.51171875,30,14
010,0.5078125,0.4921875,30,16
011,0.48046875,0.51953125,28,14
100,0.51953125,0.48046875,30,16
101,0.529296875,0.470703125,28,14
110,0.5625,0.4375,28,16
111,0.490234375,0.509765625,26,14
