state,p_marked,error,gate_count,depth
000,0.265625,0.734375,58,30
001,0.30078125,0.69921875,54,26
010,0.03125,0.96875,54,30
011,0.044921875,0.955078125,50,26
100,0.30078125,0.69921875,54,30
101,0.265625,0.734375,50,26
110,0.03515625,0.96484375,50,30
111,0.0390625,0.9609375,46,26
