state,p_marked,error,gate_count,depth
000,0.47265625,0.52734375,41,21
001,0.46875,0.53125,37,17
010,0.447265625,0.552734375,37,21
011,0.5,0.5,33,17
100,0.5234375,0.4765625,37,21
101,0.5234375,0.4765625,33,17
110,0.470703125,0.529296875,33,21
111,0.49609375,0.50390625,29,17
