state,p_marked,error,gate_count,depth
000,0.138671875,0.861328125,42,21
001,0.138671875,0.861328125,38,17
010,0.125,0.875,38,21
011,0.0859375,0.9140625,34,17
100,0.146484375,0.853515625,38,21
101,0.111328125,0.888671875,34,17
110,0.1015625,0.8984375,34,21
111,0.119140625,0.880859375,30,17
