state,p_marked,error,gate_count,depth
000,0.064453125,0.935546875,33,16
001,0.052734375,0.947265625,31,14
010,0.064453125,0.935546875,31,16
011,0.064453125,0.935546875,29,14
100,0.060546875,0.939453125,31,16
101,0.0703125,0.9296875,29,14
110,0.31640625,0.68359375,29,16
111,0.326171875,0.673828125,27,14
