state,p_marked,error,gate_count,depth
000,0.1015625,0.8984375,49,25
001,0.142578125,0.857421875,47,23
010,0.119140625,0.880859375,47,25
011,0.119140625,0.880859375,45,23
100,0.109375,0.890625,47,25
101,0.099609375,0.900390625,45,23
110,0.09765625,0.90234375,45,25
111,0.150390625,0.849609375,43,23
