state,p_marked,error,gate_count,depth
000,0.16796875,0.83203125,86,45
001,0.123046875,0.876953125,76,35
010,0.044921875,0.955078125,76,45
011,0.033203125,0.966796875,66,35
100,0.142578125,0.857421875,76,45
101,0.16796875,0.83203125,66,35
110,0.029296875,0.970703125,66,45
111,0.021484375,0.978515625,56,35
