state,p_marked,error,gate_count,depth
000,0.126953125,0.873046875,68,36
001,0.103515625,0.896484375,58,26
010,0.125,0.875,58,36
011,0.1171875,0.8828125,48,26
100,0.146484375,0.853515625,58,36
101,0.109375,0.890625,48,26
110,0.138671875,0.861328125,48,36
111,0.123046875,0.876953125,38,26
