state,p_marked,error,gate_count,depth
000,0.119140625,0.880859375,54,28
001,0.140625,0.859375,52,26
010,0.138671875,0.861328125,52,28
011,0.103515625,0.896484375,50,26
100,0.140625,0.859375,52,28
101,0.126953125,0.873046875,50,26
110,0.119140625,0.880859375,50,28
111,0.078125,0.921875,48,26
