state,p_marked,error,gate_count,depth
000,0.115234375,0.884765625,55,28
001,0.12890625,0.87109375,53,26
010,0.109375,0.890625,53,28
011,0.111328125,0.888671875,51,26
100,0.109375,0.890625,53,28
101,0.1015625,0.8984375,51,26
110,0.115234375,0.884765625,51,28
111,0.1640625,0.8359375,49,26
