state,p_marked,error,gate_count,depth
000,0.12109375,0.87890625,40,19
001,0.111328125,0.888671875,40,19
010,0.091796875,0.908203125,40,19
011,0.130859375,0.869140625,40,19
100,0.134765625,0.865234375,40,19
101,0.130859375,0.869140625,40,19
110,0.123046875,0.876953125,40,19
111,0.126953125,0.873046875,40,19
