state,p_marked,error,gate_count,depth
000,0.517578125,0.482421875,41,21
001,0.521484375,0.478515625,37,17
010,0.501953125,0.498046875,37,21
011,0.55078125,0.44921875,33,17
100,0.484375,0.515625,37,21
101,0.53125,0.46875,33,17
110,0.48828125,0.51171875,33,21
111,0.517578125,0.482421875,29,17
