state,p_marked,error,gate_count,depth
000,0.0,1.0,49,27
001,0.0,1.0,49,27
010,0.0,1.0,49,27
011,0.0,1.0,49,27
100,0.453125,0.546875,49,27
101,0.0,1.0,49,27
110,0.0,1.0,49,27
111,0.486328125,0.513671875,49,27
