state,p_marked,error,gate_count,depth
000,0.51953125,0.48046875,32,16
001,0.48828125,0.51171875,30,14
010,0.5,0.5,30,16
011,0.521484375,0.478515625,28,14
100,0.50390625,0.49609375,30,16
101,0.533203125,0.466796875,28,14
110,0.48828125,0.51171875,28,16
111,0.47265625,0.52734375,26,14
