state,p_marked,error,gate_count,depth
000,0.1171875,0.8828125,41,20
001,0.146484375,0.853515625,37,16
010,0.10546875,0.89453125,37,20
011,0.125,0.875,33,16
100,0.125,0.875,37,20
101,0.12890625,0.87109375,33,16
110,0.111328125,0.888671875,33,20
111,0.138671875,0.861328125,29,16
