state,p_marked,error,gate_count,depth
000,0.083984375,0.916015625,67,38
001,0.193359375,0.806640625,63,34
010,0.05859375,0.94140625,63,38
011,0.072265625,0.927734375,59,34
100,0.0546875,0.9453125,63,38
101,0.16015625,0.83984375,59,34
110,0.169921875,0.830078125,59,38
111,0.19921875,0.80078125,55,34
