state,p_marked,error,gate_count,depth
000,0.126953125,0.873046875,41,20
001,0.154296875,0.845703125,41,20
010,0.130859375,0.869140625,41,20
011,0.126953125,0.873046875,41,20
100,0.125,0.875,41,20
101,0.095703125,0.904296875,41,20
110,0.1328125,0.8671875,41,20
111,0.123046875,0.876953125,41,20
