state,p_marked,error,gate_count,depth
000,0.134765625,0.865234375,24,12
001,0.140625,0.859375,20,8
010,0.107421875,0.892578125,20,12
011,0.1328125,0.8671875,16,8
100,0.1171875,0.8828125,20,12
101,0.14453125,0.85546875,16,8
110,0.119140625,0.880859375,16,12
111,0.095703125,0.904296875,12,8
