state,p_marked,error,gate_count,depth
000,0.134765625,0.865234375,23,11
001,0.140625,0.859375,23,11
010,0.111328125,0.888671875,23,11
011,0.140625,0.859375,23,11
100,0.12890625,0.87109375,23,11
101,0.12109375,0.87890625,23,11
110,0.12890625,0.87109375,23,11
111,0.123046875,0.876953125,23,11
