state,p_marked,error,gate_count,depth
000,0.046875,0.953125,38,20
001,0.06640625,0.93359375,36,18
010,0.578125,0.421875,36,20
011,0.060546875,0.939453125,34,18
100,0.052734375,0.947265625,36,20
101,0.056640625,0.943359375,34,18
110,0.541015625,0.458984375,34,20
111,0.07421875,0.92578125,32,18
