state,p_marked,error,gate_count,depth
000,0.130859375,0.869140625,49,25
001,0.109375,0.890625,47,23
010,0.107421875,0.892578125,47,25
011,0.125,0.875,45,23
100,0.09765625,0.90234375,47,25
101,0.119140625,0.880859375,45,23
110,0.125,0.875,45,25
111,0.130859375,0.869140625,43,23
