state,p_marked,error,gate_count,depth
000,0.126953125,0.873046875,33,17
001,0.107421875,0.892578125,27,11
010,0.103515625,0.896484375,27,17
011,0.119140625,0.880859375,21,11
100,0.13671875,0.86328125,27,17
101,0.140625,0.859375,21,11
110,0.12890625,0.87109375,21,17
111,0.1328125,0.8671875,15,11
