state,p_marked,error,gate_count,depth
000,0.134765625,0.865234375,33,17
001,0.126953125,0.873046875,27,11
010,0.109375,0.890625,27,17
011,0.12109375,0.87890625,21,11
100,0.13671875,0.86328125,27,17
101,0.134765625,0.865234375,21,11
110,0.126953125,0.873046875,21,17
111,0.115234375,0.884765625,15,11
