state,p_marked,error,gate_count,depth
000,0.056640625,0.943359375,73,37
001,0.1328125,0.8671875,71,35
010,0.068359375,0.931640625,71,37
011,0.1328125,0.8671875,69,35
100,0.119140625,0.880859375,71,37
101,0.05859375,0.94140625,69,35
110,0.11328125,0.88671875,69,37
111,0.056640625,0.943359375,67,35
