state,p_marked,error,gate_count,depth
000,0.119140625,0.880859375,49,24
001,0.119140625,0.880859375,47,22
010,0.1171875,0.8828125,47,24
011,0.119140625,0.880859375,45,22
100,0.13671875,0.86328125,47,24
101,0.11328125,0.88671875,45,22
110,0.154296875,0.845703125,45,24
111,0.12109375,0.87890625,43,22
