state,p_marked,error,gate_count,depth
000,0.474609375,0.525390625,50,26
001,0.53515625,0.46484375,44,20
010,0.509765625,0.490234375,44,26
011,0.482421875,0.517578125,38,20
100,0.49609375,0.50390625,44,26
101,0.46484375,0.53515625,38,20
110,0.48828125,0.51171875,38,26
111,0.5078125,0.4921875,32,20
