state,p_marked,error,gate_count,depth
000,0.125,0.875,33,17
001,0.1015625,0.8984375,27,11
010,0.087890625,0.912109375,27,17
011,0.13671875,0.86328125,21,11
100,0.1328125,0.8671875,27,17
101,0.123046875,0.876953125,21,11
110,0.1328125,0.8671875,21,17
111,0.08984375,0.91015625,15,11
