state,p_marked,error,gate_count,depth
000,0.138671875,0.861328125,50,24
001,0.126953125,0.873046875,48,22
010,0.103515625,0.896484375,48,24
011,0.115234375,0.884765625,46,22
100,0.123046875,0.876953125,48,24
101,0.11328125,0.88671875,46,22
110,0.140625,0.859375,46,24
111,0.138671875,0.861328125,44,22
