state,p_marked,error,gate_count,depth
000,0.11328125,0.88671875,40,19
001,0.1484375,0.8515625,40,19
010,0.142578125,0.857421875,40,19
011,0.109375,0.890625,40,19
100,0.16015625,0.83984375,40,19
101,0.123046875,0.876953125,40,19
110,0.126953125,0.873046875,40,19
111,0.1015625,0.8984375,40,19
