state,p_marked,error,gate_count,depth
000,0.142578125,0.857421875,43,23
001,0.1171875,0.8828125,39,19
010,0.130859375,0.869140625,39,23
011,0.107421875,0.892578125,35,19
100,0.13671875,0.86328125,39,23
101,0.109375,0.890625,35,19
110,0.12890625,0.87109375,35,23
111,0.103515625,0.896484375,31,19
