state,p_marked,error,gate_count,depth
000,0.12890625,0.87109375,114,58
001,0.0078125,0.9921875,106,50
010,0.138671875,0.861328125,106,58
011,0.470703125,0.529296875,98,50
100,0.140625,0.859375,106,58
101,0.005859375,0.994140625,98,50
110,0.0,1.0,98,58
111,0.15234375,0.84765625,90,50
