state,p_marked,error,gate_count,depth
000,0.1015625,0.8984375,59,30
001,0.13671875,0.86328125,55,26
010,0.123046875,0.876953125,55,30
011,0.11328125,0.88671875,51,26
100,0.130859375,0.869140625,55,30
101,0.10546875,0.89453125,51,26
110,0.12109375,0.87890625,51,30
111,0.099609375,0.900390625,47,26
