state,p_marked,error,gate_count,depth
000,0.125,0.875,44,23
001,0.134765625,0.865234375,40,19
010,0.126953125,0.873046875,40,23
011,0.123046875,0.876953125,36,19
100,0.12109375,0.87890625,40,23
101,0.1171875,0.8828125,36,19
110,0.123046875,0.876953125,36,23
111,0.12890625,0.87109375,32,19
