state,p_marked,error,gate_count,depth
000,0.494140625,0.505859375,41,21
001,0.513671875,0.486328125,37,17
010,0.474609375,0.525390625,37,21
011,0.447265625,0.552734375,33,17
100,0.51171875,0.48828125,37,21
101,0.525390625,0.474609375,33,17
110,0.486328125,0.513671875,33,21
111,0.55859375,0.44140625,29,17
