state,p_marked,error,gate_count,depth
000,0.154296875,0.845703125,38,22
001,0.0,1.0,36,20
010,0.119140625,0.880859375,36,22
011,0.0,1.0,34,20
100,0.134765625,0.865234375,36,22
101,0.0,1.0,34,20
110,0.11328125,0.88671875,34,22
111,0.501953125,0.498046875,32,20
