state,p_marked,error,gate_count,depth
000,0.50390625,0.49609375,41,21
001,0.4609375,0.5390625,37,17
010,0.529296875,0.470703125,37,21
011,0.453125,0.546875,33,17
100,0.451171875,0.548828125,37,21
101,0.4609375,0.5390625,33,17
110,0.48046875,0.51953125,33,21
111,0.517578125,0.482421875,29,17
