state,p_marked,error,gate_count,depth
000,0.513671875,0.486328125,59,31
001,0.513671875,0.486328125,51,23
010,0.498046875,0.501953125,51,31
011,0.517578125,0.482421875,43,23
100,0.47265625,0.52734375,51,31
101,0.474609375,0.525390625,43,23
110,0.51171875,0.48828125,43,31
111,0.48828125,0.51171875,35,23
