state,p_marked,error,gate_count,depth
000,0.412109375,0.587890625,169,116
001,0.12890625,0.87109375,169,116
010,0.03125,0.96875,169,116
011,0.23828125,0.76171875,169,116
100,0.00390625,0.99609375,169,116
101,0.052734375,0.947265625,169,116
110,0.04296875,0.95703125,169,116
111,0.015625,0.984375,169,116
