state,p_marked,error,gate_count,depth
000,0.13671875,0.86328125,49,25
001,0.123046875,0.876953125,47,23
010,0.140625,0.859375,47,25
011,0.111328125,0.888671875,45,23
100,0.103515625,0.896484375,47,25
101,0.126953125,0.873046875,45,23
110,0.1171875,0.8828125,45,25
111,0.1328125,0.8671875,43,23
