state,p_marked,error,gate_count,depth
000,0.126953125,0.873046875,25,12
001,0.103515625,0.896484375,25,12
010,0.130859375,0.869140625,25,12
011,0.11328125,0.88671875,25,12
100,0.107421875,0.892578125,25,12
101,0.14453125,0.85546875,25,12
110,0.11328125,0.88671875,25,12
111,0.099609375,0.900390625,25,12
