state,p_marked,error,gate_count,depth
000,0.029296875,0.970703125,124,82
001,0.1015625,0.8984375,124,82
010,0.169921875,0.830078125,124,82
011,0.134765625,0.865234375,124,82
100,0.056640625,0.943359375,124,82
101,0.017578125,0.982421875,124,82
110,0.068359375,0.931640625,124,82
111,0.43359375,0.56640625,124,82
