state,p_marked,error,gate_count,depth
000,0.07421875,0.92578125,72,37
001,0.3203125,0.6796875,70,35
010,0.0546875,0.9453125,70,37
011,0.306640625,0.693359375,68,35
100,0.333984375,0.666015625,70,37
101,0.0546875,0.9453125,68,35
110,0.328125,0.671875,68,37
111,0.056640625,0.943359375,66,35
