state,p_marked,error,gate_count,depth
000,0.134765625,0.865234375,50,25
001,0.1328125,0.8671875,48,23
010,0.169921875,0.830078125,48,25
011,0.0859375,0.9140625,46,23
100,0.09765625,0.90234375,48,25
101,0.126953125,0.873046875,46,23
110,0.181640625,0.818359375,46,25
111,0.091796875,0.908203125,44,23
