state,p_marked,error,gate_count,depth
000,0.498046875,0.501953125,32,16
001,0.564453125,0.435546875,30,14
010,0.484375,0.515625,30,16
011,0.484375,0.515625,28,14
100,0.4921875,0.5078125,30,16
101,0.5,0.5,28,14
110,0.50390625,0.49609375,28,16
111,0.5390625,0.4609375,26,14
