state,p_marked,error,gate_count,depth
000,0.125,0.875,43,22
001,0.146484375,0.853515625,39,18
010,0.11328125,0.88671875,39,22
011,0.115234375,0.884765625,35,18
100,0.115234375,0.884765625,39,22
101,0.140625,0.859375,35,18
110,0.134765625,0.865234375,35,22
111,0.123046875,0.876953125,31,18
