state,p_marked,error,gate_count,depth
000,0.0234375,0.9765625,41,21
001,0.013671875,0.986328125,37,17
010,0.013671875,0.986328125,37,21
011,0.0078125,0.9921875,33,17
100,0.013671875,0.986328125,37,21
101,0.01171875,0.98828125,33,17
110,0.009765625,0.990234375,33,21
111,0.0078125,0.9921875,29,17
