state,p_marked,error,gate_count,depth
000,0.138671875,0.861328125,41,19
001,0.142578125,0.857421875,41,19
010,0.125,0.875,41,19
011,0.130859375,0.869140625,41,19
100,0.146484375,0.853515625,41,19
101,0.111328125,0.888671875,41,19
110,0.123046875,0.876953125,41,19
111,0.111328125,0.888671875,41,19
