state,p_marked,error,gate_count,depth
000,0.0625,0.9375,33,15
001,0.0625,0.9375,31,13
010,0.0703125,0.9296875,31,15
011,0.072265625,0.927734375,29,13
100,0.068359375,0.931640625,31,15
101,0.0625,0.9375,29,13
110,0.044921875,0.955078125,29,15
111,0.068359375,0.931640625,27,13
