state,p_marked,error,gate_count,depth
000,0.1015625,0.8984375,24,12
001,0.146484375,0.853515625,20,8
010,0.111328125,0.888671875,20,12
011,0.130859375,0.869140625,16,8
100,0.115234375,0.884765625,20,12
101,0.109375,0.890625,16,8
110,0.154296875,0.845703125,16,12
111,0.1171875,0.8828125,12,8
