state,p_marked,error,gate_count,depth
000,0.13671875,0.86328125,24,12
001,0.140625,0.859375,20,8
010,0.15625,0.84375,20,12
011,0.09375,0.90625,16,8
100,0.119140625,0.880859375,20,12
101,0.154296875,0.845703125,16,8
110,0.126953125,0.873046875,16,12
111,0.1171875,0.8828125,12,8
