state,p_marked,error,gate_count,depth
000,0.29296875,0.70703125,59,31
001,0.3046875,0.6953125,55,27
010,0.025390625,0.974609375,55,31
011,0.3203125,0.6796875,51,27
100,0.26953125,0.73046875,55,31
101,0.263671875,0.736328125,51,27
110,0.025390625,0.974609375,51,31
111,0.291015625,0.708984375,47,27
