state,p_marked,error,gate_count,depth
000,0.484375,0.515625,32,16
001,0.529296875,0.470703125,30,14
010,0.509765625,0.490234375,30,16
011,0.53515625,0.46484375,28,14
100,0.45703125,0.54296875,30,16
101,0.509765625,0.490234375,28,14
110,0.515625,0.484375,28,16
111,0.482421875,0.517578125,26,14
