state,p_marked,error,gate_count,depth
000,0.14453125,0.85546875,58,30
001,0.10546875,0.89453125,54,26
010,0.134765625,0.865234375,54,30
011,0.1171875,0.8828125,50,26
100,0.1171875,0.8828125,54,30
101,0.119140625,0.880859375,50,26
110,0.134765625,0.865234375,50,30
111,0.12890625,0.87109375,46,26
