state,p_marked,error,gate_count,depth
000,0.216796875,0.783203125,69,36
001,0.0625,0.9375,67,34
010,0.271484375,0.728515625,67,36
011,0.55859375,0.44140625,65,34
100,0.279296875,0.720703125,67,36
101,0.57421875,0.42578125,65,34
110,0.275390625,0.724609375,65,36
111,0.072265625,0.927734375,63,34
