state,p_marked,error,gate_count,depth
000,0.142578125,0.857421875,32,16
001,0.130859375,0.869140625,30,14
010,0.134765625,0.865234375,30,16
011,0.123046875,0.876953125,28,14
100,0.150390625,0.849609375,30,16
101,0.119140625,0.880859375,28,14
110,0.15234375,0.84765625,28,16
111,0.140625,0.859375,26,14
