state,p_marked,error,gate_count,depth
000,0.150390625,0.849609375,49,24
001,0.123046875,0.876953125,47,22
010,0.119140625,0.880859375,47,24
011,0.107421875,0.892578125,45,22
100,0.119140625,0.880859375,47,24
101,0.162109375,0.837890625,45,22
110,0.12109375,0.87890625,45,24
111,0.11328125,0.88671875,43,22
