state,p_marked,error,gate_count,depth
000,0.140625,0.859375,42,22
001,0.09765625,0.90234375,34,14
010,0.111328125,0.888671875,34,22
011,0.09375,0.90625,26,14
100,0.1171875,0.8828125,34,22
101,0.126953125,0.873046875,26,14
110,0.130859375,0.869140625,26,22
111,0.150390625,0.849609375,18,14
