state,p_marked,error,gate_count,depth
000,0.119140625,0.880859375,68,35
001,0.09765625,0.90234375,62,30
010,0.134765625,0.865234375,62,35
011,0.1171875,0.8828125,56,29
100,0.12890625,0.87109375,62,35
101,0.095703125,0.904296875,56,30
110,0.13671875,0.86328125,56,35
111,0.099609375,0.900390625,50,29
