state,p_marked,error,gate_count,depth
000,0.119140625,0.880859375,15,7
001,0.130859375,0.869140625,13,5
010,0.138671875,0.861328125,13,7
011,0.126953125,0.873046875,11,5
100,0.154296875,0.845703125,13,7
101,0.12109375,0.87890625,11,5
110,0.11328125,0.88671875,11,7
111,0.107421875,0.892578125,9,5
