state,p_marked,error,gate_count,depth
000,0.119140625,0.880859375,70,35
001,0.1015625,0.8984375,64,30
010,0.1328125,0.8671875,64,35
011,0.09765625,0.90234375,58,30
100,0.119140625,0.880859375,64,35
101,0.099609375,0.900390625,58,29
110,0.1328125,0.8671875,58,35
111,0.09765625,0.90234375,52,29
