state,p_marked,error,gate_count,depth
000,0.056640625,0.943359375,32,15
001,0.060546875,0.939453125,30,13
010,0.06640625,0.93359375,30,15
011,0.064453125,0.935546875,28,13
100,0.0546875,0.9453125,30,15
101,0.04296875,0.95703125,28,13
110,0.04296875,0.95703125,28,15
111,0.064453125,0.935546875,26,13
