state,p_marked,error,gate_count,depth
000,0.517578125,0.482421875,33,17
001,0.501953125,0.498046875,31,15
010,0.48828125,0.51171875,31,17
011,0.48046875,0.51953125,29,15
100,0.49609375,0.50390625,31,17
101,0.142578125,0.857421875,29,15
110,0.509765625,0.490234375,29,17
111,0.13671875,0.86328125,27,15
