state,p_marked,error,gate_count,depth
000,0.552734375,0.447265625,41,21
001,0.533203125,0.466796875,37,17
010,0.505859375,0.494140625,37,21
011,0.48046875,0.51953125,33,17
100,0.521484375,0.478515625,37,21
101,0.51171875,0.48828125,33,17
110,0.52734375,0.47265625,33,21
111,0.5,0.5,29,17
