state,p_marked,error,gate_count,depth
000,0.56640625,0.43359375,52,28
001,0.53515625,0.46484375,46,22
010,0.494140625,0.505859375,46,28
011,0.0,1.0,40,22
100,0.490234375,0.509765625,46,28
101,0.0,1.0,40,22
110,0.458984375,0.541015625,40,28
111,0.501953125,0.498046875,34,22
