state,p_marked,error,gate_count,depth
000,0.126953125,0.873046875,46,27
001,0.123046875,0.876953125,44,25
010,0.11328125,0.88671875,44,27
011,0.1328125,0.8671875,42,25
100,0.123046875,0.876953125,44,27
101,0.115234375,0.884765625,42,25
110,0.095703125,0.904296875,42,27
111,0.119140625,0.880859375,40,25
