state,p_marked,error,gate_count,depth
000,0.48828125,0.51171875,42,22
001,0.47265625,0.52734375,38,18
010,0.4921875,0.5078125,38,22
011,0.107421875,0.892578125,34,18
100,0.466796875,0.533203125,38,22
101,0.5390625,0.4609375,34,18
110,0.125,0.875,34,22
111,0.5078125,0.4921875,30,18
