state,p_marked,error,gate_count,depth
000,0.515625,0.484375,68,36
001,0.484375,0.515625,58,26
010,0.48046875,0.51953125,58,36
011,0.537109375,0.462890625,48,26
100,0.5234375,0.4765625,58,36
101,0.484375,0.515625,48,26
110,0.474609375,0.525390625,48,36
111,0.49609375,0.50390625,38,26
