state,p_marked,error,gate_count,depth
000,0.146484375,0.853515625,46,24
001,0.115234375,0.884765625,42,20
010,0.095703125,0.904296875,42,24
011,0.14453125,0.85546875,38,20
100,0.12109375,0.87890625,42,24
101,0.123046875,0.876953125,38,20
110,0.123046875,0.876953125,38,24
111,0.126953125,0.873046875,34,20
