state,p_marked,error,gate_count,depth
000,0.474609375,0.525390625,32,16
001,0.5,0.5,30,14
010,0.466796875,0.533203125,30,16
011,0.5234375,0.4765625,28,14
100,0.5,0.5,30,16
101,0.478515625,0.521484375,28,14
110,0.494140625,0.505859375,28,16
111,0.47265625,0.52734375,26,14
