state,p_marked,error,gate_count,depth
000,0.240234375,0.759765625,83,46
001,0.076171875,0.923828125,79,42
010,0.0546875,0.9453125,79,46
011,0.25,0.75,75,42
100,0.0,1.0,79,46
101,0.06640625,0.93359375,75,42
110,0.068359375,0.931640625,75,46
111,0.0,1.0,71,42
