state,p_marked,error,gate_count,depth
000,0.060546875,0.939453125,96,50
001,0.130859375,0.869140625,88,43
010,0.134765625,0.865234375,88,50
011,0.208984375,0.791015625,80,42
100,0.08203125,0.91796875,88,50
101,0.0625,0.9375,80,43
110,0.134765625,0.865234375,80,50
111,0.162109375,0.837890625,72,42
