state,p_marked,error,gate_count,depth
000,0.130859375,0.869140625,15,7
001,0.140625,0.859375,13,5
010,0.099609375,0.900390625,13,7
011,0.1171875,0.8828125,11,5
100,0.1328125,0.8671875,13,7
101,0.142578125,0.857421875,11,5
110,0.099609375,0.900390625,11,7
111,0.146484375,0.853515625,9,5
