state,p_marked,error,gate_count,depth
000,0.146484375,0.853515625,41,20
001,0.099609375,0.900390625,37,16
010,0.13671875,0.86328125,37,20
011,0.140625,0.859375,33,16
100,0.138671875,0.861328125,37,20
101,0.1328125,0.8671875,33,16
110,0.111328125,0.888671875,33,20
111,0.14453125,0.85546875,29,16
