state,p_marked,error,gate_count,depth
000,0.033203125,0.966796875,58,30
001,0.033203125,0.966796875,54,26
010,0.029296875,0.970703125,54,30
011,0.02734375,0.97265625,50,26
100,0.02734375,0.97265625,54,30
101,0.28515625,0.71484375,50,26
110,0.029296875,0.970703125,50,30
111,0.021484375,0.978515625,46,26
