state,p_marked,error,gate_count,depth
000,0.48828125,0.51171875,41,21
001,0.5234375,0.4765625,37,17
010,0.46875,0.53125,37,21
011,0.49609375,0.50390625,33,17
100,0.51171875,0.48828125,37,21
101,0.533203125,0.466796875,33,17
110,0.482421875,0.517578125,33,21
111,0.515625,0.484375,29,17
