state,p_marked,error,gate_count,depth
000,0.109375,0.890625,41,20
001,0.1171875,0.8828125,37,16
010,0.138671875,0.861328125,37,20
011,0.107421875,0.892578125,33,16
100,0.107421875,0.892578125,37,20
101,0.123046875,0.876953125,33,16
110,0.138671875,0.861328125,33,20
111,0.130859375,0.869140625,29,16
