state,p_marked,error,gate_count,depth
000,0.11328125,0.88671875,76,39
001,0.107421875,0.892578125,68,31
010,0.115234375,0.884765625,68,39
011,0.109375,0.890625,60,31
100,0.123046875,0.876953125,68,39
101,0.107421875,0.892578125,60,31
110,0.1171875,0.8828125,60,39
111,0.146484375,0.853515625,52,31
