state,p_marked,error,gate_count,depth
000,0.138671875,0.861328125,42,22
001,0.14453125,0.85546875,34,14
010,0.12890625,0.87109375,34,22
011,0.12890625,0.87109375,26,14
100,0.123046875,0.876953125,34,22
101,0.099609375,0.900390625,26,14
110,0.162109375,0.837890625,26,22
111,0.11328125,0.88671875,18,14
