state,p_marked,error,gate_count,depth
000,0.50390625,0.49609375,41,21
001,0.546875,0.453125,37,17
010,0.509765625,0.490234375,37,21
011,0.537109375,0.462890625,33,17
100,0.49609375,0.50390625,37,21
101,0.53515625,0.46484375,33,17
110,0.50390625,0.49609375,33,21
111,0.44921875,0.55078125,29,17
