state,p_marked,error,gate_count,depth
000,0.46484375,0.53515625,41,21
001,0.505859375,0.494140625,37,17
010,0.470703125,0.529296875,37,21
011,0.462890625,0.537109375,33,17
100,0.48046875,0.51953125,37,21
101,0.515625,0.484375,33,17
110,0.537109375,0.462890625,33,21
111,0.5234375,0.4765625,29,17
