state,p_marked,error,gate_count,depth
000,0.0,1.0,52,27
001,0.12109375,0.87890625,50,25
010,0.22265625,0.77734375,50,27
011,0.111328125,0.888671875,48,25
100,0.126953125,0.873046875,50,27
101,0.201171875,0.798828125,48,25
110,0.11328125,0.88671875,48,27
111,0.0,1.0,46,25
