state,p_marked,error,gate_count,depth
000,0.5078125,0.4921875,41,21
001,0.52734375,0.47265625,37,17
010,0.470703125,0.529296875,37,21
011,0.498046875,0.501953125,33,17
100,0.482421875,0.517578125,37,21
101,0.4453125,0.5546875,33,17
110,0.49609375,0.50390625,33,21
111,0.505859375,0.494140625,29,17
