state,p_marked,error,gate_count,depth
000,0.478515625,0.521484375,32,16
001,0.53125,0.46875,30,14
010,0.498046875,0.501953125,30,16
011,0.505859375,0.494140625,28,14
100,0.515625,0.484375,30,16
101,0.51171875,0.48828125,28,14
110,0.443359375,0.556640625,28,16
111,0.4765625,0.5234375,26,14
