state,p_marked,error,gate_count,depth
000,0.0,1.0,64,33
001,0.23046875,0.76953125,60,29
010,0.0,1.0,60,33
011,0.138671875,0.861328125,56,29
100,0.25,0.75,60,33
101,0.0,1.0,56,29
110,0.248046875,0.751953125,56,33
111,0.130859375,0.869140625,52,29
