state,p_marked,error,gate_count,depth
000,0.50390625,0.49609375,41,21
001,0.509765625,0.490234375,37,17
010,0.505859375,0.494140625,37,21
011,0.52734375,0.47265625,33,17
100,0.548828125,0.451171875,37,21
101,0.517578125,0.482421875,33,17
110,0.46484375,0.53515625,33,21
111,0.517578125,0.482421875,29,17
