state,p_marked,error,gate_count,depth
000,0.150390625,0.849609375,77,40
001,0.134765625,0.865234375,69,33
010,0.140625,0.859375,69,40
011,0.107421875,0.892578125,61,33
100,0.134765625,0.865234375,69,40
101,0.125,0.875,61,32
110,0.109375,0.890625,61,40
111,0.12890625,0.87109375,53,32
