state,p_marked,error,gate_count,depth
000,0.484375,0.515625,32,16
001,0.482421875,0.517578125,30,14
010,0.462890625,0.537109375,30,16
011,0.466796875,0.533203125,28,14
100,0.4921875,0.5078125,30,16
101,0.4765625,0.5234375,28,14
110,0.47265625,0.52734375,28,16
111,0.46875,0.53125,26,14
