state,p_marked,error,gate_count,depth
000,0.125,0.875,50,26
001,0.109375,0.890625,48,24
010,0.125,0.875,48,26
011,0.11328125,0.88671875,46,24
100,0.125,0.875,48,26
101,0.1328125,0.8671875,46,24
110,0.119140625,0.880859375,46,26
111,0.125,0.875,44,24
