state,p_marked,error,gate_count,depth
000,0.12890625,0.87109375,33,17
001,0.0,1.0,31,15
010,0.095703125,0.904296875,31,17
011,0.130859375,0.869140625,29,15
100,0.1171875,0.8828125,31,17
101,0.0,1.0,29,15
110,0.091796875,0.908203125,29,17
111,0.125,0.875,27,15
