state,p_marked,error,gate_count,depth
000,0.49609375,0.50390625,41,21
001,0.498046875,0.501953125,37,17
010,0.4921875,0.5078125,37,21
011,0.47265625,0.52734375,33,17
100,0.513671875,0.486328125,37,21
101,0.515625,0.484375,33,17
110,0.44921875,0.55078125,33,21
111,0.501953125,0.498046875,29,17
