state,p_marked,error,gate_count,depth
000,0.5078125,0.4921875,50,26
001,0.50390625,0.49609375,44,20
010,0.486328125,0.513671875,44,26
011,0.5,0.5,38,20
100,0.494140625,0.505859375,44,26
101,0.50390625,0.49609375,38,20
110,0.5234375,0.4765625,38,26
111,0.484375,0.515625,32,20
