state,p_marked,error,gate_count,depth
000,0.0,1.0,55,29
001,0.123046875,0.876953125,49,23
010,0.0,1.0,49,29
011,0.13671875,0.86328125,43,23
100,0.10546875,0.89453125,49,29
101,0.0,1.0,43,23
110,0.12890625,0.87109375,43,29
111,0.0,1.0,37,23
