state,p_marked,error,gate_count,depth
000,0.14453125,0.85546875,33,17
001,0.134765625,0.865234375,27,11
010,0.125,0.875,27,17
011,0.15625,0.84375,21,11
100,0.119140625,0.880859375,27,17
101,0.13671875,0.86328125,21,11
110,0.119140625,0.880859375,21,17
111,0.125,0.875,15,11
