state,p_marked,error,gate_count,depth
000,0.5,0.5,32,16
001,0.46875,0.53125,30,14
010,0.568359375,0.431640625,30,16
011,0.513671875,0.486328125,28,14
100,0.494140625,0.505859375,30,16
101,0.5234375,0.4765625,28,14
110,0.51953125,0.48046875,28,16
111,0.55078125,0.44921875,26,14
