state,p_marked,error,gate_count,depth
000,0.123046875,0.876953125,24,12
001,0.103515625,0.896484375,20,8
010,0.134765625,0.865234375,20,12
011,0.1015625,0.8984375,16,8
100,0.13671875,0.86328125,20,12
101,0.095703125,0.904296875,16,8
110,0.11328125,0.88671875,16,12
111,0.103515625,0.896484375,12,8
