state,p_marked,error,gate_count,depth
000,0.0,1.0,43,23
001,0.0,1.0,39,19
010,0.0,1.0,39,23
011,0.0,1.0,35,19
100,0.0,1.0,39,23
101,0.134765625,0.865234375,35,19
110,0.0,1.0,35,23
111,0.119140625,0.880859375,31,19
