state,p_marked,error,gate_count,depth
000,0.0,1.0,38,21
001,0.125,0.875,36,19
010,0.123046875,0.876953125,36,21
011,0.0,1.0,34,19
100,0.0,1.0,36,21
101,0.109375,0.890625,34,19
110,0.12890625,0.87109375,34,21
111,0.0,1.0,32,19
