state,p_marked,error,gate_count,depth
000,0.12109375,0.87890625,15,7
001,0.109375,0.890625,13,5
010,0.13671875,0.86328125,13,7
011,0.11328125,0.88671875,11,5
100,0.123046875,0.876953125,13,7
101,0.154296875,0.845703125,11,5
110,0.1328125,0.8671875,11,7
111,0.119140625,0.880859375,9,5
