state,p_marked,error,gate_count,depth
000,0.134765625,0.865234375,41,21
001,0.138671875,0.861328125,37,17
010,0.130859375,0.869140625,37,21
011,0.12890625,0.87109375,33,17
100,0.115234375,0.884765625,37,21
101,0.1171875,0.8828125,33,17
110,0.12109375,0.87890625,33,21
111,0.1015625,0.8984375,29,17
