state,p_marked,error,gate_count,depth
000,0.115234375,0.884765625,51,26
001,0.130859375,0.869140625,45,20
010,0.146484375,0.853515625,45,26
011,0.130859375,0.869140625,39,20
100,0.1328125,0.8671875,45,26
101,0.12109375,0.87890625,39,20
110,0.142578125,0.857421875,39,26
111,0.123046875,0.876953125,33,20
