state,p_marked,error,gate_count,depth
000,0.130859375,0.869140625,46,24
001,0.140625,0.859375,42,20
010,0.150390625,0.849609375,42,24
011,0.140625,0.859375,38,20
100,0.12109375,0.87890625,42,24
101,0.095703125,0.904296875,38,20
110,0.14453125,0.85546875,38,24
111,0.134765625,0.865234375,34,20
