state,p_marked,error,gate_count,depth
000,0.123046875,0.876953125,32,15
001,0.146484375,0.853515625,30,13
010,0.140625,0.859375,30,15
011,0.134765625,0.865234375,28,13
100,0.12109375,0.87890625,30,15
101,0.119140625,0.880859375,28,13
110,0.150390625,0.849609375,28,15
111,0.126953125,0.873046875,26,13
