state,p_marked,error,gate_count,depth
000,0.15234375,0.84765625,33,17
001,0.115234375,0.884765625,27,11
010,0.12890625,0.87109375,27,17
011,0.14453125,0.85546875,21,11
100,0.126953125,0.873046875,27,17
101,0.1328125,0.8671875,21,11
110,0.10546875,0.89453125,21,17
111,0.107421875,0.892578125,15,11
