state,p_marked,error,gate_count,depth
000,0.12890625,0.87109375,33,17
001,0.134765625,0.865234375,27,11
010,0.123046875,0.876953125,27,17
011,0.119140625,0.880859375,21,11
100,0.1015625,0.8984375,27,17
101,0.11328125,0.88671875,21,11
110,0.1328125,0.8671875,21,17
111,0.107421875,0.892578125,15,11
