state,p_marked,error,gate_count,depth
000,0.107421875,0.892578125,33,17
001,0.0,1.0,31,15
010,0.140625,0.859375,31,17
011,0.119140625,0.880859375,29,15
100,0.09765625,0.90234375,31,17
101,0.0,1.0,29,15
110,0.115234375,0.884765625,29,17
111,0.154296875,0.845703125,27,15
