state,p_marked,error,gate_count,depth
000,0.10546875,0.89453125,41,20
001,0.13671875,0.86328125,37,16
010,0.13671875,0.86328125,37,20
011,0.142578125,0.857421875,33,16
100,0.10546875,0.89453125,37,20
101,0.111328125,0.888671875,33,16
110,0.14453125,0.85546875,33,20
111,0.1484375,0.8515625,29,16
