state,p_marked,error,gate_count,depth
000,0.50390625,0.49609375,59,31
001,0.5234375,0.4765625,51,23
010,0.44921875,0.55078125,51,31
011,0.51953125,0.48046875,43,23
100,0.49609375,0.50390625,51,31
101,0.517578125,0.482421875,43,23
110,0.48046875,0.51953125,43,31
111,0.533203125,0.466796875,35,23
