state,p_marked,error,gate_count,depth
000,0.12890625,0.87109375,32,15
001,0.134765625,0.865234375,30,13
010,0.115234375,0.884765625,30,15
011,0.134765625,0.865234375,28,13
100,0.140625,0.859375,30,15
101,0.130859375,0.869140625,28,13
110,0.140625,0.859375,28,15
111,0.1171875,0.8828125,26,13
