state,p_marked,error,gate_count,depth
000,0.10546875,0.89453125,15,7
001,0.134765625,0.865234375,13,5
010,0.099609375,0.900390625,13,7
011,0.11328125,0.88671875,11,5
100,0.119140625,0.880859375,13,7
101,0.134765625,0.865234375,11,5
110,0.138671875,0.861328125,11,7
111,0.1171875,0.8828125,9,5
