state,p_marked,error,gate_count,depth
000,0.203125,0.796875,32,16
001,0.248046875,0.751953125,30,14
010,0.25,0.75,30,16
011,0.251953125,0.748046875,28,14
100,0.20703125,0.79296875,30,16
101,0.22265625,0.77734375,28,14
110,0.232421875,0.767578125,28,16
111,0.23828125,0.76171875,26,14
