state,p_marked,error,gate_count,depth
000,0.486328125,0.513671875,32,16
001,0.498046875,0.501953125,30,14
010,0.517578125,0.482421875,30,16
011,0.48828125,0.51171875,28,14
100,0.48828125,0.51171875,30,16
101,0.46875,0.53125,28,14
110,0.517578125,0.482421875,28,16
111,0.537109375,0.462890625,26,14
