state,p_marked,error,gate_count,depth
000,0.13671875,0.86328125,52,27
001,0.123046875,0.876953125,50,25
010,0.126953125,0.873046875,50,27
011,0.125,0.875,48,25
100,0.126953125,0.873046875,50,27
101,0.12890625,0.87109375,48,25
110,0.142578125,0.857421875,48,27
111,0.103515625,0.896484375,46,25
