state,p_marked,error,gate_count,depth
000,0.05859375,0.94140625,41,21
001,0.068359375,0.931640625,37,17
010,0.07421875,0.92578125,37,21
011,0.0625,0.9375,33,17
100,0.06640625,0.93359375,37,21
101,0.068359375,0.931640625,33,17
110,0.080078125,0.919921875,33,21
111,0.05078125,0.94921875,29,17
