state,p_marked,error,gate_count,depth
000,0.142578125,0.857421875,24,12
001,0.15234375,0.84765625,24,12
010,0.1171875,0.8828125,24,12
011,0.123046875,0.876953125,24,12
100,0.111328125,0.888671875,24,12
101,0.138671875,0.861328125,24,12
110,0.138671875,0.861328125,24,12
111,0.14453125,0.85546875,24,12
