state,p_marked,error,gate_count,depth
000,0.111328125,0.888671875,32,15
001,0.1328125,0.8671875,30,13
010,0.162109375,0.837890625,30,15
011,0.11328125,0.88671875,28,13
100,0.154296875,0.845703125,30,15
101,0.087890625,0.912109375,28,13
110,0.123046875,0.876953125,28,15
111,0.13671875,0.86328125,26,13
