state,p_marked,error,gate_count,depth
000,0.099609375,0.900390625,24,12
001,0.142578125,0.857421875,20,8
010,0.134765625,0.865234375,20,12
011,0.125,0.875,16,8
100,0.14453125,0.85546875,20,12
101,0.078125,0.921875,16,8
110,0.126953125,0.873046875,16,12
111,0.1015625,0.8984375,12,8
