state,p_marked,error,gate_count,depth
000,0.0,1.0,42,22
001,0.0,1.0,38,18
010,0.0,1.0,38,22
011,0.0,1.0,34,18
100,0.0,1.0,38,22
101,0.0,1.0,34,18
110,0.51953125,0.48046875,34,22
111,0.537109375,0.462890625,30,18
