state,p_marked,error,gate_count,depth
000,0.146484375,0.853515625,49,24
001,0.140625,0.859375,47,22
010,0.107421875,0.892578125,47,24
011,0.115234375,0.884765625,45,22
100,0.123046875,0.876953125,47,24
101,0.130859375,0.869140625,45,22
110,0.146484375,0.853515625,45,24
111,0.150390625,0.849609375,43,22
