state,p_marked,error,gate_count,depth
000,0.486328125,0.513671875,41,21
001,0.498046875,0.501953125,37,17
010,0.533203125,0.466796875,37,21
011,0.509765625,0.490234375,33,17
100,0.50390625,0.49609375,37,21
101,0.498046875,0.501953125,33,17
110,0.490234375,0.509765625,33,21
111,0.494140625,0.505859375,29,17
