state,p_marked,error,gate_count,depth
000,0.50390625,0.49609375,41,21
001,0.53515625,0.46484375,37,17
010,0.494140625,0.505859375,37,21
011,0.47265625,0.52734375,33,17
100,0.482421875,0.517578125,37,21
101,0.505859375,0.494140625,33,17
110,0.52734375,0.47265625,33,21
111,0.533203125,0.466796875,29,17
