state,p_marked,error,gate_count,depth
000,0.10546875,0.89453125,60,31
001,0.134765625,0.865234375,52,23
010,0.1328125,0.8671875,52,31
011,0.123046875,0.876953125,44,23
100,0.111328125,0.888671875,52,31
101,0.146484375,0.853515625,44,23
110,0.11328125,0.88671875,44,31
111,0.12890625,0.87109375,36,23
