state,p_marked,error,gate_count,depth
000,0.486328125,0.513671875,75,39
001,0.091796875,0.908203125,71,35
010,0.0,1.0,71,39
011,0.154296875,0.845703125,67,35
100,0.087890625,0.912109375,71,39
101,0.4921875,0.5078125,67,35
110,0.123046875,0.876953125,67,39
111,0.0,1.0,63,35
