state,p_marked,error,gate_count,depth
000,0.05078125,0.94921875,32,15
001,0.07421875,0.92578125,30,13
010,0.064453125,0.935546875,30,15
011,0.0625,0.9375,28,13
100,0.0703125,0.9296875,30,15
101,0.060546875,0.939453125,28,13
110,0.080078125,0.919921875,28,15
111,0.078125,0.921875,26,13
