state,p_marked,error,gate_count,depth
000,0.10546875,0.89453125,41,20
001,0.140625,0.859375,37,16
010,0.109375,0.890625,37,20
011,0.1171875,0.8828125,33,16
100,0.1328125,0.8671875,37,20
101,0.134765625,0.865234375,33,16
110,0.1328125,0.8671875,33,20
111,0.134765625,0.865234375,29,16
