state,p_marked,error,gate_count,depth
000,0.138671875,0.861328125,46,24
001,0.138671875,0.861328125,42,20
010,0.123046875,0.876953125,42,24
011,0.1484375,0.8515625,38,20
100,0.111328125,0.888671875,42,24
101,0.1484375,0.8515625,38,20
110,0.107421875,0.892578125,38,24
111,0.134765625,0.865234375,34,20
