state,p_marked,error,gate_count,depth
000,0.53125,0.46875,50,26
001,0.47265625,0.52734375,44,20
010,0.509765625,0.490234375,44,26
011,0.4921875,0.5078125,38,20
100,0.49609375,0.50390625,44,26
101,0.501953125,0.498046875,38,20
110,0.498046875,0.501953125,38,26
111,0.5546875,0.4453125,32,20
