state,p_marked,error,gate_count,depth
000,0.50390625,0.49609375,41,21
001,0.494140625,0.505859375,37,17
010,0.53515625,0.46484375,37,21
011,0.53515625,0.46484375,33,17
100,0.482421875,0.517578125,37,21
101,0.521484375,0.478515625,33,17
110,0.50390625,0.49609375,33,21
111,0.470703125,0.529296875,29,17
