state,p_marked,error,gate_count,depth
000,0.125,0.875,41,20
001,0.126953125,0.873046875,37,16
010,0.150390625,0.849609375,37,20
011,0.123046875,0.876953125,33,16
100,0.13671875,0.86328125,37,20
101,0.1171875,0.8828125,33,16
110,0.11328125,0.88671875,33,20
111,0.115234375,0.884765625,29,16
