state,p_marked,error,gate_count,depth
000,0.0,1.0,41,21
001,0.0,1.0,37,17
010,0.0,1.0,37,21
011,0.0,1.0,33,17
100,0.0,1.0,37,21
101,0.0,1.0,33,17
110,0.51953125,0.48046875,33,21
111,0.439453125,0.560546875,29,17
