state,p_marked,error,gate_count,depth
000,0.142578125,0.857421875,33,17
001,0.109375,0.890625,27,11
010,0.13671875,0.86328125,27,17
011,0.134765625,0.865234375,21,11
100,0.123046875,0.876953125,27,17
101,0.115234375,0.884765625,21,11
110,0.111328125,0.888671875,21,17
111,0.1328125,0.8671875,15,11
