state,p_marked,error,gate_count,depth
000,0.486328125,0.513671875,32,16
001,0.48828125,0.51171875,30,14
010,0.486328125,0.513671875,30,16
011,0.501953125,0.498046875,28,14
100,0.5078125,0.4921875,30,16
101,0.490234375,0.509765625,28,14
110,0.50390625,0.49609375,28,16
111,0.53515625,0.46484375,26,14
