state,p_marked,error,gate_count,depth
000,0.1640625,0.8359375,41,21
001,0.115234375,0.884765625,37,17
010,0.138671875,0.861328125,37,21
011,0.099609375,0.900390625,33,17
100,0.111328125,0.888671875,37,21
101,0.1171875,0.8828125,33,17
110,0.123046875,0.876953125,33,21
111,0.138671875,0.861328125,29,17
