state,p_marked,error,gate_count,depth
000,0.130859375,0.869140625,55,27
001,0.146484375,0.853515625,53,25
010,0.119140625,0.880859375,53,27
011,0.123046875,0.876953125,51,25
100,0.126953125,0.873046875,53,27
101,0.13671875,0.86328125,51,25
110,0.150390625,0.849609375,51,27
111,0.115234375,0.884765625,49,25
