state,p_marked,error,gate_count,depth
000,0.521484375,0.478515625,41,21
001,0.486328125,0.513671875,37,17
010,0.5390625,0.4609375,37,21
011,0.51171875,0.48828125,33,17
100,0.529296875,0.470703125,37,21
101,0.478515625,0.521484375,33,17
110,0.494140625,0.505859375,33,21
111,0.482421875,0.517578125,29,17
