state,p_marked,error,gate_count,depth
000,0.13671875,0.86328125,32,15
001,0.13671875,0.86328125,30,13
010,0.119140625,0.880859375,30,15
011,0.1328125,0.8671875,28,13
100,0.126953125,0.873046875,30,15
101,0.107421875,0.892578125,28,13
110,0.119140625,0.880859375,28,15
111,0.111328125,0.888671875,26,13
