state,p_marked,error,gate_count,depth
000,0.140625,0.859375,41,20
001,0.115234375,0.884765625,37,16
010,0.1015625,0.8984375,37,20
011,0.14453125,0.85546875,33,16
100,0.1171875,0.8828125,37,20
101,0.12109375,0.87890625,33,16
110,0.107421875,0.892578125,33,20
111,0.119140625,0.880859375,29,16
