state,p_marked,error,gate_count,depth
000,0.0,1.0,41,20
001,0.0,1.0,41,20
010,0.0,1.0,41,20
011,0.5,0.5,41,20
100,0.0,1.0,41,20
101,0.0,1.0,41,20
110,0.0,1.0,41,20
111,0.509765625,0.490234375,41,20
