state,p_marked,error,gate_count,depth
000,0.03515625,0.96484375,61,32
001,0.015625,0.984375,57,28
010,0.029296875,0.970703125,57,32
011,0.017578125,0.982421875,53,28
100,0.029296875,0.970703125,57,32
101,0.25,0.75,53,28
110,0.28515625,0.71484375,53,32
111,0.27734375,0.72265625,49,28
