state,p_marked,error,gate_count,depth
000,0.07421875,0.92578125,79,40
001,0.076171875,0.923828125,71,33
010,0.08203125,0.91796875,71,40
011,0.091796875,0.908203125,63,33
100,0.185546875,0.814453125,71,39
101,0.22265625,0.77734375,63,32
110,0.146484375,0.853515625,63,39
111,0.123046875,0.876953125,55,32
