state,p_marked,error,gate_count,depth
000,0.533203125,0.466796875,41,21
001,0.490234375,0.509765625,37,17
010,0.48828125,0.51171875,37,21
011,0.513671875,0.486328125,33,17
100,0.49609375,0.50390625,37,21
101,0.515625,0.484375,33,17
110,0.50390625,0.49609375,33,21
111,0.48046875,0.51953125,29,17
