state,p_marked,error,gate_count,depth
000,0.15625,0.84375,37,19
001,0.111328125,0.888671875,35,17
010,0.130859375,0.869140625,35,19
011,0.142578125,0.857421875,33,17
100,0.142578125,0.857421875,35,19
101,0.12890625,0.87109375,33,17
110,0.119140625,0.880859375,33,19
111,0.1328125,0.8671875,31,17
