state,p_marked,error,gate_count,depth
000,0.13671875,0.86328125,29,16
001,0.150390625,0.849609375,29,16
010,0.123046875,0.876953125,29,16
011,0.130859375,0.869140625,29,16
100,0.14453125,0.85546875,29,16
101,0.1171875,0.8828125,29,16
110,0.11328125,0.88671875,29,16
111,0.13671875,0.86328125,29,16
