state,p_marked,error,gate_count,depth
000,0.478515625,0.521484375,41,21
001,0.47265625,0.52734375,37,17
010,0.505859375,0.494140625,37,21
011,0.5078125,0.4921875,33,17
100,0.529296875,0.470703125,37,21
101,0.515625,0.484375,33,17
110,0.484375,0.515625,33,21
111,0.47265625,0.52734375,29,17
