state,p_marked,error,gate_count,depth
000,0.13671875,0.86328125,43,21
001,0.095703125,0.904296875,39,17
010,0.107421875,0.892578125,39,21
011,0.107421875,0.892578125,35,17
100,0.12890625,0.87109375,39,21
101,0.12890625,0.87109375,35,17
110,0.107421875,0.892578125,35,21
111,0.119140625,0.880859375,31,17
