state,p_marked,error,gate_count,depth
000,0.025390625,0.974609375,68,35
001,0.025390625,0.974609375,66,33
010,0.0234375,0.9765625,66,35
011,0.029296875,0.970703125,64,33
100,0.134765625,0.865234375,66,35
101,0.037109375,0.962890625,64,33
110,0.166015625,0.833984375,64,35
111,0.158203125,0.841796875,62,33
