state,p_marked,error,gate_count,depth
000,0.455078125,0.544921875,61,32
001,0.0,1.0,57,28
010,0.515625,0.484375,57,32
011,0.12890625,0.87109375,53,28
100,0.13671875,0.86328125,57,32
101,0.16015625,0.83984375,53,28
110,0.1171875,0.8828125,53,32
111,0.0,1.0,49,28
