state,p_marked,error,gate_count,depth
000,0.49609375,0.50390625,41,21
001,0.525390625,0.474609375,37,17
010,0.494140625,0.505859375,37,21
011,0.537109375,0.462890625,33,17
100,0.470703125,0.529296875,37,21
101,0.544921875,0.455078125,33,17
110,0.529296875,0.470703125,33,21
111,0.515625,0.484375,29,17
