state,p_marked,error,gate_count,depth
000,0.068359375,0.931640625,42,21
001,0.06640625,0.93359375,42,21
010,0.58203125,0.41796875,42,21
011,0.080078125,0.919921875,42,21
100,0.08203125,0.91796875,42,21
101,0.0703125,0.9296875,42,21
110,0.0546875,0.9453125,42,21
111,0.048828125,0.951171875,42,21
