state,p_marked,error,gate_count,depth
000,0.494140625,0.505859375,42,22
001,0.5234375,0.4765625,38,18
010,0.494140625,0.505859375,38,22
011,0.138671875,0.861328125,34,18
100,0.513671875,0.486328125,38,22
101,0.49609375,0.50390625,34,18
110,0.125,0.875,34,22
111,0.466796875,0.533203125,30,18
