state,p_marked,error,gate_count,depth
000,0.537109375,0.462890625,50,26
001,0.482421875,0.517578125,44,20
010,0.478515625,0.521484375,44,26
011,0.515625,0.484375,38,20
100,0.49609375,0.50390625,44,26
101,0.453125,0.546875,38,20
110,0.4921875,0.5078125,38,26
111,0.4921875,0.5078125,32,20
