state,p_marked,error,gate_count,depth
000,0.255859375,0.744140625,37,24
001,0.0,1.0,37,24
010,0.47265625,0.52734375,37,24
011,0.00390625,0.99609375,37,24
100,0.107421875,0.892578125,37,24
101,0.0,1.0,37,24
110,0.11328125,0.88671875,37,24
111,0.005859375,0.994140625,37,24
