state,p_marked,error,gate_count,depth
000,0.103515625,0.896484375,24,12
001,0.123046875,0.876953125,20,8
010,0.138671875,0.861328125,20,12
011,0.146484375,0.853515625,16,8
100,0.1171875,0.8828125,20,12
101,0.142578125,0.857421875,16,8
110,0.125,0.875,16,12
111,0.125,0.875,12,8
