state,p_marked,error,gate_count,depth
000,0.3046875,0.6953125,58,30
001,0.302734375,0.697265625,54,26
010,0.037109375,0.962890625,54,30
011,0.0234375,0.9765625,50,26
100,0.283203125,0.716796875,54,30
101,0.267578125,0.732421875,50,26
110,0.025390625,0.974609375,50,30
111,0.03125,0.96875,46,26
