state,p_marked,error,gate_count,depth
000,0.50390625,0.49609375,50,26
001,0.498046875,0.501953125,44,20
010,0.537109375,0.462890625,44,26
011,0.48828125,0.51171875,38,20
100,0.541015625,0.458984375,44,26
101,0.525390625,0.474609375,38,20
110,0.4765625,0.5234375,38,26
111,0.51171875,0.48828125,32,20
