state,p_marked,error,gate_count,depth
000,0.0,1.0,55,30
001,0.271484375,0.728515625,53,28
010,0.240234375,0.759765625,53,30
011,0.0,1.0,51,28
100,0.0,1.0,53,30
101,0.11328125,0.88671875,51,28
110,0.1015625,0.8984375,51,30
111,0.0,1.0,49,28
