state,p_marked,error,gate_count,depth
000,0.1171875,0.8828125,47,24
001,0.119140625,0.880859375,43,20
010,0.125,0.875,43,24
011,0.14453125,0.85546875,39,20
100,0.111328125,0.888671875,43,24
101,0.126953125,0.873046875,39,20
110,0.130859375,0.869140625,39,24
111,0.12109375,0.87890625,35,20
