state,p_marked,error,gate_count,depth
000,0.48046875,0.51953125,41,21
001,0.53125,0.46875,37,17
010,0.470703125,0.529296875,37,21
011,0.515625,0.484375,33,17
100,0.55078125,0.44921875,37,21
101,0.529296875,0.470703125,33,17
110,0.458984375,0.541015625,33,21
111,0.5234375,0.4765625,29,17
