state,p_marked,error,gate_count,depth
000,0.091796875,0.908203125,61,31
001,0.125,0.875,57,27
010,0.140625,0.859375,57,31
011,0.150390625,0.849609375,53,27
100,0.111328125,0.888671875,57,31
101,0.115234375,0.884765625,53,27
110,0.12109375,0.87890625,53,31
111,0.109375,0.890625,49,27
