state,p_marked,error,gate_count,depth
000,0.11328125,0.88671875,41,20
001,0.126953125,0.873046875,37,16
010,0.146484375,0.853515625,37,20
011,0.09765625,0.90234375,33,16
100,0.119140625,0.880859375,37,20
101,0.1015625,0.8984375,33,16
110,0.111328125,0.888671875,33,20
111,0.1015625,0.8984375,29,16
