state,p_marked,error,gate_count,depth
000,0.115234375,0.884765625,33,17
001,0.14453125,0.85546875,27,11
010,0.130859375,0.869140625,27,17
011,0.1171875,0.8828125,21,11
100,0.11328125,0.88671875,27,17
101,0.107421875,0.892578125,21,11
110,0.12109375,0.87890625,21,17
111,0.1484375,0.8515625,15,11
