state,p_marked,error,gate_count,depth
000,0.021484375,0.978515625,159,106
001,0.18359375,0.81640625,159,106
010,0.14453125,0.85546875,159,106
011,0.044921875,0.955078125,159,106
100,0.126953125,0.873046875,159,106
101,0.0234375,0.9765625,159,106
110,0.326171875,0.673828125,159,106
111,0.12109375,0.87890625,159,106
