state,p_marked,error,gate_count,depth
000,0.140625,0.859375,41,18
001,0.123046875,0.876953125,41,18
010,0.12890625,0.87109375,41,18
011,0.140625,0.859375,41,18
100,0.09375,0.90625,41,18
101,0.146484375,0.853515625,41,18
110,0.115234375,0.884765625,41,18
111,0.138671875,0.861328125,41,18
