state,p_marked,error,gate_count,depth
000,0.0,1.0,25,12
001,0.263671875,0.736328125,25,12
010,0.24609375,0.75390625,25,12
011,0.0,1.0,25,12
100,0.0,1.0,25,12
101,0.212890625,0.787109375,25,12
110,0.244140625,0.755859375,25,12
111,0.0,1.0,25,12
