state,p_marked,error,gate_count,depth
000,0.125,0.875,32,15
001,0.12890625,0.87109375,30,13
010,0.115234375,0.884765625,30,15
011,0.140625,0.859375,28,13
100,0.09765625,0.90234375,30,15
101,0.1171875,0.8828125,28,13
110,0.12890625,0.87109375,28,15
111,0.140625,0.859375,26,13
