state,p_marked,error,gate_count,depth
000,0.12890625,0.87109375,42,22
001,0.115234375,0.884765625,34,14
010,0.087890625,0.912109375,34,22
011,0.12109375,0.87890625,26,14
100,0.126953125,0.873046875,34,22
101,0.134765625,0.865234375,26,14
110,0.10546875,0.89453125,26,22
111,0.111328125,0.888671875,18,14
