state,p_marked,error,gate_count,depth
000,0.111328125,0.888671875,24,11
001,0.109375,0.890625,24,11
010,0.140625,0.859375,24,11
011,0.12109375,0.87890625,24,11
100,0.1328125,0.8671875,24,11
101,0.126953125,0.873046875,24,11
110,0.109375,0.890625,24,11
111,0.123046875,0.876953125,24,11
