state,p_marked,error,gate_count,depth
000,0.064453125,0.935546875,57,29
001,0.052734375,0.947265625,55,27
010,0.1171875,0.8828125,55,29
011,0.2109375,0.7890625,53,27
100,0.048828125,0.951171875,55,29
101,0.060546875,0.939453125,53,27
110,0.134765625,0.865234375,53,29
111,0.28125,0.71875,51,27
