state,p_marked,error,gate_count,depth
000,0.09765625,0.90234375,282,189
001,0.03125,0.96875,278,185
010,0.115234375,0.884765625,278,189
011,0.001953125,0.998046875,274,185
100,0.16796875,0.83203125,278,189
101,0.32421875,0.67578125,274,185
110,0.14453125,0.85546875,274,189
111,0.171875,0.828125,270,185
