state,p_marked,error,gate_count,depth
000,0.1328125,0.8671875,24,12
001,0.103515625,0.896484375,20,8
010,0.140625,0.859375,20,12
011,0.1015625,0.8984375,16,8
100,0.119140625,0.880859375,20,12
101,0.12109375,0.87890625,16,8
110,0.125,0.875,16,12
111,0.14453125,0.85546875,12,8
