state,p_marked,error,gate_count,depth
000,0.1171875,0.8828125,24,12
001,0.107421875,0.892578125,20,8
010,0.12109375,0.87890625,20,12
011,0.125,0.875,16,8
100,0.142578125,0.857421875,20,12
101,0.14453125,0.85546875,16,8
110,0.09765625,0.90234375,16,12
111,0.09765625,0.90234375,12,8
