state,p_marked,error,gate_count,depth
000,0.21484375,0.78515625,72,40
001,0.046875,0.953125,70,39
010,0.0,1.0,70,40
011,0.228515625,0.771484375,68,39
100,0.23046875,0.76953125,70,40
101,0.009765625,0.990234375,68,39
110,0.232421875,0.767578125,68,39
111,0.04296875,0.95703125,66,38
