state,p_marked,error,gate_count,depth
000,0.478515625,0.521484375,32,16
001,0.494140625,0.505859375,30,14
010,0.5,0.5,30,16
011,0.509765625,0.490234375,28,14
100,0.51171875,0.48828125,30,16
101,0.45703125,0.54296875,28,14
110,0.490234375,0.509765625,28,16
111,0.474609375,0.525390625,26,14
