state,p_marked,error,gate_count,depth
000,0.10546875,0.89453125,41,20
001,0.1484375,0.8515625,37,16
010,0.140625,0.859375,37,20
011,0.14453125,0.85546875,33,16
100,0.1171875,0.8828125,37,20
101,0.13671875,0.86328125,33,16
110,0.130859375,0.869140625,33,20
111,0.115234375,0.884765625,29,16
