state,p_marked,error,gate_count,depth
000,0.09375,0.90625,32,15
001,0.109375,0.890625,30,13
010,0.1328125,0.8671875,30,15
011,0.11328125,0.88671875,28,13
100,0.123046875,0.876953125,30,15
101,0.11328125,0.88671875,28,13
110,0.1015625,0.8984375,28,15
111,0.13671875,0.86328125,26,13
