state,p_marked,error,gate_count,depth
000,0.138671875,0.861328125,24,12
001,0.10546875,0.89453125,20,8
010,0.12890625,0.87109375,20,12
011,0.146484375,0.853515625,16,8
100,0.111328125,0.888671875,20,12
101,0.1484375,0.8515625,16,8
110,0.134765625,0.865234375,16,12
111,0.111328125,0.888671875,12,8
