state,p_marked,error,gate_count,depth
000,0.14453125,0.85546875,46,24
001,0.119140625,0.880859375,42,20
010,0.11328125,0.88671875,42,24
011,0.140625,0.859375,38,20
100,0.138671875,0.861328125,42,24
101,0.138671875,0.861328125,38,20
110,0.140625,0.859375,38,24
111,0.142578125,0.857421875,34,20
