state,p_marked,error,gate_count,depth
000,0.53125,0.46875,32,16
001,0.5,0.5,30,14
010,0.541015625,0.458984375,30,16
011,0.515625,0.484375,28,14
100,0.548828125,0.451171875,30,16
101,0.505859375,0.494140625,28,14
110,0.513671875,0.486328125,28,16
111,0.51953125,0.48046875,26,14
