state,p_marked,error,gate_count,depth
000,0.125,0.875,24,12
001,0.125,0.875,20,8
010,0.138671875,0.861328125,20,12
011,0.119140625,0.880859375,16,8
100,0.126953125,0.873046875,20,12
101,0.134765625,0.865234375,16,8
110,0.099609375,0.900390625,16,12
111,0.138671875,0.861328125,12,8
