state,p_marked,error,gate_count,depth
000,0.130859375,0.869140625,32,15
001,0.12890625,0.87109375,30,13
010,0.130859375,0.869140625,30,15
011,0.119140625,0.880859375,28,13
100,0.11328125,0.88671875,30,15
101,0.138671875,0.861328125,28,13
110,0.10546875,0.89453125,28,15
111,0.123046875,0.876953125,26,13
