state,p_marked,error,gate_count,depth
000,0.083984375,0.916015625,41,21
001,0.06640625,0.93359375,37,17
010,0.068359375,0.931640625,37,21
011,0.06640625,0.93359375,33,17
100,0.06640625,0.93359375,37,21
101,0.037109375,0.962890625,33,17
110,0.052734375,0.947265625,33,21
111,0.10546875,0.89453125,29,17
