state,p_marked,error,gate_count,depth
000,0.470703125,0.529296875,32,16
001,0.498046875,0.501953125,30,14
010,0.50390625,0.49609375,30,16
011,0.484375,0.515625,28,14
100,0.548828125,0.451171875,30,16
101,0.53515625,0.46484375,28,14
110,0.513671875,0.486328125,28,16
111,0.509765625,0.490234375,26,14
