state,p_marked,error,gate_count,depth
000,0.0,1.0,58,30
001,0.21875,0.78125,54,26
010,0.0,1.0,54,30
011,0.24609375,0.75390625,50,26
100,0.0,1.0,54,30
101,0.234375,0.765625,50,26
110,0.0,1.0,50,30
111,0.24609375,0.75390625,46,26
