state,p_marked,error,gate_count,depth
000,0.126953125,0.873046875,42,21
001,0.0,1.0,38,18
010,0.087890625,0.912109375,38,21
011,0.12109375,0.87890625,34,17
100,0.12109375,0.87890625,38,21
101,0.0,1.0,34,18
110,0.13671875,0.86328125,34,21
111,0.138671875,0.861328125,30,17
