state,p_marked,error,gate_count,depth
000,0.115234375,0.884765625,41,21
001,0.111328125,0.888671875,37,17
010,0.109375,0.890625,37,21
011,0.14453125,0.85546875,33,17
100,0.140625,0.859375,37,21
101,0.115234375,0.884765625,33,17
110,0.1328125,0.8671875,33,21
111,0.126953125,0.873046875,29,17
