state,p_marked,error,gate_count,depth
000,0.1015625,0.8984375,50,26
001,0.1328125,0.8671875,48,24
010,0.125,0.875,48,26
011,0.142578125,0.857421875,46,24
100,0.130859375,0.869140625,48,26
101,0.119140625,0.880859375,46,24
110,0.103515625,0.896484375,46,26
111,0.125,0.875,44,24
