state,p_marked,error,gate_count,depth
000,0.5,0.5,41,21
001,0.509765625,0.490234375,37,17
010,0.49609375,0.50390625,37,21
011,0.451171875,0.548828125,33,17
100,0.541015625,0.458984375,37,21
101,0.515625,0.484375,33,17
110,0.46875,0.53125,33,21
111,0.455078125,0.544921875,29,17
