state,p_marked,error,gate_count,depth
000,0.0,1.0,32,15
001,0.0,1.0,30,13
010,0.0,1.0,30,15
011,0.0,1.0,28,13
100,0.12890625,0.87109375,30,15
101,0.130859375,0.869140625,28,13
110,0.111328125,0.888671875,28,15
111,0.107421875,0.892578125,26,13
