state,p_marked,error,gate_count,depth
000,0.177734375,0.822265625,104,52
001,0.171875,0.828125,98,47
010,0.177734375,0.822265625,98,52
011,0.19921875,0.80078125,92,47
100,0.0859375,0.9140625,98,51
101,0.1953125,0.8046875,92,46
110,0.173828125,0.826171875,92,51
111,0.060546875,0.939453125,86,46
