state,p_marked,error,gate_count,depth
000,0.1015625,0.8984375,49,24
001,0.130859375,0.869140625,47,22
010,0.15234375,0.84765625,47,24
011,0.126953125,0.873046875,45,22
100,0.11328125,0.88671875,47,24
101,0.12890625,0.87109375,45,22
110,0.1015625,0.8984375,45,24
111,0.125,0.875,43,22
