state,p_marked,error,gate_count,depth
000,0.521484375,0.478515625,41,21
001,0.517578125,0.482421875,37,17
010,0.52734375,0.47265625,37,21
011,0.5234375,0.4765625,33,17
100,0.462890625,0.537109375,37,21
101,0.505859375,0.494140625,33,17
110,0.50390625,0.49609375,33,21
111,0.4921875,0.5078125,29,17
