state,p_marked,error,gate_count,depth
000,0.119140625,0.880859375,41,21
001,0.1015625,0.8984375,41,21
010,0.134765625,0.865234375,41,21
011,0.1171875,0.8828125,41,21
100,0.146484375,0.853515625,41,21
101,0.119140625,0.880859375,41,21
110,0.1171875,0.8828125,41,21
111,0.119140625,0.880859375,41,21
