state,p_marked,error,gate_count,depth
000,0.140625,0.859375,44,23
001,0.13671875,0.86328125,40,19
010,0.1171875,0.8828125,40,23
011,0.140625,0.859375,36,19
100,0.12890625,0.87109375,40,23
101,0.1484375,0.8515625,36,19
110,0.134765625,0.865234375,36,23
111,0.134765625,0.865234375,32,19
