state,p_marked,error,gate_count,depth
000,0.521484375,0.478515625,59,31
001,0.451171875,0.548828125,51,23
010,0.505859375,0.494140625,51,31
011,0.453125,0.546875,43,23
100,0.49609375,0.50390625,51,31
101,0.509765625,0.490234375,43,23
110,0.494140625,0.505859375,43,31
111,0.458984375,0.541015625,35,23
