state,p_marked,error,gate_count,depth
000,0.18359375,0.81640625,82,44
001,0.03515625,0.96484375,74,37
010,0.20703125,0.79296875,74,44
011,0.033203125,0.966796875,66,37
100,0.197265625,0.802734375,74,44
101,0.23046875,0.76953125,66,36
110,0.041015625,0.958984375,66,44
111,0.03515625,0.96484375,58,36
