state,p_marked,error,gate_count,depth
000,0.0,1.0,63,32
001,0.134765625,0.865234375,59,28
010,0.140625,0.859375,59,32
011,0.0,1.0,55,28
100,0.0,1.0,59,32
101,0.107421875,0.892578125,55,28
110,0.154296875,0.845703125,55,32
111,0.0,1.0,51,28
