state,p_marked,error,gate_count,depth
000,0.505859375,0.494140625,41,21
001,0.50390625,0.49609375,37,17
010,0.494140625,0.505859375,37,21
011,0.4765625,0.5234375,33,17
100,0.494140625,0.505859375,37,21
101,0.439453125,0.560546875,33,17
110,0.49609375,0.50390625,33,21
111,0.537109375,0.462890625,29,17
