state,p_marked,error,gate_count,depth
000,0.134765625,0.865234375,41,20
001,0.12890625,0.87109375,37,16
010,0.107421875,0.892578125,37,20
011,0.1484375,0.8515625,33,16
100,0.115234375,0.884765625,37,20
101,0.140625,0.859375,33,16
110,0.158203125,0.841796875,33,20
111,0.130859375,0.869140625,29,16
