state,p_marked,error,gate_count,depth
000,0.064453125,0.935546875,33,15
001,0.0546875,0.9453125,31,13
010,0.052734375,0.947265625,31,15
011,0.052734375,0.947265625,29,13
100,0.0546875,0.9453125,31,15
101,0.056640625,0.943359375,29,13
110,0.05078125,0.94921875,29,15
111,0.05859375,0.94140625,27,13
