state,p_marked,error,gate_count,depth
000,0.0234375,0.9765625,59,31
001,0.017578125,0.982421875,55,27
010,0.03125,0.96875,55,31
011,0.037109375,0.962890625,51,27
100,0.0234375,0.9765625,55,31
101,0.3046875,0.6953125,51,27
110,0.26171875,0.73828125,51,31
111,0.029296875,0.970703125,47,27
