state,p_marked,error,gate_count,depth
000,0.060546875,0.939453125,33,15
001,0.0703125,0.9296875,31,13
010,0.06640625,0.93359375,31,15
011,0.0703125,0.9296875,29,13
100,0.08203125,0.91796875,31,15
101,0.0546875,0.9453125,29,13
110,0.076171875,0.923828125,29,15
111,0.05859375,0.94140625,27,13
