state,p_marked,error,gate_count,depth
000,0.126953125,0.873046875,55,28
001,0.10546875,0.89453125,53,26
010,0.119140625,0.880859375,53,28
011,0.12109375,0.87890625,51,26
100,0.115234375,0.884765625,53,28
101,0.14453125,0.85546875,51,26
110,0.123046875,0.876953125,51,28
111,0.11328125,0.88671875,49,26
