state,p_marked,error,gate_count,depth
000,0.01171875,0.98828125,79,48
001,0.0,1.0,75,44
010,0.14453125,0.85546875,75,48
011,0.361328125,0.638671875,71,44
100,0.099609375,0.900390625,75,48
101,0.162109375,0.837890625,71,44
110,0.07421875,0.92578125,71,48
111,0.185546875,0.814453125,67,44
