state,p_marked,error,gate_count,depth
000,0.15234375,0.84765625,44,23
001,0.123046875,0.876953125,40,19
010,0.125,0.875,40,23
011,0.1171875,0.8828125,36,19
100,0.12109375,0.87890625,40,23
101,0.13671875,0.86328125,36,19
110,0.1015625,0.8984375,36,23
111,0.12109375,0.87890625,32,19
