state,p_marked,error,gate_count,depth
000,0.0,1.0,41,20
001,0.0,1.0,37,16
010,0.0,1.0,37,20
011,0.0,1.0,33,16
100,0.12890625,0.87109375,37,20
101,0.126953125,0.873046875,33,16
110,0.125,0.875,33,20
111,0.123046875,0.876953125,29,16
