state,p_marked,error,gate_count,depth
000,0.076171875,0.923828125,100,55
001,0.091796875,0.908203125,94,49
010,0.15625,0.84375,94,55
011,0.150390625,0.849609375,88,49
100,0.1171875,0.8828125,94,55
101,0.130859375,0.869140625,88,49
110,0.095703125,0.904296875,88,55
111,0.09375,0.90625,82,49
