state,p_marked,error,gate_count,depth
000,0.16015625,0.83984375,15,7
001,0.13671875,0.86328125,13,5
010,0.142578125,0.857421875,13,7
011,0.142578125,0.857421875,11,5
100,0.119140625,0.880859375,13,7
101,0.107421875,0.892578125,11,5
110,0.12109375,0.87890625,11,7
111,0.115234375,0.884765625,9,5
