state,p_marked,error,gate_count,depth
000,0.13671875,0.86328125,36,19
001,0.515625,0.484375,34,17
010,0.09375,0.90625,34,19
011,0.54296875,0.45703125,32,17
100,0.5,0.5,34,19
101,0.0,1.0,32,17
110,0.0,1.0,32,19
111,0.0,1.0,30,17
