state,p_marked,error,gate_count,depth
000,0.134765625,0.865234375,50,26
001,0.138671875,0.861328125,44,20
010,0.12890625,0.87109375,44,26
011,0.126953125,0.873046875,38,20
100,0.12890625,0.87109375,44,26
101,0.1171875,0.8828125,38,20
110,0.125,0.875,38,26
111,0.107421875,0.892578125,32,20
