state,p_marked,error,gate_count,depth
000,0.2109375,0.7890625,41,21
001,0.23046875,0.76953125,37,17
010,0.234375,0.765625,37,21
011,0.251953125,0.748046875,33,17
100,0.240234375,0.759765625,37,21
101,0.220703125,0.779296875,33,17
110,0.23828125,0.76171875,33,21
111,0.255859375,0.744140625,29,17
