state,p_marked,error,gate_count,depth
000,0.123046875,0.876953125,24,12
001,0.12890625,0.87109375,20,8
010,0.109375,0.890625,20,12
011,0.119140625,0.880859375,16,8
100,0.15234375,0.84765625,20,12
101,0.130859375,0.869140625,16,8
110,0.12109375,0.87890625,16,12
111,0.125,0.875,12,8
