state,p_marked,error,gate_count,depth
000,0.421875,0.578125,43,23
001,0.078125,0.921875,43,23
010,0.01953125,0.98046875,43,23
011,0.001953125,0.998046875,43,23
100,0.03125,0.96875,43,23
101,0.400390625,0.599609375,43,23
110,0.00390625,0.99609375,43,23
111,0.064453125,0.935546875,43,23
