state,p_marked,error,gate_count,depth
000,0.103515625,0.896484375,15,7
001,0.123046875,0.876953125,13,5
010,0.1484375,0.8515625,13,7
011,0.134765625,0.865234375,11,5
100,0.0859375,0.9140625,13,7
101,0.119140625,0.880859375,11,5
110,0.111328125,0.888671875,11,7
111,0.13671875,0.86328125,9,5
