state,p_marked,error,gate_count,depth
000,0.025390625,0.974609375,75,39
001,0.09765625,0.90234375,71,35
010,0.46875,0.53125,71,39
011,0.12109375,0.87890625,67,35
100,0.091796875,0.908203125,71,39
101,0.00390625,0.99609375,67,35
110,0.1015625,0.8984375,67,39
111,0.44140625,0.55859375,63,35
