state,p_marked,error,gate_count,depth
000,0.00390625,0.99609375,129,89
001,0.271484375,0.728515625,129,89
010,0.2890625,0.7109375,129,89
011,0.103515625,0.896484375,129,89
100,0.12890625,0.87109375,129,89
101,0.025390625,0.974609375,129,89
110,0.0625,0.9375,129,89
111,0.125,0.875,129,89
