state,p_marked,error,gate_count,depth
000,0.12109375,0.87890625,59,31
001,0.099609375,0.900390625,55,27
010,0.125,0.875,55,31
011,0.12890625,0.87109375,51,27
100,0.126953125,0.873046875,55,31
101,0.091796875,0.908203125,51,27
110,0.142578125,0.857421875,51,31
111,0.1171875,0.8828125,47,27
