state,p_marked,error,gate_count,depth
000,0.125,0.875,15,7
001,0.099609375,0.900390625,13,5
010,0.111328125,0.888671875,13,7
011,0.14453125,0.85546875,11,5
100,0.142578125,0.857421875,13,7
101,0.11328125,0.88671875,11,5
110,0.12890625,0.87109375,11,7
111,0.123046875,0.876953125,9,5
