state,p_marked,error,gate_count,depth
000,0.546875,0.453125,32,16
001,0.51171875,0.48828125,30,14
010,0.4765625,0.5234375,30,16
011,0.49609375,0.50390625,28,14
100,0.490234375,0.509765625,30,16
101,0.515625,0.484375,28,14
110,0.505859375,0.494140625,28,16
111,0.50390625,0.49609375,26,14
