state,p_marked,error,gate_count,depth
000,0.494140625,0.505859375,32,16
001,0.498046875,0.501953125,30,14
010,0.5390625,0.4609375,30,16
011,0.49609375,0.50390625,28,14
100,0.548828125,0.451171875,30,16
101,0.46875,0.53125,28,14
110,0.453125,0.546875,28,16
111,0.501953125,0.498046875,26,14
