state,p_marked,error,gate_count,depth
000,0.173828125,0.826171875,41,20
001,0.107421875,0.892578125,37,16
010,0.125,0.875,37,20
011,0.12109375,0.87890625,33,16
100,0.125,0.875,37,20
101,0.103515625,0.896484375,33,16
110,0.10546875,0.89453125,33,20
111,0.12109375,0.87890625,29,16
