state,p_marked,error,gate_count,depth
000,0.0,1.0,32,15
001,0.0,1.0,30,13
010,0.0,1.0,30,15
011,0.0,1.0,28,13
100,0.125,0.875,30,15
101,0.14453125,0.85546875,28,13
110,0.095703125,0.904296875,28,15
111,0.12109375,0.87890625,26,13
