state,p_marked,error,gate_count,depth
000,0.1953125,0.8046875,67,44
001,0.068359375,0.931640625,65,43
010,0.1484375,0.8515625,65,44
011,0.138671875,0.861328125,63,43
100,0.07421875,0.92578125,65,44
101,0.203125,0.796875,63,43
110,0.0703125,0.9296875,63,43
111,0.078125,0.921875,61,42
