state,p_marked,error,gate_count,depth
000,0.1171875,0.8828125,58,29
001,0.13671875,0.86328125,54,25
010,0.134765625,0.865234375,54,29
011,0.107421875,0.892578125,50,25
100,0.1171875,0.8828125,54,29
101,0.140625,0.859375,50,25
110,0.11328125,0.88671875,50,29
111,0.125,0.875,46,25
