state,p_marked,error,gate_count,depth
000,0.25390625,0.74609375,59,30
001,0.287109375,0.712890625,55,27
010,0.033203125,0.966796875,55,30
011,0.267578125,0.732421875,51,27
100,0.271484375,0.728515625,55,30
101,0.27734375,0.72265625,51,27
110,0.046875,0.953125,51,30
111,0.2734375,0.7265625,47,26
