state,p_marked,error,gate_count,depth
000,0.134765625,0.865234375,42,21
001,0.126953125,0.873046875,42,21
010,0.12109375,0.87890625,42,21
011,0.126953125,0.873046875,42,21
100,0.1171875,0.8828125,42,21
101,0.126953125,0.873046875,42,21
110,0.10546875,0.89453125,42,21
111,0.103515625,0.896484375,42,21
