state,p_marked,error,gate_count,depth
000,0.46484375,0.53515625,32,16
001,0.498046875,0.501953125,30,14
010,0.478515625,0.521484375,30,16
011,0.50390625,0.49609375,28,14
100,0.5,0.5,30,16
101,0.5234375,0.4765625,28,14
110,0.49609375,0.50390625,28,16
111,0.4921875,0.5078125,26,14
