state,p_marked,error,gate_count,depth
000,0.126953125,0.873046875,15,7
001,0.125,0.875,13,5
010,0.109375,0.890625,13,7
011,0.11328125,0.88671875,11,5
100,0.10546875,0.89453125,13,7
101,0.115234375,0.884765625,11,5
110,0.140625,0.859375,11,7
111,0.1484375,0.8515625,9,5
