state,p_marked,error,gate_count,depth
000,0.1328125,0.8671875,25,13
001,0.107421875,0.892578125,25,13
010,0.1328125,0.8671875,25,13
011,0.111328125,0.888671875,25,13
100,0.11328125,0.88671875,25,13
101,0.09765625,0.90234375,25,13
110,0.125,0.875,25,13
111,0.109375,0.890625,25,13
