state,p_marked,error,gate_count,depth
000,0.263671875,0.736328125,32,16
001,0.24609375,0.75390625,30,14
010,0.23046875,0.76953125,30,16
011,0.2578125,0.7421875,28,14
100,0.2265625,0.7734375,30,16
101,0.244140625,0.755859375,28,14
110,0.26171875,0.73828125,28,16
111,0.263671875,0.736328125,26,14
