state,p_marked,error,gate_count,depth
000,0.119140625,0.880859375,54,27
001,0.107421875,0.892578125,52,25
010,0.1484375,0.8515625,52,27
011,0.111328125,0.888671875,50,25
100,0.11328125,0.88671875,52,27
101,0.119140625,0.880859375,50,25
110,0.111328125,0.888671875,50,27
111,0.126953125,0.873046875,48,25
