state,p_marked,error,gate_count,depth
000,0.10546875,0.89453125,24,11
001,0.1171875,0.8828125,24,11
010,0.125,0.875,24,11
011,0.142578125,0.857421875,24,11
100,0.1171875,0.8828125,24,11
101,0.109375,0.890625,24,11
110,0.115234375,0.884765625,24,11
111,0.115234375,0.884765625,24,11
