state,p_marked,error,gate_count,depth
000,0.125,0.875,55,28
001,0.107421875,0.892578125,53,26
010,0.12109375,0.87890625,53,28
011,0.12109375,0.87890625,51,26
100,0.123046875,0.876953125,53,28
101,0.134765625,0.865234375,51,26
110,0.123046875,0.876953125,51,28
111,0.1171875,0.8828125,49,26
