state,p_marked,error,gate_count,depth
000,0.458984375,0.541015625,32,16
001,0.509765625,0.490234375,30,14
010,0.517578125,0.482421875,30,16
011,0.494140625,0.505859375,28,14
100,0.494140625,0.505859375,30,16
101,0.525390625,0.474609375,28,14
110,0.482421875,0.517578125,28,16
111,0.51171875,0.48828125,26,14
