state,p_marked,error,gate_count,depth
000,0.107421875,0.892578125,41,19
001,0.142578125,0.857421875,41,19
010,0.1015625,0.8984375,41,19
011,0.111328125,0.888671875,41,19
100,0.126953125,0.873046875,41,19
101,0.142578125,0.857421875,41,19
110,0.10546875,0.89453125,41,19
111,0.11328125,0.88671875,41,19
