state,p_marked,error,gate_count,depth
000,0.470703125,0.529296875,41,21
001,0.474609375,0.525390625,37,17
010,0.5078125,0.4921875,37,21
011,0.5,0.5,33,17
100,0.541015625,0.458984375,37,21
101,0.517578125,0.482421875,33,17
110,0.478515625,0.521484375,33,21
111,0.484375,0.515625,29,17
