state,p_marked,error,gate_count,depth
000,0.083984375,0.916015625,67,35
001,0.015625,0.984375,63,31
010,0.291015625,0.708984375,63,35
011,0.16015625,0.83984375,59,31
100,0.119140625,0.880859375,63,35
101,0.08203125,0.91796875,59,31
110,0.126953125,0.873046875,59,35
111,0.0546875,0.9453125,55,31
