state,p_marked,error,gate_count,depth
000,0.50390625,0.49609375,41,21
001,0.517578125,0.482421875,37,17
010,0.521484375,0.478515625,37,21
011,0.556640625,0.443359375,33,17
100,0.5078125,0.4921875,37,21
101,0.49609375,0.50390625,33,17
110,0.521484375,0.478515625,33,21
111,0.544921875,0.455078125,29,17
