state,p_marked,error,gate_count,depth
000,0.095703125,0.904296875,41,20
001,0.109375,0.890625,37,16
010,0.12890625,0.87109375,37,20
011,0.12890625,0.87109375,33,16
100,0.1484375,0.8515625,37,20
101,0.119140625,0.880859375,33,16
110,0.138671875,0.861328125,33,20
111,0.130859375,0.869140625,29,16
