state,p_marked,error,gate_count,depth
000,0.232421875,0.767578125,112,62
001,0.177734375,0.822265625,108,59
010,0.091796875,0.908203125,108,62
011,0.0625,0.9375,104,59
100,0.083984375,0.916015625,108,61
101,0.49609375,0.50390625,104,58
110,0.15234375,0.84765625,104,61
111,0.080078125,0.919921875,100,58
