state,p_marked,error,gate_count,depth
000,0.12890625,0.87109375,58,30
001,0.154296875,0.845703125,54,26
010,0.125,0.875,54,30
011,0.150390625,0.849609375,50,26
100,0.123046875,0.876953125,54,30
101,0.12890625,0.87109375,50,26
110,0.09375,0.90625,50,30
111,0.11328125,0.88671875,46,26
