state,p_marked,error,gate_count,depth
000,0.0390625,0.9609375,76,40
001,0.041015625,0.958984375,72,36
010,0.029296875,0.970703125,72,40
011,0.02734375,0.97265625,68,36
100,0.033203125,0.966796875,72,40
101,0.28515625,0.71484375,68,36
110,0.298828125,0.701171875,68,40
111,0.279296875,0.720703125,64,36
