state,p_marked,error,gate_count,depth
000,0.0078125,0.9921875,136,80
001,0.0234375,0.9765625,136,80
010,0.10546875,0.89453125,136,80
011,0.240234375,0.759765625,136,80
100,0.169921875,0.830078125,136,80
101,0.16015625,0.83984375,136,80
110,0.208984375,0.791015625,136,80
111,0.11328125,0.88671875,136,80
