state,p_marked,error,gate_count,depth
000,0.119140625,0.880859375,24,12
001,0.126953125,0.873046875,20,8
010,0.126953125,0.873046875,20,12
011,0.1484375,0.8515625,16,8
100,0.095703125,0.904296875,20,12
101,0.12890625,0.87109375,16,8
110,0.09375,0.90625,16,12
111,0.103515625,0.896484375,12,8
