state,p_marked,error,gate_count,depth
000,0.517578125,0.482421875,32,16
001,0.486328125,0.513671875,30,14
010,0.51953125,0.48046875,30,16
011,0.49609375,0.50390625,28,14
100,0.486328125,0.513671875,30,16
101,0.484375,0.515625,28,14
110,0.4765625,0.5234375,28,16
111,0.53125,0.46875,26,14
