state,p_marked,error,gate_count,depth
000,0.125,0.875,43,22
001,0.140625,0.859375,39,18
010,0.12890625,0.87109375,39,22
011,0.123046875,0.876953125,35,18
100,0.15625,0.84375,39,22
101,0.123046875,0.876953125,35,18
110,0.10546875,0.89453125,35,22
111,0.111328125,0.888671875,31,18
