state,p_marked,error,gate_count,depth
000,0.52734375,0.47265625,41,21
001,0.478515625,0.521484375,37,17
010,0.501953125,0.498046875,37,21
011,0.505859375,0.494140625,33,17
100,0.505859375,0.494140625,37,21
101,0.482421875,0.517578125,33,17
110,0.5078125,0.4921875,33,21
111,0.48828125,0.51171875,29,17
