state,p_marked,error,gate_count,depth
000,0.49609375,0.50390625,32,16
001,0.482421875,0.517578125,30,14
010,0.51171875,0.48828125,30,16
011,0.498046875,0.501953125,28,14
100,0.515625,0.484375,30,16
101,0.53515625,0.46484375,28,14
110,0.48046875,0.51953125,28,16
111,0.525390625,0.474609375,26,14
