state,p_marked,error,gate_count,depth
000,0.1015625,0.8984375,15,7
001,0.119140625,0.880859375,13,5
010,0.162109375,0.837890625,13,7
011,0.1484375,0.8515625,11,5
100,0.1171875,0.8828125,13,7
101,0.119140625,0.880859375,11,5
110,0.123046875,0.876953125,11,7
111,0.14453125,0.85546875,9,5
