state,p_marked,error,gate_count,depth
000,0.26171875,0.73828125,32,16
001,0.25,0.75,30,14
010,0.228515625,0.771484375,30,16
011,0.255859375,0.744140625,28,14
100,0.25,0.75,30,16
101,0.220703125,0.779296875,28,14
110,0.216796875,0.783203125,28,16
111,0.224609375,0.775390625,26,14
