state,p_marked,error,gate_count,depth
000,0.380859375,0.619140625,67,42
001,0.046875,0.953125,65,40
010,0.18359375,0.81640625,65,42
011,0.05078125,0.94921875,63,40
100,0.00390625,0.99609375,65,42
101,0.08984375,0.91015625,63,40
110,0.0546875,0.9453125,63,42
111,0.150390625,0.849609375,61,40
