state,p_marked,error,gate_count,depth
000,0.47265625,0.52734375,41,21
001,0.5,0.5,37,17
010,0.494140625,0.505859375,37,21
011,0.474609375,0.525390625,33,17
100,0.517578125,0.482421875,37,21
101,0.455078125,0.544921875,33,17
110,0.447265625,0.552734375,33,21
111,0.5390625,0.4609375,29,17
