state,p_marked,error,gate_count,depth
000,0.119140625,0.880859375,67,35
001,0.119140625,0.880859375,61,29
010,0.111328125,0.888671875,61,35
011,0.115234375,0.884765625,55,29
100,0.1328125,0.8671875,61,35
101,0.130859375,0.869140625,55,29
110,0.11328125,0.88671875,55,35
111,0.16015625,0.83984375,49,29
