state,p_marked,error,gate_count,depth
000,0.2265625,0.7734375,41,21
001,0.240234375,0.759765625,37,17
010,0.212890625,0.787109375,37,21
011,0.291015625,0.708984375,33,17
100,0.26171875,0.73828125,37,21
101,0.248046875,0.751953125,33,17
110,0.240234375,0.759765625,33,21
111,0.23046875,0.76953125,29,17
