state,p_marked,error,gate_count,depth
000,0.125,0.875,24,12
001,0.109375,0.890625,20,8
010,0.123046875,0.876953125,20,12
011,0.154296875,0.845703125,16,8
100,0.140625,0.859375,20,12
101,0.109375,0.890625,16,8
110,0.1171875,0.8828125,16,12
111,0.125,0.875,12,8
