state,p_marked,error,gate_count,depth
000,0.13671875,0.86328125,15,7
001,0.138671875,0.861328125,13,5
010,0.126953125,0.873046875,13,7
011,0.12109375,0.87890625,11,5
100,0.134765625,0.865234375,13,7
101,0.125,0.875,11,5
110,0.1171875,0.8828125,11,7
111,0.12109375,0.87890625,9,5
