state,p_marked,error,gate_count,depth
000,0.12890625,0.87109375,42,22
001,0.123046875,0.876953125,38,18
010,0.1328125,0.8671875,38,22
011,0.146484375,0.853515625,34,18
100,0.154296875,0.845703125,38,22
101,0.123046875,0.876953125,34,18
110,0.1328125,0.8671875,34,22
111,0.107421875,0.892578125,30,18
