state,p_marked,error,gate_count,depth
000,0.154296875,0.845703125,25,13
001,0.1484375,0.8515625,25,13
010,0.125,0.875,25,13
011,0.138671875,0.861328125,25,13
100,0.1328125,0.8671875,25,13
101,0.138671875,0.861328125,25,13
110,0.10546875,0.89453125,25,13
111,0.14453125,0.85546875,25,13
