state,p_marked,error,gate_count,depth
000,0.1171875,0.8828125,49,24
001,0.134765625,0.865234375,47,22
010,0.123046875,0.876953125,47,24
011,0.130859375,0.869140625,45,22
100,0.123046875,0.876953125,47,24
101,0.1171875,0.8828125,45,22
110,0.13671875,0.86328125,45,24
111,0.11328125,0.88671875,43,22
