state,p_marked,error,gate_count,depth
000,0.474609375,0.525390625,41,21
001,0.49609375,0.50390625,37,17
010,0.46875,0.53125,37,21
011,0.544921875,0.455078125,33,17
100,0.4609375,0.5390625,37,21
101,0.515625,0.484375,33,17
110,0.486328125,0.513671875,33,21
111,0.4921875,0.5078125,29,17
