state,p_marked,error,gate_count,depth
000,0.51171875,0.48828125,32,16
001,0.494140625,0.505859375,30,14
010,0.521484375,0.478515625,30,16
011,0.525390625,0.474609375,28,14
100,0.5078125,0.4921875,30,16
101,0.501953125,0.498046875,28,14
110,0.51953125,0.48046875,28,16
111,0.45703125,0.54296875,26,14
