state,p_marked,error,gate_count,depth
000,0.126953125,0.873046875,51,26
001,0.12890625,0.87109375,49,24
010,0.1328125,0.8671875,49,26
011,0.12109375,0.87890625,47,24
100,0.10546875,0.89453125,49,26
101,0.12890625,0.87109375,47,24
110,0.13671875,0.86328125,47,26
111,0.142578125,0.857421875,45,24
