state,p_marked,error,gate_count,depth
000,0.1171875,0.8828125,113,59
001,0.17578125,0.82421875,105,52
010,0.220703125,0.779296875,105,59
011,0.044921875,0.955078125,97,51
100,0.068359375,0.931640625,105,59
101,0.20703125,0.79296875,97,52
110,0.06640625,0.93359375,97,59
111,0.1796875,0.8203125,89,51
