state,p_marked,error,gate_count,depth
000,0.130859375,0.869140625,65,33
001,0.134765625,0.865234375,61,30
010,0.140625,0.859375,61,33
011,0.12890625,0.87109375,57,29
100,0.15234375,0.84765625,61,33
101,0.134765625,0.865234375,57,30
110,0.12890625,0.87109375,57,33
111,0.099609375,0.900390625,53,29
