state,p_marked,error,gate_count,depth
000,0.4453125,0.5546875,77,51
001,0.046875,0.953125,75,49
010,0.037109375,0.962890625,75,51
011,0.142578125,0.857421875,73,49
100,0.015625,0.984375,75,51
101,0.078125,0.921875,73,49
110,0.140625,0.859375,73,51
111,0.0390625,0.9609375,71,49
