state,p_marked,error,gate_count,depth
000,0.525390625,0.474609375,50,26
001,0.4375,0.5625,44,20
010,0.51953125,0.48046875,44,26
011,0.4921875,0.5078125,38,20
100,0.474609375,0.525390625,44,26
101,0.513671875,0.486328125,38,20
110,0.501953125,0.498046875,38,26
111,0.5078125,0.4921875,32,20
