state,p_marked,error,gate_count,depth
000,0.484375,0.515625,41,21
001,0.470703125,0.529296875,37,17
010,0.50390625,0.49609375,37,21
011,0.515625,0.484375,33,17
100,0.48828125,0.51171875,37,21
101,0.486328125,0.513671875,33,17
110,0.55859375,0.44140625,33,21
111,0.462890625,0.537109375,29,17
