state,p_marked,error,gate_count,depth
000,0.111328125,0.888671875,49,25
001,0.140625,0.859375,47,23
010,0.087890625,0.912109375,47,25
011,0.146484375,0.853515625,45,23
100,0.109375,0.890625,47,25
101,0.125,0.875,45,23
110,0.171875,0.828125,45,25
111,0.107421875,0.892578125,43,23
