state,p_marked,error,gate_count,depth
000,0.140625,0.859375,77,39
001,0.115234375,0.884765625,69,31
010,0.119140625,0.880859375,69,39
011,0.11328125,0.88671875,61,31
100,0.10546875,0.89453125,69,39
101,0.154296875,0.845703125,61,31
110,0.111328125,0.888671875,61,39
111,0.134765625,0.865234375,53,31
