state,p_marked,error,gate_count,depth
000,0.115234375,0.884765625,64,33
001,0.11328125,0.88671875,60,29
010,0.11328125,0.88671875,60,33
011,0.119140625,0.880859375,56,29
100,0.115234375,0.884765625,60,33
101,0.123046875,0.876953125,56,29
110,0.115234375,0.884765625,56,33
111,0.12109375,0.87890625,52,29
