state,p_marked,error,gate_count,depth
000,0.1484375,0.8515625,24,12
001,0.13671875,0.86328125,20,8
010,0.09765625,0.90234375,20,12
011,0.162109375,0.837890625,16,8
100,0.09375,0.90625,20,12
101,0.13671875,0.86328125,16,8
110,0.119140625,0.880859375,16,12
111,0.107421875,0.892578125,12,8
