state,p_marked,error,gate_count,depth
000,0.103515625,0.896484375,55,29
001,0.15234375,0.84765625,53,27
010,0.138671875,0.861328125,53,29
011,0.142578125,0.857421875,51,27
100,0.13671875,0.86328125,53,29
101,0.15625,0.84375,51,27
110,0.134765625,0.865234375,51,29
111,0.107421875,0.892578125,49,27
