state,p_marked,error,gate_count,depth
000,0.5,0.5,41,21
001,0.490234375,0.509765625,37,17
010,0.513671875,0.486328125,37,21
011,0.482421875,0.517578125,33,17
100,0.515625,0.484375,37,21
101,0.455078125,0.544921875,33,17
110,0.521484375,0.478515625,33,21
111,0.453125,0.546875,29,17
