state,p_marked,error,gate_count,depth
000,0.08203125,0.91796875,32,15
001,0.068359375,0.931640625,30,13
010,0.064453125,0.935546875,30,15
011,0.0625,0.9375,28,13
100,0.05859375,0.94140625,30,15
101,0.0625,0.9375,28,13
110,0.060546875,0.939453125,28,15
111,0.048828125,0.951171875,26,13
