state,p_marked,error,gate_count,depth
000,0.48046875,0.51953125,32,16
001,0.46875,0.53125,30,14
010,0.517578125,0.482421875,30,16
011,0.478515625,0.521484375,28,14
100,0.48046875,0.51953125,30,16
101,0.5,0.5,28,14
110,0.513671875,0.486328125,28,16
111,0.484375,0.515625,26,14
