state,p_marked,error,gate_count,depth
000,0.49609375,0.50390625,41,21
001,0.51953125,0.48046875,37,17
010,0.47265625,0.52734375,37,21
011,0.521484375,0.478515625,33,17
100,0.546875,0.453125,37,21
101,0.515625,0.484375,33,17
110,0.4921875,0.5078125,33,21
111,0.462890625,0.537109375,29,17
