state,p_marked,error,gate_count,depth
000,0.5078125,0.4921875,52,26
001,0.521484375,0.478515625,50,24
010,0.498046875,0.501953125,50,26
011,0.515625,0.484375,48,24
100,0.478515625,0.521484375,50,26
101,0.138671875,0.861328125,48,24
110,0.51171875,0.48828125,48,26
111,0.140625,0.859375,46,24
