state,p_marked,error,gate_count,depth
000,0.505859375,0.494140625,50,26
001,0.482421875,0.517578125,44,20
010,0.484375,0.515625,44,26
011,0.46875,0.53125,38,20
100,0.521484375,0.478515625,44,26
101,0.517578125,0.482421875,38,20
110,0.513671875,0.486328125,38,26
111,0.509765625,0.490234375,32,20
