state,p_marked,error,gate_count,depth
000,0.146484375,0.853515625,32,15
001,0.158203125,0.841796875,30,13
010,0.1171875,0.8828125,30,15
011,0.107421875,0.892578125,28,13
100,0.140625,0.859375,30,15
101,0.14453125,0.85546875,28,13
110,0.1171875,0.8828125,28,15
111,0.12109375,0.87890625,26,13
