state,p_marked,error,gate_count,depth
000,0.52734375,0.47265625,33,17
001,0.466796875,0.533203125,31,15
010,0.48828125,0.51171875,31,17
011,0.12890625,0.87109375,29,15
100,0.482421875,0.517578125,31,17
101,0.53515625,0.46484375,29,15
110,0.109375,0.890625,29,17
111,0.4921875,0.5078125,27,15
