state,p_marked,error,gate_count,depth
000,0.125,0.875,64,34
001,0.0,1.0,60,31
010,0.123046875,0.876953125,60,34
011,0.0,1.0,56,31
100,0.12890625,0.87109375,60,33
101,0.0,1.0,56,30
110,0.0,1.0,56,33
111,0.134765625,0.865234375,52,30
