state,p_marked,error,gate_count,depth
000,0.03515625,0.96484375,59,31
001,0.03515625,0.96484375,55,27
010,0.01953125,0.98046875,55,31
011,0.04296875,0.95703125,51,27
100,0.033203125,0.966796875,55,31
101,0.263671875,0.736328125,51,27
110,0.2578125,0.7421875,51,31
111,0.033203125,0.966796875,47,27
