state,p_marked,error,gate_count,depth
000,0.142578125,0.857421875,33,17
001,0.109375,0.890625,27,11
010,0.13671875,0.86328125,27,17
011,0.125,0.875,21,11
100,0.150390625,0.849609375,27,17
101,0.10546875,0.89453125,21,11
110,0.123046875,0.876953125,21,17
111,0.126953125,0.873046875,15,11
