state,p_marked,error,gate_count,depth
000,0.505859375,0.494140625,32,16
001,0.537109375,0.462890625,30,14
010,0.474609375,0.525390625,30,16
011,0.529296875,0.470703125,28,14
100,0.525390625,0.474609375,30,16
101,0.474609375,0.525390625,28,14
110,0.533203125,0.466796875,28,16
111,0.5,0.5,26,14
