state,p_marked,error,gate_count,depth
000,0.11328125,0.88671875,50,26
001,0.125,0.875,44,20
010,0.1015625,0.8984375,44,26
011,0.138671875,0.861328125,38,20
100,0.138671875,0.861328125,44,26
101,0.12890625,0.87109375,38,20
110,0.150390625,0.849609375,38,26
111,0.103515625,0.896484375,32,20
