state,p_marked,error,gate_count,depth
000,0.498046875,0.501953125,32,16
001,0.513671875,0.486328125,30,14
010,0.5390625,0.4609375,30,16
011,0.53515625,0.46484375,28,14
100,0.4765625,0.5234375,30,16
101,0.498046875,0.501953125,28,14
110,0.515625,0.484375,28,16
111,0.494140625,0.505859375,26,14
