state,p_marked,error,gate_count,depth
000,0.12109375,0.87890625,51,30
001,0.150390625,0.849609375,49,28
010,0.140625,0.859375,49,30
011,0.09375,0.90625,47,28
100,0.103515625,0.896484375,49,30
101,0.123046875,0.876953125,47,28
110,0.125,0.875,47,30
111,0.1171875,0.8828125,45,28
