state,p_marked,error,gate_count,depth
000,0.0546875,0.9453125,42,22
001,0.083984375,0.916015625,42,22
010,0.337890625,0.662109375,42,22
011,0.328125,0.671875,42,22
100,0.04296875,0.95703125,42,22
101,0.064453125,0.935546875,42,22
110,0.05078125,0.94921875,42,22
111,0.052734375,0.947265625,42,22
