state,p_marked,error,gate_count,depth
000,0.025390625,0.974609375,59,30
001,0.02734375,0.97265625,55,26
010,0.04296875,0.95703125,55,30
011,0.041015625,0.958984375,51,26
100,0.166015625,0.833984375,55,30
101,0.140625,0.859375,51,26
110,0.14453125,0.85546875,51,30
111,0.171875,0.828125,47,26
