state,p_marked,error,gate_count,depth
000,0.48046875,0.51953125,32,16
001,0.486328125,0.513671875,30,14
010,0.54296875,0.45703125,30,16
011,0.48828125,0.51171875,28,14
100,0.48828125,0.51171875,30,16
101,0.505859375,0.494140625,28,14
110,0.455078125,0.544921875,28,16
111,0.529296875,0.470703125,26,14
