state,p_marked,error,gate_count,depth
000,0.119140625,0.880859375,24,12
001,0.12890625,0.87109375,20,8
010,0.150390625,0.849609375,20,12
011,0.09765625,0.90234375,16,8
100,0.130859375,0.869140625,20,12
101,0.140625,0.859375,16,8
110,0.125,0.875,16,12
111,0.1328125,0.8671875,12,8
