state,p_marked,error,gate_count,depth
000,0.490234375,0.509765625,33,17
001,0.5,0.5,31,15
010,0.46875,0.53125,31,17
011,0.138671875,0.861328125,29,15
100,0.51953125,0.48046875,31,17
101,0.470703125,0.529296875,29,15
110,0.119140625,0.880859375,29,17
111,0.49609375,0.50390625,27,15
