state,p_marked,error,gate_count,depth
000,0.533203125,0.466796875,41,21
001,0.498046875,0.501953125,37,17
010,0.51171875,0.48828125,37,21
011,0.505859375,0.494140625,33,17
100,0.5078125,0.4921875,37,21
101,0.494140625,0.505859375,33,17
110,0.4375,0.5625,33,21
111,0.5078125,0.4921875,29,17
