state,p_marked,error,gate_count,depth
000,0.11328125,0.88671875,32,15
001,0.125,0.875,30,13
010,0.1484375,0.8515625,30,15
011,0.119140625,0.880859375,28,13
100,0.126953125,0.873046875,30,15
101,0.12890625,0.87109375,28,13
110,0.12890625,0.87109375,28,15
111,0.109375,0.890625,26,13
