state,p_marked,error,gate_count,depth
000,0.11328125,0.88671875,44,23
001,0.111328125,0.888671875,40,19
010,0.111328125,0.888671875,40,23
011,0.115234375,0.884765625,36,19
100,0.109375,0.890625,40,23
101,0.1015625,0.8984375,36,19
110,0.12890625,0.87109375,36,23
111,0.140625,0.859375,32,19
