state,p_marked,error,gate_count,depth
000,0.1171875,0.8828125,55,28
001,0.123046875,0.876953125,53,26
010,0.126953125,0.873046875,53,28
011,0.10546875,0.89453125,51,26
100,0.12890625,0.87109375,53,28
101,0.138671875,0.861328125,51,26
110,0.126953125,0.873046875,51,28
111,0.099609375,0.900390625,49,26
