state,p_marked,error,gate_count,depth
000,0.123046875,0.876953125,71,36
001,0.0,1.0,69,34
010,0.0,1.0,69,36
011,0.109375,0.890625,67,34
100,0.10546875,0.89453125,69,36
101,0.0,1.0,67,34
110,0.134765625,0.865234375,67,36
111,0.0,1.0,65,34
