state,p_marked,error,gate_count,depth
000,0.119140625,0.880859375,40,18
001,0.12890625,0.87109375,40,18
010,0.1171875,0.8828125,40,18
011,0.140625,0.859375,40,18
100,0.130859375,0.869140625,40,18
101,0.125,0.875,40,18
110,0.123046875,0.876953125,40,18
111,0.1171875,0.8828125,40,18
