state,p_marked,error,gate_count,depth
000,0.111328125,0.888671875,32,16
001,0.16015625,0.83984375,30,14
010,0.115234375,0.884765625,30,16
011,0.1484375,0.8515625,28,14
100,0.111328125,0.888671875,30,16
101,0.1328125,0.8671875,28,14
110,0.119140625,0.880859375,28,16
111,0.10546875,0.89453125,26,14
