state,p_marked,error,gate_count,depth
000,0.119140625,0.880859375,58,30
001,0.134765625,0.865234375,54,26
010,0.13671875,0.86328125,54,30
011,0.15234375,0.84765625,50,26
100,0.126953125,0.873046875,54,30
101,0.13671875,0.86328125,50,26
110,0.111328125,0.888671875,50,30
111,0.134765625,0.865234375,46,26
