state,p_marked,error,gate_count,depth
000,0.1171875,0.8828125,77,40
001,0.130859375,0.869140625,73,37
010,0.078125,0.921875,73,40
011,0.12109375,0.87890625,69,36
100,0.12109375,0.87890625,73,40
101,0.10546875,0.89453125,69,37
110,0.140625,0.859375,69,40
111,0.142578125,0.857421875,65,36
