state,p_marked,error,gate_count,depth
000,0.03125,0.96875,56,38
001,0.015625,0.984375,56,38
010,0.0,1.0,56,38
011,0.48828125,0.51171875,56,38
100,0.125,0.875,56,38
101,0.009765625,0.990234375,56,38
110,0.34375,0.65625,56,38
111,0.01953125,0.98046875,56,38
