state,p_marked,error,gate_count,depth
000,0.02734375,0.97265625,53,37
001,0.33203125,0.66796875,53,37
010,0.056640625,0.943359375,53,37
011,0.158203125,0.841796875,53,37
100,0.158203125,0.841796875,53,37
101,0.177734375,0.822265625,53,37
110,0.001953125,0.998046875,53,37
111,0.107421875,0.892578125,53,37
