state,p_marked,error,gate_count,depth
000,0.515625,0.484375,34,16
001,0.46875,0.53125,32,14
010,0.49609375,0.50390625,32,16
011,0.490234375,0.509765625,30,14
100,0.130859375,0.869140625,32,16
101,0.15625,0.84375,30,14
110,0.11328125,0.88671875,30,16
111,0.12109375,0.87890625,28,14
