state,p_marked,error,gate_count,depth
000,0.509765625,0.490234375,59,31
001,0.50390625,0.49609375,51,23
010,0.533203125,0.466796875,51,31
011,0.52734375,0.47265625,43,23
100,0.48828125,0.51171875,51,31
101,0.51171875,0.48828125,43,23
110,0.4609375,0.5390625,43,31
111,0.509765625,0.490234375,35,23
