state,p_marked,error,gate_count,depth
000,0.046875,0.953125,64,32
001,0.318359375,0.681640625,60,28
010,0.08984375,0.91015625,60,32
011,0.048828125,0.951171875,56,28
100,0.0390625,0.9609375,60,32
101,0.3203125,0.6796875,56,28
110,0.09765625,0.90234375,56,32
111,0.048828125,0.951171875,52,28
