state,p_marked,error,gate_count,depth
000,0.134765625,0.865234375,41,20
001,0.125,0.875,37,16
010,0.111328125,0.888671875,37,20
011,0.142578125,0.857421875,33,16
100,0.154296875,0.845703125,37,20
101,0.111328125,0.888671875,33,16
110,0.1171875,0.8828125,33,20
111,0.111328125,0.888671875,29,16
