state,p_marked,error,gate_count,depth
000,0.154296875,0.845703125,49,24
001,0.119140625,0.880859375,47,22
010,0.115234375,0.884765625,47,24
011,0.111328125,0.888671875,45,22
100,0.146484375,0.853515625,47,24
101,0.138671875,0.861328125,45,22
110,0.130859375,0.869140625,45,24
111,0.115234375,0.884765625,43,22
