state,p_marked,error,gate_count,depth
000,0.12890625,0.87109375,41,20
001,0.123046875,0.876953125,41,20
010,0.119140625,0.880859375,41,20
011,0.099609375,0.900390625,41,20
100,0.10546875,0.89453125,41,20
101,0.115234375,0.884765625,41,20
110,0.15625,0.84375,41,20
111,0.12890625,0.87109375,41,20
