state,p_marked,error,gate_count,depth
000,0.130859375,0.869140625,34,17
001,0.095703125,0.904296875,32,15
010,0.1328125,0.8671875,32,17
011,0.115234375,0.884765625,30,15
100,0.123046875,0.876953125,32,17
101,0.12890625,0.87109375,30,15
110,0.109375,0.890625,30,17
111,0.109375,0.890625,28,15
