state,p_marked,error,gate_count,depth
000,0.12890625,0.87109375,61,31
001,0.134765625,0.865234375,57,27
010,0.1328125,0.8671875,57,31
011,0.12890625,0.87109375,53,27
100,0.130859375,0.869140625,57,31
101,0.15234375,0.84765625,53,27
110,0.107421875,0.892578125,53,31
111,0.138671875,0.861328125,49,27
