state,p_marked,error,gate_count,depth
000,0.099609375,0.900390625,33,17
001,0.134765625,0.865234375,27,11
010,0.154296875,0.845703125,27,17
011,0.125,0.875,21,11
100,0.119140625,0.880859375,27,17
101,0.115234375,0.884765625,21,11
110,0.10546875,0.89453125,21,17
111,0.140625,0.859375,15,11
