state,p_marked,error,gate_count,depth
000,0.5,0.5,32,16
001,0.490234375,0.509765625,30,14
010,0.533203125,0.466796875,30,16
011,0.50390625,0.49609375,28,14
100,0.49609375,0.50390625,30,16
101,0.53515625,0.46484375,28,14
110,0.484375,0.515625,28,16
111,0.55078125,0.44921875,26,14
