state,p_marked,error,gate_count,depth
000,0.18359375,0.81640625,46,22
001,0.052734375,0.947265625,46,22
010,0.0390625,0.9609375,46,22
011,0.2109375,0.7890625,46,22
100,0.033203125,0.966796875,46,22
101,0.212890625,0.787109375,46,22
110,0.15625,0.84375,46,22
111,0.0234375,0.9765625,46,22
