state,p_marked,error,gate_count,depth
000,0.4921875,0.5078125,32,16
001,0.4765625,0.5234375,30,14
010,0.494140625,0.505859375,30,16
011,0.4453125,0.5546875,28,14
100,0.525390625,0.474609375,30,16
101,0.525390625,0.474609375,28,14
110,0.546875,0.453125,28,16
111,0.498046875,0.501953125,26,14
