state,p_marked,error,gate_count,depth
000,0.119140625,0.880859375,42,22
001,0.12890625,0.87109375,34,14
010,0.12890625,0.87109375,34,22
011,0.126953125,0.873046875,26,14
100,0.11328125,0.88671875,34,22
101,0.125,0.875,26,14
110,0.12890625,0.87109375,26,22
111,0.142578125,0.857421875,18,14
