state,p_marked,error,gate_count,depth
000,0.095703125,0.904296875,24,12
001,0.158203125,0.841796875,20,8
010,0.1484375,0.8515625,20,12
011,0.142578125,0.857421875,16,8
100,0.12890625,0.87109375,20,12
101,0.1328125,0.8671875,16,8
110,0.119140625,0.880859375,16,12
111,0.154296875,0.845703125,12,8
