state,p_marked,error,gate_count,depth
000,0.470703125,0.529296875,41,21
001,0.541015625,0.458984375,37,17
010,0.556640625,0.443359375,37,21
011,0.46484375,0.53515625,33,17
100,0.509765625,0.490234375,37,21
101,0.462890625,0.537109375,33,17
110,0.4765625,0.5234375,33,21
111,0.52734375,0.47265625,29,17
