state,p_marked,error,gate_count,depth
000,0.2890625,0.7109375,58,30
001,0.29296875,0.70703125,54,26
010,0.029296875,0.970703125,54,30
011,0.033203125,0.966796875,50,26
100,0.255859375,0.744140625,54,30
101,0.2734375,0.7265625,50,26
110,0.03515625,0.96484375,50,30
111,0.041015625,0.958984375,46,26
