state,p_marked,error,gate_count,depth
000,0.52734375,0.47265625,32,16
001,0.484375,0.515625,30,14
010,0.48046875,0.51953125,30,16
011,0.4921875,0.5078125,28,14
100,0.4765625,0.5234375,30,16
101,0.521484375,0.478515625,28,14
110,0.498046875,0.501953125,28,16
111,0.5078125,0.4921875,26,14
