state,p_marked,error,gate_count,depth
000,0.07421875,0.92578125,50,25
001,0.080078125,0.919921875,48,24
010,0.080078125,0.919921875,48,25
011,0.115234375,0.884765625,46,23
100,0.068359375,0.931640625,48,25
101,0.078125,0.921875,46,24
110,0.0546875,0.9453125,46,25
111,0.099609375,0.900390625,44,23
