state,p_marked,error,gate_count,depth
000,0.12890625,0.87109375,42,21
001,0.09765625,0.90234375,38,17
010,0.140625,0.859375,38,21
011,0.103515625,0.896484375,34,17
100,0.14453125,0.85546875,38,21
101,0.15625,0.84375,34,17
110,0.083984375,0.916015625,34,21
111,0.095703125,0.904296875,30,17
