state,p_marked,error,gate_count,depth
000,0.12890625,0.87109375,49,25
001,0.11328125,0.88671875,47,23
010,0.12890625,0.87109375,47,25
011,0.142578125,0.857421875,45,23
100,0.134765625,0.865234375,47,25
101,0.107421875,0.892578125,45,23
110,0.12890625,0.87109375,45,25
111,0.111328125,0.888671875,43,23
