state,p_marked,error,gate_count,depth
000,0.125,0.875,33,17
001,0.15234375,0.84765625,27,11
010,0.123046875,0.876953125,27,17
011,0.146484375,0.853515625,21,11
100,0.09765625,0.90234375,27,17
101,0.10546875,0.89453125,21,11
110,0.1328125,0.8671875,21,17
111,0.130859375,0.869140625,15,11
