state,p_marked,error,gate_count,depth
000,0.220703125,0.779296875,41,21
001,0.271484375,0.728515625,37,17
010,0.228515625,0.771484375,37,21
011,0.232421875,0.767578125,33,17
100,0.240234375,0.759765625,37,21
101,0.236328125,0.763671875,33,17
110,0.244140625,0.755859375,33,21
111,0.26171875,0.73828125,29,17
