state,p_marked,error,gate_count,depth
000,0.470703125,0.529296875,33,17
001,0.501953125,0.498046875,31,15
010,0.53515625,0.46484375,31,17
011,0.125,0.875,29,15
100,0.51171875,0.48828125,31,17
101,0.478515625,0.521484375,29,15
110,0.13671875,0.86328125,29,17
111,0.53515625,0.46484375,27,15
