state,p_marked,error,gate_count,depth
000,0.123046875,0.876953125,55,27
001,0.103515625,0.896484375,53,25
010,0.119140625,0.880859375,53,27
011,0.11328125,0.88671875,51,25
100,0.138671875,0.861328125,53,27
101,0.14453125,0.85546875,51,25
110,0.12890625,0.87109375,51,27
111,0.1484375,0.8515625,49,25
