state,p_marked,error,gate_count,depth
000,0.119140625,0.880859375,15,7
001,0.103515625,0.896484375,13,5
010,0.134765625,0.865234375,13,7
011,0.130859375,0.869140625,11,5
100,0.12109375,0.87890625,13,7
101,0.158203125,0.841796875,11,5
110,0.1484375,0.8515625,11,7
111,0.125,0.875,9,5
