state,p_marked,error,gate_count,depth
000,0.125,0.875,52,28
001,0.140625,0.859375,50,26
010,0.103515625,0.896484375,50,28
011,0.130859375,0.869140625,48,26
100,0.13671875,0.86328125,50,28
101,0.119140625,0.880859375,48,26
110,0.142578125,0.857421875,48,28
111,0.140625,0.859375,46,26
