state,p_marked,error,gate_count,depth
000,0.111328125,0.888671875,25,13
001,0.11328125,0.88671875,25,13
010,0.111328125,0.888671875,25,13
011,0.12890625,0.87109375,25,13
100,0.119140625,0.880859375,25,13
101,0.115234375,0.884765625,25,13
110,0.1328125,0.8671875,25,13
111,0.111328125,0.888671875,25,13
