state,p_marked,error,gate_count,depth
000,0.466796875,0.533203125,32,16
001,0.51953125,0.48046875,30,14
010,0.47265625,0.52734375,30,16
011,0.541015625,0.458984375,28,14
100,0.5,0.5,30,16
101,0.484375,0.515625,28,14
110,0.501953125,0.498046875,28,16
111,0.4921875,0.5078125,26,14
