state,p_marked,error,gate_count,depth
000,0.0078125,0.9921875,87,44
001,0.0078125,0.9921875,81,38
010,0.005859375,0.994140625,81,44
011,0.11328125,0.88671875,75,38
100,0.00390625,0.99609375,81,44
101,0.001953125,0.998046875,75,38
110,0.00390625,0.99609375,75,44
111,0.138671875,0.861328125,69,38
