state,p_marked,error,gate_count,depth
000,0.123046875,0.876953125,59,31
001,0.125,0.875,55,27
010,0.119140625,0.880859375,55,31
011,0.15234375,0.84765625,51,27
100,0.11328125,0.88671875,55,31
101,0.1484375,0.8515625,51,27
110,0.11328125,0.88671875,51,31
111,0.12109375,0.87890625,47,27
