state,p_marked,error,gate_count,depth
000,0.34375,0.65625,114,81
001,0.068359375,0.931640625,114,81
010,0.29296875,0.70703125,114,81
011,0.111328125,0.888671875,114,81
100,0.056640625,0.943359375,114,81
101,0.10546875,0.89453125,114,81
110,0.0078125,0.9921875,114,81
111,0.01171875,0.98828125,114,81
