state,p_marked,error,gate_count,depth
000,0.14453125,0.85546875,41,20
001,0.130859375,0.869140625,37,16
010,0.087890625,0.912109375,37,20
011,0.103515625,0.896484375,33,16
100,0.107421875,0.892578125,37,20
101,0.1015625,0.8984375,33,16
110,0.11328125,0.88671875,33,20
111,0.134765625,0.865234375,29,16
