state,p_marked,error,gate_count,depth
000,0.279296875,0.720703125,58,30
001,0.2578125,0.7421875,54,26
010,0.01953125,0.98046875,54,30
011,0.03125,0.96875,50,26
100,0.328125,0.671875,54,30
101,0.27734375,0.72265625,50,26
110,0.029296875,0.970703125,50,30
111,0.033203125,0.966796875,46,26
