state,p_marked,error,gate_count,depth
000,0.1171875,0.8828125,41,20
001,0.140625,0.859375,37,16
010,0.107421875,0.892578125,37,20
011,0.1328125,0.8671875,33,16
100,0.14453125,0.85546875,37,20
101,0.119140625,0.880859375,33,16
110,0.115234375,0.884765625,33,20
111,0.130859375,0.869140625,29,16
