state,p_marked,error,gate_count,depth
000,0.142578125,0.857421875,49,23
001,0.119140625,0.880859375,47,21
010,0.10546875,0.89453125,47,23
011,0.134765625,0.865234375,45,21
100,0.123046875,0.876953125,47,23
101,0.1484375,0.8515625,45,21
110,0.099609375,0.900390625,45,23
111,0.134765625,0.865234375,43,21
