state,p_marked,error,gate_count,depth
000,0.12890625,0.87109375,68,35
001,0.119140625,0.880859375,62,30
010,0.146484375,0.853515625,62,35
011,0.111328125,0.888671875,56,29
100,0.134765625,0.865234375,62,35
101,0.10546875,0.89453125,56,30
110,0.111328125,0.888671875,56,35
111,0.123046875,0.876953125,50,29
