state,p_marked,error,gate_count,depth
000,0.1328125,0.8671875,24,12
001,0.123046875,0.876953125,20,8
010,0.12890625,0.87109375,20,12
011,0.107421875,0.892578125,16,8
100,0.146484375,0.853515625,20,12
101,0.125,0.875,16,8
110,0.1171875,0.8828125,16,12
111,0.109375,0.890625,12,8
