state,p_marked,error,gate_count,depth
000,0.130859375,0.869140625,32,15
001,0.08984375,0.91015625,30,13
010,0.126953125,0.873046875,30,15
011,0.09375,0.90625,28,13
100,0.12109375,0.87890625,30,15
101,0.13671875,0.86328125,28,13
110,0.09765625,0.90234375,28,15
111,0.109375,0.890625,26,13
