state,p_marked,error,gate_count,depth
000,0.125,0.875,30,17
001,0.1328125,0.8671875,30,17
010,0.126953125,0.873046875,30,17
011,0.11328125,0.88671875,30,17
100,0.115234375,0.884765625,30,17
101,0.126953125,0.873046875,30,17
110,0.107421875,0.892578125,30,17
111,0.1328125,0.8671875,30,17
