state,p_marked,error,gate_count,depth
000,0.109375,0.890625,41,20
001,0.1171875,0.8828125,37,16
010,0.158203125,0.841796875,37,20
011,0.099609375,0.900390625,33,16
100,0.134765625,0.865234375,37,20
101,0.107421875,0.892578125,33,16
110,0.107421875,0.892578125,33,20
111,0.125,0.875,29,16
