state,p_marked,error,gate_count,depth
000,0.50390625,0.49609375,32,16
001,0.466796875,0.533203125,30,14
010,0.515625,0.484375,30,16
011,0.47265625,0.52734375,28,14
100,0.53125,0.46875,30,16
101,0.50390625,0.49609375,28,14
110,0.45703125,0.54296875,28,16
111,0.505859375,0.494140625,26,14
