state,p_marked,error,gate_count,depth
000,0.142578125,0.857421875,49,24
001,0.119140625,0.880859375,47,22
010,0.107421875,0.892578125,47,24
011,0.1328125,0.8671875,45,22
100,0.12109375,0.87890625,47,24
101,0.140625,0.859375,45,22
110,0.126953125,0.873046875,45,24
111,0.15234375,0.84765625,43,22
