state,p_marked,error,gate_count,depth
000,0.49609375,0.50390625,41,21
001,0.486328125,0.513671875,37,17
010,0.51953125,0.48046875,37,21
011,0.529296875,0.470703125,33,17
100,0.4765625,0.5234375,37,21
101,0.4921875,0.5078125,33,17
110,0.51171875,0.48828125,33,21
111,0.521484375,0.478515625,29,17
