state,p_marked,error,gate_count,depth
000,0.115234375,0.884765625,46,24
001,0.107421875,0.892578125,42,20
010,0.123046875,0.876953125,42,24
011,0.115234375,0.884765625,38,20
100,0.109375,0.890625,42,24
101,0.142578125,0.857421875,38,20
110,0.142578125,0.857421875,38,24
111,0.10546875,0.89453125,34,20
