state,p_marked,error,gate_count,depth
000,0.04296875,0.95703125,32,16
001,0.0625,0.9375,30,14
010,0.064453125,0.935546875,30,16
011,0.06640625,0.93359375,28,14
100,0.078125,0.921875,30,16
101,0.0546875,0.9453125,28,14
110,0.05859375,0.94140625,28,16
111,0.078125,0.921875,26,14
