state,p_marked,error,gate_count,depth
000,0.283203125,0.716796875,65,33
001,0.12109375,0.87890625,61,29
010,0.328125,0.671875,61,33
011,0.140625,0.859375,57,29
100,0.119140625,0.880859375,61,33
101,0.330078125,0.669921875,57,29
110,0.123046875,0.876953125,57,33
111,0.32421875,0.67578125,53,29
