state,p_marked,error,gate_count,depth
000,0.109375,0.890625,32,15
001,0.11328125,0.88671875,30,13
010,0.126953125,0.873046875,30,15
011,0.115234375,0.884765625,28,13
100,0.11328125,0.88671875,30,15
101,0.1171875,0.8828125,28,13
110,0.107421875,0.892578125,28,15
111,0.140625,0.859375,26,13
