state,p_marked,error,gate_count,depth
000,0.109375,0.890625,52,27
001,0.111328125,0.888671875,50,25
010,0.09375,0.90625,50,27
011,0.1328125,0.8671875,48,25
100,0.134765625,0.865234375,50,27
101,0.12109375,0.87890625,48,25
110,0.142578125,0.857421875,48,27
111,0.111328125,0.888671875,46,25
