state,p_marked,error,gate_count,depth
000,0.486328125,0.513671875,50,26
001,0.49609375,0.50390625,44,20
010,0.494140625,0.505859375,44,26
011,0.5234375,0.4765625,38,20
100,0.466796875,0.533203125,44,26
101,0.498046875,0.501953125,38,20
110,0.513671875,0.486328125,38,26
111,0.5390625,0.4609375,32,20
