state,p_marked,error,gate_count,depth
000,0.513671875,0.486328125,50,26
001,0.517578125,0.482421875,44,20
010,0.5078125,0.4921875,44,26
011,0.49609375,0.50390625,38,20
100,0.505859375,0.494140625,44,26
101,0.533203125,0.466796875,38,20
110,0.529296875,0.470703125,38,26
111,0.546875,0.453125,32,20
