state,p_marked,error,gate_count,depth
000,0.265625,0.734375,50,24
001,0.240234375,0.759765625,48,22
010,0.240234375,0.759765625,48,24
011,0.25,0.75,46,22
100,0.0,1.0,48,24
101,0.0,1.0,46,22
110,0.0,1.0,46,24
111,0.0,1.0,44,22
