state,p_marked,error,gate_count,depth
000,0.494140625,0.505859375,32,16
001,0.466796875,0.533203125,30,14
010,0.4765625,0.5234375,30,16
011,0.501953125,0.498046875,28,14
100,0.564453125,0.435546875,30,16
101,0.48828125,0.51171875,28,14
110,0.482421875,0.517578125,28,16
111,0.54296875,0.45703125,26,14
