state,p_marked,error,gate_count,depth
000,0.099609375,0.900390625,58,41
001,0.337890625,0.662109375,58,41
010,0.095703125,0.904296875,58,41
011,0.029296875,0.970703125,58,41
100,0.01953125,0.98046875,58,41
101,0.06640625,0.93359375,58,41
110,0.11328125,0.88671875,58,41
111,0.263671875,0.736328125,58,41
