state,p_marked,error,gate_count,depth
000,0.5078125,0.4921875,59,31
001,0.4921875,0.5078125,51,23
010,0.505859375,0.494140625,51,31
011,0.478515625,0.521484375,43,23
100,0.484375,0.515625,51,31
101,0.53125,0.46875,43,23
110,0.5,0.5,43,31
111,0.51171875,0.48828125,35,23
