state,p_marked,error,gate_count,depth
000,0.103515625,0.896484375,55,27
001,0.138671875,0.861328125,53,25
010,0.11328125,0.88671875,53,27
011,0.11328125,0.88671875,51,25
100,0.126953125,0.873046875,53,27
101,0.1171875,0.8828125,51,25
110,0.11328125,0.88671875,51,27
111,0.134765625,0.865234375,49,25
