state,p_marked,error,gate_count,depth
000,0.1328125,0.8671875,15,7
001,0.134765625,0.865234375,13,5
010,0.125,0.875,13,7
011,0.13671875,0.86328125,11,5
100,0.08984375,0.91015625,13,7
101,0.125,0.875,11,5
110,0.14453125,0.85546875,11,7
111,0.1328125,0.8671875,9,5
