state,p_marked,error,gate_count,depth
000,0.13671875,0.86328125,15,7
001,0.13671875,0.86328125,13,5
010,0.09765625,0.90234375,13,7
011,0.126953125,0.873046875,11,5
100,0.14453125,0.85546875,13,7
101,0.12109375,0.87890625,11,5
110,0.12109375,0.87890625,11,7
111,0.13671875,0.86328125,9,5
