state,p_marked,error,gate_count,depth
000,0.0,1.0,35,18
001,0.0,1.0,33,16
010,0.0,1.0,33,18
011,0.0,1.0,31,16
100,0.0,1.0,33,18
101,0.12890625,0.87109375,31,16
110,0.0,1.0,31,18
111,0.1328125,0.8671875,29,16
