state,p_marked,error,gate_count,depth
000,0.05078125,0.94921875,32,15
001,0.087890625,0.912109375,30,13
010,0.048828125,0.951171875,30,15
011,0.056640625,0.943359375,28,13
100,0.044921875,0.955078125,30,15
101,0.04296875,0.95703125,28,13
110,0.07421875,0.92578125,28,15
111,0.052734375,0.947265625,26,13
