state,p_marked,error,gate_count,depth
000,0.158203125,0.841796875,68,36
001,0.12109375,0.87890625,62,30
010,0.123046875,0.876953125,62,36
011,0.146484375,0.853515625,56,30
100,0.125,0.875,62,36
101,0.10546875,0.89453125,56,30
110,0.13671875,0.86328125,56,36
111,0.11328125,0.88671875,50,30
