state,p_marked,error,gate_count,depth
000,0.119140625,0.880859375,41,21
001,0.14453125,0.85546875,37,17
010,0.111328125,0.888671875,37,21
011,0.099609375,0.900390625,33,17
100,0.138671875,0.861328125,37,21
101,0.126953125,0.873046875,33,17
110,0.119140625,0.880859375,33,21
111,0.15625,0.84375,29,17
