state,p_marked,error,gate_count,depth
000,0.486328125,0.513671875,50,26
001,0.517578125,0.482421875,44,20
010,0.51171875,0.48828125,44,26
011,0.529296875,0.470703125,38,20
100,0.478515625,0.521484375,44,26
101,0.5234375,0.4765625,38,20
110,0.470703125,0.529296875,38,26
111,0.474609375,0.525390625,32,20
