state,p_marked,error,gate_count,depth
000,0.1328125,0.8671875,23,11
001,0.1171875,0.8828125,23,11
010,0.125,0.875,23,11
011,0.10546875,0.89453125,23,11
100,0.12890625,0.87109375,23,11
101,0.130859375,0.869140625,23,11
110,0.130859375,0.869140625,23,11
111,0.140625,0.859375,23,11
