state,p_marked,error,gate_count,depth
000,0.12890625,0.87109375,54,27
001,0.130859375,0.869140625,52,25
010,0.1328125,0.8671875,52,27
011,0.154296875,0.845703125,50,25
100,0.1328125,0.8671875,52,27
101,0.142578125,0.857421875,50,25
110,0.111328125,0.888671875,50,27
111,0.11328125,0.88671875,48,25
