state,p_marked,error,gate_count,depth
000,0.02734375,0.97265625,57,31
001,0.029296875,0.970703125,55,29
010,0.03125,0.96875,55,31
011,0.017578125,0.982421875,53,29
100,0.02734375,0.97265625,55,31
101,0.01953125,0.98046875,53,29
110,0.033203125,0.966796875,53,31
111,0.0390625,0.9609375,51,29
