state,p_marked,error,gate_count,depth
000,0.107421875,0.892578125,58,30
001,0.12109375,0.87890625,54,26
010,0.1015625,0.8984375,54,30
011,0.12890625,0.87109375,50,26
100,0.12890625,0.87109375,54,30
101,0.107421875,0.892578125,50,26
110,0.115234375,0.884765625,50,30
111,0.1328125,0.8671875,46,26
