state,p_marked,error,gate_count,depth
000,0.10546875,0.89453125,51,27
001,0.11328125,0.88671875,49,25
010,0.12109375,0.87890625,49,27
011,0.099609375,0.900390625,47,25
100,0.142578125,0.857421875,49,27
101,0.119140625,0.880859375,47,25
110,0.103515625,0.896484375,47,27
111,0.12890625,0.87109375,45,25
