state,p_marked,error,gate_count,depth
000,0.095703125,0.904296875,87,43
001,0.091796875,0.908203125,81,37
010,0.103515625,0.896484375,81,43
011,0.08984375,0.91015625,75,37
100,0.11328125,0.88671875,81,43
101,0.1015625,0.8984375,75,37
110,0.115234375,0.884765625,75,43
111,0.138671875,0.861328125,69,37
