state,p_marked,error,gate_count,depth
000,0.12109375,0.87890625,29,16
001,0.142578125,0.857421875,29,16
010,0.1171875,0.8828125,29,16
011,0.126953125,0.873046875,29,16
100,0.140625,0.859375,29,16
101,0.1328125,0.8671875,29,16
110,0.115234375,0.884765625,29,16
111,0.11328125,0.88671875,29,16
