state,p_marked,error,gate_count,depth
000,0.5078125,0.4921875,32,16
001,0.505859375,0.494140625,30,14
010,0.501953125,0.498046875,30,16
011,0.50390625,0.49609375,28,14
100,0.4921875,0.5078125,30,16
101,0.51953125,0.48046875,28,14
110,0.513671875,0.486328125,28,16
111,0.494140625,0.505859375,26,14
