state,p_marked,error,gate_count,depth
000,0.052734375,0.947265625,32,15
001,0.0546875,0.9453125,30,13
010,0.046875,0.953125,30,15
011,0.046875,0.953125,28,13
100,0.052734375,0.947265625,30,15
101,0.0625,0.9375,28,13
110,0.064453125,0.935546875,28,15
111,0.076171875,0.923828125,26,13
