state,p_marked,error,gate_count,depth
000,0.052734375,0.947265625,43,22
001,0.060546875,0.939453125,43,22
010,0.56640625,0.43359375,43,22
011,0.068359375,0.931640625,43,22
100,0.064453125,0.935546875,43,22
101,0.05078125,0.94921875,43,22
110,0.064453125,0.935546875,43,22
111,0.068359375,0.931640625,43,22
