state,p_marked,error,gate_count,depth
000,0.494140625,0.505859375,41,21
001,0.4921875,0.5078125,37,17
010,0.4765625,0.5234375,37,21
011,0.49609375,0.50390625,33,17
100,0.470703125,0.529296875,37,21
101,0.49609375,0.50390625,33,17
110,0.447265625,0.552734375,33,21
111,0.498046875,0.501953125,29,17
