state,p_marked,error,gate_count,depth
000,0.125,0.875,42,22
001,0.123046875,0.876953125,34,14
010,0.1328125,0.8671875,34,22
011,0.08984375,0.91015625,26,14
100,0.12109375,0.87890625,34,22
101,0.1171875,0.8828125,26,14
110,0.13671875,0.86328125,26,22
111,0.123046875,0.876953125,18,14
