state,p_marked,error,gate_count,depth
000,0.111328125,0.888671875,24,12
001,0.150390625,0.849609375,20,8
010,0.119140625,0.880859375,20,12
011,0.12109375,0.87890625,16,8
100,0.15234375,0.84765625,20,12
101,0.1171875,0.8828125,16,8
110,0.11328125,0.88671875,16,12
111,0.125,0.875,12,8
