state,p_marked,error,gate_count,depth
000,0.009765625,0.990234375,100,51
001,0.10546875,0.89453125,96,47
010,0.123046875,0.876953125,96,51
011,0.107421875,0.892578125,92,47
100,0.013671875,0.986328125,96,51
101,0.279296875,0.720703125,92,47
110,0.09765625,0.90234375,92,51
111,0.068359375,0.931640625,88,47
