state,p_marked,error,gate_count,depth
000,0.048828125,0.951171875,67,34
001,0.0703125,0.9296875,65,32
010,0.283203125,0.716796875,65,34
011,0.279296875,0.720703125,63,32
100,0.05078125,0.94921875,65,34
101,0.0625,0.9375,63,32
110,0.302734375,0.697265625,63,34
111,0.291015625,0.708984375,61,32
