state,p_marked,error,gate_count,depth
000,0.505859375,0.494140625,41,21
001,0.515625,0.484375,37,17
010,0.521484375,0.478515625,37,21
011,0.501953125,0.498046875,33,17
100,0.453125,0.546875,37,21
101,0.515625,0.484375,33,17
110,0.462890625,0.537109375,33,21
111,0.52734375,0.47265625,29,17
