state,p_marked,error,gate_count,depth
000,0.123046875,0.876953125,49,24
001,0.15625,0.84375,47,22
010,0.138671875,0.861328125,47,24
011,0.12109375,0.87890625,45,22
100,0.13671875,0.86328125,47,24
101,0.111328125,0.888671875,45,22
110,0.109375,0.890625,45,24
111,0.146484375,0.853515625,43,22
