state,p_marked,error,gate_count,depth
000,0.0703125,0.9296875,41,21
001,0.056640625,0.943359375,37,17
010,0.0390625,0.9609375,37,21
011,0.0703125,0.9296875,33,17
100,0.05859375,0.94140625,37,21
101,0.072265625,0.927734375,33,17
110,0.076171875,0.923828125,33,21
111,0.06640625,0.93359375,29,17
