state,p_marked,error,gate_count,depth
000,0.11328125,0.88671875,32,16
001,0.099609375,0.900390625,30,14
010,0.103515625,0.896484375,30,16
011,0.111328125,0.888671875,28,14
100,0.109375,0.890625,30,16
101,0.146484375,0.853515625,28,14
110,0.125,0.875,28,16
111,0.107421875,0.892578125,26,14
