state,p_marked,error,gate_count,depth
000,0.09375,0.90625,32,15
001,0.115234375,0.884765625,30,13
010,0.115234375,0.884765625,30,15
011,0.150390625,0.849609375,28,13
100,0.142578125,0.857421875,30,15
101,0.146484375,0.853515625,28,13
110,0.119140625,0.880859375,28,15
111,0.134765625,0.865234375,26,13
