state,p_marked,error,gate_count,depth
000,0.0,1.0,70,36
001,0.13671875,0.86328125,64,30
010,0.0,1.0,64,36
011,0.10546875,0.89453125,58,30
100,0.548828125,0.451171875,64,36
101,0.115234375,0.884765625,58,30
110,0.0,1.0,58,36
111,0.119140625,0.880859375,52,30
