state,p_marked,error,gate_count,depth
000,0.1484375,0.8515625,32,15
001,0.12109375,0.87890625,30,13
010,0.134765625,0.865234375,30,15
011,0.10546875,0.89453125,28,13
100,0.13671875,0.86328125,30,15
101,0.150390625,0.849609375,28,13
110,0.123046875,0.876953125,28,15
111,0.140625,0.859375,26,13
