state,p_marked,error,gate_count,depth
000,0.1171875,0.8828125,68,35
001,0.123046875,0.876953125,66,33
010,0.1328125,0.8671875,66,35
011,0.12109375,0.87890625,64,33
100,0.138671875,0.861328125,66,35
101,0.138671875,0.861328125,64,33
110,0.12890625,0.87109375,64,35
111,0.1328125,0.8671875,62,33
