state,p_marked,error,gate_count,depth
000,0.140625,0.859375,24,12
001,0.09375,0.90625,20,8
010,0.126953125,0.873046875,20,12
011,0.134765625,0.865234375,16,8
100,0.1484375,0.8515625,20,12
101,0.109375,0.890625,16,8
110,0.154296875,0.845703125,16,12
111,0.138671875,0.861328125,12,8
