state,p_marked,error,gate_count,depth
000,0.138671875,0.861328125,15,7
001,0.146484375,0.853515625,13,5
010,0.130859375,0.869140625,13,7
011,0.109375,0.890625,11,5
100,0.119140625,0.880859375,13,7
101,0.1484375,0.8515625,11,5
110,0.12109375,0.87890625,11,7
111,0.134765625,0.865234375,9,5
