state,p_marked,error,gate_count,depth
000,0.119140625,0.880859375,41,19
001,0.1171875,0.8828125,41,19
010,0.1328125,0.8671875,41,19
011,0.1171875,0.8828125,41,19
100,0.099609375,0.900390625,41,19
101,0.087890625,0.912109375,41,19
110,0.142578125,0.857421875,41,19
111,0.12890625,0.87109375,41,19
