state,p_marked,error,gate_count,depth
000,0.13671875,0.86328125,15,7
001,0.1171875,0.8828125,13,5
010,0.130859375,0.869140625,13,7
011,0.13671875,0.86328125,11,5
100,0.109375,0.890625,13,7
101,0.10546875,0.89453125,11,5
110,0.11328125,0.88671875,11,7
111,0.154296875,0.845703125,9,5
