state,p_marked,error,gate_count,depth
000,0.130859375,0.869140625,50,25
001,0.10546875,0.89453125,44,19
010,0.12109375,0.87890625,44,25
011,0.1328125,0.8671875,38,19
100,0.125,0.875,44,25
101,0.14453125,0.85546875,38,19
110,0.12890625,0.87109375,38,25
111,0.1328125,0.8671875,32,19
