state,p_marked,error,gate_count,depth
000,0.091796875,0.908203125,41,20
001,0.111328125,0.888671875,37,16
010,0.11328125,0.88671875,37,20
011,0.138671875,0.861328125,33,16
100,0.11328125,0.88671875,37,20
101,0.146484375,0.853515625,33,16
110,0.125,0.875,33,20
111,0.138671875,0.861328125,29,16
