state,p_marked,error,gate_count,depth
000,0.47265625,0.52734375,41,21
001,0.544921875,0.455078125,37,17
010,0.552734375,0.447265625,37,21
011,0.501953125,0.498046875,33,17
100,0.498046875,0.501953125,37,21
101,0.5390625,0.4609375,33,17
110,0.53515625,0.46484375,33,21
111,0.4921875,0.5078125,29,17
