state,p_marked,error,gate_count,depth
000,0.220703125,0.779296875,47,25
001,0.2421875,0.7578125,47,25
010,0.2734375,0.7265625,47,25
011,0.259765625,0.740234375,47,25
100,0.0,1.0,47,25
101,0.0,1.0,47,25
110,0.0,1.0,47,25
111,0.0,1.0,47,25
