state,p_marked,error,gate_count,depth
000,0.263671875,0.736328125,49,24
001,0.0234375,0.9765625,47,22
010,0.271484375,0.728515625,47,24
011,0.03515625,0.96484375,45,22
100,0.0234375,0.9765625,47,24
101,0.29296875,0.70703125,45,22
110,0.033203125,0.966796875,45,24
111,0.296875,0.703125,43,22
