state,p_marked,error,gate_count,depth
000,0.115234375,0.884765625,34,16
001,0.125,0.875,32,14
010,0.111328125,0.888671875,32,16
011,0.087890625,0.912109375,30,14
100,0.09765625,0.90234375,32,16
101,0.166015625,0.833984375,30,14
110,0.12890625,0.87109375,30,16
111,0.125,0.875,28,14
