state,p_marked,error,gate_count,depth
000,0.12109375,0.87890625,41,20
001,0.1328125,0.8671875,37,16
010,0.107421875,0.892578125,37,20
011,0.1015625,0.8984375,33,16
100,0.1484375,0.8515625,37,20
101,0.123046875,0.876953125,33,16
110,0.111328125,0.888671875,33,20
111,0.14453125,0.85546875,29,16
