state,p_marked,error,gate_count,depth
000,0.087890625,0.912109375,49,25
001,0.111328125,0.888671875,47,23
010,0.146484375,0.853515625,47,25
011,0.13671875,0.86328125,45,23
100,0.126953125,0.873046875,47,25
101,0.111328125,0.888671875,45,23
110,0.123046875,0.876953125,45,25
111,0.1171875,0.8828125,43,23
