state,p_marked,error,gate_count,depth
000,0.53515625,0.46484375,32,16
001,0.509765625,0.490234375,30,14
010,0.53515625,0.46484375,30,16
011,0.544921875,0.455078125,28,14
100,0.50390625,0.49609375,30,16
101,0.47265625,0.52734375,28,14
110,0.501953125,0.498046875,28,16
111,0.494140625,0.505859375,26,14
