state,p_marked,error,gate_count,depth
000,0.1015625,0.8984375,15,7
001,0.08984375,0.91015625,13,5
010,0.12109375,0.87890625,13,7
011,0.11328125,0.88671875,11,5
100,0.12890625,0.87109375,13,7
101,0.12109375,0.87890625,11,5
110,0.162109375,0.837890625,11,7
111,0.15625,0.84375,9,5
