state,p_marked,error,gate_count,depth
000,0.251953125,0.748046875,119,83
001,0.140625,0.859375,119,83
010,0.09765625,0.90234375,119,83
011,0.10546875,0.89453125,119,83
100,0.021484375,0.978515625,119,83
101,0.15625,0.84375,119,83
110,0.0859375,0.9140625,119,83
111,0.166015625,0.833984375,119,83
