state,p_marked,error,gate_count,depth
000,0.03515625,0.96484375,60,30
001,0.046875,0.953125,56,26
010,0.33203125,0.66796875,56,30
011,0.34375,0.65625,52,26
100,0.048828125,0.951171875,56,30
101,0.041015625,0.958984375,52,26
110,0.08984375,0.91015625,52,30
111,0.087890625,0.912109375,48,26
