state,p_marked,error,gate_count,depth
000,0.021484375,0.978515625,66,47
001,0.275390625,0.724609375,64,45
010,0.279296875,0.720703125,64,47
011,0.1953125,0.8046875,62,45
100,0.2109375,0.7890625,64,47
101,0.146484375,0.853515625,62,45
110,0.017578125,0.982421875,62,47
111,0.0546875,0.9453125,60,45
