state,p_marked,error,gate_count,depth
000,0.109375,0.890625,34,18
001,0.08984375,0.91015625,32,16
010,0.12109375,0.87890625,32,18
011,0.1484375,0.8515625,30,16
100,0.12109375,0.87890625,32,18
101,0.0,1.0,30,16
110,0.119140625,0.880859375,30,18
111,0.0,1.0,28,16
