state,p_marked,error,gate_count,depth
000,0.03515625,0.96484375,60,31
001,0.03125,0.96875,56,27
010,0.30859375,0.69140625,56,31
011,0.28515625,0.71484375,52,27
100,0.037109375,0.962890625,56,31
101,0.017578125,0.982421875,52,27
110,0.287109375,0.712890625,52,31
111,0.28125,0.71875,48,27
