state,p_marked,error,gate_count,depth
000,0.0625,0.9375,33,15
001,0.048828125,0.951171875,31,13
010,0.04296875,0.95703125,31,15
011,0.068359375,0.931640625,29,13
100,0.068359375,0.931640625,31,15
101,0.05859375,0.94140625,29,13
110,0.06640625,0.93359375,29,15
111,0.064453125,0.935546875,27,13
