state,p_marked,error,gate_count,depth
000,0.017578125,0.982421875,77,44
001,0.01953125,0.98046875,77,44
010,0.154296875,0.845703125,77,44
011,0.3046875,0.6953125,77,44
100,0.025390625,0.974609375,77,44
101,0.021484375,0.978515625,77,44
110,0.150390625,0.849609375,77,44
111,0.318359375,0.681640625,77,44
