state,p_marked,error,gate_count,depth
000,0.142578125,0.857421875,49,24
001,0.10546875,0.89453125,47,22
010,0.123046875,0.876953125,47,24
011,0.09765625,0.90234375,45,22
100,0.119140625,0.880859375,47,24
101,0.12109375,0.87890625,45,22
110,0.119140625,0.880859375,45,24
111,0.12890625,0.87109375,43,22
