state,p_marked,error,gate_count,depth
000,0.51171875,0.48828125,32,16
001,0.5,0.5,30,14
010,0.474609375,0.525390625,30,16
011,0.5234375,0.4765625,28,14
100,0.4765625,0.5234375,30,16
101,0.517578125,0.482421875,28,14
110,0.513671875,0.486328125,28,16
111,0.42578125,0.57421875,26,14
