state,p_marked,error,gate_count,depth
000,0.26171875,0.73828125,49,24
001,0.255859375,0.744140625,47,22
010,0.259765625,0.740234375,47,24
011,0.244140625,0.755859375,45,22
100,0.0,1.0,47,24
101,0.0,1.0,45,22
110,0.0,1.0,45,24
111,0.0,1.0,43,22
