state,p_marked,error,gate_count,depth
000,0.150390625,0.849609375,55,28
001,0.13671875,0.86328125,53,26
010,0.138671875,0.861328125,53,28
011,0.12109375,0.87890625,51,26
100,0.109375,0.890625,53,28
101,0.140625,0.859375,51,26
110,0.138671875,0.861328125,51,28
111,0.126953125,0.873046875,49,26
