state,p_marked,error,gate_count,depth
000,0.0,1.0,38,19
001,0.119140625,0.880859375,36,17
010,0.0,1.0,36,19
011,0.107421875,0.892578125,34,17
100,0.119140625,0.880859375,36,19
101,0.0,1.0,34,17
110,0.103515625,0.896484375,34,19
111,0.0,1.0,32,17
