state,p_marked,error,gate_count,depth
000,0.125,0.875,66,33
001,0.091796875,0.908203125,64,31
010,0.1328125,0.8671875,64,33
011,0.134765625,0.865234375,62,31
100,0.134765625,0.865234375,64,33
101,0.09375,0.90625,62,31
110,0.130859375,0.869140625,62,33
111,0.146484375,0.853515625,60,31
