state,p_marked,error,gate_count,depth
000,0.109375,0.890625,41,20
001,0.14453125,0.85546875,37,16
010,0.12890625,0.87109375,37,20
011,0.119140625,0.880859375,33,16
100,0.12109375,0.87890625,37,20
101,0.11328125,0.88671875,33,16
110,0.11328125,0.88671875,33,20
111,0.1484375,0.8515625,29,16
