state,p_marked,error,gate_count,depth
000,0.11328125,0.88671875,32,15
001,0.14453125,0.85546875,30,13
010,0.1328125,0.8671875,30,15
011,0.130859375,0.869140625,28,13
100,0.115234375,0.884765625,30,15
101,0.158203125,0.841796875,28,13
110,0.130859375,0.869140625,28,15
111,0.11328125,0.88671875,26,13
