state,p_marked,error,gate_count,depth
000,0.103515625,0.896484375,67,35
001,0.13671875,0.86328125,61,29
010,0.123046875,0.876953125,61,35
011,0.11328125,0.88671875,55,29
100,0.107421875,0.892578125,61,35
101,0.126953125,0.873046875,55,29
110,0.109375,0.890625,55,35
111,0.130859375,0.869140625,49,29
