state,p_marked,error,gate_count,depth
000,0.13671875,0.86328125,41,20
001,0.1328125,0.8671875,37,16
010,0.146484375,0.853515625,37,20
011,0.09375,0.90625,33,16
100,0.12890625,0.87109375,37,20
101,0.12109375,0.87890625,33,16
110,0.107421875,0.892578125,33,20
111,0.1171875,0.8828125,29,16
