state,p_marked,error,gate_count,depth
000,0.294921875,0.705078125,60,32
001,0.302734375,0.697265625,56,28
010,0.291015625,0.708984375,56,32
011,0.328125,0.671875,52,28
100,0.265625,0.734375,56,32
101,0.037109375,0.962890625,52,28
110,0.029296875,0.970703125,52,32
111,0.2734375,0.7265625,48,28
