state,p_marked,error,gate_count,depth
000,0.16796875,0.83203125,23,10
001,0.162109375,0.837890625,23,10
010,0.166015625,0.833984375,23,10
011,0.17578125,0.82421875,23,10
100,0.068359375,0.931640625,23,10
101,0.125,0.875,23,10
110,0.103515625,0.896484375,23,10
111,0.08203125,0.91796875,23,10
