state,p_marked,error,gate_count,depth
000,0.126953125,0.873046875,24,12
001,0.1328125,0.8671875,20,8
010,0.1171875,0.8828125,20,12
011,0.115234375,0.884765625,16,8
100,0.115234375,0.884765625,20,12
101,0.1328125,0.8671875,16,8
110,0.11328125,0.88671875,16,12
111,0.09765625,0.90234375,12,8
