state,p_marked,error,gate_count,depth
000,0.146484375,0.853515625,53,29
001,0.13671875,0.86328125,51,27
010,0.12109375,0.87890625,51,29
011,0.1484375,0.8515625,49,27
100,0.115234375,0.884765625,51,29
101,0.130859375,0.869140625,49,27
110,0.115234375,0.884765625,49,29
111,0.111328125,0.888671875,47,27
