state,p_marked,error,gate_count,depth
000,0.0,1.0,48,26
001,0.25,0.75,44,22
010,0.0,1.0,44,26
011,0.251953125,0.748046875,40,22
100,0.0,1.0,44,26
101,0.224609375,0.775390625,40,22
110,0.0,1.0,40,26
111,0.263671875,0.736328125,36,22
