state,p_marked,error,gate_count,depth
000,0.1171875,0.8828125,15,7
001,0.15234375,0.84765625,13,5
010,0.126953125,0.873046875,13,7
011,0.15234375,0.84765625,11,5
100,0.125,0.875,13,7
101,0.12109375,0.87890625,11,5
110,0.11328125,0.88671875,11,7
111,0.111328125,0.888671875,9,5
