state,p_marked,error,gate_count,depth
000,0.037109375,0.962890625,104,53
001,0.29296875,0.70703125,98,47
010,0.10546875,0.89453125,98,53
011,0.0,1.0,92,47
100,0.064453125,0.935546875,98,53
101,0.099609375,0.900390625,92,47
110,0.072265625,0.927734375,92,53
111,0.09375,0.90625,86,47
