state,p_marked,error,gate_count,depth
000,0.5234375,0.4765625,41,21
001,0.513671875,0.486328125,37,17
010,0.537109375,0.462890625,37,21
011,0.51953125,0.48046875,33,17
100,0.505859375,0.494140625,37,21
101,0.458984375,0.541015625,33,17
110,0.451171875,0.548828125,33,21
111,0.4453125,0.5546875,29,17
