state,p_marked,error,gate_count,depth
000,0.4921875,0.5078125,27,14
001,0.0,1.0,27,14
010,0.0,1.0,27,14
011,0.0,1.0,27,14
100,0.513671875,0.486328125,27,14
101,0.0,1.0,27,14
110,0.0,1.0,27,14
111,0.0,1.0,27,14
