state,p_marked,error,gate_count,depth
000,0.46484375,0.53515625,32,16
001,0.462890625,0.537109375,30,14
010,0.513671875,0.486328125,30,16
011,0.515625,0.484375,28,14
100,0.494140625,0.505859375,30,16
101,0.50390625,0.49609375,28,14
110,0.482421875,0.517578125,28,16
111,0.50390625,0.49609375,26,14
