state,p_marked,error,gate_count,depth
000,0.166015625,0.833984375,49,24
001,0.1484375,0.8515625,47,22
010,0.125,0.875,47,24
011,0.1328125,0.8671875,45,22
100,0.11328125,0.88671875,47,24
101,0.1328125,0.8671875,45,22
110,0.130859375,0.869140625,45,24
111,0.12890625,0.87109375,43,22
