state,p_marked,error,gate_count,depth
000,0.12109375,0.87890625,68,35
001,0.1328125,0.8671875,62,30
010,0.140625,0.859375,62,35
011,0.16015625,0.83984375,56,29
100,0.11328125,0.88671875,62,35
101,0.11328125,0.88671875,56,30
110,0.123046875,0.876953125,56,35
111,0.11328125,0.88671875,50,29
