state,p_marked,error,gate_count,depth
000,0.09765625,0.90234375,58,30
001,0.142578125,0.857421875,54,26
010,0.12890625,0.87109375,54,30
011,0.13671875,0.86328125,50,26
100,0.119140625,0.880859375,54,30
101,0.142578125,0.857421875,50,26
110,0.14453125,0.85546875,50,30
111,0.12109375,0.87890625,46,26
