state,p_marked,error,gate_count,depth
000,0.16796875,0.83203125,32,15
001,0.1328125,0.8671875,30,13
010,0.130859375,0.869140625,30,15
011,0.130859375,0.869140625,28,13
100,0.140625,0.859375,30,15
101,0.12109375,0.87890625,28,13
110,0.12109375,0.87890625,28,15
111,0.126953125,0.873046875,26,13
