state,p_marked,error,gate_count,depth
000,0.111328125,0.888671875,49,25
001,0.119140625,0.880859375,47,23
010,0.099609375,0.900390625,47,25
011,0.12890625,0.87109375,45,23
100,0.115234375,0.884765625,47,25
101,0.138671875,0.861328125,45,23
110,0.142578125,0.857421875,45,25
111,0.134765625,0.865234375,43,23
