state,p_marked,error,gate_count,depth
000,0.103515625,0.896484375,24,12
001,0.140625,0.859375,20,8
010,0.111328125,0.888671875,20,12
011,0.126953125,0.873046875,16,8
100,0.125,0.875,20,12
101,0.119140625,0.880859375,16,8
110,0.1328125,0.8671875,16,12
111,0.13671875,0.86328125,12,8
