state,p_marked,error,gate_count,depth
000,0.134765625,0.865234375,71,38
001,0.111328125,0.888671875,65,32
010,0.130859375,0.869140625,65,38
011,0.146484375,0.853515625,59,32
100,0.138671875,0.861328125,65,38
101,0.099609375,0.900390625,59,32
110,0.10546875,0.89453125,59,38
111,0.142578125,0.857421875,53,32
