state,p_marked,error,gate_count,depth
000,0.134765625,0.865234375,41,20
001,0.109375,0.890625,37,16
010,0.130859375,0.869140625,37,20
011,0.15234375,0.84765625,33,16
100,0.10546875,0.89453125,37,20
101,0.103515625,0.896484375,33,16
110,0.119140625,0.880859375,33,20
111,0.140625,0.859375,29,16
