state,p_marked,error,gate_count,depth
000,0.109375,0.890625,50,25
001,0.134765625,0.865234375,44,19
010,0.12890625,0.87109375,44,25
011,0.1328125,0.8671875,38,19
100,0.126953125,0.873046875,44,25
101,0.1484375,0.8515625,38,19
110,0.11328125,0.88671875,38,25
111,0.107421875,0.892578125,32,19
