state,p_marked,error,gate_count,depth
000,0.119140625,0.880859375,49,24
001,0.123046875,0.876953125,47,22
010,0.1328125,0.8671875,47,24
011,0.125,0.875,45,22
100,0.111328125,0.888671875,47,24
101,0.150390625,0.849609375,45,22
110,0.123046875,0.876953125,45,24
111,0.14453125,0.85546875,43,22
