state,p_marked,error,gate_count,depth
000,0.341796875,0.658203125,58,30
001,0.2734375,0.7265625,54,26
010,0.02734375,0.97265625,54,30
011,0.025390625,0.974609375,50,26
100,0.30078125,0.69921875,54,30
101,0.25,0.75,50,26
110,0.029296875,0.970703125,50,30
111,0.02734375,0.97265625,46,26
