state,p_marked,error,gate_count,depth
000,0.091796875,0.908203125,15,7
001,0.123046875,0.876953125,13,5
010,0.109375,0.890625,13,7
011,0.111328125,0.888671875,11,5
100,0.12890625,0.87109375,13,7
101,0.150390625,0.849609375,11,5
110,0.140625,0.859375,11,7
111,0.099609375,0.900390625,9,5
