state,p_marked,error,gate_count,depth
000,0.486328125,0.513671875,32,16
001,0.51953125,0.48046875,30,14
010,0.537109375,0.462890625,30,16
011,0.458984375,0.541015625,28,14
100,0.462890625,0.537109375,30,16
101,0.515625,0.484375,28,14
110,0.5078125,0.4921875,28,16
111,0.4921875,0.5078125,26,14
