state,p_marked,error,gate_count,depth
000,0.47265625,0.52734375,59,31
001,0.482421875,0.517578125,51,23
010,0.478515625,0.521484375,51,31
011,0.52734375,0.47265625,43,23
100,0.486328125,0.513671875,51,31
101,0.501953125,0.498046875,43,23
110,0.51171875,0.48828125,43,31
111,0.482421875,0.517578125,35,23
