state,p_marked,error,gate_count,depth
000,0.138671875,0.861328125,32,15
001,0.134765625,0.865234375,30,13
010,0.150390625,0.849609375,30,15
011,0.12890625,0.87109375,28,13
100,0.12109375,0.87890625,30,15
101,0.12109375,0.87890625,28,13
110,0.142578125,0.857421875,28,15
111,0.15234375,0.84765625,26,13
