state,p_marked,error,gate_count,depth
000,0.265625,0.734375,88,46
001,0.236328125,0.763671875,82,41
010,0.22265625,0.77734375,82,46
011,0.24609375,0.75390625,76,40
100,0.23828125,0.76171875,82,46
101,0.166015625,0.833984375,76,41
110,0.228515625,0.771484375,76,46
111,0.205078125,0.794921875,70,40
