state,p_marked,error,gate_count,depth
000,0.140625,0.859375,24,10
001,0.107421875,0.892578125,24,10
010,0.1171875,0.8828125,24,10
011,0.126953125,0.873046875,24,10
100,0.123046875,0.876953125,24,10
101,0.134765625,0.865234375,24,10
110,0.12890625,0.87109375,24,10
111,0.12890625,0.87109375,24,10
