state,p_marked,error,gate_count,depth
000,0.1171875,0.8828125,104,56
001,0.126953125,0.873046875,94,46
010,0.130859375,0.869140625,94,56
011,0.126953125,0.873046875,84,46
100,0.12109375,0.87890625,94,56
101,0.115234375,0.884765625,84,46
110,0.12109375,0.87890625,84,56
111,0.103515625,0.896484375,74,46
