state,p_marked,error,gate_count,depth
000,0.171875,0.828125,113,59
001,0.068359375,0.931640625,105,52
010,0.0625,0.9375,105,59
011,0.22265625,0.77734375,97,51
100,0.146484375,0.853515625,105,59
101,0.111328125,0.888671875,97,52
110,0.06640625,0.93359375,97,59
111,0.1796875,0.8203125,89,51
