state,p_marked,error,gate_count,depth
000,0.09375,0.90625,41,19
001,0.115234375,0.884765625,41,19
010,0.11328125,0.88671875,41,19
011,0.146484375,0.853515625,41,19
100,0.115234375,0.884765625,41,19
101,0.126953125,0.873046875,41,19
110,0.12109375,0.87890625,41,19
111,0.134765625,0.865234375,41,19
