state,p_marked,error,gate_count,depth
000,0.0,1.0,43,23
001,0.0,1.0,43,23
010,0.0,1.0,43,23
011,0.0,1.0,43,23
100,0.15625,0.84375,43,23
101,0.328125,0.671875,43,23
110,0.32421875,0.67578125,43,23
111,0.181640625,0.818359375,43,23
