state,p_marked,error,gate_count,depth
000,0.185546875,0.814453125,135,80
001,0.28515625,0.71484375,129,74
010,0.017578125,0.982421875,129,80
011,0.046875,0.953125,123,74
100,0.158203125,0.841796875,129,80
101,0.0546875,0.9453125,123,74
110,0.009765625,0.990234375,123,80
111,0.162109375,0.837890625,117,74
