state,p_marked,error,gate_count,depth
000,0.119140625,0.880859375,54,28
001,0.12109375,0.87890625,52,26
010,0.130859375,0.869140625,52,28
011,0.12890625,0.87109375,50,26
100,0.1328125,0.8671875,52,28
101,0.126953125,0.873046875,50,26
110,0.125,0.875,50,28
111,0.138671875,0.861328125,48,26
