state,p_marked,error,gate_count,depth
000,0.48828125,0.51171875,32,16
001,0.470703125,0.529296875,30,14
010,0.51953125,0.48046875,30,16
011,0.478515625,0.521484375,28,14
100,0.494140625,0.505859375,30,16
101,0.533203125,0.466796875,28,14
110,0.5,0.5,28,16
111,0.46875,0.53125,26,14
