state,p_marked,error,gate_count,depth
000,0.513671875,0.486328125,41,21
001,0.4765625,0.5234375,37,17
010,0.453125,0.546875,37,21
011,0.533203125,0.466796875,33,17
100,0.451171875,0.548828125,37,21
101,0.5,0.5,33,17
110,0.484375,0.515625,33,21
111,0.51171875,0.48828125,29,17
