state,p_marked,error,gate_count,depth
000,0.498046875,0.501953125,50,26
001,0.498046875,0.501953125,44,20
010,0.458984375,0.541015625,44,26
011,0.50390625,0.49609375,38,20
100,0.5,0.5,44,26
101,0.515625,0.484375,38,20
110,0.51171875,0.48828125,38,26
111,0.484375,0.515625,32,20
