state,p_marked,error,gate_count,depth
000,0.50390625,0.49609375,32,16
001,0.5078125,0.4921875,30,14
010,0.49609375,0.50390625,30,16
011,0.517578125,0.482421875,28,14
100,0.53515625,0.46484375,30,16
101,0.5390625,0.4609375,28,14
110,0.482421875,0.517578125,28,16
111,0.517578125,0.482421875,26,14
