state,p_marked,error,gate_count,depth
000,0.134765625,0.865234375,49,25
001,0.12890625,0.87109375,47,23
010,0.115234375,0.884765625,47,25
011,0.140625,0.859375,45,23
100,0.134765625,0.865234375,47,25
101,0.125,0.875,45,23
110,0.12890625,0.87109375,45,25
111,0.123046875,0.876953125,43,23
