state,p_marked,error,gate_count,depth
000,0.240234375,0.759765625,25,13
001,0.28125,0.71875,25,13
010,0.216796875,0.783203125,25,13
011,0.2734375,0.7265625,25,13
100,0.0,1.0,25,13
101,0.0,1.0,25,13
110,0.0,1.0,25,13
111,0.0,1.0,25,13
