state,p_marked,error,gate_count,depth
000,0.119140625,0.880859375,50,26
001,0.109375,0.890625,48,24
010,0.123046875,0.876953125,48,26
011,0.134765625,0.865234375,46,24
100,0.1171875,0.8828125,48,26
101,0.150390625,0.849609375,46,24
110,0.138671875,0.861328125,46,26
111,0.126953125,0.873046875,44,24
