state,p_marked,error,gate_count,depth
000,0.0,1.0,53,27
001,0.0,1.0,47,21
010,0.0,1.0,47,27
011,0.0,1.0,41,21
100,0.0,1.0,47,27
101,0.11328125,0.88671875,41,21
110,0.0,1.0,41,27
111,0.103515625,0.896484375,35,21
