state,p_marked,error,gate_count,depth
000,0.513671875,0.486328125,41,21
001,0.48046875,0.51953125,37,17
010,0.5390625,0.4609375,37,21
011,0.533203125,0.466796875,33,17
100,0.5234375,0.4765625,37,21
101,0.494140625,0.505859375,33,17
110,0.443359375,0.556640625,33,21
111,0.5,0.5,29,17
