state,p_marked,error,gate_count,depth
000,0.1328125,0.8671875,58,30
001,0.080078125,0.919921875,54,26
010,0.126953125,0.873046875,54,30
011,0.142578125,0.857421875,50,26
100,0.146484375,0.853515625,54,30
101,0.125,0.875,50,26
110,0.12890625,0.87109375,50,30
111,0.125,0.875,46,26
