state,p_marked,error,gate_count,depth
000,0.130859375,0.869140625,41,21
001,0.130859375,0.869140625,37,17
010,0.12109375,0.87890625,37,21
011,0.150390625,0.849609375,33,17
100,0.146484375,0.853515625,37,21
101,0.134765625,0.865234375,33,17
110,0.140625,0.859375,33,21
111,0.1328125,0.8671875,29,17
