state,p_marked,error,gate_count,depth
000,0.123046875,0.876953125,50,24
001,0.125,0.875,48,22
010,0.15234375,0.84765625,48,24
011,0.146484375,0.853515625,46,22
100,0.14453125,0.85546875,48,24
101,0.11328125,0.88671875,46,22
110,0.12109375,0.87890625,46,24
111,0.134765625,0.865234375,44,22
