state,p_marked,error,gate_count,depth
000,0.095703125,0.904296875,23,10
001,0.125,0.875,23,10
010,0.125,0.875,23,10
011,0.119140625,0.880859375,23,10
100,0.109375,0.890625,23,10
101,0.12109375,0.87890625,23,10
110,0.111328125,0.888671875,23,10
111,0.13671875,0.86328125,23,10
