state,p_marked,error,gate_count,depth
000,0.55078125,0.44921875,32,16
001,0.509765625,0.490234375,30,14
010,0.521484375,0.478515625,30,16
011,0.50390625,0.49609375,28,14
100,0.5,0.5,30,16
101,0.49609375,0.50390625,28,14
110,0.46484375,0.53515625,28,16
111,0.5,0.5,26,14
