state,p_marked,error,gate_count,depth
000,0.1328125,0.8671875,15,7
001,0.1328125,0.8671875,13,5
010,0.158203125,0.841796875,13,7
011,0.12109375,0.87890625,11,5
100,0.1015625,0.8984375,13,7
101,0.12109375,0.87890625,11,5
110,0.125,0.875,11,7
111,0.125,0.875,9,5
