state,p_marked,error,gate_count,depth
000,0.119140625,0.880859375,90,54
001,0.390625,0.609375,82,46
010,0.068359375,0.931640625,82,54
011,0.0078125,0.9921875,74,46
100,0.02734375,0.97265625,82,54
101,0.130859375,0.869140625,74,46
110,0.123046875,0.876953125,74,54
111,0.103515625,0.896484375,66,46
