state,p_marked,error,gate_count,depth
000,0.1328125,0.8671875,41,21
001,0.1328125,0.8671875,37,17
010,0.107421875,0.892578125,37,21
011,0.10546875,0.89453125,33,17
100,0.134765625,0.865234375,37,21
101,0.115234375,0.884765625,33,17
110,0.1328125,0.8671875,33,21
111,0.146484375,0.853515625,29,17
