state,p_marked,error,gate_count,depth
000,0.109375,0.890625,41,20
001,0.12890625,0.87109375,41,20
010,0.130859375,0.869140625,41,20
011,0.130859375,0.869140625,41,20
100,0.091796875,0.908203125,41,20
101,0.119140625,0.880859375,41,20
110,0.126953125,0.873046875,41,20
111,0.0859375,0.9140625,41,20
