state,p_marked,error,gate_count,depth
000,0.158203125,0.841796875,59,30
001,0.1171875,0.8828125,55,26
010,0.146484375,0.853515625,55,30
011,0.134765625,0.865234375,51,26
100,0.12109375,0.87890625,55,30
101,0.134765625,0.865234375,51,26
110,0.1328125,0.8671875,51,30
111,0.1171875,0.8828125,47,26
