state,p_marked,error,gate_count,depth
000,0.11328125,0.88671875,33,17
001,0.109375,0.890625,27,11
010,0.10546875,0.89453125,27,17
011,0.1171875,0.8828125,21,11
100,0.140625,0.859375,27,17
101,0.119140625,0.880859375,21,11
110,0.125,0.875,21,17
111,0.111328125,0.888671875,15,11
