state,p_marked,error,gate_count,depth
000,0.48046875,0.51953125,32,16
001,0.513671875,0.486328125,30,14
010,0.48046875,0.51953125,30,16
011,0.533203125,0.466796875,28,14
100,0.412109375,0.587890625,30,16
101,0.529296875,0.470703125,28,14
110,0.447265625,0.552734375,28,16
111,0.48046875,0.51953125,26,14
