state,p_marked,error,gate_count,depth
000,0.146484375,0.853515625,58,30
001,0.138671875,0.861328125,54,26
010,0.123046875,0.876953125,54,30
011,0.119140625,0.880859375,50,26
100,0.111328125,0.888671875,54,30
101,0.1015625,0.8984375,50,26
110,0.10546875,0.89453125,50,30
111,0.138671875,0.861328125,46,26
