state,p_marked,error,gate_count,depth
000,0.142578125,0.857421875,87,52
001,0.24609375,0.75390625,87,52
010,0.060546875,0.939453125,87,52
011,0.06640625,0.93359375,87,52
100,0.109375,0.890625,87,52
101,0.0703125,0.9296875,87,52
110,0.0,1.0,87,52
111,0.322265625,0.677734375,87,52
