state,p_marked,error,gate_count,depth
000,0.1171875,0.8828125,50,26
001,0.107421875,0.892578125,46,22
010,0.123046875,0.876953125,46,26
011,0.109375,0.890625,42,22
100,0.146484375,0.853515625,46,26
101,0.140625,0.859375,42,22
110,0.12109375,0.87890625,42,26
111,0.150390625,0.849609375,38,22
