state,p_marked,error,gate_count,depth
000,0.1015625,0.8984375,50,26
001,0.109375,0.890625,48,24
010,0.1328125,0.8671875,48,26
011,0.12109375,0.87890625,46,24
100,0.150390625,0.849609375,48,26
101,0.107421875,0.892578125,46,24
110,0.107421875,0.892578125,46,26
111,0.130859375,0.869140625,44,24
