state,p_marked,error,gate_count,depth
000,0.4765625,0.5234375,32,16
001,0.509765625,0.490234375,30,14
010,0.525390625,0.474609375,30,16
011,0.50390625,0.49609375,28,14
100,0.4921875,0.5078125,30,16
101,0.533203125,0.466796875,28,14
110,0.501953125,0.498046875,28,16
111,0.509765625,0.490234375,26,14
