state,p_marked,error,gate_count,depth
000,0.103515625,0.896484375,49,25
001,0.119140625,0.880859375,47,23
010,0.125,0.875,47,25
011,0.1328125,0.8671875,45,23
100,0.134765625,0.865234375,47,25
101,0.11328125,0.88671875,45,23
110,0.126953125,0.873046875,45,25
111,0.13671875,0.86328125,43,23
