state,p_marked,error,gate_count,depth
000,0.142578125,0.857421875,41,21
001,0.103515625,0.896484375,41,21
010,0.140625,0.859375,41,21
011,0.1328125,0.8671875,41,21
100,0.111328125,0.888671875,41,21
101,0.107421875,0.892578125,41,21
110,0.13671875,0.86328125,41,21
111,0.123046875,0.876953125,41,21
