state,p_marked,error,gate_count,depth
000,0.505859375,0.494140625,59,31
001,0.509765625,0.490234375,51,23
010,0.515625,0.484375,51,31
011,0.505859375,0.494140625,43,23
100,0.51171875,0.48828125,51,31
101,0.52734375,0.47265625,43,23
110,0.5,0.5,43,31
111,0.48046875,0.51953125,35,23
