state,p_marked,error,gate_count,depth
000,0.13671875,0.86328125,41,21
001,0.111328125,0.888671875,37,17
010,0.119140625,0.880859375,37,21
011,0.17578125,0.82421875,33,17
100,0.1171875,0.8828125,37,21
101,0.10546875,0.89453125,33,17
110,0.123046875,0.876953125,33,21
111,0.119140625,0.880859375,29,17
