state,p_marked,error,gate_count,depth
000,0.109375,0.890625,15,7
001,0.095703125,0.904296875,13,5
010,0.109375,0.890625,13,7
011,0.119140625,0.880859375,11,5
100,0.134765625,0.865234375,13,7
101,0.123046875,0.876953125,11,5
110,0.10546875,0.89453125,11,7
111,0.140625,0.859375,9,5
