state,p_marked,error,gate_count,depth
000,0.0,1.0,38,21
001,0.0,1.0,36,19
010,0.0,1.0,36,21
011,0.0,1.0,34,19
100,0.0,1.0,36,21
101,0.0,1.0,34,19
110,0.494140625,0.505859375,34,21
111,0.5234375,0.4765625,32,19
