state,p_marked,error,gate_count,depth
000,0.201171875,0.798828125,67,45
001,0.2109375,0.7890625,65,43
010,0.162109375,0.837890625,65,45
011,0.0390625,0.9609375,63,43
100,0.044921875,0.955078125,65,45
101,0.013671875,0.986328125,63,43
110,0.384765625,0.615234375,63,45
111,0.044921875,0.955078125,61,43
