state,p_marked,error,gate_count,depth
000,0.080078125,0.919921875,85,48
001,0.041015625,0.958984375,81,44
010,0.271484375,0.728515625,81,48
011,0.07421875,0.92578125,77,44
100,0.0859375,0.9140625,81,48
101,0.55078125,0.44921875,77,44
110,0.5390625,0.4609375,77,48
111,0.2734375,0.7265625,73,44
