state,p_marked,error,gate_count,depth
000,0.10546875,0.89453125,58,29
001,0.08203125,0.91796875,54,25
010,0.17578125,0.82421875,54,29
011,0.1875,0.8125,50,25
100,0.107421875,0.892578125,54,29
101,0.111328125,0.888671875,50,25
110,0.109375,0.890625,50,29
111,0.123046875,0.876953125,46,25
