state,p_marked,error,gate_count,depth
000,0.041015625,0.958984375,68,48
001,0.13671875,0.86328125,68,48
010,0.099609375,0.900390625,68,48
011,0.12109375,0.87890625,68,48
100,0.080078125,0.919921875,68,48
101,0.158203125,0.841796875,68,48
110,0.337890625,0.662109375,68,48
111,0.017578125,0.982421875,68,48
