state,p_marked,error,gate_count,depth
000,0.123046875,0.876953125,68,36
001,0.1328125,0.8671875,62,30
010,0.1171875,0.8828125,62,36
011,0.138671875,0.861328125,56,30
100,0.138671875,0.861328125,62,36
101,0.125,0.875,56,30
110,0.140625,0.859375,56,36
111,0.11328125,0.88671875,50,30
