state,p_marked,error,gate_count,depth
000,0.240234375,0.759765625,125,66
001,0.087890625,0.912109375,119,61
010,0.123046875,0.876953125,119,66
011,0.01953125,0.98046875,113,61
100,0.0,1.0,119,65
101,0.08203125,0.91796875,113,60
110,0.197265625,0.802734375,113,65
111,0.232421875,0.767578125,107,60
