state,p_marked,error,gate_count,depth
000,0.142578125,0.857421875,49,24
001,0.12109375,0.87890625,47,22
010,0.111328125,0.888671875,47,24
011,0.12109375,0.87890625,45,22
100,0.123046875,0.876953125,47,24
101,0.14453125,0.85546875,45,22
110,0.13671875,0.86328125,45,24
111,0.095703125,0.904296875,43,22
