state,p_marked,error,gate_count,depth
000,0.23046875,0.76953125,58,30
001,0.255859375,0.744140625,54,26
010,0.263671875,0.736328125,54,30
011,0.279296875,0.720703125,50,26
100,0.017578125,0.982421875,54,30
101,0.294921875,0.705078125,50,26
110,0.287109375,0.712890625,50,30
111,0.025390625,0.974609375,46,26
