state,p_marked,error,gate_count,depth
000,0.486328125,0.513671875,42,22
001,0.525390625,0.474609375,38,18
010,0.517578125,0.482421875,38,22
011,0.142578125,0.857421875,34,18
100,0.4921875,0.5078125,38,22
101,0.51171875,0.48828125,34,18
110,0.12109375,0.87890625,34,22
111,0.515625,0.484375,30,18
