state,p_marked,error,gate_count,depth
000,0.13671875,0.86328125,67,35
001,0.1015625,0.8984375,61,29
010,0.140625,0.859375,61,35
011,0.1171875,0.8828125,55,29
100,0.15234375,0.84765625,61,35
101,0.134765625,0.865234375,55,29
110,0.142578125,0.857421875,55,35
111,0.1171875,0.8828125,49,29
