state,p_marked,error,gate_count,depth
000,0.2265625,0.7734375,86,44
001,0.0,1.0,80,38
010,0.25390625,0.74609375,80,44
011,0.0,1.0,74,38
100,0.26953125,0.73046875,80,44
101,0.0,1.0,74,38
110,0.2578125,0.7421875,74,44
111,0.0,1.0,68,38
