state,p_marked,error,gate_count,depth
000,0.498046875,0.501953125,41,21
001,0.46875,0.53125,37,17
010,0.53125,0.46875,37,21
011,0.482421875,0.517578125,33,17
100,0.50390625,0.49609375,37,21
101,0.529296875,0.470703125,33,17
110,0.498046875,0.501953125,33,21
111,0.48046875,0.51953125,29,17
