state,p_marked,error,gate_count,depth
000,0.10546875,0.89453125,46,24
001,0.123046875,0.876953125,42,20
010,0.150390625,0.849609375,42,24
011,0.130859375,0.869140625,38,20
100,0.16796875,0.83203125,42,24
101,0.1171875,0.8828125,38,20
110,0.12109375,0.87890625,38,24
111,0.140625,0.859375,34,20
