state,p_marked,error,gate_count,depth
000,0.53125,0.46875,41,21
001,0.5078125,0.4921875,37,17
010,0.49609375,0.50390625,37,21
011,0.494140625,0.505859375,33,17
100,0.5,0.5,37,21
101,0.501953125,0.498046875,33,17
110,0.521484375,0.478515625,33,21
111,0.537109375,0.462890625,29,17
