state,p_marked,error,gate_count,depth
000,0.10546875,0.89453125,42,22
001,0.115234375,0.884765625,34,14
010,0.134765625,0.865234375,34,22
011,0.09765625,0.90234375,26,14
100,0.109375,0.890625,34,22
101,0.146484375,0.853515625,26,14
110,0.130859375,0.869140625,26,22
111,0.109375,0.890625,18,14
