state,p_marked,error,gate_count,depth
000,0.48046875,0.51953125,41,21
001,0.50390625,0.49609375,37,17
010,0.517578125,0.482421875,37,21
011,0.505859375,0.494140625,33,17
100,0.55078125,0.44921875,37,21
101,0.505859375,0.494140625,33,17
110,0.529296875,0.470703125,33,21
111,0.5,0.5,29,17
