state,p_marked,error,gate_count,depth
000,0.111328125,0.888671875,46,24
001,0.14453125,0.85546875,42,20
010,0.123046875,0.876953125,42,24
011,0.111328125,0.888671875,38,20
100,0.134765625,0.865234375,42,24
101,0.134765625,0.865234375,38,20
110,0.130859375,0.869140625,38,24
111,0.11328125,0.88671875,34,20
