state,p_marked,error,gate_count,depth
000,0.490234375,0.509765625,50,26
001,0.501953125,0.498046875,44,20
010,0.533203125,0.466796875,44,26
011,0.46875,0.53125,38,20
100,0.462890625,0.537109375,44,26
101,0.525390625,0.474609375,38,20
110,0.498046875,0.501953125,38,26
111,0.515625,0.484375,32,20
