state,p_marked,error,gate_count,depth
000,0.146484375,0.853515625,41,21
001,0.119140625,0.880859375,37,17
010,0.126953125,0.873046875,37,21
011,0.11328125,0.88671875,33,17
100,0.10546875,0.89453125,37,21
101,0.1171875,0.8828125,33,17
110,0.150390625,0.849609375,33,21
111,0.10546875,0.89453125,29,17
