state,p_marked,error,gate_count,depth
000,0.0,1.0,64,32
001,0.15234375,0.84765625,60,28
010,0.0,1.0,60,32
011,0.12109375,0.87890625,56,28
100,0.109375,0.890625,60,32
101,0.0,1.0,56,28
110,0.142578125,0.857421875,56,32
111,0.0,1.0,52,28
