state,p_marked,error,gate_count,depth
000,0.115234375,0.884765625,49,24
001,0.126953125,0.873046875,47,22
010,0.13671875,0.86328125,47,24
011,0.115234375,0.884765625,45,22
100,0.111328125,0.888671875,47,24
101,0.125,0.875,45,22
110,0.13671875,0.86328125,45,24
111,0.115234375,0.884765625,43,22
