state,p_marked,error,gate_count,depth
000,0.51953125,0.48046875,41,21
001,0.51171875,0.48828125,37,17
010,0.517578125,0.482421875,37,21
011,0.4921875,0.5078125,33,17
100,0.53125,0.46875,37,21
101,0.513671875,0.486328125,33,17
110,0.509765625,0.490234375,33,21
111,0.541015625,0.458984375,29,17
