state,p_marked,error,gate_count,depth
000,0.54296875,0.45703125,32,16
001,0.53515625,0.46484375,30,14
010,0.544921875,0.455078125,30,16
011,0.5,0.5,28,14
100,0.490234375,0.509765625,30,16
101,0.51953125,0.48046875,28,14
110,0.49609375,0.50390625,28,16
111,0.513671875,0.486328125,26,14
