state,p_marked,error,gate_count,depth
000,0.552734375,0.447265625,41,21
001,0.5234375,0.4765625,37,17
010,0.548828125,0.451171875,37,21
011,0.4765625,0.5234375,33,17
100,0.48828125,0.51171875,37,21
101,0.4609375,0.5390625,33,17
110,0.521484375,0.478515625,33,21
111,0.5,0.5,29,17
