state,p_marked,error,gate_count,depth
000,0.5078125,0.4921875,32,16
001,0.5390625,0.4609375,30,14
010,0.474609375,0.525390625,30,16
011,0.509765625,0.490234375,28,14
100,0.474609375,0.525390625,30,16
101,0.498046875,0.501953125,28,14
110,0.48828125,0.51171875,28,16
111,0.51171875,0.48828125,26,14
