state,p_marked,error,gate_count,depth
000,0.205078125,0.794921875,49,27
001,0.04296875,0.95703125,45,23
010,0.208984375,0.791015625,45,27
011,0.03125,0.96875,41,23
100,0.216796875,0.783203125,45,27
101,0.029296875,0.970703125,41,23
110,0.2265625,0.7734375,41,27
111,0.029296875,0.970703125,37,23
