state,p_marked,error,gate_count,depth
000,0.126953125,0.873046875,75,38
001,0.109375,0.890625,75,38
010,0.12890625,0.87109375,75,38
011,0.12890625,0.87109375,75,38
100,0.09375,0.90625,75,38
101,0.162109375,0.837890625,75,38
110,0.08984375,0.91015625,75,38
111,0.16796875,0.83203125,75,38
