state,p_marked,error,gate_count,depth
000,0.5,0.5,41,21
001,0.537109375,0.462890625,37,17
010,0.533203125,0.466796875,37,21
011,0.525390625,0.474609375,33,17
100,0.501953125,0.498046875,37,21
101,0.4921875,0.5078125,33,17
110,0.482421875,0.517578125,33,21
111,0.5078125,0.4921875,29,17
