state,p_marked,error,gate_count,depth
000,0.09765625,0.90234375,15,7
001,0.119140625,0.880859375,13,5
010,0.111328125,0.888671875,13,7
011,0.1171875,0.8828125,11,5
100,0.130859375,0.869140625,13,7
101,0.10546875,0.89453125,11,5
110,0.142578125,0.857421875,11,7
111,0.11328125,0.88671875,9,5
