state,p_marked,error,gate_count,depth
000,0.048828125,0.951171875,44,24
001,0.080078125,0.919921875,40,20
010,0.0546875,0.9453125,40,24
011,0.068359375,0.931640625,36,20
100,0.0859375,0.9140625,40,24
101,0.306640625,0.693359375,36,20
110,0.080078125,0.919921875,36,24
111,0.296875,0.703125,32,20
