state,p_marked,error,gate_count,depth
000,0.125,0.875,23,10
001,0.1171875,0.8828125,23,10
010,0.12109375,0.87890625,23,10
011,0.119140625,0.880859375,23,10
100,0.1328125,0.8671875,23,10
101,0.119140625,0.880859375,23,10
110,0.142578125,0.857421875,23,10
111,0.15625,0.84375,23,10
