state,p_marked,error,gate_count,depth
000,0.134765625,0.865234375,42,22
001,0.134765625,0.865234375,34,14
010,0.1484375,0.8515625,34,22
011,0.109375,0.890625,26,14
100,0.109375,0.890625,34,22
101,0.091796875,0.908203125,26,14
110,0.123046875,0.876953125,26,22
111,0.119140625,0.880859375,18,14
