state,p_marked,error,gate_count,depth
000,0.10546875,0.89453125,50,25
001,0.125,0.875,44,19
010,0.111328125,0.888671875,44,25
011,0.13671875,0.86328125,38,19
100,0.140625,0.859375,44,25
101,0.14453125,0.85546875,38,19
110,0.125,0.875,38,25
111,0.1328125,0.8671875,32,19
