state,p_marked,error,gate_count,depth
000,0.466796875,0.533203125,32,16
001,0.533203125,0.466796875,30,14
010,0.4765625,0.5234375,30,16
011,0.49609375,0.50390625,28,14
100,0.529296875,0.470703125,30,16
101,0.51171875,0.48828125,28,14
110,0.494140625,0.505859375,28,16
111,0.447265625,0.552734375,26,14
