state,p_marked,error,gate_count,depth
000,0.14453125,0.85546875,60,31
001,0.1484375,0.8515625,52,23
010,0.119140625,0.880859375,52,31
011,0.125,0.875,44,23
100,0.1328125,0.8671875,52,31
101,0.12890625,0.87109375,44,23
110,0.11328125,0.88671875,44,31
111,0.09765625,0.90234375,36,23
