state,p_marked,error,gate_count,depth
000,0.1015625,0.8984375,24,12
001,0.140625,0.859375,20,8
010,0.103515625,0.896484375,20,12
011,0.125,0.875,16,8
100,0.099609375,0.900390625,20,12
101,0.15234375,0.84765625,16,8
110,0.126953125,0.873046875,16,12
111,0.1484375,0.8515625,12,8
