state,p_marked,error,gate_count,depth
000,0.462890625,0.537109375,41,21
001,0.46875,0.53125,37,17
010,0.49609375,0.50390625,37,21
011,0.4609375,0.5390625,33,17
100,0.4765625,0.5234375,37,21
101,0.5234375,0.4765625,33,17
110,0.5234375,0.4765625,33,21
111,0.505859375,0.494140625,29,17
