state,p_marked,error,gate_count,depth
000,0.11328125,0.88671875,33,17
001,0.166015625,0.833984375,27,11
010,0.126953125,0.873046875,27,17
011,0.1328125,0.8671875,21,11
100,0.103515625,0.896484375,27,17
101,0.146484375,0.853515625,21,11
110,0.123046875,0.876953125,21,17
111,0.13671875,0.86328125,15,11
