state,p_marked,error,gate_count,depth
000,0.515625,0.484375,50,26
001,0.51171875,0.48828125,44,20
010,0.482421875,0.517578125,44,26
011,0.458984375,0.541015625,38,20
100,0.509765625,0.490234375,44,26
101,0.50390625,0.49609375,38,20
110,0.478515625,0.521484375,38,26
111,0.482421875,0.517578125,32,20
