state,p_marked,error,gate_count,depth
000,0.08984375,0.91015625,24,12
001,0.146484375,0.853515625,20,8
010,0.11328125,0.88671875,20,12
011,0.138671875,0.861328125,16,8
100,0.134765625,0.865234375,20,12
101,0.107421875,0.892578125,16,8
110,0.111328125,0.888671875,16,12
111,0.1171875,0.8828125,12,8
