state,p_marked,error,gate_count,depth
000,0.08984375,0.91015625,55,27
001,0.119140625,0.880859375,53,25
010,0.115234375,0.884765625,53,27
011,0.150390625,0.849609375,51,25
100,0.12890625,0.87109375,53,27
101,0.130859375,0.869140625,51,25
110,0.16015625,0.83984375,51,27
111,0.13671875,0.86328125,49,25
