state,p_marked,error,gate_count,depth
000,0.505859375,0.494140625,32,16
001,0.515625,0.484375,30,14
010,0.482421875,0.517578125,30,16
011,0.494140625,0.505859375,28,14
100,0.4609375,0.5390625,30,16
101,0.484375,0.515625,28,14
110,0.46484375,0.53515625,28,16
111,0.498046875,0.501953125,26,14
