state,p_marked,error,gate_count,depth
000,0.126953125,0.873046875,41,20
001,0.1328125,0.8671875,37,16
010,0.125,0.875,37,20
011,0.13671875,0.86328125,33,16
100,0.125,0.875,37,20
101,0.123046875,0.876953125,33,16
110,0.123046875,0.876953125,33,20
111,0.119140625,0.880859375,29,16
