state,p_marked,error,gate_count,depth
000,0.51953125,0.48046875,41,21
001,0.529296875,0.470703125,37,17
010,0.4453125,0.5546875,37,21
011,0.4765625,0.5234375,33,17
100,0.501953125,0.498046875,37,21
101,0.4921875,0.5078125,33,17
110,0.48828125,0.51171875,33,21
111,0.48046875,0.51953125,29,17
