state,p_marked,error,gate_count,depth
000,0.052734375,0.947265625,79,40
001,0.26953125,0.73046875,75,37
010,0.029296875,0.970703125,75,40
011,0.263671875,0.736328125,71,37
100,0.0234375,0.9765625,75,40
101,0.25390625,0.74609375,71,36
110,0.029296875,0.970703125,71,40
111,0.0390625,0.9609375,67,36
