state,p_marked,error,gate_count,depth
000,0.0,1.0,62,32
001,0.17578125,0.82421875,58,28
010,0.037109375,0.962890625,58,32
011,0.06640625,0.93359375,54,28
100,0.15625,0.84375,58,32
101,0.056640625,0.943359375,54,28
110,0.0,1.0,54,32
111,0.138671875,0.861328125,50,28
