state,p_marked,error,gate_count,depth
000,0.125,0.875,40,20
001,0.171875,0.828125,40,20
010,0.107421875,0.892578125,40,20
011,0.12109375,0.87890625,40,20
100,0.140625,0.859375,40,20
101,0.130859375,0.869140625,40,20
110,0.12890625,0.87109375,40,20
111,0.107421875,0.892578125,40,20
