state,p_marked,error,gate_count,depth
000,0.142578125,0.857421875,41,21
001,0.142578125,0.857421875,37,17
010,0.134765625,0.865234375,37,21
011,0.12890625,0.87109375,33,17
100,0.13671875,0.86328125,37,21
101,0.119140625,0.880859375,33,17
110,0.1328125,0.8671875,33,21
111,0.140625,0.859375,29,17
