state,p_marked,error,gate_count,depth
000,0.296875,0.703125,105,65
001,0.21875,0.78125,103,63
010,0.17578125,0.82421875,103,65
011,0.638671875,0.361328125,101,63
100,0.005859375,0.994140625,103,65
101,0.0390625,0.9609375,101,63
110,0.283203125,0.716796875,101,65
111,0.232421875,0.767578125,99,63
