state,p_marked,error,gate_count,depth
000,0.111328125,0.888671875,59,31
001,0.11328125,0.88671875,55,27
010,0.107421875,0.892578125,55,31
011,0.1328125,0.8671875,51,27
100,0.09375,0.90625,55,31
101,0.146484375,0.853515625,51,27
110,0.12109375,0.87890625,51,31
111,0.125,0.875,47,27
