state,p_marked,error,gate_count,depth
000,0.1484375,0.8515625,24,12
001,0.140625,0.859375,20,8
010,0.09765625,0.90234375,20,12
011,0.095703125,0.904296875,16,8
100,0.142578125,0.857421875,20,12
101,0.1015625,0.8984375,16,8
110,0.140625,0.859375,16,12
111,0.10546875,0.89453125,12,8
