state,p_marked,error,gate_count,depth
000,0.48046875,0.51953125,41,21
001,0.478515625,0.521484375,37,17
010,0.51171875,0.48828125,37,21
011,0.486328125,0.513671875,33,17
100,0.51953125,0.48046875,37,21
101,0.533203125,0.466796875,33,17
110,0.4765625,0.5234375,33,21
111,0.517578125,0.482421875,29,17
