state,p_marked,error,gate_count,depth
000,0.1484375,0.8515625,15,7
001,0.142578125,0.857421875,13,5
010,0.125,0.875,13,7
011,0.142578125,0.857421875,11,5
100,0.134765625,0.865234375,13,7
101,0.095703125,0.904296875,11,5
110,0.1171875,0.8828125,11,7
111,0.130859375,0.869140625,9,5
