state,p_marked,error,gate_count,depth
000,0.271484375,0.728515625,50,25
001,0.052734375,0.947265625,48,23
010,0.228515625,0.771484375,48,25
011,0.0546875,0.9453125,46,23
100,0.28125,0.71875,48,25
101,0.04296875,0.95703125,46,23
110,0.26171875,0.73828125,46,25
111,0.029296875,0.970703125,44,23
