state,p_marked,error,gate_count,depth
000,0.12890625,0.87109375,24,12
001,0.12890625,0.87109375,20,8
010,0.1171875,0.8828125,20,12
011,0.095703125,0.904296875,16,8
100,0.1015625,0.8984375,20,12
101,0.1484375,0.8515625,16,8
110,0.109375,0.890625,16,12
111,0.1015625,0.8984375,12,8
