state,p_marked,error,gate_count,depth
000,0.27734375,0.72265625,58,30
001,0.27734375,0.72265625,54,26
010,0.0546875,0.9453125,54,30
011,0.029296875,0.970703125,50,26
100,0.279296875,0.720703125,54,30
101,0.3046875,0.6953125,50,26
110,0.0390625,0.9609375,50,30
111,0.029296875,0.970703125,46,26
