state,p_marked,error,gate_count,depth
000,0.142578125,0.857421875,97,49
001,0.00390625,0.99609375,89,41
010,0.140625,0.859375,89,49
011,0.45703125,0.54296875,81,41
100,0.140625,0.859375,89,49
101,0.00390625,0.99609375,81,41
110,0.001953125,0.998046875,81,49
111,0.15625,0.84375,73,41
