state,p_marked,error,gate_count,depth
000,0.55859375,0.44140625,32,16
001,0.470703125,0.529296875,30,14
010,0.513671875,0.486328125,30,16
011,0.494140625,0.505859375,28,14
100,0.517578125,0.482421875,30,16
101,0.51953125,0.48046875,28,14
110,0.4921875,0.5078125,28,16
111,0.501953125,0.498046875,26,14
