state,p_marked,error,gate_count,depth
000,0.13671875,0.86328125,50,25
001,0.123046875,0.876953125,44,19
010,0.140625,0.859375,44,25
011,0.099609375,0.900390625,38,19
100,0.119140625,0.880859375,44,25
101,0.111328125,0.888671875,38,19
110,0.12890625,0.87109375,38,25
111,0.109375,0.890625,32,19
