state,p_marked,error,gate_count,depth
000,0.0546875,0.9453125,61,39
001,0.04296875,0.95703125,61,39
010,0.060546875,0.939453125,61,39
011,0.0859375,0.9140625,61,39
100,0.1171875,0.8828125,61,39
101,0.556640625,0.443359375,61,39
110,0.029296875,0.970703125,61,39
111,0.0703125,0.9296875,61,39
