state,p_marked,error,gate_count,depth
000,0.76171875,0.23828125,58,41
001,0.01171875,0.98828125,58,41
010,0.044921875,0.955078125,58,41
011,0.06640625,0.93359375,58,41
100,0.033203125,0.966796875,58,41
101,0.0078125,0.9921875,58,41
110,0.0234375,0.9765625,58,41
111,0.0703125,0.9296875,58,41
