state,p_marked,error,gate_count,depth
000,0.130859375,0.869140625,41,20
001,0.15234375,0.84765625,37,16
010,0.125,0.875,37,20
011,0.125,0.875,33,16
100,0.119140625,0.880859375,37,20
101,0.1328125,0.8671875,33,16
110,0.107421875,0.892578125,33,20
111,0.125,0.875,29,16
