state,p_marked,error,gate_count,depth
000,0.158203125,0.841796875,24,12
001,0.142578125,0.857421875,20,8
010,0.107421875,0.892578125,20,12
011,0.119140625,0.880859375,16,8
100,0.1171875,0.8828125,20,12
101,0.146484375,0.853515625,16,8
110,0.111328125,0.888671875,16,12
111,0.119140625,0.880859375,12,8
