state,p_marked,error,gate_count,depth
000,0.142578125,0.857421875,63,33
001,0.111328125,0.888671875,59,29
010,0.1328125,0.8671875,59,33
011,0.123046875,0.876953125,55,29
100,0.1328125,0.8671875,59,33
101,0.146484375,0.853515625,55,29
110,0.138671875,0.861328125,55,33
111,0.119140625,0.880859375,51,29
