state,p_marked,error,gate_count,depth
000,0.171875,0.828125,44,23
001,0.123046875,0.876953125,40,19
010,0.06640625,0.93359375,40,23
011,0.130859375,0.869140625,36,19
100,0.1484375,0.8515625,40,23
101,0.064453125,0.935546875,36,19
110,0.146484375,0.853515625,36,23
111,0.19921875,0.80078125,32,19
