state,p_marked,error,gate_count,depth
000,0.138671875,0.861328125,40,22
001,0.0,1.0,38,20
010,0.0,1.0,38,22
011,0.1171875,0.8828125,36,20
100,0.12109375,0.87890625,38,22
101,0.0,1.0,36,20
110,0.0,1.0,36,22
111,0.12890625,0.87109375,34,20
