state,p_marked,error,gate_count,depth
000,0.142578125,0.857421875,41,20
001,0.134765625,0.865234375,37,16
010,0.10546875,0.89453125,37,20
011,0.1171875,0.8828125,33,16
100,0.140625,0.859375,37,20
101,0.142578125,0.857421875,33,16
110,0.130859375,0.869140625,33,20
111,0.111328125,0.888671875,29,16
