state,p_marked,error,gate_count,depth
000,0.15234375,0.84765625,24,12
001,0.08984375,0.91015625,20,8
010,0.11328125,0.88671875,20,12
011,0.154296875,0.845703125,16,8
100,0.107421875,0.892578125,20,12
101,0.115234375,0.884765625,16,8
110,0.119140625,0.880859375,16,12
111,0.107421875,0.892578125,12,8
