state,p_marked,error,gate_count,depth
000,0.14453125,0.85546875,32,16
001,0.1015625,0.8984375,30,14
010,0.119140625,0.880859375,30,16
011,0.10546875,0.89453125,28,14
100,0.13671875,0.86328125,30,16
101,0.142578125,0.857421875,28,14
110,0.115234375,0.884765625,28,16
111,0.130859375,0.869140625,26,14
