state,p_marked,error,gate_count,depth
000,0.462890625,0.537109375,41,21
001,0.486328125,0.513671875,37,17
010,0.462890625,0.537109375,37,21
011,0.46875,0.53125,33,17
100,0.4765625,0.5234375,37,21
101,0.5546875,0.4453125,33,17
110,0.447265625,0.552734375,33,21
111,0.46484375,0.53515625,29,17
