state,p_marked,error,gate_count,depth
000,0.50390625,0.49609375,33,17
001,0.50390625,0.49609375,31,15
010,0.505859375,0.494140625,31,17
011,0.12890625,0.87109375,29,15
100,0.458984375,0.541015625,31,17
101,0.482421875,0.517578125,29,15
110,0.12890625,0.87109375,29,17
111,0.525390625,0.474609375,27,15
