state,p_marked,error,gate_count,depth
000,0.12890625,0.87109375,24,12
001,0.107421875,0.892578125,20,8
010,0.12890625,0.87109375,20,12
011,0.1328125,0.8671875,16,8
100,0.126953125,0.873046875,20,12
101,0.080078125,0.919921875,16,8
110,0.125,0.875,16,12
111,0.107421875,0.892578125,12,8
