state,p_marked,error,gate_count,depth
000,0.55078125,0.44921875,41,21
001,0.52734375,0.47265625,37,17
010,0.53515625,0.46484375,37,21
011,0.490234375,0.509765625,33,17
100,0.486328125,0.513671875,37,21
101,0.525390625,0.474609375,33,17
110,0.52734375,0.47265625,33,21
111,0.494140625,0.505859375,29,17
