state,p_marked,error,gate_count,depth
000,0.244140625,0.755859375,41,21
001,0.259765625,0.740234375,37,17
010,0.25390625,0.74609375,37,21
011,0.23828125,0.76171875,33,17
100,0.251953125,0.748046875,37,21
101,0.263671875,0.736328125,33,17
110,0.271484375,0.728515625,33,21
111,0.310546875,0.689453125,29,17
