state,p_marked,error,gate_count,depth
000,0.162109375,0.837890625,33,20
001,0.072265625,0.927734375,33,20
010,0.169921875,0.830078125,33,20
011,0.09375,0.90625,33,20
100,0.146484375,0.853515625,33,20
101,0.08203125,0.91796875,33,20
110,0.19140625,0.80859375,33,20
111,0.072265625,0.927734375,33,20
