state,p_marked,error,gate_count,depth
000,0.095703125,0.904296875,33,17
001,0.154296875,0.845703125,27,11
010,0.134765625,0.865234375,27,17
011,0.125,0.875,21,11
100,0.12109375,0.87890625,27,17
101,0.119140625,0.880859375,21,11
110,0.111328125,0.888671875,21,17
111,0.130859375,0.869140625,15,11
