state,p_marked,error,gate_count,depth
000,0.51171875,0.48828125,32,16
001,0.51171875,0.48828125,30,14
010,0.53515625,0.46484375,30,16
011,0.509765625,0.490234375,28,14
100,0.486328125,0.513671875,30,16
101,0.50390625,0.49609375,28,14
110,0.505859375,0.494140625,28,16
111,0.53125,0.46875,26,14
