state,p_marked,error,gate_count,depth
000,0.12890625,0.87109375,49,25
001,0.146484375,0.853515625,47,23
010,0.10546875,0.89453125,47,25
011,0.130859375,0.869140625,45,23
100,0.1171875,0.8828125,47,25
101,0.1328125,0.8671875,45,23
110,0.14453125,0.85546875,45,25
111,0.12109375,0.87890625,43,23
