state,p_marked,error,gate_count,depth
000,0.15234375,0.84765625,32,15
001,0.166015625,0.833984375,30,13
010,0.126953125,0.873046875,30,15
011,0.134765625,0.865234375,28,13
100,0.12109375,0.87890625,30,15
101,0.126953125,0.873046875,28,13
110,0.111328125,0.888671875,28,15
111,0.12109375,0.87890625,26,13
