state,p_marked,error,gate_count,depth
000,0.482421875,0.517578125,41,21
001,0.52734375,0.47265625,37,17
010,0.5,0.5,37,21
011,0.537109375,0.462890625,33,17
100,0.482421875,0.517578125,37,21
101,0.486328125,0.513671875,33,17
110,0.447265625,0.552734375,33,21
111,0.5,0.5,29,17
