state,p_marked,error,gate_count,depth
000,0.0,1.0,37,20
001,0.107421875,0.892578125,35,18
010,0.0,1.0,35,20
011,0.109375,0.890625,33,18
100,0.130859375,0.869140625,35,20
101,0.0,1.0,33,18
110,0.130859375,0.869140625,33,20
111,0.0,1.0,31,18
