state,p_marked,error,gate_count,depth
000,0.06640625,0.93359375,61,31
001,0.064453125,0.935546875,57,28
010,0.0546875,0.9453125,57,31
011,0.083984375,0.916015625,53,27
100,0.02734375,0.97265625,57,31
101,0.279296875,0.720703125,53,28
110,0.03125,0.96875,53,31
111,0.033203125,0.966796875,49,27
