state,p_marked,error,gate_count,depth
000,0.0625,0.9375,85,44
001,0.087890625,0.912109375,79,38
010,0.06640625,0.93359375,79,44
011,0.05859375,0.94140625,73,38
100,0.078125,0.921875,79,44
101,0.115234375,0.884765625,73,38
110,0.09765625,0.90234375,73,44
111,0.060546875,0.939453125,67,38
