state,p_marked,error,gate_count,depth
000,0.123046875,0.876953125,50,26
001,0.123046875,0.876953125,48,24
010,0.126953125,0.873046875,48,26
011,0.107421875,0.892578125,46,24
100,0.119140625,0.880859375,48,26
101,0.10546875,0.89453125,46,24
110,0.10546875,0.89453125,46,26
111,0.119140625,0.880859375,44,24
