state,p_marked,error,gate_count,depth
000,0.12109375,0.87890625,15,7
001,0.107421875,0.892578125,13,5
010,0.125,0.875,13,7
011,0.158203125,0.841796875,11,5
100,0.111328125,0.888671875,13,7
101,0.142578125,0.857421875,11,5
110,0.125,0.875,11,7
111,0.123046875,0.876953125,9,5
