state,p_marked,error,gate_count,depth
000,0.529296875,0.470703125,41,21
001,0.501953125,0.498046875,37,17
010,0.537109375,0.462890625,37,21
011,0.521484375,0.478515625,33,17
100,0.48046875,0.51953125,37,21
101,0.5078125,0.4921875,33,17
110,0.5,0.5,33,21
111,0.5078125,0.4921875,29,17
