state,p_marked,error,gate_count,depth
000,0.126953125,0.873046875,46,24
001,0.15234375,0.84765625,42,20
010,0.11328125,0.88671875,42,24
011,0.107421875,0.892578125,38,20
100,0.1015625,0.8984375,42,24
101,0.119140625,0.880859375,38,20
110,0.150390625,0.849609375,38,24
111,0.119140625,0.880859375,34,20
