state,p_marked,error,gate_count,depth
000,0.009765625,0.990234375,33,16
001,0.015625,0.984375,31,14
010,0.01171875,0.98828125,31,16
011,0.01171875,0.98828125,29,14
100,0.009765625,0.990234375,31,16
101,0.00390625,0.99609375,29,14
110,0.005859375,0.994140625,29,16
111,0.005859375,0.994140625,27,14
