state,p_marked,error,gate_count,depth
000,0.158203125,0.841796875,24,12
001,0.09765625,0.90234375,20,8
010,0.119140625,0.880859375,20,12
011,0.13671875,0.86328125,16,8
100,0.13671875,0.86328125,20,12
101,0.125,0.875,16,8
110,0.140625,0.859375,16,12
111,0.1328125,0.8671875,12,8
