state,p_marked,error,gate_count,depth
000,0.115234375,0.884765625,58,29
001,0.14453125,0.85546875,54,25
010,0.11328125,0.88671875,54,29
011,0.111328125,0.888671875,50,25
100,0.154296875,0.845703125,54,29
101,0.13671875,0.86328125,50,25
110,0.109375,0.890625,50,29
111,0.142578125,0.857421875,46,25
