state,p_marked,error,gate_count,depth
000,0.125,0.875,81,42
001,0.125,0.875,77,39
010,0.109375,0.890625,77,42
011,0.11328125,0.88671875,73,38
100,0.13671875,0.86328125,77,42
101,0.13671875,0.86328125,73,39
110,0.126953125,0.873046875,73,42
111,0.119140625,0.880859375,69,38
