state,p_marked,error,gate_count,depth
000,0.123046875,0.876953125,49,24
001,0.12109375,0.87890625,47,22
010,0.115234375,0.884765625,47,24
011,0.138671875,0.861328125,45,22
100,0.109375,0.890625,47,24
101,0.12109375,0.87890625,45,22
110,0.1171875,0.8828125,45,24
111,0.13671875,0.86328125,43,22
