state,p_marked,error,gate_count,depth
000,0.138671875,0.861328125,33,17
001,0.09375,0.90625,27,11
010,0.142578125,0.857421875,27,17
011,0.11328125,0.88671875,21,11
100,0.125,0.875,27,17
101,0.146484375,0.853515625,21,11
110,0.119140625,0.880859375,21,17
111,0.134765625,0.865234375,15,11
