state,p_marked,error,gate_count,depth
000,0.123046875,0.876953125,59,30
001,0.126953125,0.873046875,55,27
010,0.125,0.875,55,30
011,0.119140625,0.880859375,51,27
100,0.10546875,0.89453125,55,30
101,0.130859375,0.869140625,51,26
110,0.12109375,0.87890625,51,30
111,0.11328125,0.88671875,47,26
