state,p_marked,error,gate_count,depth
000,0.52734375,0.47265625,42,22
001,0.48046875,0.51953125,38,18
010,0.55078125,0.44921875,38,22
011,0.0,1.0,34,18
100,0.484375,0.515625,38,22
101,0.0,1.0,34,18
110,0.51171875,0.48828125,34,22
111,0.54296875,0.45703125,30,18
