state,p_marked,error,gate_count,depth
000,0.111328125,0.888671875,54,27
001,0.130859375,0.869140625,52,25
010,0.15234375,0.84765625,52,27
011,0.126953125,0.873046875,50,25
100,0.1328125,0.8671875,52,27
101,0.126953125,0.873046875,50,25
110,0.14453125,0.85546875,50,27
111,0.146484375,0.853515625,48,25
