state,p_marked,error,gate_count,depth
000,0.115234375,0.884765625,15,7
001,0.1015625,0.8984375,13,5
010,0.126953125,0.873046875,13,7
011,0.11328125,0.88671875,11,5
100,0.125,0.875,13,7
101,0.119140625,0.880859375,11,5
110,0.109375,0.890625,11,7
111,0.115234375,0.884765625,9,5
