state,p_marked,error,gate_count,depth
000,0.53515625,0.46484375,41,21
001,0.46875,0.53125,37,17
010,0.458984375,0.541015625,37,21
011,0.5,0.5,33,17
100,0.546875,0.453125,37,21
101,0.443359375,0.556640625,33,17
110,0.537109375,0.462890625,33,21
111,0.53515625,0.46484375,29,17
