state,p_marked,error,gate_count,depth
000,0.486328125,0.513671875,41,21
001,0.45703125,0.54296875,37,17
010,0.5,0.5,37,21
011,0.541015625,0.458984375,33,17
100,0.546875,0.453125,37,21
101,0.484375,0.515625,33,17
110,0.533203125,0.466796875,33,21
111,0.48828125,0.51171875,29,17
