state,p_marked,error,gate_count,depth
000,0.11328125,0.88671875,15,7
001,0.13671875,0.86328125,13,5
010,0.1171875,0.8828125,13,7
011,0.119140625,0.880859375,11,5
100,0.1328125,0.8671875,13,7
101,0.130859375,0.869140625,11,5
110,0.17578125,0.82421875,11,7
111,0.1484375,0.8515625,9,5
