state,p_marked,error,gate_count,depth
000,0.26953125,0.73046875,98,50
001,0.0234375,0.9765625,94,46
010,0.1015625,0.8984375,94,50
011,0.2734375,0.7265625,90,46
100,0.05859375,0.94140625,94,50
101,0.09765625,0.90234375,90,46
110,0.060546875,0.939453125,90,50
111,0.033203125,0.966796875,86,46
