state,p_marked,error,gate_count,depth
000,0.1015625,0.8984375,24,12
001,0.12890625,0.87109375,20,8
010,0.1171875,0.8828125,20,12
011,0.1328125,0.8671875,16,8
100,0.1484375,0.8515625,20,12
101,0.107421875,0.892578125,16,8
110,0.115234375,0.884765625,16,12
111,0.123046875,0.876953125,12,8
