state,p_marked,error,gate_count,depth
000,0.119140625,0.880859375,24,12
001,0.12890625,0.87109375,20,8
010,0.13671875,0.86328125,20,12
011,0.125,0.875,16,8
100,0.08984375,0.91015625,20,12
101,0.126953125,0.873046875,16,8
110,0.130859375,0.869140625,16,12
111,0.126953125,0.873046875,12,8
