state,p_marked,error,gate_count,depth
000,0.158203125,0.841796875,62,33
001,0.173828125,0.826171875,58,29
010,0.193359375,0.806640625,58,33
011,0.205078125,0.794921875,54,29
100,0.0703125,0.9296875,58,33
101,0.142578125,0.857421875,54,29
110,0.064453125,0.935546875,54,33
111,0.150390625,0.849609375,50,29
