state,p_marked,error,gate_count,depth
000,0.03515625,0.96484375,61,32
001,0.037109375,0.962890625,57,28
010,0.03515625,0.96484375,57,32
011,0.021484375,0.978515625,53,28
100,0.04296875,0.95703125,57,32
101,0.26171875,0.73828125,53,28
110,0.025390625,0.974609375,53,32
111,0.25,0.75,49,28
