state,p_marked,error,gate_count,depth
000,0.001953125,0.998046875,87,43
001,0.0078125,0.9921875,81,38
010,0.013671875,0.986328125,81,43
011,0.009765625,0.990234375,75,38
100,0.0078125,0.9921875,81,42
101,0.00390625,0.99609375,75,37
110,0.01171875,0.98828125,75,42
111,0.001953125,0.998046875,69,37
