state,p_marked,error,gate_count,depth
000,0.052734375,0.947265625,35,19
001,0.076171875,0.923828125,33,17
010,0.064453125,0.935546875,33,19
011,0.060546875,0.939453125,31,17
100,0.078125,0.921875,33,19
101,0.060546875,0.939453125,31,17
110,0.0625,0.9375,31,19
111,0.056640625,0.943359375,29,17
