state,p_marked,error,gate_count,depth
000,0.12890625,0.87109375,15,7
001,0.140625,0.859375,13,5
010,0.1171875,0.8828125,13,7
011,0.1328125,0.8671875,11,5
100,0.119140625,0.880859375,13,7
101,0.12109375,0.87890625,11,5
110,0.109375,0.890625,11,7
111,0.123046875,0.876953125,9,5
