state,p_marked,error,gate_count,depth
000,0.140625,0.859375,50,25
001,0.115234375,0.884765625,48,23
010,0.140625,0.859375,48,25
011,0.1328125,0.8671875,46,23
100,0.125,0.875,48,25
101,0.103515625,0.896484375,46,23
110,0.11328125,0.88671875,46,25
111,0.130859375,0.869140625,44,23
