state,p_marked,error,gate_count,depth
000,0.109375,0.890625,55,27
001,0.125,0.875,53,25
010,0.138671875,0.861328125,53,27
011,0.107421875,0.892578125,51,25
100,0.138671875,0.861328125,53,27
101,0.1015625,0.8984375,51,25
110,0.1171875,0.8828125,51,27
111,0.14453125,0.85546875,49,25
