state,p_marked,error,gate_count,depth
000,0.123046875,0.876953125,33,17
001,0.09765625,0.90234375,27,11
010,0.109375,0.890625,27,17
011,0.09765625,0.90234375,21,11
100,0.123046875,0.876953125,27,17
101,0.134765625,0.865234375,21,11
110,0.103515625,0.896484375,21,17
111,0.111328125,0.888671875,15,11
