state,p_marked,error,gate_count,depth
000,0.150390625,0.849609375,24,12
001,0.154296875,0.845703125,20,8
010,0.12890625,0.87109375,20,12
011,0.13671875,0.86328125,16,8
100,0.13671875,0.86328125,20,12
101,0.103515625,0.896484375,16,8
110,0.134765625,0.865234375,16,12
111,0.14453125,0.85546875,12,8
