state,p_marked,error,gate_count,depth
000,0.263671875,0.736328125,41,20
001,0.25390625,0.74609375,37,16
010,0.28125,0.71875,37,20
011,0.2421875,0.7578125,33,16
100,0.0,1.0,37,20
101,0.0,1.0,33,16
110,0.0,1.0,33,20
111,0.0,1.0,29,16
