state,p_marked,error,gate_count,depth
000,0.111328125,0.888671875,44,23
001,0.134765625,0.865234375,40,19
010,0.123046875,0.876953125,40,23
011,0.1328125,0.8671875,36,19
100,0.1015625,0.8984375,40,23
101,0.125,0.875,36,19
110,0.130859375,0.869140625,36,23
111,0.12109375,0.87890625,32,19
