state,p_marked,error,gate_count,depth
000,0.44921875,0.55078125,50,26
001,0.521484375,0.478515625,44,20
010,0.515625,0.484375,44,26
011,0.515625,0.484375,38,20
100,0.513671875,0.486328125,44,26
101,0.509765625,0.490234375,38,20
110,0.46875,0.53125,38,26
111,0.525390625,0.474609375,32,20
