state,p_marked,error,gate_count,depth
000,0.1328125,0.8671875,58,29
001,0.126953125,0.873046875,54,25
010,0.12890625,0.87109375,54,29
011,0.111328125,0.888671875,50,25
100,0.14453125,0.85546875,54,29
101,0.125,0.875,50,25
110,0.134765625,0.865234375,50,29
111,0.150390625,0.849609375,46,25
