state,p_marked,error,gate_count,depth
000,0.03125,0.96875,83,44
001,0.001953125,0.998046875,79,40
010,0.025390625,0.974609375,79,44
011,0.37890625,0.62109375,75,40
100,0.005859375,0.994140625,79,44
101,0.025390625,0.974609375,75,40
110,0.337890625,0.662109375,75,44
111,0.01171875,0.98828125,71,40
