state,p_marked,error,gate_count,depth
000,0.111328125,0.888671875,50,26
001,0.15625,0.84375,48,24
010,0.107421875,0.892578125,48,26
011,0.125,0.875,46,24
100,0.119140625,0.880859375,48,26
101,0.109375,0.890625,46,24
110,0.111328125,0.888671875,46,26
111,0.1328125,0.8671875,44,24
