state,p_marked,error,gate_count,depth
000,0.140625,0.859375,24,12
001,0.0859375,0.9140625,20,8
010,0.134765625,0.865234375,20,12
011,0.109375,0.890625,16,8
100,0.134765625,0.865234375,20,12
101,0.111328125,0.888671875,16,8
110,0.12890625,0.87109375,16,12
111,0.14453125,0.85546875,12,8
