state,p_marked,error,gate_count,depth
000,0.224609375,0.775390625,44,21
001,0.171875,0.828125,40,18
010,0.18359375,0.81640625,40,21
011,0.169921875,0.830078125,36,18
100,0.06640625,0.93359375,40,20
101,0.080078125,0.919921875,36,17
110,0.05078125,0.94921875,36,20
111,0.0703125,0.9296875,32,17
