state,p_marked,error,gate_count,depth
000,0.49609375,0.50390625,32,16
001,0.4765625,0.5234375,30,14
010,0.474609375,0.525390625,30,16
011,0.501953125,0.498046875,28,14
100,0.4609375,0.5390625,30,16
101,0.51953125,0.48046875,28,14
110,0.486328125,0.513671875,28,16
111,0.4609375,0.5390625,26,14
