state,p_marked,error,gate_count,depth
000,0.123046875,0.876953125,32,15
001,0.12890625,0.87109375,30,13
010,0.09375,0.90625,30,15
011,0.140625,0.859375,28,13
100,0.115234375,0.884765625,30,15
101,0.13671875,0.86328125,28,13
110,0.095703125,0.904296875,28,15
111,0.130859375,0.869140625,26,13
