state,p_marked,error,gate_count,depth
000,0.123046875,0.876953125,33,17
001,0.138671875,0.861328125,27,11
010,0.109375,0.890625,27,17
011,0.12890625,0.87109375,21,11
100,0.11328125,0.88671875,27,17
101,0.146484375,0.853515625,21,11
110,0.126953125,0.873046875,21,17
111,0.1015625,0.8984375,15,11
