state,p_marked,error,gate_count,depth
000,0.142578125,0.857421875,15,7
001,0.134765625,0.865234375,13,5
010,0.125,0.875,13,7
011,0.1640625,0.8359375,11,5
100,0.111328125,0.888671875,13,7
101,0.115234375,0.884765625,11,5
110,0.09765625,0.90234375,11,7
111,0.125,0.875,9,5
