state,p_marked,error,gate_count,depth
000,0.5390625,0.4609375,41,21
001,0.46875,0.53125,37,17
010,0.48828125,0.51171875,37,21
011,0.525390625,0.474609375,33,17
100,0.48828125,0.51171875,37,21
101,0.54296875,0.45703125,33,17
110,0.498046875,0.501953125,33,21
111,0.43359375,0.56640625,29,17
