state,p_marked,error,gate_count,depth
000,0.1171875,0.8828125,58,29
001,0.14453125,0.85546875,54,25
010,0.146484375,0.853515625,54,29
011,0.15234375,0.84765625,50,25
100,0.1328125,0.8671875,54,29
101,0.123046875,0.876953125,50,25
110,0.1328125,0.8671875,50,29
111,0.140625,0.859375,46,25
