state,p_marked,error,gate_count,depth
000,0.119140625,0.880859375,68,35
001,0.123046875,0.876953125,62,29
010,0.1015625,0.8984375,62,35
011,0.111328125,0.888671875,56,29
100,0.12890625,0.87109375,62,35
101,0.140625,0.859375,56,29
110,0.1328125,0.8671875,56,35
111,0.15234375,0.84765625,50,29
