state,p_marked,error,gate_count,depth
000,0.12109375,0.87890625,86,44
001,0.126953125,0.873046875,80,38
010,0.134765625,0.865234375,80,44
011,0.1484375,0.8515625,74,38
100,0.1328125,0.8671875,80,44
101,0.142578125,0.857421875,74,38
110,0.142578125,0.857421875,74,44
111,0.130859375,0.869140625,68,38
