state,p_marked,error,gate_count,depth
000,0.11328125,0.88671875,46,23
001,0.115234375,0.884765625,42,19
010,0.1328125,0.8671875,42,23
011,0.109375,0.890625,38,19
100,0.125,0.875,42,23
101,0.115234375,0.884765625,38,19
110,0.14453125,0.85546875,38,23
111,0.134765625,0.865234375,34,19
