state,p_marked,error,gate_count,depth
000,0.150390625,0.849609375,50,25
001,0.130859375,0.869140625,44,19
010,0.134765625,0.865234375,44,25
011,0.123046875,0.876953125,38,19
100,0.125,0.875,44,25
101,0.138671875,0.861328125,38,19
110,0.107421875,0.892578125,38,25
111,0.109375,0.890625,32,19
