state,p_marked,error,gate_count,depth
000,0.1484375,0.8515625,33,15
001,0.11328125,0.88671875,31,13
010,0.107421875,0.892578125,31,15
011,0.115234375,0.884765625,29,13
100,0.09765625,0.90234375,31,15
101,0.126953125,0.873046875,29,13
110,0.130859375,0.869140625,29,15
111,0.146484375,0.853515625,27,13
