state,p_marked,error,gate_count,depth
000,0.5234375,0.4765625,41,21
001,0.5546875,0.4453125,37,17
010,0.50390625,0.49609375,37,21
011,0.501953125,0.498046875,33,17
100,0.50390625,0.49609375,37,21
101,0.541015625,0.458984375,33,17
110,0.4765625,0.5234375,33,21
111,0.462890625,0.537109375,29,17
