state,p_marked,error,gate_count,depth
000,0.109375,0.890625,109,72
001,0.037109375,0.962890625,109,72
010,0.357421875,0.642578125,109,72
011,0.1484375,0.8515625,109,72
100,0.07421875,0.92578125,109,72
101,0.064453125,0.935546875,109,72
110,0.259765625,0.740234375,109,72
111,0.009765625,0.990234375,109,72
