state,p_marked,error,gate_count,depth
000,0.123046875,0.876953125,59,30
001,0.126953125,0.873046875,55,27
010,0.134765625,0.865234375,55,30
011,0.123046875,0.876953125,51,26
100,0.140625,0.859375,55,30
101,0.12109375,0.87890625,51,27
110,0.1171875,0.8828125,51,30
111,0.130859375,0.869140625,47,26
