state,p_marked,error,gate_count,depth
000,0.0,1.0,63,33
001,0.125,0.875,59,29
010,0.107421875,0.892578125,59,33
011,0.28515625,0.71484375,55,29
100,0.0,1.0,59,33
101,0.134765625,0.865234375,55,29
110,0.130859375,0.869140625,55,33
111,0.259765625,0.740234375,51,29
