state,p_marked,error,gate_count,depth
000,0.126953125,0.873046875,51,26
001,0.134765625,0.865234375,51,26
010,0.130859375,0.869140625,51,26
011,0.12890625,0.87109375,51,26
100,0.146484375,0.853515625,51,26
101,0.115234375,0.884765625,51,26
110,0.162109375,0.837890625,51,26
111,0.109375,0.890625,51,26
