state,p_marked,error,gate_count,depth
000,0.525390625,0.474609375,32,16
001,0.48828125,0.51171875,30,14
010,0.47265625,0.52734375,30,16
011,0.552734375,0.447265625,28,14
100,0.466796875,0.533203125,30,16
101,0.55859375,0.44140625,28,14
110,0.525390625,0.474609375,28,16
111,0.494140625,0.505859375,26,14
