state,p_marked,error,gate_count,depth
000,0.4921875,0.5078125,52,27
001,0.1328125,0.8671875,46,21
010,0.0,1.0,46,27
011,0.12890625,0.87109375,40,21
100,0.474609375,0.525390625,46,27
101,0.119140625,0.880859375,40,21
110,0.0,1.0,40,27
111,0.12109375,0.87890625,34,21
