state,p_marked,error,gate_count,depth
000,0.5546875,0.4453125,32,16
001,0.4765625,0.5234375,30,14
010,0.484375,0.515625,30,16
011,0.501953125,0.498046875,28,14
100,0.45703125,0.54296875,30,16
101,0.517578125,0.482421875,28,14
110,0.4921875,0.5078125,28,16
111,0.494140625,0.505859375,26,14
