state,p_marked,error,gate_count,depth
000,0.126953125,0.873046875,58,30
001,0.123046875,0.876953125,54,26
010,0.12109375,0.87890625,54,30
011,0.109375,0.890625,50,26
100,0.140625,0.859375,54,30
101,0.138671875,0.861328125,50,26
110,0.134765625,0.865234375,50,30
111,0.103515625,0.896484375,46,26
