state,p_marked,error,gate_count,depth
000,0.47265625,0.52734375,41,21
001,0.548828125,0.451171875,37,17
010,0.509765625,0.490234375,37,21
011,0.484375,0.515625,33,17
100,0.46484375,0.53515625,37,21
101,0.515625,0.484375,33,17
110,0.484375,0.515625,33,21
111,0.529296875,0.470703125,29,17
