state,p_marked,error,gate_count,depth
000,0.17578125,0.82421875,104,54
001,0.1953125,0.8046875,94,45
010,0.078125,0.921875,94,54
011,0.072265625,0.927734375,84,44
100,0.150390625,0.849609375,94,54
101,0.1484375,0.8515625,84,45
110,0.115234375,0.884765625,84,54
111,0.08203125,0.91796875,74,44
