state,p_marked,error,gate_count,depth
000,0.470703125,0.529296875,41,21
001,0.478515625,0.521484375,37,17
010,0.47265625,0.52734375,37,21
011,0.498046875,0.501953125,33,17
100,0.486328125,0.513671875,37,21
101,0.51171875,0.48828125,33,17
110,0.5,0.5,33,21
111,0.521484375,0.478515625,29,17
