state,p_marked,error,gate_count,depth
000,0.115234375,0.884765625,42,22
001,0.1171875,0.8828125,34,14
010,0.115234375,0.884765625,34,22
011,0.10546875,0.89453125,26,14
100,0.1484375,0.8515625,34,22
101,0.123046875,0.876953125,26,14
110,0.142578125,0.857421875,26,22
111,0.1171875,0.8828125,18,14
