state,p_marked,error,gate_count,depth
000,0.1484375,0.8515625,32,16
001,0.119140625,0.880859375,30,14
010,0.123046875,0.876953125,30,16
011,0.109375,0.890625,28,14
100,0.111328125,0.888671875,30,16
101,0.12109375,0.87890625,28,14
110,0.111328125,0.888671875,28,16
111,0.095703125,0.904296875,26,14
