state,p_marked,error,gate_count,depth
000,0.13671875,0.86328125,33,16
001,0.150390625,0.849609375,31,14
010,0.11328125,0.88671875,31,16
011,0.134765625,0.865234375,29,14
100,0.14453125,0.85546875,31,16
101,0.119140625,0.880859375,29,14
110,0.12109375,0.87890625,29,16
111,0.130859375,0.869140625,27,14
