state,p_marked,error,gate_count,depth
000,0.091796875,0.908203125,32,15
001,0.142578125,0.857421875,30,13
010,0.130859375,0.869140625,30,15
011,0.15625,0.84375,28,13
100,0.1328125,0.8671875,30,15
101,0.126953125,0.873046875,28,13
110,0.14453125,0.85546875,28,15
111,0.130859375,0.869140625,26,13
