state,p_marked,error,gate_count,depth
000,0.1015625,0.8984375,50,25
001,0.109375,0.890625,44,19
010,0.10546875,0.89453125,44,25
011,0.134765625,0.865234375,38,19
100,0.111328125,0.888671875,44,25
101,0.126953125,0.873046875,38,19
110,0.138671875,0.861328125,38,25
111,0.11328125,0.88671875,32,19
