state,p_marked,error,gate_count,depth
000,0.111328125,0.888671875,49,25
001,0.109375,0.890625,47,23
010,0.1328125,0.8671875,47,25
011,0.125,0.875,45,23
100,0.1328125,0.8671875,47,25
101,0.130859375,0.869140625,45,23
110,0.111328125,0.888671875,45,25
111,0.119140625,0.880859375,43,23
