state,p_marked,error,gate_count,depth
000,0.1328125,0.8671875,24,12
001,0.126953125,0.873046875,20,8
010,0.150390625,0.849609375,20,12
011,0.177734375,0.822265625,16,8
100,0.103515625,0.896484375,20,12
101,0.087890625,0.912109375,16,8
110,0.107421875,0.892578125,16,12
111,0.1484375,0.8515625,12,8
