state,p_marked,error,gate_count,depth
000,0.46484375,0.53515625,42,22
001,0.54296875,0.45703125,38,18
010,0.46484375,0.53515625,38,22
011,0.12890625,0.87109375,34,18
100,0.5234375,0.4765625,38,22
101,0.4921875,0.5078125,34,18
110,0.103515625,0.896484375,34,22
111,0.501953125,0.498046875,30,18
