state,p_marked,error,gate_count,depth
000,0.25,0.75,41,21
001,0.216796875,0.783203125,37,17
010,0.234375,0.765625,37,21
011,0.25,0.75,33,17
100,0.2421875,0.7578125,37,21
101,0.25390625,0.74609375,33,17
110,0.263671875,0.736328125,33,21
111,0.2421875,0.7578125,29,17
