state,p_marked,error,gate_count,depth
000,0.103515625,0.896484375,15,7
001,0.1484375,0.8515625,13,5
010,0.10546875,0.89453125,13,7
011,0.138671875,0.861328125,11,5
100,0.125,0.875,13,7
101,0.1015625,0.8984375,11,5
110,0.1171875,0.8828125,11,7
111,0.1328125,0.8671875,9,5
