state,p_marked,error,gate_count,depth
000,0.1171875,0.8828125,34,16
001,0.142578125,0.857421875,32,14
010,0.158203125,0.841796875,32,16
011,0.14453125,0.85546875,30,14
100,0.107421875,0.892578125,32,16
101,0.119140625,0.880859375,30,14
110,0.125,0.875,30,16
111,0.123046875,0.876953125,28,14
