state,p_marked,error,gate_count,depth
000,0.517578125,0.482421875,67,34
001,0.466796875,0.533203125,61,28
010,0.490234375,0.509765625,61,34
011,0.462890625,0.537109375,55,28
100,0.5,0.5,61,34
101,0.50390625,0.49609375,55,28
110,0.49609375,0.50390625,55,34
111,0.48828125,0.51171875,49,28
