state,p_marked,error,gate_count,depth
000,0.125,0.875,49,25
001,0.10546875,0.89453125,47,23
010,0.111328125,0.888671875,47,25
011,0.107421875,0.892578125,45,23
100,0.115234375,0.884765625,47,25
101,0.1015625,0.8984375,45,23
110,0.12890625,0.87109375,45,25
111,0.12109375,0.87890625,43,23
