state,p_marked,error,gate_count,depth
000,0.052734375,0.947265625,85,51
001,0.16015625,0.83984375,81,47
010,0.494140625,0.505859375,81,51
011,0.072265625,0.927734375,77,47
100,0.056640625,0.943359375,81,51
101,0.068359375,0.931640625,77,47
110,0.072265625,0.927734375,77,51
111,0.033203125,0.966796875,73,47
