state,p_marked,error,gate_count,depth
000,0.05859375,0.94140625,53,28
001,0.353515625,0.646484375,51,26
010,0.072265625,0.927734375,51,28
011,0.068359375,0.931640625,49,26
100,0.060546875,0.939453125,51,28
101,0.35546875,0.64453125,49,26
110,0.0703125,0.9296875,49,28
111,0.078125,0.921875,47,26
