state,p_marked,error,gate_count,depth
000,0.064453125,0.935546875,68,36
001,0.068359375,0.931640625,58,26
010,0.05859375,0.94140625,58,36
011,0.07421875,0.92578125,48,26
100,0.078125,0.921875,58,36
101,0.064453125,0.935546875,48,26
110,0.068359375,0.931640625,48,36
111,0.0703125,0.9296875,38,26
