state,p_marked,error,gate_count,depth
000,0.244140625,0.755859375,32,16
001,0.259765625,0.740234375,30,14
010,0.2734375,0.7265625,30,16
011,0.25390625,0.74609375,28,14
100,0.232421875,0.767578125,30,16
101,0.275390625,0.724609375,28,14
110,0.2421875,0.7578125,28,16
111,0.255859375,0.744140625,26,14
