state,p_marked,error,gate_count,depth
000,0.138671875,0.861328125,23,10
001,0.1484375,0.8515625,23,10
010,0.109375,0.890625,23,10
011,0.140625,0.859375,23,10
100,0.11328125,0.88671875,23,10
101,0.10546875,0.89453125,23,10
110,0.142578125,0.857421875,23,10
111,0.138671875,0.861328125,23,10
