state,p_marked,error,gate_count,depth
000,0.501953125,0.498046875,50,26
001,0.4765625,0.5234375,44,20
010,0.4765625,0.5234375,44,26
011,0.537109375,0.462890625,38,20
100,0.5078125,0.4921875,44,26
101,0.474609375,0.525390625,38,20
110,0.52734375,0.47265625,38,26
111,0.4765625,0.5234375,32,20
