state,p_marked,error,gate_count,depth
000,0.078125,0.921875,52,27
001,0.25,0.75,50,25
010,0.076171875,0.923828125,50,27
011,0.255859375,0.744140625,48,25
100,0.025390625,0.974609375,50,27
101,0.0390625,0.9609375,48,25
110,0.291015625,0.708984375,48,27
111,0.25390625,0.74609375,46,25
