state,p_marked,error,gate_count,depth
000,0.16796875,0.83203125,55,27
001,0.119140625,0.880859375,53,25
010,0.1171875,0.8828125,53,27
011,0.12109375,0.87890625,51,25
100,0.10546875,0.89453125,53,27
101,0.130859375,0.869140625,51,25
110,0.107421875,0.892578125,51,27
111,0.09375,0.90625,49,25
