state,p_marked,error,gate_count,depth
000,0.109375,0.890625,15,7
001,0.138671875,0.861328125,13,5
010,0.138671875,0.861328125,13,7
011,0.138671875,0.861328125,11,5
100,0.1171875,0.8828125,13,7
101,0.091796875,0.908203125,11,5
110,0.109375,0.890625,11,7
111,0.109375,0.890625,9,5
