state,p_marked,error,gate_count,depth
000,0.140625,0.859375,61,32
001,0.123046875,0.876953125,57,28
010,0.125,0.875,57,32
011,0.146484375,0.853515625,53,28
100,0.0,1.0,57,32
101,0.12890625,0.87109375,53,28
110,0.134765625,0.865234375,53,32
111,0.53125,0.46875,49,28
