state,p_marked,error,gate_count,depth
000,0.466796875,0.533203125,41,21
001,0.51953125,0.48046875,37,17
010,0.533203125,0.466796875,37,21
011,0.515625,0.484375,33,17
100,0.498046875,0.501953125,37,21
101,0.552734375,0.447265625,33,17
110,0.5,0.5,33,21
111,0.568359375,0.431640625,29,17
