state,p_marked,error,gate_count,depth
000,0.4296875,0.5703125,41,21
001,0.546875,0.453125,37,17
010,0.533203125,0.466796875,37,21
011,0.529296875,0.470703125,33,17
100,0.525390625,0.474609375,37,21
101,0.474609375,0.525390625,33,17
110,0.50390625,0.49609375,33,21
111,0.537109375,0.462890625,29,17
