state,p_marked,error,gate_count,depth
000,0.123046875,0.876953125,45,22
001,0.111328125,0.888671875,45,22
010,0.134765625,0.865234375,45,22
011,0.146484375,0.853515625,45,22
100,0.123046875,0.876953125,45,22
101,0.1015625,0.8984375,45,22
110,0.115234375,0.884765625,45,22
111,0.138671875,0.861328125,45,22
