state,p_marked,error,gate_count,depth
000,0.517578125,0.482421875,41,21
001,0.51953125,0.48046875,37,17
010,0.5234375,0.4765625,37,21
011,0.4453125,0.5546875,33,17
100,0.5,0.5,37,21
101,0.486328125,0.513671875,33,17
110,0.513671875,0.486328125,33,21
111,0.54296875,0.45703125,29,17
