state,p_marked,error,gate_count,depth
000,0.0625,0.9375,44,24
001,0.0703125,0.9296875,44,24
010,0.0625,0.9375,44,24
011,0.025390625,0.974609375,44,24
100,0.04296875,0.95703125,44,24
101,0.15625,0.84375,44,24
110,0.4765625,0.5234375,44,24
111,0.06640625,0.93359375,44,24
