state,p_marked,error,gate_count,depth
000,0.236328125,0.763671875,41,20
001,0.2421875,0.7578125,37,16
010,0.255859375,0.744140625,37,20
011,0.234375,0.765625,33,16
100,0.0,1.0,37,20
101,0.0,1.0,33,16
110,0.0,1.0,33,20
111,0.0,1.0,29,16
