state,p_marked,error,gate_count,depth
000,0.123046875,0.876953125,15,7
001,0.103515625,0.896484375,13,5
010,0.125,0.875,13,7
011,0.111328125,0.888671875,11,5
100,0.12109375,0.87890625,13,7
101,0.125,0.875,11,5
110,0.146484375,0.853515625,11,7
111,0.1328125,0.8671875,9,5
