state,p_marked,error,gate_count,depth
000,0.1328125,0.8671875,34,18
001,0.474609375,0.525390625,32,16
010,0.529296875,0.470703125,32,18
011,0.15234375,0.84765625,30,16
100,0.123046875,0.876953125,32,18
101,0.49609375,0.50390625,30,16
110,0.474609375,0.525390625,30,18
111,0.126953125,0.873046875,28,16
