state,p_marked,error,gate_count,depth
000,0.14453125,0.85546875,15,7
001,0.134765625,0.865234375,13,5
010,0.125,0.875,13,7
011,0.12109375,0.87890625,11,5
100,0.119140625,0.880859375,13,7
101,0.142578125,0.857421875,11,5
110,0.142578125,0.857421875,11,7
111,0.140625,0.859375,9,5
