state,p_marked,error,gate_count,depth
000,0.09765625,0.90234375,33,17
001,0.11328125,0.88671875,27,11
010,0.103515625,0.896484375,27,17
011,0.138671875,0.861328125,21,11
100,0.1171875,0.8828125,27,17
101,0.1171875,0.8828125,21,11
110,0.140625,0.859375,21,17
111,0.158203125,0.841796875,15,11
