state,p_marked,error,gate_count,depth
000,0.115234375,0.884765625,68,35
001,0.1171875,0.8828125,62,30
010,0.142578125,0.857421875,62,35
011,0.138671875,0.861328125,56,29
100,0.125,0.875,62,35
101,0.1484375,0.8515625,56,30
110,0.14453125,0.85546875,56,35
111,0.10546875,0.89453125,50,29
