state,p_marked,error,gate_count,depth
000,0.16015625,0.83984375,127,87
001,0.3828125,0.6171875,125,85
010,0.1953125,0.8046875,125,87
011,0.1640625,0.8359375,123,85
100,0.392578125,0.607421875,125,87
101,0.06640625,0.93359375,123,85
110,0.099609375,0.900390625,123,87
111,0.072265625,0.927734375,121,85
