state,p_marked,error,gate_count,depth
000,0.119140625,0.880859375,46,24
001,0.14453125,0.85546875,42,20
010,0.119140625,0.880859375,42,24
011,0.111328125,0.888671875,38,20
100,0.11328125,0.88671875,42,24
101,0.130859375,0.869140625,38,20
110,0.1484375,0.8515625,38,24
111,0.11328125,0.88671875,34,20
