state,p_marked,error,gate_count,depth
000,0.515625,0.484375,32,16
001,0.5078125,0.4921875,30,14
010,0.466796875,0.533203125,30,16
011,0.521484375,0.478515625,28,14
100,0.51171875,0.48828125,30,16
101,0.55078125,0.44921875,28,14
110,0.501953125,0.498046875,28,16
111,0.533203125,0.466796875,26,14
