state,p_marked,error,gate_count,depth
000,0.130859375,0.869140625,24,12
001,0.11328125,0.88671875,20,8
010,0.11328125,0.88671875,20,12
011,0.1328125,0.8671875,16,8
100,0.14453125,0.85546875,20,12
101,0.125,0.875,16,8
110,0.126953125,0.873046875,16,12
111,0.1328125,0.8671875,12,8
