state,p_marked,error,gate_count,depth
000,0.146484375,0.853515625,32,15
001,0.1171875,0.8828125,30,13
010,0.12109375,0.87890625,30,15
011,0.111328125,0.888671875,28,13
100,0.126953125,0.873046875,30,15
101,0.119140625,0.880859375,28,13
110,0.119140625,0.880859375,28,15
111,0.126953125,0.873046875,26,13
