state,p_marked,error,gate_count,depth
000,0.10546875,0.89453125,32,15
001,0.15234375,0.84765625,30,13
010,0.1328125,0.8671875,30,15
011,0.12109375,0.87890625,28,13
100,0.095703125,0.904296875,30,15
101,0.140625,0.859375,28,13
110,0.140625,0.859375,28,15
111,0.115234375,0.884765625,26,13
