state,p_marked,error,gate_count,depth
000,0.11328125,0.88671875,135,80
001,0.5,0.5,127,73
010,0.095703125,0.904296875,127,80
011,0.0,1.0,119,73
100,0.146484375,0.853515625,127,80
101,0.185546875,0.814453125,119,73
110,0.103515625,0.896484375,119,80
111,0.181640625,0.818359375,111,72
