state,p_marked,error,gate_count,depth
000,0.12109375,0.87890625,49,24
001,0.138671875,0.861328125,47,22
010,0.134765625,0.865234375,47,24
011,0.123046875,0.876953125,45,22
100,0.130859375,0.869140625,47,24
101,0.140625,0.859375,45,22
110,0.095703125,0.904296875,45,24
111,0.1328125,0.8671875,43,22
