state,p_marked,error,gate_count,depth
000,0.119140625,0.880859375,32,15
001,0.12109375,0.87890625,30,13
010,0.107421875,0.892578125,30,15
011,0.130859375,0.869140625,28,13
100,0.126953125,0.873046875,30,15
101,0.12109375,0.87890625,28,13
110,0.138671875,0.861328125,28,15
111,0.0859375,0.9140625,26,13
