state,p_marked,error,gate_count,depth
000,0.1640625,0.8359375,46,25
001,0.224609375,0.775390625,42,21
010,0.162109375,0.837890625,42,25
011,0.1875,0.8125,38,21
100,0.080078125,0.919921875,42,25
101,0.07421875,0.92578125,38,21
110,0.0703125,0.9296875,38,25
111,0.05859375,0.94140625,34,21
