state,p_marked,error,gate_count,depth
000,0.1328125,0.8671875,63,32
001,0.15625,0.84375,59,28
010,0.13671875,0.86328125,59,32
011,0.115234375,0.884765625,55,28
100,0.119140625,0.880859375,59,32
101,0.15625,0.84375,55,28
110,0.10546875,0.89453125,55,32
111,0.099609375,0.900390625,51,28
