state,p_marked,error,gate_count,depth
000,0.138671875,0.861328125,64,32
001,0.1484375,0.8515625,60,28
010,0.1328125,0.8671875,60,32
011,0.12890625,0.87109375,56,28
100,0.150390625,0.849609375,60,32
101,0.140625,0.859375,56,28
110,0.150390625,0.849609375,56,32
111,0.138671875,0.861328125,52,28
