state,p_marked,error,gate_count,depth
000,0.08984375,0.91015625,68,35
001,0.15234375,0.84765625,62,30
010,0.1484375,0.8515625,62,35
011,0.138671875,0.861328125,56,29
100,0.125,0.875,62,35
101,0.115234375,0.884765625,56,30
110,0.134765625,0.865234375,56,35
111,0.107421875,0.892578125,50,29
