state,p_marked,error,gate_count,depth
000,0.037109375,0.962890625,83,58
001,0.025390625,0.974609375,83,58
010,0.34375,0.65625,83,58
011,0.060546875,0.939453125,83,58
100,0.3359375,0.6640625,83,58
101,0.091796875,0.908203125,83,58
110,0.005859375,0.994140625,83,58
111,0.103515625,0.896484375,83,58
