state,p_marked,error,gate_count,depth
000,0.125,0.875,67,35
001,0.13671875,0.86328125,61,29
010,0.1328125,0.8671875,61,35
011,0.130859375,0.869140625,55,29
100,0.1328125,0.8671875,61,35
101,0.140625,0.859375,55,29
110,0.115234375,0.884765625,55,35
111,0.109375,0.890625,49,29
