state,p_marked,error,gate_count,depth
000,0.119140625,0.880859375,15,7
001,0.123046875,0.876953125,13,5
010,0.103515625,0.896484375,13,7
011,0.09765625,0.90234375,11,5
100,0.13671875,0.86328125,13,7
101,0.12109375,0.87890625,11,5
110,0.1171875,0.8828125,11,7
111,0.1171875,0.8828125,9,5
