state,p_marked,error,gate_count,depth
000,0.087890625,0.912109375,24,12
001,0.140625,0.859375,20,8
010,0.125,0.875,20,12
011,0.130859375,0.869140625,16,8
100,0.109375,0.890625,20,12
101,0.13671875,0.86328125,16,8
110,0.130859375,0.869140625,16,12
111,0.1484375,0.8515625,12,8
