state,p_marked,error,gate_count,depth
000,0.146484375,0.853515625,24,12
001,0.125,0.875,20,8
010,0.15625,0.84375,20,12
011,0.1015625,0.8984375,16,8
100,0.130859375,0.869140625,20,12
101,0.1484375,0.8515625,16,8
110,0.0859375,0.9140625,16,12
111,0.134765625,0.865234375,12,8
