state,p_marked,error,gate_count,depth
000,0.078125,0.921875,63,48
001,0.03125,0.96875,63,48
010,0.208984375,0.791015625,63,48
011,0.025390625,0.974609375,63,48
100,0.091796875,0.908203125,63,48
101,0.349609375,0.650390625,63,48
110,0.189453125,0.810546875,63,48
111,0.01171875,0.98828125,63,48
