state,p_marked,error,gate_count,depth
000,0.109375,0.890625,34,16
001,0.111328125,0.888671875,32,14
010,0.1328125,0.8671875,32,16
011,0.134765625,0.865234375,30,14
100,0.09765625,0.90234375,32,16
101,0.107421875,0.892578125,30,14
110,0.138671875,0.861328125,30,16
111,0.1328125,0.8671875,28,14
