state,p_marked,error,gate_count,depth
000,0.126953125,0.873046875,32,15
001,0.10546875,0.89453125,30,13
010,0.134765625,0.865234375,30,15
011,0.142578125,0.857421875,28,13
100,0.1328125,0.8671875,30,15
101,0.09375,0.90625,28,13
110,0.111328125,0.888671875,28,15
111,0.126953125,0.873046875,26,13
