state,p_marked,error,gate_count,depth
000,0.12890625,0.87109375,24,12
001,0.130859375,0.869140625,20,8
010,0.125,0.875,20,12
011,0.134765625,0.865234375,16,8
100,0.123046875,0.876953125,20,12
101,0.123046875,0.876953125,16,8
110,0.09375,0.90625,16,12
111,0.1015625,0.8984375,12,8
