state,p_marked,error,gate_count,depth
000,0.1328125,0.8671875,136,73
001,0.140625,0.859375,128,65
010,0.103515625,0.896484375,128,73
011,0.1015625,0.8984375,120,65
100,0.13671875,0.86328125,128,73
101,0.125,0.875,120,65
110,0.09765625,0.90234375,120,73
111,0.125,0.875,112,65
