state,p_marked,error,gate_count,depth
000,0.443359375,0.556640625,41,21
001,0.509765625,0.490234375,37,17
010,0.509765625,0.490234375,37,21
011,0.486328125,0.513671875,33,17
100,0.482421875,0.517578125,37,21
101,0.5,0.5,33,17
110,0.46875,0.53125,33,21
111,0.5234375,0.4765625,29,17
