state,p_marked,error,gate_count,depth
000,0.12890625,0.87109375,68,35
001,0.109375,0.890625,62,30
010,0.12890625,0.87109375,62,35
011,0.130859375,0.869140625,56,29
100,0.12109375,0.87890625,62,35
101,0.1015625,0.8984375,56,30
110,0.12109375,0.87890625,56,35
111,0.13671875,0.86328125,50,29
