state,p_marked,error,gate_count,depth
000,0.1328125,0.8671875,41,19
001,0.140625,0.859375,41,19
010,0.12109375,0.87890625,41,19
011,0.12890625,0.87109375,41,19
100,0.126953125,0.873046875,41,19
101,0.12890625,0.87109375,41,19
110,0.13671875,0.86328125,41,19
111,0.138671875,0.861328125,41,19
