state,p_marked,error,gate_count,depth
000,0.244140625,0.755859375,43,22
001,0.26171875,0.73828125,39,18
010,0.0,1.0,39,22
011,0.0,1.0,35,18
100,0.259765625,0.740234375,39,22
101,0.265625,0.734375,35,18
110,0.0,1.0,35,22
111,0.0,1.0,31,18
