state,p_marked,error,gate_count,depth
000,0.138671875,0.861328125,50,25
001,0.11328125,0.88671875,48,23
010,0.09375,0.90625,48,25
011,0.123046875,0.876953125,46,23
100,0.126953125,0.873046875,48,25
101,0.099609375,0.900390625,46,23
110,0.11328125,0.88671875,46,25
111,0.125,0.875,44,23
