state,p_marked,error,gate_count,depth
000,0.138671875,0.861328125,50,25
001,0.115234375,0.884765625,44,19
010,0.115234375,0.884765625,44,25
011,0.103515625,0.896484375,38,19
100,0.130859375,0.869140625,44,25
101,0.119140625,0.880859375,38,19
110,0.1484375,0.8515625,38,25
111,0.1171875,0.8828125,32,19
