state,p_marked,error,gate_count,depth
000,0.0,1.0,50,26
001,0.0,1.0,48,24
010,0.505859375,0.494140625,48,26
011,0.482421875,0.517578125,46,24
100,0.529296875,0.470703125,48,26
101,0.45703125,0.54296875,46,24
110,0.0,1.0,46,26
111,0.0,1.0,44,24
