state,p_marked,error,gate_count,depth
000,0.103515625,0.896484375,55,29
001,0.12890625,0.87109375,53,27
010,0.125,0.875,53,29
011,0.115234375,0.884765625,51,27
100,0.14453125,0.85546875,53,29
101,0.103515625,0.896484375,51,27
110,0.111328125,0.888671875,51,29
111,0.10546875,0.89453125,49,27
