state,p_marked,error,gate_count,depth
000,0.015625,0.984375,56,30
001,0.12109375,0.87890625,54,28
010,0.025390625,0.974609375,54,30
011,0.125,0.875,52,28
100,0.46875,0.53125,54,30
101,0.1171875,0.8828125,52,28
110,0.087890625,0.912109375,52,30
111,0.041015625,0.958984375,50,28
