state,p_marked,error,gate_count,depth
000,0.115234375,0.884765625,52,28
001,0.12109375,0.87890625,50,26
010,0.12890625,0.87109375,50,28
011,0.14453125,0.85546875,48,26
100,0.11328125,0.88671875,50,28
101,0.138671875,0.861328125,48,26
110,0.1171875,0.8828125,48,28
111,0.119140625,0.880859375,46,26
