state,p_marked,error,gate_count,depth
000,0.46484375,0.53515625,68,35
001,0.505859375,0.494140625,62,30
010,0.505859375,0.494140625,62,35
011,0.5390625,0.4609375,56,30
100,0.517578125,0.482421875,62,35
101,0.494140625,0.505859375,56,30
110,0.48046875,0.51953125,56,35
111,0.525390625,0.474609375,50,29
