state,p_marked,error,gate_count,depth
000,0.013671875,0.986328125,49,33
001,0.337890625,0.662109375,47,31
010,0.15234375,0.84765625,47,33
011,0.037109375,0.962890625,45,31
100,0.015625,0.984375,47,33
101,0.005859375,0.994140625,45,31
110,0.052734375,0.947265625,45,33
111,0.158203125,0.841796875,43,31
