state,p_marked,error,gate_count,depth
000,0.130859375,0.869140625,15,7
001,0.1171875,0.8828125,13,5
010,0.1015625,0.8984375,13,7
011,0.13671875,0.86328125,11,5
100,0.11328125,0.88671875,13,7
101,0.130859375,0.869140625,11,5
110,0.123046875,0.876953125,11,7
111,0.1484375,0.8515625,9,5
