state,p_marked,error,gate_count,depth
000,0.140625,0.859375,24,12
001,0.134765625,0.865234375,20,8
010,0.095703125,0.904296875,20,12
011,0.103515625,0.896484375,16,8
100,0.14453125,0.85546875,20,12
101,0.109375,0.890625,16,8
110,0.154296875,0.845703125,16,12
111,0.12890625,0.87109375,12,8
