state,p_marked,error,gate_count,depth
000,0.125,0.875,15,7
001,0.115234375,0.884765625,13,5
010,0.1171875,0.8828125,13,7
011,0.103515625,0.896484375,11,5
100,0.15625,0.84375,13,7
101,0.12890625,0.87109375,11,5
110,0.1171875,0.8828125,11,7
111,0.111328125,0.888671875,9,5
