state,p_marked,error,gate_count,depth
000,0.130859375,0.869140625,24,12
001,0.119140625,0.880859375,20,8
010,0.13671875,0.86328125,20,12
011,0.15234375,0.84765625,16,8
100,0.134765625,0.865234375,20,12
101,0.12109375,0.87890625,16,8
110,0.150390625,0.849609375,16,12
111,0.13671875,0.86328125,12,8
