state,p_marked,error,gate_count,depth
000,0.0,1.0,68,36
001,0.12109375,0.87890625,58,26
010,0.09765625,0.90234375,58,36
011,0.0,1.0,48,26
100,0.0,1.0,58,36
101,0.11328125,0.88671875,48,26
110,0.119140625,0.880859375,48,36
111,0.0,1.0,38,26
