state,p_marked,error,gate_count,depth
000,0.013671875,0.986328125,169,117
001,0.029296875,0.970703125,169,117
010,0.296875,0.703125,169,117
011,0.01171875,0.98828125,169,117
100,0.048828125,0.951171875,169,117
101,0.408203125,0.591796875,169,117
110,0.0078125,0.9921875,169,117
111,0.134765625,0.865234375,169,117
