state,p_marked,error,gate_count,depth
000,0.119140625,0.880859375,59,30
001,0.13671875,0.86328125,55,26
010,0.123046875,0.876953125,55,30
011,0.14453125,0.85546875,51,26
100,0.140625,0.859375,55,30
101,0.12890625,0.87109375,51,26
110,0.138671875,0.861328125,51,30
111,0.134765625,0.865234375,47,26
