state,p_marked,error,gate_count,depth
000,0.16015625,0.83984375,50,28
001,0.1171875,0.8828125,46,24
010,0.115234375,0.884765625,46,28
011,0.103515625,0.896484375,42,24
100,0.123046875,0.876953125,46,28
101,0.12890625,0.87109375,42,24
110,0.12890625,0.87109375,42,28
111,0.109375,0.890625,38,24
