state,p_marked,error,gate_count,depth
000,0.111328125,0.888671875,52,27
001,0.15234375,0.84765625,50,25
010,0.1015625,0.8984375,50,27
011,0.1328125,0.8671875,48,25
100,0.115234375,0.884765625,50,27
101,0.0859375,0.9140625,48,25
110,0.16015625,0.83984375,48,27
111,0.1328125,0.8671875,46,25
