state,p_marked,error,gate_count,depth
000,0.060546875,0.939453125,35,19
001,0.064453125,0.935546875,33,17
010,0.04296875,0.95703125,33,19
011,0.048828125,0.951171875,31,17
100,0.052734375,0.947265625,33,19
101,0.078125,0.921875,31,17
110,0.056640625,0.943359375,31,19
111,0.068359375,0.931640625,29,17
