state,p_marked,error,gate_count,depth
000,0.189453125,0.810546875,119,61
001,0.15234375,0.84765625,113,55
010,0.052734375,0.947265625,113,61
011,0.103515625,0.896484375,107,55
100,0.16015625,0.83984375,113,61
101,0.19921875,0.80078125,107,55
110,0.466796875,0.533203125,107,61
111,0.119140625,0.880859375,101,55
