state,p_marked,error,gate_count,depth
000,0.4921875,0.5078125,41,21
001,0.501953125,0.498046875,37,17
010,0.470703125,0.529296875,37,21
011,0.48046875,0.51953125,33,17
100,0.412109375,0.587890625,37,21
101,0.533203125,0.466796875,33,17
110,0.439453125,0.560546875,33,21
111,0.474609375,0.525390625,29,17
