state,p_marked,error,gate_count,depth
000,0.48046875,0.51953125,87,44
001,0.513671875,0.486328125,81,40
010,0.205078125,0.794921875,81,44
011,0.251953125,0.748046875,75,39
100,0.234375,0.765625,81,44
101,0.244140625,0.755859375,75,40
110,0.0,1.0,75,44
111,0.0,1.0,69,38
