state,p_marked,error,gate_count,depth
000,0.11328125,0.88671875,52,27
001,0.14453125,0.85546875,50,25
010,0.125,0.875,50,27
011,0.103515625,0.896484375,48,25
100,0.1171875,0.8828125,50,27
101,0.109375,0.890625,48,25
110,0.12109375,0.87890625,48,27
111,0.107421875,0.892578125,46,25
