state,p_marked,error,gate_count,depth
000,0.103515625,0.896484375,32,15
001,0.130859375,0.869140625,30,13
010,0.146484375,0.853515625,30,15
011,0.1171875,0.8828125,28,13
100,0.12890625,0.87109375,30,15
101,0.1171875,0.8828125,28,13
110,0.125,0.875,28,15
111,0.10546875,0.89453125,26,13
