state,p_marked,error,gate_count,depth
000,0.1328125,0.8671875,33,15
001,0.103515625,0.896484375,31,13
010,0.1328125,0.8671875,31,15
011,0.125,0.875,29,13
100,0.12109375,0.87890625,31,15
101,0.1171875,0.8828125,29,13
110,0.1171875,0.8828125,29,15
111,0.134765625,0.865234375,27,13
