state,p_marked,error,gate_count,depth
000,0.123046875,0.876953125,32,15
001,0.15625,0.84375,30,13
010,0.146484375,0.853515625,30,15
011,0.126953125,0.873046875,28,13
100,0.1171875,0.8828125,30,15
101,0.13671875,0.86328125,28,13
110,0.109375,0.890625,28,15
111,0.15234375,0.84765625,26,13
