state,p_marked,error,gate_count,depth
000,0.220703125,0.779296875,60,36
001,0.224609375,0.775390625,58,35
010,0.056640625,0.943359375,58,36
011,0.21875,0.78125,56,34
100,0.04296875,0.95703125,58,36
101,0.046875,0.953125,56,35
110,0.033203125,0.966796875,56,36
111,0.208984375,0.791015625,54,34
