state,p_marked,error,gate_count,depth
000,0.515625,0.484375,41,21
001,0.486328125,0.513671875,37,17
010,0.560546875,0.439453125,37,21
011,0.50390625,0.49609375,33,17
100,0.544921875,0.455078125,37,21
101,0.5,0.5,33,17
110,0.482421875,0.517578125,33,21
111,0.484375,0.515625,29,17
