state,p_marked,error,gate_count,depth
000,0.14453125,0.85546875,41,20
001,0.095703125,0.904296875,37,16
010,0.119140625,0.880859375,37,20
011,0.1171875,0.8828125,33,16
100,0.150390625,0.849609375,37,20
101,0.140625,0.859375,33,16
110,0.15234375,0.84765625,33,20
111,0.1015625,0.8984375,29,16
