state,p_marked,error,gate_count,depth
000,0.119140625,0.880859375,25,11
001,0.11328125,0.88671875,25,11
010,0.123046875,0.876953125,25,11
011,0.12890625,0.87109375,25,11
100,0.123046875,0.876953125,25,11
101,0.140625,0.859375,25,11
110,0.1171875,0.8828125,25,11
111,0.15234375,0.84765625,25,11
