state,p_marked,error,gate_count,depth
000,0.111328125,0.888671875,15,7
001,0.119140625,0.880859375,13,5
010,0.15625,0.84375,13,7
011,0.1015625,0.8984375,11,5
100,0.076171875,0.923828125,13,7
101,0.1328125,0.8671875,11,5
110,0.1015625,0.8984375,11,7
111,0.119140625,0.880859375,9,5
