state,p_marked,error,gate_count,depth
000,0.1015625,0.8984375,60,31
001,0.2890625,0.7109375,56,27
010,0.087890625,0.912109375,56,31
011,0.30078125,0.69921875,52,27
100,0.029296875,0.970703125,56,31
101,0.53125,0.46875,52,27
110,0.013671875,0.986328125,52,31
111,0.203125,0.796875,48,27
