state,p_marked,error,gate_count,depth
000,0.111328125,0.888671875,68,35
001,0.126953125,0.873046875,62,30
010,0.154296875,0.845703125,62,35
011,0.140625,0.859375,56,29
100,0.134765625,0.865234375,62,35
101,0.134765625,0.865234375,56,30
110,0.1328125,0.8671875,56,35
111,0.11328125,0.88671875,50,29
