state,p_marked,error,gate_count,depth
000,0.044921875,0.955078125,32,15
001,0.04296875,0.95703125,30,13
010,0.08203125,0.91796875,30,15
011,0.046875,0.953125,28,13
100,0.07421875,0.92578125,30,15
101,0.041015625,0.958984375,28,13
110,0.0703125,0.9296875,28,15
111,0.056640625,0.943359375,26,13
