state,p_marked,error,gate_count,depth
000,0.048828125,0.951171875,55,28
001,0.013671875,0.986328125,53,26
010,0.02734375,0.97265625,53,28
011,0.037109375,0.962890625,51,26
100,0.03125,0.96875,53,28
101,0.02734375,0.97265625,51,26
110,0.0234375,0.9765625,51,28
111,0.025390625,0.974609375,49,26
