state,p_marked,error,gate_count,depth
000,0.13671875,0.86328125,32,15
001,0.107421875,0.892578125,30,13
010,0.146484375,0.853515625,30,15
011,0.111328125,0.888671875,28,13
100,0.1171875,0.8828125,30,15
101,0.126953125,0.873046875,28,13
110,0.123046875,0.876953125,28,15
111,0.142578125,0.857421875,26,13
