state,p_marked,error,gate_count,depth
000,0.13671875,0.86328125,24,12
001,0.111328125,0.888671875,20,8
010,0.119140625,0.880859375,20,12
011,0.109375,0.890625,16,8
100,0.1015625,0.8984375,20,12
101,0.130859375,0.869140625,16,8
110,0.11328125,0.88671875,16,12
111,0.095703125,0.904296875,12,8
