state,p_marked,error,gate_count,depth
000,0.0,1.0,41,19
001,0.0,1.0,41,19
010,0.0,1.0,41,19
011,0.498046875,0.501953125,41,19
100,0.0,1.0,41,19
101,0.0,1.0,41,19
110,0.0,1.0,41,19
111,0.490234375,0.509765625,41,19
