state,p_marked,error,gate_count,depth
000,0.125,0.875,58,29
001,0.13671875,0.86328125,54,25
010,0.107421875,0.892578125,54,29
011,0.099609375,0.900390625,50,25
100,0.125,0.875,54,29
101,0.126953125,0.873046875,50,25
110,0.115234375,0.884765625,50,29
111,0.134765625,0.865234375,46,25
