state,p_marked,error,gate_count,depth
000,0.158203125,0.841796875,49,25
001,0.1328125,0.8671875,47,23
010,0.1171875,0.8828125,47,25
011,0.138671875,0.861328125,45,23
100,0.14453125,0.85546875,47,25
101,0.12890625,0.87109375,45,23
110,0.1328125,0.8671875,45,25
111,0.109375,0.890625,43,23
