state,p_marked,error,gate_count,depth
000,0.138671875,0.861328125,40,19
001,0.134765625,0.865234375,40,19
010,0.158203125,0.841796875,40,19
011,0.12890625,0.87109375,40,19
100,0.12109375,0.87890625,40,19
101,0.12109375,0.87890625,40,19
110,0.1328125,0.8671875,40,19
111,0.125,0.875,40,19
