state,p_marked,error,gate_count,depth
000,0.134765625,0.865234375,41,20
001,0.142578125,0.857421875,37,16
010,0.1015625,0.8984375,37,20
011,0.11328125,0.88671875,33,16
100,0.1328125,0.8671875,37,20
101,0.111328125,0.888671875,33,16
110,0.123046875,0.876953125,33,20
111,0.13671875,0.86328125,29,16
