state,p_marked,error,gate_count,depth
000,0.509765625,0.490234375,32,16
001,0.533203125,0.466796875,30,14
010,0.48828125,0.51171875,30,16
011,0.513671875,0.486328125,28,14
100,0.552734375,0.447265625,30,16
101,0.505859375,0.494140625,28,14
110,0.494140625,0.505859375,28,16
111,0.5546875,0.4453125,26,14
