state,p_marked,error,gate_count,depth
000,0.47265625,0.52734375,32,16
001,0.447265625,0.552734375,30,14
010,0.48046875,0.51953125,30,16
011,0.4921875,0.5078125,28,14
100,0.47265625,0.52734375,30,16
101,0.5,0.5,28,14
110,0.5078125,0.4921875,28,16
111,0.529296875,0.470703125,26,14
