state,p_marked,error,gate_count,depth
000,0.126953125,0.873046875,42,22
001,0.12109375,0.87890625,34,14
010,0.171875,0.828125,34,22
011,0.123046875,0.876953125,26,14
100,0.111328125,0.888671875,34,22
101,0.13671875,0.86328125,26,14
110,0.109375,0.890625,26,22
111,0.14453125,0.85546875,18,14
