state,p_marked,error,gate_count,depth
000,0.119140625,0.880859375,33,17
001,0.130859375,0.869140625,27,11
010,0.119140625,0.880859375,27,17
011,0.095703125,0.904296875,21,11
100,0.12109375,0.87890625,27,17
101,0.150390625,0.849609375,21,11
110,0.126953125,0.873046875,21,17
111,0.142578125,0.857421875,15,11
