state,p_marked,error,gate_count,depth
000,0.1015625,0.8984375,50,25
001,0.12109375,0.87890625,44,19
010,0.15234375,0.84765625,44,25
011,0.162109375,0.837890625,38,19
100,0.134765625,0.865234375,44,25
101,0.126953125,0.873046875,38,19
110,0.126953125,0.873046875,38,25
111,0.134765625,0.865234375,32,19
