state,p_marked,error,gate_count,depth
000,0.138671875,0.861328125,32,15
001,0.1328125,0.8671875,30,13
010,0.125,0.875,30,15
011,0.109375,0.890625,28,13
100,0.1328125,0.8671875,30,15
101,0.123046875,0.876953125,28,13
110,0.1171875,0.8828125,28,15
111,0.1484375,0.8515625,26,13
