state,p_marked,error,gate_count,depth
000,0.158203125,0.841796875,58,29
001,0.103515625,0.896484375,54,25
010,0.142578125,0.857421875,54,29
011,0.134765625,0.865234375,50,25
100,0.123046875,0.876953125,54,29
101,0.134765625,0.865234375,50,25
110,0.09765625,0.90234375,50,29
111,0.119140625,0.880859375,46,25
