state,p_marked,error,gate_count,depth
000,0.49609375,0.50390625,32,16
001,0.474609375,0.525390625,30,14
010,0.513671875,0.486328125,30,16
011,0.4765625,0.5234375,28,14
100,0.5390625,0.4609375,30,16
101,0.50390625,0.49609375,28,14
110,0.521484375,0.478515625,28,16
111,0.4921875,0.5078125,26,14
