state,p_marked,error,gate_count,depth
000,0.513671875,0.486328125,59,31
001,0.49609375,0.50390625,51,23
010,0.498046875,0.501953125,51,31
011,0.533203125,0.466796875,43,23
100,0.5078125,0.4921875,51,31
101,0.505859375,0.494140625,43,23
110,0.47265625,0.52734375,43,31
111,0.48828125,0.51171875,35,23
