state,p_marked,error,gate_count,depth
000,0.01171875,0.98828125,50,25
001,0.009765625,0.990234375,44,19
010,0.00390625,0.99609375,44,25
011,0.013671875,0.986328125,38,19
100,0.017578125,0.982421875,44,25
101,0.009765625,0.990234375,38,19
110,0.005859375,0.994140625,38,25
111,0.0078125,0.9921875,32,19
