state,p_marked,error,gate_count,depth
000,0.083984375,0.916015625,95,49
001,0.078125,0.921875,87,42
010,0.1796875,0.8203125,87,49
011,0.173828125,0.826171875,79,41
100,0.09765625,0.90234375,87,49
101,0.078125,0.921875,79,42
110,0.146484375,0.853515625,79,49
111,0.17578125,0.82421875,71,41
