state,p_marked,error,gate_count,depth
000,0.107421875,0.892578125,32,15
001,0.12890625,0.87109375,30,13
010,0.109375,0.890625,30,15
011,0.134765625,0.865234375,28,13
100,0.142578125,0.857421875,30,15
101,0.138671875,0.861328125,28,13
110,0.107421875,0.892578125,28,15
111,0.138671875,0.861328125,26,13
