state,p_marked,error,gate_count,depth
000,0.482421875,0.517578125,41,21
001,0.4765625,0.5234375,37,17
010,0.443359375,0.556640625,37,21
011,0.470703125,0.529296875,33,17
100,0.494140625,0.505859375,37,21
101,0.5,0.5,33,17
110,0.484375,0.515625,33,21
111,0.47265625,0.52734375,29,17
