state,p_marked,error,gate_count,depth
000,0.53515625,0.46484375,32,16
001,0.52734375,0.47265625,30,14
010,0.47265625,0.52734375,30,16
011,0.498046875,0.501953125,28,14
100,0.513671875,0.486328125,30,16
101,0.505859375,0.494140625,28,14
110,0.4921875,0.5078125,28,16
111,0.505859375,0.494140625,26,14
