state,p_marked,error,gate_count,depth
000,0.12890625,0.87109375,59,31
001,0.12890625,0.87109375,51,23
010,0.1328125,0.8671875,51,31
011,0.134765625,0.865234375,43,23
100,0.123046875,0.876953125,51,31
101,0.138671875,0.861328125,43,23
110,0.119140625,0.880859375,43,31
111,0.142578125,0.857421875,35,23
