state,p_marked,error,gate_count,depth
000,0.248046875,0.751953125,41,21
001,0.236328125,0.763671875,37,17
010,0.23828125,0.76171875,37,21
011,0.23828125,0.76171875,33,17
100,0.216796875,0.783203125,37,21
101,0.248046875,0.751953125,33,17
110,0.271484375,0.728515625,33,21
111,0.23828125,0.76171875,29,17
