state,p_marked,error,gate_count,depth
000,0.13671875,0.86328125,43,23
001,0.498046875,0.501953125,43,23
010,0.07421875,0.92578125,43,23
011,0.056640625,0.943359375,43,23
100,0.06640625,0.93359375,43,23
101,0.052734375,0.947265625,43,23
110,0.04296875,0.95703125,43,23
111,0.0390625,0.9609375,43,23
