state,p_marked,error,gate_count,depth
000,0.47265625,0.52734375,41,21
001,0.486328125,0.513671875,37,17
010,0.51953125,0.48046875,37,21
011,0.560546875,0.439453125,33,17
100,0.54296875,0.45703125,37,21
101,0.451171875,0.548828125,33,17
110,0.529296875,0.470703125,33,21
111,0.517578125,0.482421875,29,17
