state,p_marked,error,gate_count,depth
000,0.49609375,0.50390625,32,16
001,0.48828125,0.51171875,30,14
010,0.4921875,0.5078125,30,16
011,0.474609375,0.525390625,28,14
100,0.5078125,0.4921875,30,16
101,0.498046875,0.501953125,28,14
110,0.5,0.5,28,16
111,0.4921875,0.5078125,26,14
