state,p_marked,error,gate_count,depth
000,0.123046875,0.876953125,43,22
001,0.12890625,0.87109375,39,18
010,0.123046875,0.876953125,39,22
011,0.123046875,0.876953125,35,18
100,0.119140625,0.880859375,39,22
101,0.146484375,0.853515625,35,18
110,0.087890625,0.912109375,35,22
111,0.12109375,0.87890625,31,18
