state,p_marked,error,gate_count,depth
000,0.14453125,0.85546875,50,25
001,0.140625,0.859375,44,19
010,0.150390625,0.849609375,44,25
011,0.146484375,0.853515625,38,19
100,0.109375,0.890625,44,25
101,0.125,0.875,38,19
110,0.142578125,0.857421875,38,25
111,0.150390625,0.849609375,32,19
