state,p_marked,error,gate_count,depth
000,0.13671875,0.86328125,33,17
001,0.140625,0.859375,27,11
010,0.138671875,0.861328125,27,17
011,0.125,0.875,21,11
100,0.16015625,0.83984375,27,17
101,0.13671875,0.86328125,21,11
110,0.115234375,0.884765625,21,17
111,0.111328125,0.888671875,15,11
