state,p_marked,error,gate_count,depth
000,0.205078125,0.794921875,65,34
001,0.095703125,0.904296875,61,30
010,0.10546875,0.89453125,61,34
011,0.123046875,0.876953125,57,30
100,0.09765625,0.90234375,61,34
101,0.072265625,0.927734375,57,30
110,0.150390625,0.849609375,57,34
111,0.166015625,0.833984375,53,30
