state,p_marked,error,gate_count,depth
000,0.134765625,0.865234375,33,17
001,0.126953125,0.873046875,27,11
010,0.138671875,0.861328125,27,17
011,0.1015625,0.8984375,21,11
100,0.119140625,0.880859375,27,17
101,0.13671875,0.86328125,21,11
110,0.138671875,0.861328125,21,17
111,0.123046875,0.876953125,15,11
