state,p_marked,error,gate_count,depth
000,0.279296875,0.720703125,41,21
001,0.24609375,0.75390625,37,17
010,0.2265625,0.7734375,37,21
011,0.244140625,0.755859375,33,17
100,0.26171875,0.73828125,37,21
101,0.23828125,0.76171875,33,17
110,0.26171875,0.73828125,33,21
111,0.224609375,0.775390625,29,17
