state,p_marked,error,gate_count,depth
000,0.07421875,0.92578125,38,21
001,0.05859375,0.94140625,36,19
010,0.072265625,0.927734375,36,21
011,0.05859375,0.94140625,34,19
100,0.03515625,0.96484375,36,21
101,0.064453125,0.935546875,34,19
110,0.05859375,0.94140625,34,21
111,0.060546875,0.939453125,32,19
