state,p_marked,error,gate_count,depth
000,0.123046875,0.876953125,32,15
001,0.119140625,0.880859375,30,13
010,0.1171875,0.8828125,30,15
011,0.154296875,0.845703125,28,13
100,0.099609375,0.900390625,30,15
101,0.14453125,0.85546875,28,13
110,0.12890625,0.87109375,28,15
111,0.140625,0.859375,26,13
