state,p_marked,error,gate_count,depth
000,0.47265625,0.52734375,50,26
001,0.447265625,0.552734375,44,20
010,0.51953125,0.48046875,44,26
011,0.49609375,0.50390625,38,20
100,0.484375,0.515625,44,26
101,0.48046875,0.51953125,38,20
110,0.5,0.5,38,26
111,0.5078125,0.4921875,32,20
