state,p_marked,error,gate_count,depth
000,0.4921875,0.5078125,32,16
001,0.478515625,0.521484375,30,14
010,0.4609375,0.5390625,30,16
011,0.486328125,0.513671875,28,14
100,0.505859375,0.494140625,30,16
101,0.4609375,0.5390625,28,14
110,0.51953125,0.48046875,28,16
111,0.494140625,0.505859375,26,14
