state,p_marked,error,gate_count,depth
000,0.13671875,0.86328125,27,15
001,0.091796875,0.908203125,27,15
010,0.142578125,0.857421875,27,15
011,0.130859375,0.869140625,27,15
100,0.11328125,0.88671875,27,15
101,0.125,0.875,27,15
110,0.115234375,0.884765625,27,15
111,0.103515625,0.896484375,27,15
