state,p_marked,error,gate_count,depth
000,0.466796875,0.533203125,42,22
001,0.50390625,0.49609375,38,18
010,0.5390625,0.4609375,38,22
011,0.548828125,0.451171875,34,18
100,0.494140625,0.505859375,38,22
101,0.529296875,0.470703125,34,18
110,0.537109375,0.462890625,34,22
111,0.474609375,0.525390625,30,18
