state,p_marked,error,gate_count,depth
000,0.1328125,0.8671875,49,24
001,0.115234375,0.884765625,47,22
010,0.14453125,0.85546875,47,24
011,0.12890625,0.87109375,45,22
100,0.1328125,0.8671875,47,24
101,0.109375,0.890625,45,22
110,0.142578125,0.857421875,45,24
111,0.111328125,0.888671875,43,22
