state,p_marked,error,gate_count,depth
000,0.501953125,0.498046875,50,26
001,0.51171875,0.48828125,44,20
010,0.46484375,0.53515625,44,26
011,0.53125,0.46875,38,20
100,0.478515625,0.521484375,44,26
101,0.5,0.5,38,20
110,0.46875,0.53125,38,26
111,0.501953125,0.498046875,32,20
