state,p_marked,error,gate_count,depth
000,0.1328125,0.8671875,32,16
001,0.125,0.875,30,14
010,0.1328125,0.8671875,30,16
011,0.1171875,0.8828125,28,14
100,0.13671875,0.86328125,30,16
101,0.13671875,0.86328125,28,14
110,0.107421875,0.892578125,28,16
111,0.10546875,0.89453125,26,14
