state,p_marked,error,gate_count,depth
000,0.537109375,0.462890625,32,16
001,0.498046875,0.501953125,30,14
010,0.50390625,0.49609375,30,16
011,0.498046875,0.501953125,28,14
100,0.466796875,0.533203125,30,16
101,0.482421875,0.517578125,28,14
110,0.46875,0.53125,28,16
111,0.466796875,0.533203125,26,14
