state,p_marked,error,gate_count,depth
000,0.09765625,0.90234375,32,15
001,0.130859375,0.869140625,30,13
010,0.14453125,0.85546875,30,15
011,0.123046875,0.876953125,28,13
100,0.10546875,0.89453125,30,15
101,0.107421875,0.892578125,28,13
110,0.16796875,0.83203125,28,15
111,0.1328125,0.8671875,26,13
