state,p_marked,error,gate_count,depth
000,0.138671875,0.861328125,30,16
001,0.107421875,0.892578125,30,16
010,0.134765625,0.865234375,30,16
011,0.1328125,0.8671875,30,16
100,0.15234375,0.84765625,30,16
101,0.126953125,0.873046875,30,16
110,0.123046875,0.876953125,30,16
111,0.1328125,0.8671875,30,16
