state,p_marked,error,gate_count,depth
000,0.134765625,0.865234375,24,10
001,0.126953125,0.873046875,24,10
010,0.14453125,0.85546875,24,10
011,0.09765625,0.90234375,24,10
100,0.12109375,0.87890625,24,10
101,0.109375,0.890625,24,10
110,0.109375,0.890625,24,10
111,0.158203125,0.841796875,24,10
