state,p_marked,error,gate_count,depth
000,0.12109375,0.87890625,46,21
001,0.140625,0.859375,46,21
010,0.140625,0.859375,46,21
011,0.13671875,0.86328125,46,21
100,0.099609375,0.900390625,46,21
101,0.107421875,0.892578125,46,21
110,0.099609375,0.900390625,46,21
111,0.13671875,0.86328125,46,21
