state,p_marked,error,gate_count,depth
000,0.14453125,0.85546875,58,30
001,0.146484375,0.853515625,54,26
010,0.171875,0.828125,54,30
011,0.126953125,0.873046875,50,26
100,0.103515625,0.896484375,54,30
101,0.11328125,0.88671875,50,26
110,0.130859375,0.869140625,50,30
111,0.111328125,0.888671875,46,26
