state,p_marked,error,gate_count,depth
000,0.298828125,0.701171875,58,30
001,0.28515625,0.71484375,54,26
010,0.03125,0.96875,54,30
011,0.021484375,0.978515625,50,26
100,0.296875,0.703125,54,30
101,0.275390625,0.724609375,50,26
110,0.033203125,0.966796875,50,30
111,0.0234375,0.9765625,46,26
