state,p_marked,error,gate_count,depth
000,0.1484375,0.8515625,41,20
001,0.142578125,0.857421875,37,16
010,0.138671875,0.861328125,37,20
011,0.126953125,0.873046875,33,16
100,0.12890625,0.87109375,37,20
101,0.1328125,0.8671875,33,16
110,0.1640625,0.8359375,33,20
111,0.11328125,0.88671875,29,16
