state,p_marked,error,gate_count,depth
000,0.140625,0.859375,71,37
001,0.177734375,0.822265625,67,33
010,0.048828125,0.951171875,67,37
011,0.21875,0.78125,63,33
100,0.111328125,0.888671875,67,37
101,0.048828125,0.951171875,63,33
110,0.126953125,0.873046875,63,37
111,0.013671875,0.986328125,59,33
