state,p_marked,error,gate_count,depth
000,0.513671875,0.486328125,50,26
001,0.5,0.5,44,20
010,0.525390625,0.474609375,44,26
011,0.484375,0.515625,38,20
100,0.533203125,0.466796875,44,26
101,0.5078125,0.4921875,38,20
110,0.47265625,0.52734375,38,26
111,0.486328125,0.513671875,32,20
