state,p_marked,error,gate_count,depth
000,0.11328125,0.88671875,51,27
001,0.119140625,0.880859375,41,17
010,0.115234375,0.884765625,41,27
011,0.115234375,0.884765625,31,17
100,0.123046875,0.876953125,41,27
101,0.14453125,0.85546875,31,17
110,0.125,0.875,31,27
111,0.140625,0.859375,21,17
