state,p_marked,error,gate_count,depth
000,0.12109375,0.87890625,24,12
001,0.109375,0.890625,20,8
010,0.107421875,0.892578125,20,12
011,0.12890625,0.87109375,16,8
100,0.12890625,0.87109375,20,12
101,0.1484375,0.8515625,16,8
110,0.138671875,0.861328125,16,12
111,0.150390625,0.849609375,12,8
