state,p_marked,error,gate_count,depth
000,0.130859375,0.869140625,55,29
001,0.12890625,0.87109375,53,27
010,0.12109375,0.87890625,53,29
011,0.103515625,0.896484375,51,27
100,0.1171875,0.8828125,53,29
101,0.138671875,0.861328125,51,27
110,0.115234375,0.884765625,51,29
111,0.119140625,0.880859375,49,27
