state,p_marked,error,gate_count,depth
000,0.1171875,0.8828125,58,30
001,0.125,0.875,54,26
010,0.16015625,0.83984375,54,30
011,0.12890625,0.87109375,50,26
100,0.130859375,0.869140625,54,30
101,0.1171875,0.8828125,50,26
110,0.13671875,0.86328125,50,30
111,0.099609375,0.900390625,46,26
