state,p_marked,error,gate_count,depth
000,0.00390625,0.99609375,85,57
001,0.001953125,0.998046875,83,55
010,0.19921875,0.80078125,83,57
011,0.0234375,0.9765625,81,55
100,0.283203125,0.716796875,83,57
101,0.16015625,0.83984375,81,55
110,0.013671875,0.986328125,81,57
111,0.275390625,0.724609375,79,55
