state,p_marked,error,gate_count,depth
000,0.0,1.0,46,24
001,0.10546875,0.89453125,42,20
010,0.0,1.0,42,24
011,0.130859375,0.869140625,38,20
100,0.09375,0.90625,42,24
101,0.0,1.0,38,20
110,0.126953125,0.873046875,38,24
111,0.0,1.0,34,20
