state,p_marked,error,gate_count,depth
000,0.126953125,0.873046875,33,17
001,0.0,1.0,31,15
010,0.125,0.875,31,17
011,0.126953125,0.873046875,29,15
100,0.146484375,0.853515625,31,17
101,0.0,1.0,29,15
110,0.103515625,0.896484375,29,17
111,0.095703125,0.904296875,27,15
