state,p_marked,error,gate_count,depth
000,0.56640625,0.43359375,32,16
001,0.482421875,0.517578125,30,14
010,0.5,0.5,30,16
011,0.50390625,0.49609375,28,14
100,0.494140625,0.505859375,30,16
101,0.48046875,0.51953125,28,14
110,0.48828125,0.51171875,28,16
111,0.52734375,0.47265625,26,14
