state,p_marked,error,gate_count,depth
000,0.08984375,0.91015625,26,13
001,0.12890625,0.87109375,26,13
010,0.1484375,0.8515625,26,13
011,0.125,0.875,26,13
100,0.142578125,0.857421875,26,13
101,0.13671875,0.86328125,26,13
110,0.08984375,0.91015625,26,13
111,0.111328125,0.888671875,26,13
