state,p_marked,error,gate_count,depth
000,0.0,1.0,43,21
001,0.0,1.0,39,18
010,0.0,1.0,39,21
011,0.0,1.0,35,17
100,0.0,1.0,39,21
101,0.1328125,0.8671875,35,18
110,0.0,1.0,35,21
111,0.12109375,0.87890625,31,17
