state,p_marked,error,gate_count,depth
000,0.109375,0.890625,63,32
001,0.11328125,0.88671875,59,28
010,0.126953125,0.873046875,59,32
011,0.142578125,0.857421875,55,28
100,0.16015625,0.83984375,59,32
101,0.146484375,0.853515625,55,28
110,0.099609375,0.900390625,55,32
111,0.1171875,0.8828125,51,28
