state,p_marked,error,gate_count,depth
000,0.478515625,0.521484375,41,21
001,0.521484375,0.478515625,37,17
010,0.515625,0.484375,37,21
011,0.51953125,0.48046875,33,17
100,0.51953125,0.48046875,37,21
101,0.529296875,0.470703125,33,17
110,0.501953125,0.498046875,33,21
111,0.45703125,0.54296875,29,17
