state,p_marked,error,gate_count,depth
000,0.50390625,0.49609375,32,16
001,0.48046875,0.51953125,30,14
010,0.470703125,0.529296875,30,16
011,0.509765625,0.490234375,28,14
100,0.48046875,0.51953125,30,16
101,0.51171875,0.48828125,28,14
110,0.48828125,0.51171875,28,16
111,0.478515625,0.521484375,26,14
