state,p_marked,error,gate_count,depth
000,0.32421875,0.67578125,42,26
001,0.025390625,0.974609375,42,26
010,0.052734375,0.947265625,42,26
011,0.00390625,0.99609375,42,26
100,0.16796875,0.83203125,42,26
101,0.001953125,0.998046875,42,26
110,0.421875,0.578125,42,26
111,0.015625,0.984375,42,26
