state,p_marked,error,gate_count,depth
000,0.48828125,0.51171875,33,17
001,0.544921875,0.455078125,31,15
010,0.458984375,0.541015625,31,17
011,0.11328125,0.88671875,29,15
100,0.4921875,0.5078125,31,17
101,0.4921875,0.5078125,29,15
110,0.12890625,0.87109375,29,17
111,0.53515625,0.46484375,27,15
