state,p_marked,error,gate_count,depth
000,0.12109375,0.87890625,24,12
001,0.1484375,0.8515625,24,12
010,0.15234375,0.84765625,24,12
011,0.125,0.875,24,12
100,0.1015625,0.8984375,24,12
101,0.126953125,0.873046875,24,12
110,0.1015625,0.8984375,24,12
111,0.130859375,0.869140625,24,12
