state,p_marked,error,gate_count,depth
000,0.484375,0.515625,41,21
001,0.49609375,0.50390625,37,17
010,0.544921875,0.455078125,37,21
011,0.51171875,0.48828125,33,17
100,0.513671875,0.486328125,37,21
101,0.46875,0.53125,33,17
110,0.544921875,0.455078125,33,21
111,0.5078125,0.4921875,29,17
