state,p_marked,error,gate_count,depth
000,0.103515625,0.896484375,49,25
001,0.1328125,0.8671875,47,23
010,0.138671875,0.861328125,47,25
011,0.095703125,0.904296875,45,23
100,0.138671875,0.861328125,47,25
101,0.134765625,0.865234375,45,23
110,0.138671875,0.861328125,45,25
111,0.123046875,0.876953125,43,23
