state,p_marked,error,gate_count,depth
000,0.103515625,0.896484375,33,17
001,0.0,1.0,31,15
010,0.119140625,0.880859375,31,17
011,0.1328125,0.8671875,29,15
100,0.1015625,0.8984375,31,17
101,0.0,1.0,29,15
110,0.13671875,0.86328125,29,17
111,0.099609375,0.900390625,27,15
