state,p_marked,error,gate_count,depth
000,0.134765625,0.865234375,55,28
001,0.10546875,0.89453125,53,26
010,0.109375,0.890625,53,28
011,0.13671875,0.86328125,51,26
100,0.123046875,0.876953125,53,28
101,0.115234375,0.884765625,51,26
110,0.14453125,0.85546875,51,28
111,0.130859375,0.869140625,49,26
