state,p_marked,error,gate_count,depth
000,0.125,0.875,63,32
001,0.107421875,0.892578125,59,28
010,0.134765625,0.865234375,59,32
011,0.12109375,0.87890625,55,28
100,0.146484375,0.853515625,59,32
101,0.12890625,0.87109375,55,28
110,0.119140625,0.880859375,55,32
111,0.10546875,0.89453125,51,28
