state,p_marked,error,gate_count,depth
000,0.5,0.5,41,21
001,0.462890625,0.537109375,37,17
010,0.517578125,0.482421875,37,21
011,0.486328125,0.513671875,33,17
100,0.5234375,0.4765625,37,21
101,0.458984375,0.541015625,33,17
110,0.49609375,0.50390625,33,21
111,0.447265625,0.552734375,29,17
