state,p_marked,error,gate_count,depth
000,0.5078125,0.4921875,59,31
001,0.47265625,0.52734375,51,23
010,0.501953125,0.498046875,51,31
011,0.501953125,0.498046875,43,23
100,0.46875,0.53125,51,31
101,0.49609375,0.50390625,43,23
110,0.46875,0.53125,43,31
111,0.5,0.5,35,23
