state,p_marked,error,gate_count,depth
000,0.134765625,0.865234375,41,20
001,0.146484375,0.853515625,37,16
010,0.107421875,0.892578125,37,20
011,0.14453125,0.85546875,33,16
100,0.09765625,0.90234375,37,20
101,0.123046875,0.876953125,33,16
110,0.125,0.875,33,20
111,0.134765625,0.865234375,29,16
