state,p_marked,error,gate_count,depth
000,0.158203125,0.841796875,42,22
001,0.146484375,0.853515625,42,22
010,0.126953125,0.873046875,42,22
011,0.107421875,0.892578125,42,22
100,0.12109375,0.87890625,42,22
101,0.109375,0.890625,42,22
110,0.123046875,0.876953125,42,22
111,0.119140625,0.880859375,42,22
