state,p_marked,error,gate_count,depth
000,0.130859375,0.869140625,41,20
001,0.140625,0.859375,37,16
010,0.103515625,0.896484375,37,20
011,0.10546875,0.89453125,33,16
100,0.119140625,0.880859375,37,20
101,0.126953125,0.873046875,33,16
110,0.11328125,0.88671875,33,20
111,0.115234375,0.884765625,29,16
