state,p_marked,error,gate_count,depth
000,0.138671875,0.861328125,61,32
001,0.169921875,0.830078125,57,28
010,0.109375,0.890625,57,32
011,0.126953125,0.873046875,53,28
100,0.109375,0.890625,57,32
101,0.115234375,0.884765625,53,28
110,0.10546875,0.89453125,53,32
111,0.1328125,0.8671875,49,28
