state,p_marked,error,gate_count,depth
000,0.140625,0.859375,41,20
001,0.125,0.875,37,16
010,0.10546875,0.89453125,37,20
011,0.107421875,0.892578125,33,16
100,0.1171875,0.8828125,37,20
101,0.111328125,0.888671875,33,16
110,0.111328125,0.888671875,33,20
111,0.087890625,0.912109375,29,16
