state,p_marked,error,gate_count,depth
000,0.474609375,0.525390625,41,21
001,0.470703125,0.529296875,37,17
010,0.529296875,0.470703125,37,21
011,0.51171875,0.48828125,33,17
100,0.470703125,0.529296875,37,21
101,0.515625,0.484375,33,17
110,0.509765625,0.490234375,33,21
111,0.5234375,0.4765625,29,17
