state,p_marked,error,gate_count,depth
000,0.0,1.0,33,17
001,0.0,1.0,31,15
010,0.0,1.0,31,17
011,0.0,1.0,29,15
100,0.50390625,0.49609375,31,17
101,0.517578125,0.482421875,29,15
110,0.498046875,0.501953125,29,17
111,0.474609375,0.525390625,27,15
