state,p_marked,error,gate_count,depth
000,0.12890625,0.87109375,32,16
001,0.12890625,0.87109375,30,14
010,0.1171875,0.8828125,30,16
011,0.119140625,0.880859375,28,14
100,0.142578125,0.857421875,30,16
101,0.115234375,0.884765625,28,14
110,0.119140625,0.880859375,28,16
111,0.107421875,0.892578125,26,14
