state,p_marked,error,gate_count,depth
000,0.115234375,0.884765625,49,25
001,0.125,0.875,47,23
010,0.130859375,0.869140625,47,25
011,0.1015625,0.8984375,45,23
100,0.11328125,0.88671875,47,25
101,0.1171875,0.8828125,45,23
110,0.125,0.875,45,25
111,0.11328125,0.88671875,43,23
