state,p_marked,error,gate_count,depth
000,0.4765625,0.5234375,41,21
001,0.515625,0.484375,37,17
010,0.49609375,0.50390625,37,21
011,0.517578125,0.482421875,33,17
100,0.498046875,0.501953125,37,21
101,0.4921875,0.5078125,33,17
110,0.537109375,0.462890625,33,21
111,0.51171875,0.48828125,29,17
