state,p_marked,error,gate_count,depth
000,0.220703125,0.779296875,65,35
001,0.26171875,0.73828125,61,31
010,0.0,1.0,61,35
011,0.0,1.0,57,31
100,0.2578125,0.7421875,61,35
101,0.2265625,0.7734375,57,31
110,0.0,1.0,57,35
111,0.0,1.0,53,31
