state,p_marked,error,gate_count,depth
000,0.134765625,0.865234375,55,28
001,0.498046875,0.501953125,53,26
010,0.13671875,0.86328125,53,28
011,0.46875,0.53125,51,26
100,0.0,1.0,53,28
101,0.13671875,0.86328125,51,26
110,0.0,1.0,51,28
111,0.1171875,0.8828125,49,26
