state,p_marked,error,gate_count,depth
000,0.111328125,0.888671875,33,17
001,0.1171875,0.8828125,27,11
010,0.130859375,0.869140625,27,17
011,0.107421875,0.892578125,21,11
100,0.134765625,0.865234375,27,17
101,0.115234375,0.884765625,21,11
110,0.103515625,0.896484375,21,17
111,0.1015625,0.8984375,15,11
