state,p_marked,error,gate_count,depth
000,0.4921875,0.5078125,41,21
001,0.53125,0.46875,37,17
010,0.466796875,0.533203125,37,21
011,0.462890625,0.537109375,33,17
100,0.54296875,0.45703125,37,21
101,0.50390625,0.49609375,33,17
110,0.5078125,0.4921875,33,21
111,0.474609375,0.525390625,29,17
