state,p_marked,error,gate_count,depth
000,0.125,0.875,58,28
001,0.1328125,0.8671875,54,24
010,0.12890625,0.87109375,54,28
011,0.1171875,0.8828125,50,24
100,0.154296875,0.845703125,54,28
101,0.103515625,0.896484375,50,24
110,0.107421875,0.892578125,50,28
111,0.126953125,0.873046875,46,24
