state,p_marked,error,gate_count,depth
000,0.103515625,0.896484375,24,12
001,0.1015625,0.8984375,20,8
010,0.1328125,0.8671875,20,12
011,0.162109375,0.837890625,16,8
100,0.166015625,0.833984375,20,12
101,0.123046875,0.876953125,16,8
110,0.142578125,0.857421875,16,12
111,0.150390625,0.849609375,12,8
