state,p_marked,error,gate_count,depth
000,0.12890625,0.87109375,46,23
001,0.142578125,0.857421875,42,19
010,0.134765625,0.865234375,42,23
011,0.12109375,0.87890625,38,19
100,0.14453125,0.85546875,42,23
101,0.130859375,0.869140625,38,19
110,0.15234375,0.84765625,38,23
111,0.134765625,0.865234375,34,19
