state,p_marked,error,gate_count,depth
000,0.103515625,0.896484375,33,17
001,0.0,1.0,31,15
010,0.130859375,0.869140625,31,17
011,0.107421875,0.892578125,29,15
100,0.1328125,0.8671875,31,17
101,0.0,1.0,29,15
110,0.1328125,0.8671875,29,17
111,0.12890625,0.87109375,27,15
