state,p_marked,error,gate_count,depth
000,0.5078125,0.4921875,50,26
001,0.478515625,0.521484375,44,20
010,0.533203125,0.466796875,44,26
011,0.501953125,0.498046875,38,20
100,0.521484375,0.478515625,44,26
101,0.5078125,0.4921875,38,20
110,0.515625,0.484375,38,26
111,0.48828125,0.51171875,32,20
