state,p_marked,error,gate_count,depth
000,0.4296875,0.5703125,78,40
001,0.0,1.0,74,37
010,0.091796875,0.908203125,74,40
011,0.0,1.0,70,36
100,0.421875,0.578125,74,40
101,0.0,1.0,70,37
110,0.078125,0.921875,70,40
111,0.0,1.0,66,36
