state,p_marked,error,gate_count,depth
000,0.10546875,0.89453125,41,18
001,0.11328125,0.88671875,41,18
010,0.140625,0.859375,41,18
011,0.134765625,0.865234375,41,18
100,0.1328125,0.8671875,41,18
101,0.123046875,0.876953125,41,18
110,0.154296875,0.845703125,41,18
111,0.177734375,0.822265625,41,18
