state,p_marked,error,gate_count,depth
000,0.134765625,0.865234375,42,21
001,0.115234375,0.884765625,38,17
010,0.140625,0.859375,38,21
011,0.126953125,0.873046875,34,17
100,0.13671875,0.86328125,38,21
101,0.126953125,0.873046875,34,17
110,0.13671875,0.86328125,34,21
111,0.1171875,0.8828125,30,17
