state,p_marked,error,gate_count,depth
000,0.134765625,0.865234375,32,15
001,0.125,0.875,30,13
010,0.12890625,0.87109375,30,15
011,0.13671875,0.86328125,28,13
100,0.11328125,0.88671875,30,15
101,0.123046875,0.876953125,28,13
110,0.087890625,0.912109375,28,15
111,0.134765625,0.865234375,26,13
