state,p_marked,error,gate_count,depth
000,0.537109375,0.462890625,50,26
001,0.53125,0.46875,44,20
010,0.466796875,0.533203125,44,26
011,0.53125,0.46875,38,20
100,0.521484375,0.478515625,44,26
101,0.49609375,0.50390625,38,20
110,0.46484375,0.53515625,38,26
111,0.505859375,0.494140625,32,20
