state,p_marked,error,gate_count,depth
000,0.0,1.0,54,26
001,0.0,1.0,52,25
010,0.123046875,0.876953125,52,26
011,0.123046875,0.876953125,50,25
100,0.0,1.0,52,25
101,0.0,1.0,50,24
110,0.1328125,0.8671875,50,25
111,0.15625,0.84375,48,24
