state,p_marked,error,gate_count,depth
000,0.0,1.0,51,27
001,0.0,1.0,45,21
010,0.0,1.0,45,27
011,0.0,1.0,39,21
100,0.0,1.0,45,27
101,0.0,1.0,39,21
110,0.521484375,0.478515625,39,27
111,0.5390625,0.4609375,33,21
