state,p_marked,error,gate_count,depth
000,0.1328125,0.8671875,42,22
001,0.154296875,0.845703125,38,18
010,0.14453125,0.85546875,38,22
011,0.146484375,0.853515625,34,18
100,0.138671875,0.861328125,38,22
101,0.14453125,0.85546875,34,18
110,0.1484375,0.8515625,34,22
111,0.09375,0.90625,30,18
