state,p_marked,error,gate_count,depth
000,0.115234375,0.884765625,32,15
001,0.12890625,0.87109375,30,13
010,0.146484375,0.853515625,30,15
011,0.119140625,0.880859375,28,13
100,0.14453125,0.85546875,30,15
101,0.154296875,0.845703125,28,13
110,0.12890625,0.87109375,28,15
111,0.134765625,0.865234375,26,13
