state,p_marked,error,gate_count,depth
000,0.0,1.0,64,35
001,0.142578125,0.857421875,60,31
010,0.126953125,0.873046875,60,35
011,0.259765625,0.740234375,56,31
100,0.0,1.0,60,35
101,0.146484375,0.853515625,56,31
110,0.0,1.0,56,35
111,0.14453125,0.85546875,52,31
