state,p_marked,error,gate_count,depth
000,0.51171875,0.48828125,32,16
001,0.53125,0.46875,30,14
010,0.5390625,0.4609375,30,16
011,0.525390625,0.474609375,28,14
100,0.49609375,0.50390625,30,16
101,0.486328125,0.513671875,28,14
110,0.490234375,0.509765625,28,16
111,0.486328125,0.513671875,26,14
