state,p_marked,error,gate_count,depth
000,0.13671875,0.86328125,68,34
001,0.12109375,0.87890625,62,29
010,0.123046875,0.876953125,62,34
011,0.115234375,0.884765625,56,28
100,0.10546875,0.89453125,62,34
101,0.1328125,0.8671875,56,29
110,0.115234375,0.884765625,56,34
111,0.119140625,0.880859375,50,28
