state,p_marked,error,gate_count,depth
000,0.029296875,0.970703125,91,50
001,0.0234375,0.9765625,87,46
010,0.30078125,0.69921875,87,50
011,0.046875,0.953125,83,46
100,0.03515625,0.96484375,87,50
101,0.05078125,0.94921875,83,46
110,0.244140625,0.755859375,83,50
111,0.025390625,0.974609375,79,46
