state,p_marked,error,gate_count,depth
000,0.109375,0.890625,15,7
001,0.103515625,0.896484375,13,5
010,0.13671875,0.86328125,13,7
011,0.15625,0.84375,11,5
100,0.1328125,0.8671875,13,7
101,0.16015625,0.83984375,11,5
110,0.1484375,0.8515625,11,7
111,0.1328125,0.8671875,9,5
