state,p_marked,error,gate_count,depth
000,0.044921875,0.955078125,34,20
001,0.044921875,0.955078125,34,20
010,0.21484375,0.78515625,34,20
011,0.2265625,0.7734375,34,20
100,0.220703125,0.779296875,34,20
101,0.1640625,0.8359375,34,20
110,0.029296875,0.970703125,34,20
111,0.060546875,0.939453125,34,20
