state,p_marked,error,gate_count,depth
000,0.1171875,0.8828125,58,30
001,0.119140625,0.880859375,54,26
010,0.10546875,0.89453125,54,30
011,0.115234375,0.884765625,50,26
100,0.10546875,0.89453125,54,30
101,0.11328125,0.88671875,50,26
110,0.138671875,0.861328125,50,30
111,0.15625,0.84375,46,26
