state,p_marked,error,gate_count,depth
000,0.10546875,0.89453125,41,20
001,0.125,0.875,37,16
010,0.13671875,0.86328125,37,20
011,0.126953125,0.873046875,33,16
100,0.125,0.875,37,20
101,0.140625,0.859375,33,16
110,0.107421875,0.892578125,33,20
111,0.130859375,0.869140625,29,16
