state,p_marked,error,gate_count,depth
000,0.12890625,0.87109375,49,24
001,0.138671875,0.861328125,47,22
010,0.115234375,0.884765625,47,24
011,0.13671875,0.86328125,45,22
100,0.111328125,0.888671875,47,24
101,0.11328125,0.88671875,45,22
110,0.09375,0.90625,45,24
111,0.123046875,0.876953125,43,22
