state,p_marked,error,gate_count,depth
000,0.103515625,0.896484375,32,15
001,0.12109375,0.87890625,30,13
010,0.1171875,0.8828125,30,15
011,0.14453125,0.85546875,28,13
100,0.12109375,0.87890625,30,15
101,0.123046875,0.876953125,28,13
110,0.13671875,0.86328125,28,15
111,0.1171875,0.8828125,26,13
