state,p_marked,error,gate_count,depth
000,0.130859375,0.869140625,33,17
001,0.126953125,0.873046875,27,11
010,0.111328125,0.888671875,27,17
011,0.107421875,0.892578125,21,11
100,0.107421875,0.892578125,27,17
101,0.1015625,0.8984375,21,11
110,0.1328125,0.8671875,21,17
111,0.15625,0.84375,15,11
