state,p_marked,error,gate_count,depth
000,0.11328125,0.88671875,113,59
001,0.126953125,0.873046875,105,52
010,0.19921875,0.80078125,105,59
011,0.029296875,0.970703125,97,51
100,0.076171875,0.923828125,105,59
101,0.21875,0.78125,97,52
110,0.064453125,0.935546875,97,59
111,0.212890625,0.787109375,89,51
