state,p_marked,error,gate_count,depth
000,0.083984375,0.916015625,119,89
001,0.21875,0.78125,119,89
010,0.01953125,0.98046875,119,89
011,0.2578125,0.7421875,119,89
100,0.162109375,0.837890625,119,89
101,0.04296875,0.95703125,119,89
110,0.162109375,0.837890625,119,89
111,0.00390625,0.99609375,119,89
