state,p_marked,error,gate_count,depth
000,0.0,1.0,33,16
001,0.0,1.0,31,14
010,0.0,1.0,31,16
011,0.0,1.0,29,14
100,0.0,1.0,31,16
101,0.115234375,0.884765625,29,14
110,0.0,1.0,29,16
111,0.11328125,0.88671875,27,14
