state,p_marked,error,gate_count,depth
000,0.107421875,0.892578125,49,25
001,0.115234375,0.884765625,47,23
010,0.130859375,0.869140625,47,25
011,0.1328125,0.8671875,45,23
100,0.09765625,0.90234375,47,25
101,0.11328125,0.88671875,45,23
110,0.099609375,0.900390625,45,25
111,0.130859375,0.869140625,43,23
