state,p_marked,error,gate_count,depth
000,0.5,0.5,32,16
001,0.46484375,0.53515625,30,14
010,0.45703125,0.54296875,30,16
011,0.48046875,0.51953125,28,14
100,0.529296875,0.470703125,30,16
101,0.498046875,0.501953125,28,14
110,0.5,0.5,28,16
111,0.48828125,0.51171875,26,14
