state,p_marked,error,gate_count,depth
000,0.015625,0.984375,44,22
001,0.009765625,0.990234375,40,18
010,0.00390625,0.99609375,40,22
011,0.015625,0.984375,36,18
100,0.005859375,0.994140625,40,22
101,0.005859375,0.994140625,36,18
110,0.005859375,0.994140625,36,22
111,0.009765625,0.990234375,32,18
