state,p_marked,error,gate_count,depth
000,0.125,0.875,15,7
001,0.146484375,0.853515625,13,5
010,0.11328125,0.88671875,13,7
011,0.138671875,0.861328125,11,5
100,0.13671875,0.86328125,13,7
101,0.1484375,0.8515625,11,5
110,0.126953125,0.873046875,11,7
111,0.15234375,0.84765625,9,5
