state,p_marked,error,gate_count,depth
000,0.1171875,0.8828125,32,15
001,0.115234375,0.884765625,30,13
010,0.134765625,0.865234375,30,15
011,0.099609375,0.900390625,28,13
100,0.10546875,0.89453125,30,15
101,0.13671875,0.86328125,28,13
110,0.115234375,0.884765625,28,15
111,0.12109375,0.87890625,26,13
