state,p_marked,error,gate_count,depth
000,0.130859375,0.869140625,15,7
001,0.138671875,0.861328125,13,5
010,0.138671875,0.861328125,13,7
011,0.142578125,0.857421875,11,5
100,0.1171875,0.8828125,13,7
101,0.123046875,0.876953125,11,5
110,0.115234375,0.884765625,11,7
111,0.10546875,0.89453125,9,5
