state,p_marked,error,gate_count,depth
000,0.119140625,0.880859375,42,22
001,0.130859375,0.869140625,34,14
010,0.140625,0.859375,34,22
011,0.123046875,0.876953125,26,14
100,0.134765625,0.865234375,34,22
101,0.134765625,0.865234375,26,14
110,0.15234375,0.84765625,26,22
111,0.150390625,0.849609375,18,14
