state,p_marked,error,gate_count,depth
000,0.0,1.0,38,20
001,0.095703125,0.904296875,36,18
010,0.0,1.0,36,20
011,0.125,0.875,34,18
100,0.12890625,0.87109375,36,20
101,0.0,1.0,34,18
110,0.53515625,0.46484375,34,20
111,0.125,0.875,32,18
