state,p_marked,error,gate_count,depth
000,0.5078125,0.4921875,32,16
001,0.48828125,0.51171875,30,14
010,0.490234375,0.509765625,30,16
011,0.462890625,0.537109375,28,14
100,0.484375,0.515625,30,16
101,0.48828125,0.51171875,28,14
110,0.51171875,0.48828125,28,16
111,0.50390625,0.49609375,26,14
