state,p_marked,error,gate_count,depth
000,0.119140625,0.880859375,52,27
001,0.1171875,0.8828125,50,25
010,0.1171875,0.8828125,50,27
011,0.1328125,0.8671875,48,25
100,0.103515625,0.896484375,50,27
101,0.115234375,0.884765625,48,25
110,0.138671875,0.861328125,48,27
111,0.11328125,0.88671875,46,25
