state,p_marked,error,gate_count,depth
000,0.150390625,0.849609375,24,12
001,0.12890625,0.87109375,20,8
010,0.1015625,0.8984375,20,12
011,0.16015625,0.83984375,16,8
100,0.1015625,0.8984375,20,12
101,0.119140625,0.880859375,16,8
110,0.134765625,0.865234375,16,12
111,0.12890625,0.87109375,12,8
