state,p_marked,error,gate_count,depth
000,0.0,1.0,33,17
001,0.08203125,0.91796875,33,17
010,0.6328125,0.3671875,33,17
011,0.080078125,0.919921875,33,17
100,0.0,1.0,33,17
101,0.1015625,0.8984375,33,17
110,0.0,1.0,33,17
111,0.09765625,0.90234375,33,17
