state,p_marked,error,gate_count,depth
000,0.125,0.875,33,16
001,0.15234375,0.84765625,31,14
010,0.138671875,0.861328125,31,16
011,0.142578125,0.857421875,29,14
100,0.126953125,0.873046875,31,16
101,0.125,0.875,29,14
110,0.12890625,0.87109375,29,16
111,0.119140625,0.880859375,27,14
