state,p_marked,error,gate_count,depth
000,0.150390625,0.849609375,41,19
001,0.12890625,0.87109375,41,19
010,0.12109375,0.87890625,41,19
011,0.12109375,0.87890625,41,19
100,0.142578125,0.857421875,41,19
101,0.134765625,0.865234375,41,19
110,0.1328125,0.8671875,41,19
111,0.134765625,0.865234375,41,19
