state,p_marked,error,gate_count,depth
000,0.060546875,0.939453125,41,21
001,0.06640625,0.93359375,37,17
010,0.046875,0.953125,37,21
011,0.048828125,0.951171875,33,17
100,0.076171875,0.923828125,37,21
101,0.076171875,0.923828125,33,17
110,0.080078125,0.919921875,33,21
111,0.056640625,0.943359375,29,17
