state,p_marked,error,gate_count,depth
000,0.470703125,0.529296875,41,21
001,0.4609375,0.5390625,37,17
010,0.482421875,0.517578125,37,21
011,0.501953125,0.498046875,33,17
100,0.482421875,0.517578125,37,21
101,0.525390625,0.474609375,33,17
110,0.46875,0.53125,33,21
111,0.486328125,0.513671875,29,17
