state,p_marked,error,gate_count,depth
000,0.130859375,0.869140625,42,22
001,0.109375,0.890625,34,14
010,0.130859375,0.869140625,34,22
011,0.115234375,0.884765625,26,14
100,0.109375,0.890625,34,22
101,0.12109375,0.87890625,26,14
110,0.109375,0.890625,26,22
111,0.125,0.875,18,14
