state,p_marked,error,gate_count,depth
000,0.255859375,0.744140625,49,24
001,0.0,1.0,47,22
010,0.271484375,0.728515625,47,24
011,0.0,1.0,45,22
100,0.23828125,0.76171875,47,24
101,0.0,1.0,45,22
110,0.251953125,0.748046875,45,24
111,0.0,1.0,43,22
