state,p_marked,error,gate_count,depth
000,0.109375,0.890625,67,35
001,0.109375,0.890625,61,29
010,0.14453125,0.85546875,61,35
011,0.1171875,0.8828125,55,29
100,0.12890625,0.87109375,61,35
101,0.125,0.875,55,29
110,0.146484375,0.853515625,55,35
111,0.109375,0.890625,49,29
