state,p_marked,error,gate_count,depth
000,0.501953125,0.498046875,50,26
001,0.55078125,0.44921875,44,20
010,0.5,0.5,44,26
011,0.5,0.5,38,20
100,0.509765625,0.490234375,44,26
101,0.49609375,0.50390625,38,20
110,0.49609375,0.50390625,38,26
111,0.5,0.5,32,20
