state,p_marked,error,gate_count,depth
000,0.125,0.875,24,12
001,0.126953125,0.873046875,20,8
010,0.134765625,0.865234375,20,12
011,0.125,0.875,16,8
100,0.140625,0.859375,20,12
101,0.123046875,0.876953125,16,8
110,0.16015625,0.83984375,16,12
111,0.099609375,0.900390625,12,8
