state,p_marked,error,gate_count,depth
000,0.208984375,0.791015625,26,11
001,0.259765625,0.740234375,26,11
010,0.251953125,0.748046875,26,11
011,0.232421875,0.767578125,26,11
100,0.0,1.0,26,11
101,0.0,1.0,26,11
110,0.0,1.0,26,11
111,0.0,1.0,26,11
