state,p_marked,error,gate_count,depth
000,0.51171875,0.48828125,41,21
001,0.490234375,0.509765625,37,17
010,0.498046875,0.501953125,37,21
011,0.51953125,0.48046875,33,17
100,0.5234375,0.4765625,37,21
101,0.478515625,0.521484375,33,17
110,0.494140625,0.505859375,33,21
111,0.498046875,0.501953125,29,17
