state,p_marked,error,gate_count,depth
000,0.0,1.0,75,47
001,0.00390625,0.99609375,71,44
010,0.0390625,0.9609375,71,47
011,0.09765625,0.90234375,67,44
100,0.00390625,0.99609375,71,47
101,0.0078125,0.9921875,67,44
110,0.01171875,0.98828125,67,46
111,0.17578125,0.82421875,63,43
