state,p_marked,error,gate_count,depth
000,0.1015625,0.8984375,42,21
001,0.125,0.875,38,17
010,0.12109375,0.87890625,38,21
011,0.115234375,0.884765625,34,17
100,0.142578125,0.857421875,38,21
101,0.142578125,0.857421875,34,17
110,0.13671875,0.86328125,34,21
111,0.11328125,0.88671875,30,17
