state,p_marked,error,gate_count,depth
000,0.10546875,0.89453125,15,7
001,0.109375,0.890625,13,5
010,0.09375,0.90625,13,7
011,0.115234375,0.884765625,11,5
100,0.126953125,0.873046875,13,7
101,0.103515625,0.896484375,11,5
110,0.1015625,0.8984375,11,7
111,0.10546875,0.89453125,9,5
