state,p_marked,error,gate_count,depth
000,0.154296875,0.845703125,32,15
001,0.126953125,0.873046875,30,13
010,0.1328125,0.8671875,30,15
011,0.13671875,0.86328125,28,13
100,0.12890625,0.87109375,30,15
101,0.142578125,0.857421875,28,13
110,0.130859375,0.869140625,28,15
111,0.1328125,0.8671875,26,13
