state,p_marked,error,gate_count,depth
000,0.49609375,0.50390625,32,16
001,0.470703125,0.529296875,30,14
010,0.484375,0.515625,30,16
011,0.4765625,0.5234375,28,14
100,0.525390625,0.474609375,30,16
101,0.521484375,0.478515625,28,14
110,0.501953125,0.498046875,28,16
111,0.515625,0.484375,26,14
