state,p_marked,error,gate_count,depth
000,0.529296875,0.470703125,59,31
001,0.4765625,0.5234375,51,23
010,0.51171875,0.48828125,51,31
011,0.54296875,0.45703125,43,23
100,0.51953125,0.48046875,51,31
101,0.482421875,0.517578125,43,23
110,0.46484375,0.53515625,43,31
111,0.4921875,0.5078125,35,23
