state,p_marked,error,gate_count,depth
000,0.123046875,0.876953125,43,22
001,0.150390625,0.849609375,39,18
010,0.109375,0.890625,39,22
011,0.1328125,0.8671875,35,18
100,0.1015625,0.8984375,39,22
101,0.134765625,0.865234375,35,18
110,0.12109375,0.87890625,35,22
111,0.111328125,0.888671875,31,18
