state,p_marked,error,gate_count,depth
000,0.12109375,0.87890625,65,33
001,0.1171875,0.8828125,61,30
010,0.11328125,0.88671875,61,33
011,0.14453125,0.85546875,57,29
100,0.169921875,0.830078125,61,33
101,0.138671875,0.861328125,57,30
110,0.125,0.875,57,33
111,0.130859375,0.869140625,53,29
