state,p_marked,error,gate_count,depth
000,0.466796875,0.533203125,32,16
001,0.490234375,0.509765625,30,14
010,0.501953125,0.498046875,30,16
011,0.53515625,0.46484375,28,14
100,0.544921875,0.455078125,30,16
101,0.4765625,0.5234375,28,14
110,0.494140625,0.505859375,28,16
111,0.53125,0.46875,26,14
