state,p_marked,error,gate_count,depth
000,0.142578125,0.857421875,41,20
001,0.111328125,0.888671875,37,16
010,0.13671875,0.86328125,37,20
011,0.123046875,0.876953125,33,16
100,0.13671875,0.86328125,37,20
101,0.1171875,0.8828125,33,16
110,0.13671875,0.86328125,33,20
111,0.150390625,0.849609375,29,16
