state,p_marked,error,gate_count,depth
000,0.078125,0.921875,100,55
001,0.076171875,0.923828125,94,49
010,0.125,0.875,94,55
011,0.140625,0.859375,88,49
100,0.150390625,0.849609375,94,55
101,0.1484375,0.8515625,88,49
110,0.08203125,0.91796875,88,55
111,0.09375,0.90625,82,49
