state,p_marked,error,gate_count,depth
000,0.138671875,0.861328125,32,15
001,0.103515625,0.896484375,30,13
010,0.12109375,0.87890625,30,15
011,0.125,0.875,28,13
100,0.125,0.875,30,15
101,0.099609375,0.900390625,28,13
110,0.1171875,0.8828125,28,15
111,0.125,0.875,26,13
