state,p_marked,error,gate_count,depth
000,0.51953125,0.48046875,41,21
001,0.470703125,0.529296875,37,17
010,0.501953125,0.498046875,37,21
011,0.53515625,0.46484375,33,17
100,0.49609375,0.50390625,37,21
101,0.470703125,0.529296875,33,17
110,0.466796875,0.533203125,33,21
111,0.525390625,0.474609375,29,17
