state,p_marked,error,gate_count,depth
000,0.4375,0.5625,33,17
001,0.51171875,0.48828125,31,15
010,0.5234375,0.4765625,31,17
011,0.1171875,0.8828125,29,15
100,0.484375,0.515625,31,17
101,0.49609375,0.50390625,29,15
110,0.119140625,0.880859375,29,17
111,0.513671875,0.486328125,27,15
