state,p_marked,error,gate_count,depth
000,0.126953125,0.873046875,33,17
001,0.115234375,0.884765625,27,11
010,0.103515625,0.896484375,27,17
011,0.10546875,0.89453125,21,11
100,0.12890625,0.87109375,27,17
101,0.107421875,0.892578125,21,11
110,0.11328125,0.88671875,21,17
111,0.103515625,0.896484375,15,11
