state,p_marked,error,gate_count,depth
000,0.099609375,0.900390625,24,12
001,0.138671875,0.861328125,20,8
010,0.14453125,0.85546875,20,12
011,0.095703125,0.904296875,16,8
100,0.1015625,0.8984375,20,12
101,0.138671875,0.861328125,16,8
110,0.1484375,0.8515625,16,12
111,0.140625,0.859375,12,8
