state,p_marked,error,gate_count,depth
000,0.154296875,0.845703125,42,22
001,0.115234375,0.884765625,34,14
010,0.1171875,0.8828125,34,22
011,0.130859375,0.869140625,26,14
100,0.1171875,0.8828125,34,22
101,0.12109375,0.87890625,26,14
110,0.14453125,0.85546875,26,22
111,0.115234375,0.884765625,18,14
