state,p_marked,error,gate_count,depth
000,0.01171875,0.98828125,25,12
001,0.521484375,0.478515625,25,12
010,0.0,1.0,25,12
011,0.0,1.0,25,12
100,0.0078125,0.9921875,25,12
101,0.4765625,0.5234375,25,12
110,0.0,1.0,25,12
111,0.0,1.0,25,12
