state,p_marked,error,gate_count,depth
000,0.419921875,0.580078125,116,75
001,0.125,0.875,114,73
010,0.1171875,0.8828125,114,75
011,0.0859375,0.9140625,112,73
100,0.14453125,0.85546875,114,75
101,0.27734375,0.72265625,112,73
110,0.248046875,0.751953125,112,75
111,0.03515625,0.96484375,110,73
