state,p_marked,error,gate_count,depth
000,0.125,0.875,49,25
001,0.15625,0.84375,47,23
010,0.130859375,0.869140625,47,25
011,0.11328125,0.88671875,45,23
100,0.130859375,0.869140625,47,25
101,0.12109375,0.87890625,45,23
110,0.140625,0.859375,45,25
111,0.142578125,0.857421875,43,23
