state,p_marked,error,gate_count,depth
000,0.138671875,0.861328125,32,15
001,0.123046875,0.876953125,30,13
010,0.150390625,0.849609375,30,15
011,0.12890625,0.87109375,28,13
100,0.1171875,0.8828125,30,15
101,0.140625,0.859375,28,13
110,0.12109375,0.87890625,28,15
111,0.140625,0.859375,26,13
