state,p_marked,error,gate_count,depth
000,0.13671875,0.86328125,24,12
001,0.10546875,0.89453125,20,8
010,0.09765625,0.90234375,20,12
011,0.125,0.875,16,8
100,0.12890625,0.87109375,20,12
101,0.12890625,0.87109375,16,8
110,0.123046875,0.876953125,16,12
111,0.138671875,0.861328125,12,8
