state,p_marked,error,gate_count,depth
000,0.259765625,0.740234375,33,17
001,0.0,1.0,31,15
010,0.240234375,0.759765625,31,17
011,0.0,1.0,29,15
100,0.263671875,0.736328125,31,17
101,0.251953125,0.748046875,29,15
110,0.0,1.0,29,17
111,0.0,1.0,27,15
