state,p_marked,error,gate_count,depth
000,0.1171875,0.8828125,60,30
001,0.1328125,0.8671875,56,26
010,0.130859375,0.869140625,56,30
011,0.130859375,0.869140625,52,26
100,0.115234375,0.884765625,56,30
101,0.134765625,0.865234375,52,26
110,0.115234375,0.884765625,52,30
111,0.111328125,0.888671875,48,26
