state,p_marked,error,gate_count,depth
000,0.0,1.0,68,36
001,0.0,1.0,66,34
010,0.0,1.0,66,36
011,0.138671875,0.861328125,64,34
100,0.0,1.0,66,36
101,0.0,1.0,64,34
110,0.119140625,0.880859375,64,36
111,0.27734375,0.72265625,62,34
