state,p_marked,error,gate_count,depth
000,0.126953125,0.873046875,49,25
001,0.109375,0.890625,47,23
010,0.107421875,0.892578125,47,25
011,0.115234375,0.884765625,45,23
100,0.1484375,0.8515625,47,25
101,0.126953125,0.873046875,45,23
110,0.119140625,0.880859375,45,25
111,0.11328125,0.88671875,43,23
