state,p_marked,error,gate_count,depth
000,0.515625,0.484375,50,26
001,0.50390625,0.49609375,44,20
010,0.4921875,0.5078125,44,26
011,0.484375,0.515625,38,20
100,0.478515625,0.521484375,44,26
101,0.505859375,0.494140625,38,20
110,0.482421875,0.517578125,38,26
111,0.55078125,0.44921875,32,20
