state,p_marked,error,gate_count,depth
000,0.0,1.0,56,29
001,0.1328125,0.8671875,50,23
010,0.0,1.0,50,29
011,0.134765625,0.865234375,44,23
100,0.12890625,0.87109375,50,29
101,0.0,1.0,44,23
110,0.099609375,0.900390625,44,29
111,0.0,1.0,38,23
