state,p_marked,error,gate_count,depth
000,0.0,1.0,42,22
001,0.0,1.0,38,18
010,0.0,1.0,38,22
011,0.0,1.0,34,18
100,0.0,1.0,38,22
101,0.0,1.0,34,18
110,0.5078125,0.4921875,34,22
111,0.482421875,0.517578125,30,18
