state,p_marked,error,gate_count,depth
000,0.47265625,0.52734375,32,16
001,0.49609375,0.50390625,30,14
010,0.541015625,0.458984375,30,16
011,0.5390625,0.4609375,28,14
100,0.490234375,0.509765625,30,16
101,0.513671875,0.486328125,28,14
110,0.466796875,0.533203125,28,16
111,0.47265625,0.52734375,26,14
