state,p_marked,error,gate_count,depth
000,0.50390625,0.49609375,32,16
001,0.46875,0.53125,30,14
010,0.47265625,0.52734375,30,16
011,0.51953125,0.48046875,28,14
100,0.48828125,0.51171875,30,16
101,0.5234375,0.4765625,28,14
110,0.470703125,0.529296875,28,16
111,0.513671875,0.486328125,26,14
