state,p_marked,error,gate_count,depth
000,0.15234375,0.84765625,42,22
001,0.12109375,0.87890625,34,14
010,0.09765625,0.90234375,34,22
011,0.13671875,0.86328125,26,14
100,0.119140625,0.880859375,34,22
101,0.130859375,0.869140625,26,14
110,0.126953125,0.873046875,26,22
111,0.1328125,0.8671875,18,14
