state,p_marked,error,gate_count,depth
000,0.10546875,0.89453125,44,23
001,0.10546875,0.89453125,44,23
010,0.1328125,0.8671875,44,23
011,0.134765625,0.865234375,44,23
100,0.142578125,0.857421875,44,23
101,0.123046875,0.876953125,44,23
110,0.12890625,0.87109375,44,23
111,0.109375,0.890625,44,23
