state,p_marked,error,gate_count,depth
000,0.498046875,0.501953125,41,21
001,0.53515625,0.46484375,37,17
010,0.462890625,0.537109375,37,21
011,0.541015625,0.458984375,33,17
100,0.515625,0.484375,37,21
101,0.544921875,0.455078125,33,17
110,0.451171875,0.548828125,33,21
111,0.4765625,0.5234375,29,17
