state,p_marked,error,gate_count,depth
000,0.0,1.0,37,19
001,0.14453125,0.85546875,35,17
010,0.115234375,0.884765625,35,19
011,0.0,1.0,33,17
100,0.0,1.0,35,19
101,0.154296875,0.845703125,33,17
110,0.1484375,0.8515625,33,19
111,0.0,1.0,31,17
