state,p_marked,error,gate_count,depth
000,0.107421875,0.892578125,33,16
001,0.13671875,0.86328125,31,15
010,0.109375,0.890625,31,16
011,0.107421875,0.892578125,29,15
100,0.134765625,0.865234375,31,16
101,0.12109375,0.87890625,29,15
110,0.134765625,0.865234375,29,16
111,0.130859375,0.869140625,27,14
