state,p_marked,error,gate_count,depth
000,0.099609375,0.900390625,50,26
001,0.138671875,0.861328125,44,20
010,0.130859375,0.869140625,44,26
011,0.14453125,0.85546875,38,20
100,0.140625,0.859375,44,26
101,0.10546875,0.89453125,38,20
110,0.12109375,0.87890625,38,26
111,0.10546875,0.89453125,32,20
