state,p_marked,error,gate_count,depth
000,0.486328125,0.513671875,41,21
001,0.466796875,0.533203125,37,17
010,0.474609375,0.525390625,37,21
011,0.458984375,0.541015625,33,17
100,0.517578125,0.482421875,37,21
101,0.513671875,0.486328125,33,17
110,0.513671875,0.486328125,33,21
111,0.51953125,0.48046875,29,17
