state,p_marked,error,gate_count,depth
000,0.49609375,0.50390625,41,21
001,0.458984375,0.541015625,37,17
010,0.451171875,0.548828125,37,21
011,0.46875,0.53125,33,17
100,0.498046875,0.501953125,37,21
101,0.4453125,0.5546875,33,17
110,0.486328125,0.513671875,33,21
111,0.5,0.5,29,17
