state,p_marked,error,gate_count,depth
000,0.126953125,0.873046875,67,35
001,0.125,0.875,61,29
010,0.1328125,0.8671875,61,35
011,0.11328125,0.88671875,55,29
100,0.115234375,0.884765625,61,35
101,0.14453125,0.85546875,55,29
110,0.119140625,0.880859375,55,35
111,0.119140625,0.880859375,49,29
