state,p_marked,error,gate_count,depth
000,0.162109375,0.837890625,58,38
001,0.076171875,0.923828125,58,38
010,0.263671875,0.736328125,58,38
011,0.08984375,0.91015625,58,38
100,0.083984375,0.916015625,58,38
101,0.08203125,0.91796875,58,38
110,0.060546875,0.939453125,58,38
111,0.2421875,0.7578125,58,38
