state,p_marked,error,gate_count,depth
000,0.1328125,0.8671875,45,24
001,0.125,0.875,45,24
010,0.126953125,0.873046875,45,24
011,0.119140625,0.880859375,45,24
100,0.126953125,0.873046875,45,24
101,0.115234375,0.884765625,45,24
110,0.109375,0.890625,45,24
111,0.1328125,0.8671875,45,24
