state,p_marked,error,gate_count,depth
000,0.12109375,0.87890625,42,22
001,0.125,0.875,34,14
010,0.115234375,0.884765625,34,22
011,0.1171875,0.8828125,26,14
100,0.123046875,0.876953125,34,22
101,0.119140625,0.880859375,26,14
110,0.12109375,0.87890625,26,22
111,0.11328125,0.88671875,18,14
