state,p_marked,error,gate_count,depth
000,0.095703125,0.904296875,24,12
001,0.1328125,0.8671875,20,8
010,0.15625,0.84375,20,12
011,0.111328125,0.888671875,16,8
100,0.123046875,0.876953125,20,12
101,0.1015625,0.8984375,16,8
110,0.09375,0.90625,16,12
111,0.166015625,0.833984375,12,8
