state,p_marked,error,gate_count,depth
000,0.2578125,0.7421875,24,11
001,0.2734375,0.7265625,24,11
010,0.0,1.0,24,11
011,0.0,1.0,24,11
100,0.216796875,0.783203125,24,11
101,0.279296875,0.720703125,24,11
110,0.0,1.0,24,11
111,0.0,1.0,24,11
