state,p_marked,error,gate_count,depth
000,0.142578125,0.857421875,32,15
001,0.123046875,0.876953125,30,13
010,0.130859375,0.869140625,30,15
011,0.130859375,0.869140625,28,13
100,0.126953125,0.873046875,30,15
101,0.115234375,0.884765625,28,13
110,0.13671875,0.86328125,28,15
111,0.09765625,0.90234375,26,13
