state,p_marked,error,gate_count,depth
000,0.0,1.0,38,20
001,0.0,1.0,36,18
010,0.0,1.0,36,20
011,0.2578125,0.7421875,34,18
100,0.2578125,0.7421875,36,20
101,0.0,1.0,34,18
110,0.0,1.0,34,20
111,0.0,1.0,32,18
