state,p_marked,error,gate_count,depth
000,0.515625,0.484375,41,21
001,0.466796875,0.533203125,37,17
010,0.455078125,0.544921875,37,21
011,0.490234375,0.509765625,33,17
100,0.548828125,0.451171875,37,21
101,0.49609375,0.50390625,33,17
110,0.50390625,0.49609375,33,21
111,0.44921875,0.55078125,29,17
