state,p_marked,error,gate_count,depth
000,0.509765625,0.490234375,41,21
001,0.513671875,0.486328125,37,17
010,0.51171875,0.48828125,37,21
011,0.525390625,0.474609375,33,17
100,0.533203125,0.466796875,37,21
101,0.48828125,0.51171875,33,17
110,0.4921875,0.5078125,33,21
111,0.50390625,0.49609375,29,17
