state,p_marked,error,gate_count,depth
000,0.5078125,0.4921875,67,34
001,0.46875,0.53125,61,28
010,0.515625,0.484375,61,34
011,0.548828125,0.451171875,55,28
100,0.48828125,0.51171875,61,34
101,0.498046875,0.501953125,55,28
110,0.544921875,0.455078125,55,34
111,0.48828125,0.51171875,49,28
