state,p_marked,error,gate_count,depth
000,0.0,1.0,49,24
001,0.0,1.0,47,22
010,0.205078125,0.794921875,47,24
011,0.263671875,0.736328125,45,22
100,0.0,1.0,47,24
101,0.0,1.0,45,22
110,0.232421875,0.767578125,45,24
111,0.2578125,0.7421875,43,22
