state,p_marked,error,gate_count,depth
000,0.130859375,0.869140625,50,26
001,0.1015625,0.8984375,44,20
010,0.119140625,0.880859375,44,26
011,0.15234375,0.84765625,38,20
100,0.126953125,0.873046875,44,26
101,0.12109375,0.87890625,38,20
110,0.130859375,0.869140625,38,26
111,0.154296875,0.845703125,32,20
