state,p_marked,error,gate_count,depth
000,0.49609375,0.50390625,41,21
001,0.466796875,0.533203125,37,17
010,0.533203125,0.466796875,37,21
011,0.517578125,0.482421875,33,17
100,0.48046875,0.51953125,37,21
101,0.494140625,0.505859375,33,17
110,0.44921875,0.55078125,33,21
111,0.513671875,0.486328125,29,17
