state,p_marked,error,gate_count,depth
000,0.380859375,0.619140625,76,49
001,0.09375,0.90625,74,47
010,0.08203125,0.91796875,74,49
011,0.05078125,0.94921875,72,47
100,0.220703125,0.779296875,74,49
101,0.08203125,0.91796875,72,47
110,0.080078125,0.919921875,72,49
111,0.056640625,0.943359375,70,47
