state,p_marked,error,gate_count,depth
000,0.1171875,0.8828125,49,25
001,0.12109375,0.87890625,47,23
010,0.140625,0.859375,47,25
011,0.099609375,0.900390625,45,23
100,0.13671875,0.86328125,47,25
101,0.109375,0.890625,45,23
110,0.1328125,0.8671875,45,25
111,0.1484375,0.8515625,43,23
