state,p_marked,error,gate_count,depth
000,0.291015625,0.708984375,92,47
001,0.01171875,0.98828125,86,42
010,0.009765625,0.990234375,86,47
011,0.29296875,0.70703125,80,42
100,0.5390625,0.4609375,86,46
101,0.01171875,0.98828125,80,41
110,0.005859375,0.994140625,80,46
111,0.5234375,0.4765625,74,41
