state,p_marked,error,gate_count,depth
000,0.50390625,0.49609375,59,31
001,0.5078125,0.4921875,51,23
010,0.478515625,0.521484375,51,31
011,0.521484375,0.478515625,43,23
100,0.4921875,0.5078125,51,31
101,0.517578125,0.482421875,43,23
110,0.47265625,0.52734375,43,31
111,0.486328125,0.513671875,35,23
