state,p_marked,error,gate_count,depth
000,0.283203125,0.716796875,64,36
001,0.083984375,0.916015625,62,34
010,0.109375,0.890625,62,36
011,0.01953125,0.98046875,60,34
100,0.158203125,0.841796875,62,36
101,0.033203125,0.966796875,60,34
110,0.1328125,0.8671875,60,36
111,0.01171875,0.98828125,58,34
