state,p_marked,error,gate_count,depth
000,0.115234375,0.884765625,42,22
001,0.125,0.875,34,14
010,0.123046875,0.876953125,34,22
011,0.11328125,0.88671875,26,14
100,0.123046875,0.876953125,34,22
101,0.126953125,0.873046875,26,14
110,0.146484375,0.853515625,26,22
111,0.126953125,0.873046875,18,14
