state,p_marked,error,gate_count,depth
000,0.056640625,0.943359375,58,31
001,0.056640625,0.943359375,56,29
010,0.064453125,0.935546875,56,31
011,0.05859375,0.94140625,54,29
100,0.048828125,0.951171875,56,31
101,0.322265625,0.677734375,54,29
110,0.0625,0.9375,54,31
111,0.326171875,0.673828125,52,29
