state,p_marked,error,gate_count,depth
000,0.0,1.0,70,37
001,0.0,1.0,64,31
010,0.0,1.0,64,37
011,0.0,1.0,58,31
100,0.0,1.0,64,37
101,0.1015625,0.8984375,58,31
110,0.0,1.0,58,37
111,0.099609375,0.900390625,52,31
