state,p_marked,error,gate_count,depth
000,0.111328125,0.888671875,49,25
001,0.126953125,0.873046875,47,23
010,0.1015625,0.8984375,47,25
011,0.1328125,0.8671875,45,23
100,0.125,0.875,47,25
101,0.13671875,0.86328125,45,23
110,0.134765625,0.865234375,45,25
111,0.119140625,0.880859375,43,23
