state,p_marked,error,gate_count,depth
000,0.099609375,0.900390625,58,40
001,0.09375,0.90625,58,40
010,0.21875,0.78125,58,40
011,0.1953125,0.8046875,58,40
100,0.05078125,0.94921875,58,40
101,0.2578125,0.7421875,58,40
110,0.060546875,0.939453125,58,40
111,0.0234375,0.9765625,58,40
