state,p_marked,error,gate_count,depth
000,0.1484375,0.8515625,15,7
001,0.109375,0.890625,13,5
010,0.138671875,0.861328125,13,7
011,0.12109375,0.87890625,11,5
100,0.1328125,0.8671875,13,7
101,0.115234375,0.884765625,11,5
110,0.111328125,0.888671875,11,7
111,0.115234375,0.884765625,9,5
