state,p_marked,error,gate_count,depth
000,0.0,1.0,61,31
001,0.0,1.0,57,27
010,0.0,1.0,57,31
011,0.0,1.0,53,27
100,0.0,1.0,57,31
101,0.115234375,0.884765625,53,27
110,0.0,1.0,53,31
111,0.130859375,0.869140625,49,27
