state,p_marked,error,gate_count,depth
000,0.115234375,0.884765625,32,16
001,0.12109375,0.87890625,30,14
010,0.125,0.875,30,16
011,0.146484375,0.853515625,28,14
100,0.13671875,0.86328125,30,16
101,0.126953125,0.873046875,28,14
110,0.126953125,0.873046875,28,16
111,0.13671875,0.86328125,26,14
