state,p_marked,error,gate_count,depth
000,0.115234375,0.884765625,67,34
001,0.123046875,0.876953125,61,28
010,0.119140625,0.880859375,61,34
011,0.146484375,0.853515625,55,28
100,0.142578125,0.857421875,61,34
101,0.109375,0.890625,55,28
110,0.138671875,0.861328125,55,34
111,0.134765625,0.865234375,49,28
