state,p_marked,error,gate_count,depth
000,0.13671875,0.86328125,15,7
001,0.1171875,0.8828125,13,5
010,0.140625,0.859375,13,7
011,0.138671875,0.861328125,11,5
100,0.103515625,0.896484375,13,7
101,0.09375,0.90625,11,5
110,0.134765625,0.865234375,11,7
111,0.140625,0.859375,9,5
