state,p_marked,error,gate_count,depth
000,0.12890625,0.87109375,49,26
001,0.107421875,0.892578125,45,22
010,0.107421875,0.892578125,45,26
011,0.099609375,0.900390625,41,22
100,0.12890625,0.87109375,45,26
101,0.130859375,0.869140625,41,22
110,0.1328125,0.8671875,41,26
111,0.111328125,0.888671875,37,22
