state,p_marked,error,gate_count,depth
000,0.318359375,0.681640625,55,27
001,0.095703125,0.904296875,53,25
010,0.056640625,0.943359375,53,27
011,0.294921875,0.705078125,51,25
100,0.443359375,0.556640625,53,27
101,0.0703125,0.9296875,51,25
110,0.06640625,0.93359375,51,27
111,0.390625,0.609375,49,25
