state,p_marked,error,gate_count,depth
000,0.509765625,0.490234375,42,22
001,0.474609375,0.525390625,38,18
010,0.505859375,0.494140625,38,22
011,0.123046875,0.876953125,34,18
100,0.515625,0.484375,38,22
101,0.498046875,0.501953125,34,18
110,0.12890625,0.87109375,34,22
111,0.474609375,0.525390625,30,18
