state,p_marked,error,gate_count,depth
000,0.53125,0.46875,41,21
001,0.4921875,0.5078125,37,17
010,0.474609375,0.525390625,37,21
011,0.4921875,0.5078125,33,17
100,0.484375,0.515625,37,21
101,0.50390625,0.49609375,33,17
110,0.55859375,0.44140625,33,21
111,0.529296875,0.470703125,29,17
