state,p_marked,error,gate_count,depth
000,0.12109375,0.87890625,48,25
001,0.123046875,0.876953125,44,21
010,0.130859375,0.869140625,44,25
011,0.119140625,0.880859375,40,21
100,0.095703125,0.904296875,44,25
101,0.134765625,0.865234375,40,21
110,0.111328125,0.888671875,40,25
111,0.13671875,0.86328125,36,21
