state,p_marked,error,gate_count,depth
000,0.103515625,0.896484375,41,20
001,0.142578125,0.857421875,37,16
010,0.107421875,0.892578125,37,20
011,0.134765625,0.865234375,33,16
100,0.12890625,0.87109375,37,20
101,0.111328125,0.888671875,33,16
110,0.099609375,0.900390625,33,20
111,0.126953125,0.873046875,29,16
