state,p_marked,error,gate_count,depth
000,0.189453125,0.810546875,55,28
001,0.03515625,0.96484375,53,26
010,0.00390625,0.99609375,53,28
011,0.240234375,0.759765625,51,26
100,0.013671875,0.986328125,53,28
101,0.251953125,0.748046875,51,26
110,0.107421875,0.892578125,51,28
111,0.265625,0.734375,49,26
