state,p_marked,error,gate_count,depth
000,0.505859375,0.494140625,59,31
001,0.505859375,0.494140625,51,23
010,0.486328125,0.513671875,51,31
011,0.49609375,0.50390625,43,23
100,0.505859375,0.494140625,51,31
101,0.484375,0.515625,43,23
110,0.501953125,0.498046875,43,31
111,0.47265625,0.52734375,35,23
