state,p_marked,error,gate_count,depth
000,0.11328125,0.88671875,32,15
001,0.125,0.875,30,13
010,0.125,0.875,30,15
011,0.142578125,0.857421875,28,13
100,0.109375,0.890625,30,15
101,0.11328125,0.88671875,28,13
110,0.14453125,0.85546875,28,15
111,0.12890625,0.87109375,26,13
