state,p_marked,error,gate_count,depth
000,0.119140625,0.880859375,15,7
001,0.1171875,0.8828125,13,5
010,0.130859375,0.869140625,13,7
011,0.138671875,0.861328125,11,5
100,0.12890625,0.87109375,13,7
101,0.142578125,0.857421875,11,5
110,0.1015625,0.8984375,11,7
111,0.126953125,0.873046875,9,5
