state,p_marked,error,gate_count,depth
000,0.1328125,0.8671875,59,30
001,0.12890625,0.87109375,51,22
010,0.1328125,0.8671875,51,30
011,0.140625,0.859375,43,22
100,0.125,0.875,51,30
101,0.11328125,0.88671875,43,22
110,0.130859375,0.869140625,43,30
111,0.126953125,0.873046875,35,22
