state,p_marked,error,gate_count,depth
000,0.1875,0.8125,119,86
001,0.095703125,0.904296875,119,86
010,0.271484375,0.728515625,119,86
011,0.271484375,0.728515625,119,86
100,0.0234375,0.9765625,119,86
101,0.068359375,0.931640625,119,86
110,0.078125,0.921875,119,86
111,0.087890625,0.912109375,119,86
