state,p_marked,error,gate_count,depth
000,0.09765625,0.90234375,68,35
001,0.130859375,0.869140625,62,30
010,0.115234375,0.884765625,62,35
011,0.10546875,0.89453125,56,29
100,0.126953125,0.873046875,62,35
101,0.134765625,0.865234375,56,30
110,0.1171875,0.8828125,56,35
111,0.130859375,0.869140625,50,29
