state,p_marked,error,gate_count,depth
000,0.12109375,0.87890625,32,16
001,0.138671875,0.861328125,30,14
010,0.115234375,0.884765625,30,16
011,0.154296875,0.845703125,28,14
100,0.13671875,0.86328125,30,16
101,0.119140625,0.880859375,28,14
110,0.12890625,0.87109375,28,16
111,0.12890625,0.87109375,26,14
