state,p_marked,error,gate_count,depth
000,0.021484375,0.978515625,42,22
001,0.017578125,0.982421875,38,18
010,0.03125,0.96875,38,22
011,0.01953125,0.98046875,34,18
100,0.015625,0.984375,38,22
101,0.021484375,0.978515625,34,18
110,0.4375,0.5625,34,22
111,0.43359375,0.56640625,30,18
