state,p_marked,error,gate_count,depth
000,0.1171875,0.8828125,50,25
001,0.125,0.875,44,19
010,0.12109375,0.87890625,44,25
011,0.123046875,0.876953125,38,19
100,0.123046875,0.876953125,44,25
101,0.107421875,0.892578125,38,19
110,0.1484375,0.8515625,38,25
111,0.111328125,0.888671875,32,19
