state,p_marked,error,gate_count,depth
000,0.236328125,0.763671875,32,16
001,0.22265625,0.77734375,30,14
010,0.263671875,0.736328125,30,16
011,0.2578125,0.7421875,28,14
100,0.25390625,0.74609375,30,16
101,0.220703125,0.779296875,28,14
110,0.26171875,0.73828125,28,16
111,0.2734375,0.7265625,26,14
