state,p_marked,error,gate_count,depth
000,0.1171875,0.8828125,33,17
001,0.12890625,0.87109375,27,11
010,0.138671875,0.861328125,27,17
011,0.1171875,0.8828125,21,11
100,0.107421875,0.892578125,27,17
101,0.12109375,0.87890625,21,11
110,0.126953125,0.873046875,21,17
111,0.109375,0.890625,15,11
