state,p_marked,error,gate_count,depth
000,0.494140625,0.505859375,33,17
001,0.4921875,0.5078125,31,15
010,0.4921875,0.5078125,31,17
011,0.513671875,0.486328125,29,15
100,0.48046875,0.51953125,31,17
101,0.47265625,0.52734375,29,15
110,0.525390625,0.474609375,29,17
111,0.5078125,0.4921875,27,15
