state,p_marked,error,gate_count,depth
000,0.109375,0.890625,55,28
001,0.12109375,0.87890625,53,26
010,0.1328125,0.8671875,53,28
011,0.162109375,0.837890625,51,26
100,0.13671875,0.86328125,53,28
101,0.111328125,0.888671875,51,26
110,0.142578125,0.857421875,51,28
111,0.123046875,0.876953125,49,26
