state,p_marked,error,gate_count,depth
000,0.126953125,0.873046875,41,21
001,0.12890625,0.87109375,37,17
010,0.1171875,0.8828125,37,21
011,0.1171875,0.8828125,33,17
100,0.125,0.875,37,21
101,0.126953125,0.873046875,33,17
110,0.107421875,0.892578125,33,21
111,0.134765625,0.865234375,29,17
