state,p_marked,error,gate_count,depth
000,0.115234375,0.884765625,55,28
001,0.11328125,0.88671875,53,26
010,0.1484375,0.8515625,53,28
011,0.138671875,0.861328125,51,26
100,0.115234375,0.884765625,53,28
101,0.12890625,0.87109375,51,26
110,0.1484375,0.8515625,51,28
111,0.119140625,0.880859375,49,26
