state,p_marked,error,gate_count,depth
000,0.134765625,0.865234375,60,31
001,0.12109375,0.87890625,52,24
010,0.111328125,0.888671875,52,31
011,0.12109375,0.87890625,44,24
100,0.1328125,0.8671875,52,31
101,0.1171875,0.8828125,44,23
110,0.1015625,0.8984375,44,31
111,0.126953125,0.873046875,36,23
