state,p_marked,error,gate_count,depth
000,0.12109375,0.87890625,49,25
001,0.138671875,0.861328125,47,23
010,0.134765625,0.865234375,47,25
011,0.142578125,0.857421875,45,23
100,0.126953125,0.873046875,47,25
101,0.111328125,0.888671875,45,23
110,0.134765625,0.865234375,45,25
111,0.1484375,0.8515625,43,23
