state,p_marked,error,gate_count,depth
000,0.142578125,0.857421875,23,11
001,0.1328125,0.8671875,23,11
010,0.1171875,0.8828125,23,11
011,0.12109375,0.87890625,23,11
100,0.126953125,0.873046875,23,11
101,0.126953125,0.873046875,23,11
110,0.14453125,0.85546875,23,11
111,0.140625,0.859375,23,11
