state,p_marked,error,gate_count,depth
000,0.103515625,0.896484375,52,27
001,0.138671875,0.861328125,50,25
010,0.134765625,0.865234375,50,27
011,0.11328125,0.88671875,48,25
100,0.130859375,0.869140625,50,27
101,0.123046875,0.876953125,48,25
110,0.146484375,0.853515625,48,27
111,0.125,0.875,46,25
