state,p_marked,error,gate_count,depth
000,0.47265625,0.52734375,76,44
001,0.0234375,0.9765625,74,42
010,0.11328125,0.88671875,74,44
011,0.12109375,0.87890625,72,42
100,0.03515625,0.96484375,74,44
101,0.431640625,0.568359375,72,42
110,0.126953125,0.873046875,72,44
111,0.123046875,0.876953125,70,42
