state,p_marked,error,gate_count,depth
000,0.150390625,0.849609375,24,12
001,0.115234375,0.884765625,20,8
010,0.111328125,0.888671875,20,12
011,0.13671875,0.86328125,16,8
100,0.107421875,0.892578125,20,12
101,0.103515625,0.896484375,16,8
110,0.09765625,0.90234375,16,12
111,0.107421875,0.892578125,12,8
