state,p_marked,error,gate_count,depth
000,0.498046875,0.501953125,41,21
001,0.462890625,0.537109375,37,17
010,0.470703125,0.529296875,37,21
011,0.54296875,0.45703125,33,17
100,0.541015625,0.458984375,37,21
101,0.49609375,0.50390625,33,17
110,0.47265625,0.52734375,33,21
111,0.51953125,0.48046875,29,17
