state,p_marked,error,gate_count,depth
000,0.123046875,0.876953125,33,17
001,0.107421875,0.892578125,27,11
010,0.142578125,0.857421875,27,17
011,0.123046875,0.876953125,21,11
100,0.130859375,0.869140625,27,17
101,0.12890625,0.87109375,21,11
110,0.1328125,0.8671875,21,17
111,0.12890625,0.87109375,15,11
