state,p_marked,error,gate_count,depth
000,0.07421875,0.92578125,32,15
001,0.0625,0.9375,30,13
010,0.05859375,0.94140625,30,15
011,0.05859375,0.94140625,28,13
100,0.060546875,0.939453125,30,15
101,0.083984375,0.916015625,28,13
110,0.076171875,0.923828125,28,15
111,0.060546875,0.939453125,26,13
