state,p_marked,error,gate_count,depth
000,0.12890625,0.87109375,52,29
001,0.125,0.875,52,29
010,0.123046875,0.876953125,52,29
011,0.125,0.875,52,29
100,0.119140625,0.880859375,52,29
101,0.12890625,0.87109375,52,29
110,0.1171875,0.8828125,52,29
111,0.140625,0.859375,52,29
