state,p_marked,error,gate_count,depth
000,0.1171875,0.8828125,58,30
001,0.12109375,0.87890625,54,26
010,0.130859375,0.869140625,54,30
011,0.125,0.875,50,26
100,0.154296875,0.845703125,54,30
101,0.16015625,0.83984375,50,26
110,0.1640625,0.8359375,50,30
111,0.12109375,0.87890625,46,26
