state,p_marked,error,gate_count,depth
000,0.109375,0.890625,44,24
001,0.021484375,0.978515625,44,24
010,0.4765625,0.5234375,44,24
011,0.111328125,0.888671875,44,24
100,0.103515625,0.896484375,44,24
101,0.02734375,0.97265625,44,24
110,0.013671875,0.986328125,44,24
111,0.1171875,0.8828125,44,24
