state,p_marked,error,gate_count,depth
000,0.13671875,0.86328125,24,12
001,0.12109375,0.87890625,20,8
010,0.12109375,0.87890625,20,12
011,0.126953125,0.873046875,16,8
100,0.154296875,0.845703125,20,12
101,0.107421875,0.892578125,16,8
110,0.09765625,0.90234375,16,12
111,0.15234375,0.84765625,12,8
