state,p_marked,error,gate_count,depth
000,0.10546875,0.89453125,32,15
001,0.125,0.875,30,13
010,0.1015625,0.8984375,30,15
011,0.12890625,0.87109375,28,13
100,0.146484375,0.853515625,30,15
101,0.091796875,0.908203125,28,13
110,0.123046875,0.876953125,28,15
111,0.126953125,0.873046875,26,13
