state,p_marked,error,gate_count,depth
000,0.123046875,0.876953125,32,15
001,0.13671875,0.86328125,30,13
010,0.150390625,0.849609375,30,15
011,0.154296875,0.845703125,28,13
100,0.115234375,0.884765625,30,15
101,0.13671875,0.86328125,28,13
110,0.1484375,0.8515625,28,15
111,0.1328125,0.8671875,26,13
