state,p_marked,error,gate_count,depth
000,0.13671875,0.86328125,15,7
001,0.140625,0.859375,13,5
010,0.107421875,0.892578125,13,7
011,0.1328125,0.8671875,11,5
100,0.119140625,0.880859375,13,7
101,0.1171875,0.8828125,11,5
110,0.078125,0.921875,11,7
111,0.11328125,0.88671875,9,5
