state,p_marked,error,gate_count,depth
000,0.146484375,0.853515625,23,11
001,0.1328125,0.8671875,23,11
010,0.123046875,0.876953125,23,11
011,0.115234375,0.884765625,23,11
100,0.140625,0.859375,23,11
101,0.119140625,0.880859375,23,11
110,0.16015625,0.83984375,23,11
111,0.1484375,0.8515625,23,11
