state,p_marked,error,gate_count,depth
000,0.501953125,0.498046875,41,21
001,0.47265625,0.52734375,37,17
010,0.50390625,0.49609375,37,21
011,0.466796875,0.533203125,33,17
100,0.46484375,0.53515625,37,21
101,0.474609375,0.525390625,33,17
110,0.470703125,0.529296875,33,21
111,0.482421875,0.517578125,29,17
