state,p_marked,error,gate_count,depth
000,0.484375,0.515625,32,16
001,0.513671875,0.486328125,30,14
010,0.466796875,0.533203125,30,16
011,0.466796875,0.533203125,28,14
100,0.4609375,0.5390625,30,16
101,0.49609375,0.50390625,28,14
110,0.48828125,0.51171875,28,16
111,0.470703125,0.529296875,26,14
