state,p_marked,error,gate_count,depth
000,0.103515625,0.896484375,15,7
001,0.130859375,0.869140625,13,5
010,0.1484375,0.8515625,13,7
011,0.125,0.875,11,5
100,0.119140625,0.880859375,13,7
101,0.12890625,0.87109375,11,5
110,0.1484375,0.8515625,11,7
111,0.11328125,0.88671875,9,5
