state,p_marked,error,gate_count,depth
000,0.14453125,0.85546875,15,7
001,0.154296875,0.845703125,13,5
010,0.10546875,0.89453125,13,7
011,0.107421875,0.892578125,11,5
100,0.119140625,0.880859375,13,7
101,0.138671875,0.861328125,11,5
110,0.134765625,0.865234375,11,7
111,0.14453125,0.85546875,9,5
