state,p_marked,error,gate_count,depth
000,0.111328125,0.888671875,24,12
001,0.109375,0.890625,20,8
010,0.146484375,0.853515625,20,12
011,0.138671875,0.861328125,16,8
100,0.11328125,0.88671875,20,12
101,0.16015625,0.83984375,16,8
110,0.140625,0.859375,16,12
111,0.1328125,0.8671875,12,8
