state,p_marked,error,gate_count,depth
000,0.47265625,0.52734375,41,21
001,0.51953125,0.48046875,37,17
010,0.455078125,0.544921875,37,21
011,0.50390625,0.49609375,33,17
100,0.49609375,0.50390625,37,21
101,0.5078125,0.4921875,33,17
110,0.466796875,0.533203125,33,21
111,0.509765625,0.490234375,29,17
