state,p_marked,error,gate_count,depth
000,0.521484375,0.478515625,33,17
001,0.515625,0.484375,31,15
010,0.521484375,0.478515625,31,17
011,0.130859375,0.869140625,29,15
100,0.478515625,0.521484375,31,17
101,0.52734375,0.47265625,29,15
110,0.1328125,0.8671875,29,17
111,0.509765625,0.490234375,27,15
