state,p_marked,error,gate_count,depth
000,0.013671875,0.986328125,138,75
001,0.068359375,0.931640625,136,73
010,0.142578125,0.857421875,136,75
011,0.154296875,0.845703125,134,73
100,0.189453125,0.810546875,136,75
101,0.2578125,0.7421875,134,73
110,0.216796875,0.783203125,134,75
111,0.103515625,0.896484375,132,73
