state,p_marked,error,gate_count,depth
000,0.51171875,0.48828125,33,17
001,0.5,0.5,31,15
010,0.484375,0.515625,31,17
011,0.52734375,0.47265625,29,15
100,0.0,1.0,31,17
101,0.0,1.0,29,15
110,0.0,1.0,29,17
111,0.0,1.0,27,15
