state,p_marked,error,gate_count,depth
000,0.484375,0.515625,33,17
001,0.521484375,0.478515625,31,15
010,0.486328125,0.513671875,31,17
011,0.154296875,0.845703125,29,15
100,0.51171875,0.48828125,31,17
101,0.5234375,0.4765625,29,15
110,0.1328125,0.8671875,29,17
111,0.509765625,0.490234375,27,15
