state,p_marked,error,gate_count,depth
000,0.384765625,0.615234375,53,33
001,0.01171875,0.98828125,53,33
010,0.08984375,0.91015625,53,33
011,0.0,1.0,53,33
100,0.138671875,0.861328125,53,33
101,0.119140625,0.880859375,53,33
110,0.28125,0.71875,53,33
111,0.009765625,0.990234375,53,33
