state,p_marked,error,gate_count,depth
000,0.166015625,0.833984375,33,17
001,0.177734375,0.822265625,31,15
010,0.328125,0.671875,31,17
011,0.337890625,0.662109375,29,15
100,0.197265625,0.802734375,31,17
101,0.205078125,0.794921875,29,15
110,0.322265625,0.677734375,29,17
111,0.26171875,0.73828125,27,15
