state,p_marked,error,gate_count,depth
000,0.0,1.0,46,24
001,0.123046875,0.876953125,42,20
010,0.0,1.0,42,24
011,0.109375,0.890625,38,20
100,0.15234375,0.84765625,42,24
101,0.0,1.0,38,20
110,0.1171875,0.8828125,38,24
111,0.0,1.0,34,20
