state,p_marked,error,gate_count,depth
000,0.109375,0.890625,49,24
001,0.1171875,0.8828125,47,22
010,0.107421875,0.892578125,47,24
011,0.162109375,0.837890625,45,22
100,0.103515625,0.896484375,47,24
101,0.103515625,0.896484375,45,22
110,0.111328125,0.888671875,45,24
111,0.1015625,0.8984375,43,22
