state,p_marked,error,gate_count,depth
000,0.158203125,0.841796875,23,11
001,0.130859375,0.869140625,23,11
010,0.12890625,0.87109375,23,11
011,0.10546875,0.89453125,23,11
100,0.146484375,0.853515625,23,11
101,0.13671875,0.86328125,23,11
110,0.119140625,0.880859375,23,11
111,0.123046875,0.876953125,23,11
