state,p_marked,error,gate_count,depth
000,0.14453125,0.85546875,32,15
001,0.11328125,0.88671875,30,13
010,0.119140625,0.880859375,30,15
011,0.109375,0.890625,28,13
100,0.1015625,0.8984375,30,15
101,0.12890625,0.87109375,28,13
110,0.130859375,0.869140625,28,15
111,0.109375,0.890625,26,13
