state,p_marked,error,gate_count,depth
000,0.1015625,0.8984375,33,17
001,0.1171875,0.8828125,27,11
010,0.115234375,0.884765625,27,17
011,0.115234375,0.884765625,21,11
100,0.119140625,0.880859375,27,17
101,0.111328125,0.888671875,21,11
110,0.1328125,0.8671875,21,17
111,0.140625,0.859375,15,11
