state,p_marked,error,gate_count,depth
000,0.15234375,0.84765625,59,31
001,0.11328125,0.88671875,55,27
010,0.09765625,0.90234375,55,31
011,0.12890625,0.87109375,51,27
100,0.134765625,0.865234375,55,31
101,0.125,0.875,51,27
110,0.171875,0.828125,51,31
111,0.134765625,0.865234375,47,27
