state,p_marked,error,gate_count,depth
000,0.462890625,0.537109375,33,17
001,0.501953125,0.498046875,31,15
010,0.505859375,0.494140625,31,17
011,0.11328125,0.88671875,29,15
100,0.4921875,0.5078125,31,17
101,0.5,0.5,29,15
110,0.140625,0.859375,29,17
111,0.48046875,0.51953125,27,15
