state,p_marked,error,gate_count,depth
000,0.138671875,0.861328125,15,7
001,0.126953125,0.873046875,13,5
010,0.119140625,0.880859375,13,7
011,0.115234375,0.884765625,11,5
100,0.115234375,0.884765625,13,7
101,0.107421875,0.892578125,11,5
110,0.119140625,0.880859375,11,7
111,0.150390625,0.849609375,9,5
