state,p_marked,error,gate_count,depth
000,0.0,1.0,50,26
001,0.0,1.0,44,20
010,0.0,1.0,44,26
011,0.0,1.0,38,20
100,0.0,1.0,44,26
101,0.12890625,0.87109375,38,20
110,0.0,1.0,38,26
111,0.130859375,0.869140625,32,20
