state,p_marked,error,gate_count,depth
000,0.4921875,0.5078125,50,26
001,0.5078125,0.4921875,44,20
010,0.490234375,0.509765625,44,26
011,0.490234375,0.509765625,38,20
100,0.53125,0.46875,44,26
101,0.5390625,0.4609375,38,20
110,0.462890625,0.537109375,38,26
111,0.484375,0.515625,32,20
