state,p_marked,error,gate_count,depth
000,0.123046875,0.876953125,50,26
001,0.103515625,0.896484375,44,20
010,0.1171875,0.8828125,44,26
011,0.111328125,0.888671875,38,20
100,0.154296875,0.845703125,44,26
101,0.12109375,0.87890625,38,20
110,0.09765625,0.90234375,38,26
111,0.107421875,0.892578125,32,20
