state,p_marked,error,gate_count,depth
000,0.119140625,0.880859375,44,23
001,0.154296875,0.845703125,40,19
010,0.11328125,0.88671875,40,23
011,0.166015625,0.833984375,36,19
100,0.126953125,0.873046875,40,23
101,0.103515625,0.896484375,36,19
110,0.142578125,0.857421875,36,23
111,0.126953125,0.873046875,32,19
