state,p_marked,error,gate_count,depth
000,0.583984375,0.416015625,41,21
001,0.533203125,0.466796875,37,17
010,0.560546875,0.439453125,37,21
011,0.498046875,0.501953125,33,17
100,0.498046875,0.501953125,37,21
101,0.515625,0.484375,33,17
110,0.51171875,0.48828125,33,21
111,0.4921875,0.5078125,29,17
