state,p_marked,error,gate_count,depth
000,0.103515625,0.896484375,47,25
001,0.107421875,0.892578125,43,21
010,0.115234375,0.884765625,43,25
011,0.12109375,0.87890625,39,21
100,0.111328125,0.888671875,43,25
101,0.115234375,0.884765625,39,21
110,0.158203125,0.841796875,39,25
111,0.109375,0.890625,35,21
