state,p_marked,error,gate_count,depth
000,0.466796875,0.533203125,41,21
001,0.529296875,0.470703125,37,17
010,0.49609375,0.50390625,37,21
011,0.4609375,0.5390625,33,17
100,0.470703125,0.529296875,37,21
101,0.50390625,0.49609375,33,17
110,0.48046875,0.51953125,33,21
111,0.4453125,0.5546875,29,17
