state,p_marked,error,gate_count,depth
000,0.134765625,0.865234375,41,20
001,0.111328125,0.888671875,37,16
010,0.126953125,0.873046875,37,20
011,0.1171875,0.8828125,33,16
100,0.109375,0.890625,37,20
101,0.119140625,0.880859375,33,16
110,0.162109375,0.837890625,33,20
111,0.109375,0.890625,29,16
