state,p_marked,error,gate_count,depth
000,0.24609375,0.75390625,52,27
001,0.12890625,0.87109375,50,25
010,0.0,1.0,50,27
011,0.126953125,0.873046875,48,25
100,0.109375,0.890625,50,27
101,0.0,1.0,48,25
110,0.107421875,0.892578125,48,27
111,0.2734375,0.7265625,46,25
