state,p_marked,error,gate_count,depth
000,0.505859375,0.494140625,41,21
001,0.51171875,0.48828125,37,17
010,0.4609375,0.5390625,37,21
011,0.51953125,0.48046875,33,17
100,0.490234375,0.509765625,37,21
101,0.466796875,0.533203125,33,17
110,0.5,0.5,33,21
111,0.5078125,0.4921875,29,17
