state,p_marked,error,gate_count,depth
000,0.126953125,0.873046875,33,16
001,0.125,0.875,31,14
010,0.1328125,0.8671875,31,16
011,0.14453125,0.85546875,29,14
100,0.119140625,0.880859375,31,16
101,0.115234375,0.884765625,29,14
110,0.09765625,0.90234375,29,16
111,0.109375,0.890625,27,14
