state,p_marked,error,gate_count,depth
000,0.126953125,0.873046875,33,16
001,0.125,0.875,31,14
010,0.15234375,0.84765625,31,16
011,0.1171875,0.8828125,29,14
100,0.111328125,0.888671875,31,16
101,0.12890625,0.87109375,29,14
110,0.10546875,0.89453125,29,16
111,0.169921875,0.830078125,27,14
