state,p_marked,error,gate_count,depth
000,0.146484375,0.853515625,49,25
001,0.142578125,0.857421875,47,23
010,0.146484375,0.853515625,47,25
011,0.1484375,0.8515625,45,23
100,0.11328125,0.88671875,47,25
101,0.12109375,0.87890625,45,23
110,0.115234375,0.884765625,45,25
111,0.111328125,0.888671875,43,23
