state,p_marked,error,gate_count,depth
000,0.072265625,0.927734375,32,16
001,0.05859375,0.94140625,30,14
010,0.060546875,0.939453125,30,16
011,0.0625,0.9375,28,14
100,0.072265625,0.927734375,30,16
101,0.06640625,0.93359375,28,14
110,0.044921875,0.955078125,28,16
111,0.068359375,0.931640625,26,14
