state,p_marked,error,gate_count,depth
000,0.48828125,0.51171875,41,21
001,0.470703125,0.529296875,37,17
010,0.546875,0.453125,37,21
011,0.515625,0.484375,33,17
100,0.439453125,0.560546875,37,21
101,0.49609375,0.50390625,33,17
110,0.50390625,0.49609375,33,21
111,0.529296875,0.470703125,29,17
