state,p_marked,error,gate_count,depth
000,0.513671875,0.486328125,41,21
001,0.5078125,0.4921875,37,17
010,0.4921875,0.5078125,37,21
011,0.505859375,0.494140625,33,17
100,0.54296875,0.45703125,37,21
101,0.505859375,0.494140625,33,17
110,0.48046875,0.51953125,33,21
111,0.45703125,0.54296875,29,17
