state,p_marked,error,gate_count,depth
000,0.14453125,0.85546875,42,22
001,0.119140625,0.880859375,34,14
010,0.150390625,0.849609375,34,22
011,0.12109375,0.87890625,26,14
100,0.099609375,0.900390625,34,22
101,0.125,0.875,26,14
110,0.115234375,0.884765625,26,22
111,0.125,0.875,18,14
