state,p_marked,error,gate_count,depth
000,0.111328125,0.888671875,52,27
001,0.1015625,0.8984375,50,25
010,0.1171875,0.8828125,50,27
011,0.12890625,0.87109375,48,25
100,0.130859375,0.869140625,50,27
101,0.130859375,0.869140625,48,25
110,0.1484375,0.8515625,48,27
111,0.115234375,0.884765625,46,25
