state,p_marked,error,gate_count,depth
000,0.220703125,0.779296875,75,38
001,0.181640625,0.818359375,73,37
010,0.08984375,0.91015625,73,38
011,0.240234375,0.759765625,71,37
100,0.0078125,0.9921875,73,38
101,0.05859375,0.94140625,71,37
110,0.01953125,0.98046875,71,38
111,0.1875,0.8125,69,36
