state,p_marked,error,gate_count,depth
000,0.06640625,0.93359375,95,49
001,0.130859375,0.869140625,87,42
010,0.091796875,0.908203125,87,49
011,0.19140625,0.80859375,79,41
100,0.078125,0.921875,87,49
101,0.09765625,0.90234375,79,42
110,0.109375,0.890625,79,49
111,0.1953125,0.8046875,71,41
