state,p_marked,error,gate_count,depth
000,0.470703125,0.529296875,41,21
001,0.49609375,0.50390625,37,17
010,0.48046875,0.51953125,37,21
011,0.5078125,0.4921875,33,17
100,0.4921875,0.5078125,37,21
101,0.5078125,0.4921875,33,17
110,0.5,0.5,33,21
111,0.490234375,0.509765625,29,17
