state,p_marked,error,gate_count,depth
000,0.138671875,0.861328125,106,57
001,0.126953125,0.873046875,92,44
010,0.119140625,0.880859375,92,57
011,0.130859375,0.869140625,78,43
100,0.10546875,0.89453125,92,57
101,0.13671875,0.86328125,78,44
110,0.099609375,0.900390625,78,57
111,0.126953125,0.873046875,64,43
