state,p_marked,error,gate_count,depth
000,0.0,1.0,37,20
001,0.13671875,0.86328125,35,18
010,0.0,1.0,35,20
011,0.12890625,0.87109375,33,18
100,0.1171875,0.8828125,35,20
101,0.0,1.0,33,18
110,0.125,0.875,33,20
111,0.0,1.0,31,18
