state,p_marked,error,gate_count,depth
000,0.142578125,0.857421875,55,28
001,0.111328125,0.888671875,53,26
010,0.130859375,0.869140625,53,28
011,0.111328125,0.888671875,51,26
100,0.130859375,0.869140625,53,28
101,0.1484375,0.8515625,51,26
110,0.138671875,0.861328125,51,28
111,0.125,0.875,49,26
