state,p_marked,error,gate_count,depth
000,0.107421875,0.892578125,50,25
001,0.12890625,0.87109375,44,19
010,0.107421875,0.892578125,44,25
011,0.119140625,0.880859375,38,19
100,0.09375,0.90625,44,25
101,0.14453125,0.85546875,38,19
110,0.140625,0.859375,38,25
111,0.09765625,0.90234375,32,19
