state,p_marked,error,gate_count,depth
000,0.154296875,0.845703125,33,17
001,0.125,0.875,27,11
010,0.140625,0.859375,27,17
011,0.16015625,0.83984375,21,11
100,0.146484375,0.853515625,27,17
101,0.14453125,0.85546875,21,11
110,0.115234375,0.884765625,21,17
111,0.1328125,0.8671875,15,11
