state,p_marked,error,gate_count,depth
000,0.123046875,0.876953125,23,10
001,0.138671875,0.861328125,23,10
010,0.142578125,0.857421875,23,10
011,0.14453125,0.85546875,23,10
100,0.134765625,0.865234375,23,10
101,0.12890625,0.87109375,23,10
110,0.125,0.875,23,10
111,0.09765625,0.90234375,23,10
