state,p_marked,error,gate_count,depth
000,0.12109375,0.87890625,49,24
001,0.1171875,0.8828125,47,22
010,0.138671875,0.861328125,47,24
011,0.125,0.875,45,22
100,0.11328125,0.88671875,47,24
101,0.10546875,0.89453125,45,22
110,0.103515625,0.896484375,45,24
111,0.1171875,0.8828125,43,22
