state,p_marked,error,gate_count,depth
000,0.02734375,0.97265625,59,36
001,0.27734375,0.72265625,55,33
010,0.232421875,0.767578125,55,36
011,0.09765625,0.90234375,51,32
100,0.234375,0.765625,55,36
101,0.025390625,0.974609375,51,33
110,0.18359375,0.81640625,51,36
111,0.044921875,0.955078125,47,32
