state,p_marked,error,gate_count,depth
000,0.119140625,0.880859375,50,26
001,0.109375,0.890625,48,24
010,0.115234375,0.884765625,48,26
011,0.1328125,0.8671875,46,24
100,0.140625,0.859375,48,26
101,0.107421875,0.892578125,46,24
110,0.138671875,0.861328125,46,26
111,0.146484375,0.853515625,44,24
