state,p_marked,error,gate_count,depth
000,0.212890625,0.787109375,66,45
001,0.396484375,0.603515625,64,43
010,0.50390625,0.49609375,64,45
011,0.0234375,0.9765625,62,43
100,0.09375,0.90625,64,45
101,0.056640625,0.943359375,62,43
110,0.142578125,0.857421875,62,45
111,0.1484375,0.8515625,60,43
