state,p_marked,error,gate_count,depth
000,0.10546875,0.89453125,50,26
001,0.13671875,0.86328125,44,20
010,0.162109375,0.837890625,44,26
011,0.09765625,0.90234375,38,20
100,0.115234375,0.884765625,44,26
101,0.091796875,0.908203125,38,20
110,0.09375,0.90625,38,26
111,0.1171875,0.8828125,32,20
