state,p_marked,error,gate_count,depth
000,0.16796875,0.83203125,15,7
001,0.115234375,0.884765625,13,5
010,0.138671875,0.861328125,13,7
011,0.123046875,0.876953125,11,5
100,0.12890625,0.87109375,13,7
101,0.13671875,0.86328125,11,5
110,0.11328125,0.88671875,11,7
111,0.1328125,0.8671875,9,5
