state,p_marked,error,gate_count,depth
000,0.50390625,0.49609375,41,21
001,0.533203125,0.466796875,37,17
010,0.482421875,0.517578125,37,21
011,0.484375,0.515625,33,17
100,0.501953125,0.498046875,37,21
101,0.513671875,0.486328125,33,17
110,0.544921875,0.455078125,33,21
111,0.4921875,0.5078125,29,17
