state,p_marked,error,gate_count,depth
000,0.068359375,0.931640625,42,24
001,0.02734375,0.97265625,40,22
010,0.04296875,0.95703125,40,24
011,0.080078125,0.919921875,38,22
100,0.0859375,0.9140625,40,24
101,0.111328125,0.888671875,38,22
110,0.0390625,0.9609375,38,24
111,0.0859375,0.9140625,36,22
