state,p_marked,error,gate_count,depth
000,0.0,1.0,33,17
001,0.0,1.0,31,15
010,0.0,1.0,31,17
011,0.0,1.0,29,15
100,0.0,1.0,31,17
101,0.0,1.0,29,15
110,0.47265625,0.52734375,29,17
111,0.486328125,0.513671875,27,15
