state,p_marked,error,gate_count,depth
000,0.158203125,0.841796875,41,21
001,0.134765625,0.865234375,37,17
010,0.12109375,0.87890625,37,21
011,0.12109375,0.87890625,33,17
100,0.11328125,0.88671875,37,21
101,0.119140625,0.880859375,33,17
110,0.142578125,0.857421875,33,21
111,0.12109375,0.87890625,29,17
