state,p_marked,error,gate_count,depth
000,0.05859375,0.94140625,45,23
001,0.0625,0.9375,43,21
010,0.0,1.0,43,23
011,0.0,1.0,41,21
100,0.126953125,0.873046875,43,23
101,0.162109375,0.837890625,41,21
110,0.056640625,0.943359375,41,23
111,0.068359375,0.931640625,39,21
