state,p_marked,error,gate_count,depth
000,0.462890625,0.537109375,50,26
001,0.484375,0.515625,44,20
010,0.482421875,0.517578125,44,26
011,0.509765625,0.490234375,38,20
100,0.4765625,0.5234375,44,26
101,0.5234375,0.4765625,38,20
110,0.501953125,0.498046875,38,26
111,0.494140625,0.505859375,32,20
