state,p_marked,error,gate_count,depth
000,0.517578125,0.482421875,41,21
001,0.5078125,0.4921875,37,17
010,0.5,0.5,37,21
011,0.53125,0.46875,33,17
100,0.52734375,0.47265625,37,21
101,0.439453125,0.560546875,33,17
110,0.53125,0.46875,33,21
111,0.478515625,0.521484375,29,17
