state,p_marked,error,gate_count,depth
000,0.099609375,0.900390625,32,16
001,0.111328125,0.888671875,30,14
010,0.138671875,0.861328125,30,16
011,0.15234375,0.84765625,28,14
100,0.125,0.875,30,16
101,0.11328125,0.88671875,28,14
110,0.107421875,0.892578125,28,16
111,0.138671875,0.861328125,26,14
