state,p_marked,error,gate_count,depth
000,0.326171875,0.673828125,43,25
001,0.318359375,0.681640625,41,23
010,0.064453125,0.935546875,41,25
011,0.0703125,0.9296875,39,23
100,0.078125,0.921875,41,25
101,0.26171875,0.73828125,39,23
110,0.076171875,0.923828125,39,25
111,0.0703125,0.9296875,37,23
