state,p_marked,error,gate_count,depth
000,0.115234375,0.884765625,33,17
001,0.123046875,0.876953125,27,11
010,0.126953125,0.873046875,27,17
011,0.126953125,0.873046875,21,11
100,0.125,0.875,27,17
101,0.107421875,0.892578125,21,11
110,0.103515625,0.896484375,21,17
111,0.134765625,0.865234375,15,11
