state,p_marked,error,gate_count,depth
000,0.12109375,0.87890625,42,20
001,0.109375,0.890625,38,17
010,0.1015625,0.8984375,38,20
011,0.12109375,0.87890625,34,17
100,0.115234375,0.884765625,38,20
101,0.123046875,0.876953125,34,17
110,0.123046875,0.876953125,34,20
111,0.125,0.875,30,16
