state,p_marked,error,gate_count,depth
000,0.12109375,0.87890625,41,21
001,0.119140625,0.880859375,37,17
010,0.130859375,0.869140625,37,21
011,0.130859375,0.869140625,33,17
100,0.126953125,0.873046875,37,21
101,0.12109375,0.87890625,33,17
110,0.119140625,0.880859375,33,21
111,0.146484375,0.853515625,29,17
