state,p_marked,error,gate_count,depth
000,0.15625,0.84375,68,35
001,0.146484375,0.853515625,62,30
010,0.130859375,0.869140625,62,35
011,0.130859375,0.869140625,56,29
100,0.1171875,0.8828125,62,35
101,0.125,0.875,56,30
110,0.109375,0.890625,56,35
111,0.140625,0.859375,50,29
