state,p_marked,error,gate_count,depth
000,0.130859375,0.869140625,77,39
001,0.1171875,0.8828125,69,32
010,0.1015625,0.8984375,69,39
011,0.12890625,0.87109375,61,31
100,0.16015625,0.83984375,69,39
101,0.1171875,0.8828125,61,32
110,0.134765625,0.865234375,61,39
111,0.15625,0.84375,53,31
