state,p_marked,error,gate_count,depth
000,0.12109375,0.87890625,43,21
001,0.146484375,0.853515625,39,17
010,0.125,0.875,39,21
011,0.1328125,0.8671875,35,17
100,0.130859375,0.869140625,39,21
101,0.11328125,0.88671875,35,17
110,0.1484375,0.8515625,35,21
111,0.134765625,0.865234375,31,17
