state,p_marked,error,gate_count,depth
000,0.115234375,0.884765625,61,32
001,0.11328125,0.88671875,59,30
010,0.138671875,0.861328125,59,32
011,0.14453125,0.85546875,57,30
100,0.115234375,0.884765625,59,32
101,0.13671875,0.86328125,57,30
110,0.134765625,0.865234375,57,32
111,0.10546875,0.89453125,55,30
