state,p_marked,error,gate_count,depth
000,0.123046875,0.876953125,81,42
001,0.255859375,0.744140625,77,38
010,0.103515625,0.896484375,77,42
011,0.125,0.875,73,38
100,0.265625,0.734375,77,42
101,0.107421875,0.892578125,73,38
110,0.236328125,0.763671875,73,42
111,0.0,1.0,69,38
