state,p_marked,error,gate_count,depth
000,0.486328125,0.513671875,32,16
001,0.521484375,0.478515625,30,14
010,0.474609375,0.525390625,30,16
011,0.49609375,0.50390625,28,14
100,0.478515625,0.521484375,30,16
101,0.544921875,0.455078125,28,14
110,0.505859375,0.494140625,28,16
111,0.48828125,0.51171875,26,14
