state,p_marked,error,gate_count,depth
000,0.21875,0.78125,60,30
001,0.07421875,0.92578125,58,29
010,0.189453125,0.810546875,58,29
011,0.17578125,0.82421875,56,28
100,0.189453125,0.810546875,58,30
101,0.087890625,0.912109375,56,29
110,0.0703125,0.9296875,56,29
111,0.037109375,0.962890625,54,28
