state,p_marked,error,gate_count,depth
000,0.130859375,0.869140625,41,23
001,0.51953125,0.48046875,39,21
010,0.51171875,0.48828125,39,23
011,0.0,1.0,37,21
100,0.126953125,0.873046875,39,23
101,0.130859375,0.869140625,37,21
110,0.11328125,0.88671875,37,23
111,0.0,1.0,35,21
