state,p_marked,error,gate_count,depth
000,0.13671875,0.86328125,42,22
001,0.095703125,0.904296875,34,14
010,0.130859375,0.869140625,34,22
011,0.12109375,0.87890625,26,14
100,0.126953125,0.873046875,34,22
101,0.1171875,0.8828125,26,14
110,0.130859375,0.869140625,26,22
111,0.111328125,0.888671875,18,14
