state,p_marked,error,gate_count,depth
000,0.095703125,0.904296875,24,12
001,0.130859375,0.869140625,20,8
010,0.119140625,0.880859375,20,12
011,0.11328125,0.88671875,16,8
100,0.115234375,0.884765625,20,12
101,0.125,0.875,16,8
110,0.134765625,0.865234375,16,12
111,0.140625,0.859375,12,8
