state,p_marked,error,gate_count,depth
000,0.1171875,0.8828125,15,7
001,0.111328125,0.888671875,13,5
010,0.134765625,0.865234375,13,7
011,0.1015625,0.8984375,11,5
100,0.126953125,0.873046875,13,7
101,0.111328125,0.888671875,11,5
110,0.134765625,0.865234375,11,7
111,0.123046875,0.876953125,9,5
