state,p_marked,error,gate_count,depth
000,0.505859375,0.494140625,41,21
001,0.4296875,0.5703125,37,17
010,0.54296875,0.45703125,37,21
011,0.46875,0.53125,33,17
100,0.451171875,0.548828125,37,21
101,0.51171875,0.48828125,33,17
110,0.46875,0.53125,33,21
111,0.50390625,0.49609375,29,17
