state,p_marked,error,gate_count,depth
000,0.0,1.0,33,16
001,0.0,1.0,31,14
010,0.0,1.0,31,16
011,0.0,1.0,29,14
100,0.0,1.0,31,16
101,0.123046875,0.876953125,29,14
110,0.0,1.0,29,16
111,0.09765625,0.90234375,27,14
