state,p_marked,error,gate_count,depth
000,0.46484375,0.53515625,41,21
001,0.47265625,0.52734375,37,17
010,0.47265625,0.52734375,37,21
011,0.484375,0.515625,33,17
100,0.43359375,0.56640625,37,21
101,0.48828125,0.51171875,33,17
110,0.5,0.5,33,21
111,0.484375,0.515625,29,17
