state,p_marked,error,gate_count,depth
000,0.119140625,0.880859375,41,20
001,0.119140625,0.880859375,37,16
010,0.154296875,0.845703125,37,20
011,0.138671875,0.861328125,33,16
100,0.123046875,0.876953125,37,20
101,0.103515625,0.896484375,33,16
110,0.138671875,0.861328125,33,20
111,0.146484375,0.853515625,29,16
