state,p_marked,error,gate_count,depth
000,0.0,1.0,51,27
001,0.0,1.0,45,21
010,0.0,1.0,45,27
011,0.1328125,0.8671875,39,21
100,0.0,1.0,45,27
101,0.123046875,0.876953125,39,21
110,0.14453125,0.85546875,39,27
111,0.12109375,0.87890625,33,21
