state,p_marked,error,gate_count,depth
000,0.240234375,0.759765625,85,44
001,0.296875,0.703125,79,38
010,0.25,0.75,79,44
011,0.0,1.0,73,38
100,0.263671875,0.736328125,79,44
101,0.0,1.0,73,38
110,0.251953125,0.748046875,73,44
111,0.283203125,0.716796875,67,38
