state,p_marked,error,gate_count,depth
000,0.1328125,0.8671875,59,30
001,0.109375,0.890625,55,26
010,0.142578125,0.857421875,55,30
011,0.107421875,0.892578125,51,26
100,0.130859375,0.869140625,55,30
101,0.1171875,0.8828125,51,26
110,0.138671875,0.861328125,51,30
111,0.115234375,0.884765625,47,26
