state,p_marked,error,gate_count,depth
000,0.251953125,0.748046875,58,30
001,0.2578125,0.7421875,54,26
010,0.03125,0.96875,54,30
011,0.029296875,0.970703125,50,26
100,0.26953125,0.73046875,54,30
101,0.287109375,0.712890625,50,26
110,0.025390625,0.974609375,50,30
111,0.029296875,0.970703125,46,26
