state,p_marked,error,gate_count,depth
000,0.470703125,0.529296875,67,34
001,0.482421875,0.517578125,61,28
010,0.46875,0.53125,61,34
011,0.505859375,0.494140625,55,28
100,0.5390625,0.4609375,61,34
101,0.498046875,0.501953125,55,28
110,0.49609375,0.50390625,55,34
111,0.466796875,0.533203125,49,28
