state,p_marked,error,gate_count,depth
000,0.37890625,0.62109375,59,32
001,0.01953125,0.98046875,57,30
010,0.1953125,0.8046875,57,32
011,0.00390625,0.99609375,55,30
100,0.0390625,0.9609375,57,32
101,0.048828125,0.951171875,55,30
110,0.19140625,0.80859375,55,32
111,0.37109375,0.62890625,53,30
