state,p_marked,error,gate_count,depth
000,0.13671875,0.86328125,49,25
001,0.130859375,0.869140625,47,23
010,0.123046875,0.876953125,47,25
011,0.134765625,0.865234375,45,23
100,0.138671875,0.861328125,47,25
101,0.115234375,0.884765625,45,23
110,0.169921875,0.830078125,45,25
111,0.15234375,0.84765625,43,23
