state,p_marked,error,gate_count,depth
000,0.126953125,0.873046875,52,26
001,0.103515625,0.896484375,50,24
010,0.10546875,0.89453125,50,26
011,0.1171875,0.8828125,48,24
100,0.1015625,0.8984375,50,26
101,0.126953125,0.873046875,48,24
110,0.111328125,0.888671875,48,26
111,0.1484375,0.8515625,46,24
