state,p_marked,error,gate_count,depth
000,0.142578125,0.857421875,15,7
001,0.14453125,0.85546875,13,5
010,0.154296875,0.845703125,13,7
011,0.119140625,0.880859375,11,5
100,0.107421875,0.892578125,13,7
101,0.109375,0.890625,11,5
110,0.146484375,0.853515625,11,7
111,0.130859375,0.869140625,9,5
