state,p_marked,error,gate_count,depth
000,0.24609375,0.75390625,66,45
001,0.390625,0.609375,64,43
010,0.478515625,0.521484375,64,45
011,0.01171875,0.98828125,62,43
100,0.09765625,0.90234375,64,45
101,0.013671875,0.986328125,62,43
110,0.080078125,0.919921875,62,45
111,0.126953125,0.873046875,60,43
