state,p_marked,error,gate_count,depth
000,0.18359375,0.81640625,91,63
001,0.10546875,0.89453125,87,59
010,0.146484375,0.853515625,87,63
011,0.06640625,0.93359375,83,59
100,0.125,0.875,87,63
101,0.13671875,0.86328125,83,59
110,0.08203125,0.91796875,83,63
111,0.197265625,0.802734375,79,59
