state,p_marked,error,gate_count,depth
000,0.509765625,0.490234375,60,30
001,0.0,1.0,56,26
010,0.0,1.0,56,30
011,0.0,1.0,52,26
100,0.50390625,0.49609375,56,30
101,0.0,1.0,52,26
110,0.0,1.0,52,30
111,0.0,1.0,48,26
