state,p_marked,error,gate_count,depth
000,0.09375,0.90625,15,7
001,0.115234375,0.884765625,13,5
010,0.111328125,0.888671875,13,7
011,0.12109375,0.87890625,11,5
100,0.126953125,0.873046875,13,7
101,0.130859375,0.869140625,11,5
110,0.11328125,0.88671875,11,7
111,0.125,0.875,9,5
