state,p_marked,error,gate_count,depth
000,0.10546875,0.89453125,61,32
001,0.142578125,0.857421875,57,28
010,0.125,0.875,57,32
011,0.126953125,0.873046875,53,28
100,0.12890625,0.87109375,57,32
101,0.1171875,0.8828125,53,28
110,0.119140625,0.880859375,53,32
111,0.1171875,0.8828125,49,28
