state,p_marked,error,gate_count,depth
000,0.443359375,0.556640625,45,27
001,0.15625,0.84375,43,25
010,0.0234375,0.9765625,43,27
011,0.09765625,0.90234375,41,25
100,0.03125,0.96875,43,27
101,0.12890625,0.87109375,41,25
110,0.119140625,0.880859375,41,27
111,0.02734375,0.97265625,39,25
