state,p_marked,error,gate_count,depth
000,0.486328125,0.513671875,41,21
001,0.458984375,0.541015625,37,17
010,0.474609375,0.525390625,37,21
011,0.525390625,0.474609375,33,17
100,0.509765625,0.490234375,37,21
101,0.48046875,0.51953125,33,17
110,0.513671875,0.486328125,33,21
111,0.52734375,0.47265625,29,17
