state,p_marked,error,gate_count,depth
000,0.0,1.0,38,21
001,0.1328125,0.8671875,36,19
010,0.0,1.0,36,21
011,0.126953125,0.873046875,34,19
100,0.1328125,0.8671875,36,21
101,0.0,1.0,34,19
110,0.12109375,0.87890625,34,21
111,0.515625,0.484375,32,19
