state,p_marked,error,gate_count,depth
000,0.13671875,0.86328125,42,22
001,0.130859375,0.869140625,34,14
010,0.1171875,0.8828125,34,22
011,0.125,0.875,26,14
100,0.123046875,0.876953125,34,22
101,0.109375,0.890625,26,14
110,0.134765625,0.865234375,26,22
111,0.130859375,0.869140625,18,14
