state,p_marked,error,gate_count,depth
000,0.470703125,0.529296875,32,16
001,0.486328125,0.513671875,30,14
010,0.453125,0.546875,30,16
011,0.486328125,0.513671875,28,14
100,0.478515625,0.521484375,30,16
101,0.45703125,0.54296875,28,14
110,0.48046875,0.51953125,28,16
111,0.50390625,0.49609375,26,14
