state,p_marked,error,gate_count,depth
000,0.11328125,0.88671875,41,20
001,0.16796875,0.83203125,37,16
010,0.111328125,0.888671875,37,20
011,0.140625,0.859375,33,16
100,0.1015625,0.8984375,37,20
101,0.15234375,0.84765625,33,16
110,0.115234375,0.884765625,33,20
111,0.1171875,0.8828125,29,16
