state,p_marked,error,gate_count,depth
000,0.125,0.875,24,12
001,0.142578125,0.857421875,20,8
010,0.130859375,0.869140625,20,12
011,0.140625,0.859375,16,8
100,0.119140625,0.880859375,20,12
101,0.140625,0.859375,16,8
110,0.14453125,0.85546875,16,12
111,0.1171875,0.8828125,12,8
