state,p_marked,error,gate_count,depth
000,0.142578125,0.857421875,42,22
001,0.12890625,0.87109375,34,14
010,0.134765625,0.865234375,34,22
011,0.1171875,0.8828125,26,14
100,0.15625,0.84375,34,22
101,0.11328125,0.88671875,26,14
110,0.109375,0.890625,26,22
111,0.140625,0.859375,18,14
