state,p_marked,error,gate_count,depth
000,0.158203125,0.841796875,15,7
001,0.111328125,0.888671875,13,5
010,0.115234375,0.884765625,13,7
011,0.115234375,0.884765625,11,5
100,0.091796875,0.908203125,13,7
101,0.111328125,0.888671875,11,5
110,0.123046875,0.876953125,11,7
111,0.126953125,0.873046875,9,5
