state,p_marked,error,gate_count,depth
000,0.123046875,0.876953125,60,32
001,0.111328125,0.888671875,56,28
010,0.123046875,0.876953125,56,32
011,0.11328125,0.88671875,52,28
100,0.123046875,0.876953125,56,32
101,0.123046875,0.876953125,52,28
110,0.103515625,0.896484375,52,32
111,0.11328125,0.88671875,48,28
