state,p_marked,error,gate_count,depth
000,0.234375,0.765625,50,25
001,0.232421875,0.767578125,48,23
010,0.0,1.0,48,25
011,0.0,1.0,46,23
100,0.24609375,0.75390625,48,25
101,0.107421875,0.892578125,46,23
110,0.1015625,0.8984375,46,25
111,0.0,1.0,44,23
