state,p_marked,error,gate_count,depth
000,0.484375,0.515625,32,16
001,0.49609375,0.50390625,30,14
010,0.494140625,0.505859375,30,16
011,0.552734375,0.447265625,28,14
100,0.48828125,0.51171875,30,16
101,0.484375,0.515625,28,14
110,0.486328125,0.513671875,28,16
111,0.50390625,0.49609375,26,14
