state,p_marked,error,gate_count,depth
000,0.5078125,0.4921875,34,18
001,0.544921875,0.455078125,32,16
010,0.505859375,0.494140625,32,18
011,0.130859375,0.869140625,30,16
100,0.521484375,0.478515625,32,18
101,0.501953125,0.498046875,30,16
110,0.119140625,0.880859375,30,18
111,0.517578125,0.482421875,28,16
