state,p_marked,error,gate_count,depth
000,0.103515625,0.896484375,39,20
001,0.537109375,0.462890625,37,18
010,0.474609375,0.525390625,37,20
011,0.12109375,0.87890625,35,18
100,0.134765625,0.865234375,37,20
101,0.4765625,0.5234375,35,18
110,0.474609375,0.525390625,35,20
111,0.13671875,0.86328125,33,18
