state,p_marked,error,gate_count,depth
000,0.0546875,0.9453125,32,15
001,0.05859375,0.94140625,30,13
010,0.060546875,0.939453125,30,15
011,0.05078125,0.94921875,28,13
100,0.052734375,0.947265625,30,15
101,0.083984375,0.916015625,28,13
110,0.05078125,0.94921875,28,15
111,0.060546875,0.939453125,26,13
