state,p_marked,error,gate_count,depth
000,0.47265625,0.52734375,79,41
001,0.5390625,0.4609375,77,39
010,0.51171875,0.48828125,77,41
011,0.142578125,0.857421875,75,39
100,0.509765625,0.490234375,77,41
101,0.482421875,0.517578125,75,39
110,0.486328125,0.513671875,75,41
111,0.138671875,0.861328125,73,39
