state,p_marked,error,gate_count,depth
000,0.0390625,0.9609375,95,49
001,0.125,0.875,87,42
010,0.115234375,0.884765625,87,49
011,0.18359375,0.81640625,79,41
100,0.08984375,0.91015625,87,49
101,0.083984375,0.916015625,79,42
110,0.107421875,0.892578125,79,49
111,0.22265625,0.77734375,71,41
