state,p_marked,error,gate_count,depth
000,0.0,1.0,65,33
001,0.0,1.0,65,33
010,0.0,1.0,65,33
011,0.0,1.0,65,33
100,0.49609375,0.50390625,65,33
101,0.0,1.0,65,33
110,0.0,1.0,65,33
111,0.5703125,0.4296875,65,33
