state,p_marked,error,gate_count,depth
000,0.017578125,0.982421875,82,48
001,0.001953125,0.998046875,76,42
010,0.048828125,0.951171875,76,48
011,0.0,1.0,70,42
100,0.193359375,0.806640625,76,48
101,0.158203125,0.841796875,70,42
110,0.125,0.875,70,48
111,0.017578125,0.982421875,64,42
