state,p_marked,error,gate_count,depth
000,0.0,1.0,61,41
001,0.009765625,0.990234375,59,39
010,0.115234375,0.884765625,59,41
011,0.00390625,0.99609375,57,39
100,0.009765625,0.990234375,59,41
101,0.009765625,0.990234375,57,39
110,0.15625,0.84375,57,41
111,0.046875,0.953125,55,39
