state,p_marked,error,gate_count,depth
000,0.14453125,0.85546875,33,17
001,0.138671875,0.861328125,27,11
010,0.140625,0.859375,27,17
011,0.107421875,0.892578125,21,11
100,0.123046875,0.876953125,27,17
101,0.12890625,0.87109375,21,11
110,0.111328125,0.888671875,21,17
111,0.134765625,0.865234375,15,11
