state,p_marked,error,gate_count,depth
000,0.138671875,0.861328125,52,28
001,0.125,0.875,50,26
010,0.126953125,0.873046875,50,28
011,0.109375,0.890625,48,26
100,0.134765625,0.865234375,50,28
101,0.099609375,0.900390625,48,26
110,0.09765625,0.90234375,48,28
111,0.095703125,0.904296875,46,26
