state,p_marked,error,gate_count,depth
000,0.115234375,0.884765625,55,28
001,0.15234375,0.84765625,53,26
010,0.140625,0.859375,53,28
011,0.12890625,0.87109375,51,26
100,0.11328125,0.88671875,53,28
101,0.12109375,0.87890625,51,26
110,0.142578125,0.857421875,51,28
111,0.103515625,0.896484375,49,26
