state,p_marked,error,gate_count,depth
000,0.541015625,0.458984375,42,21
001,0.513671875,0.486328125,38,17
010,0.47265625,0.52734375,38,21
011,0.48046875,0.51953125,34,17
100,0.478515625,0.521484375,38,21
101,0.47265625,0.52734375,34,17
110,0.515625,0.484375,34,21
111,0.484375,0.515625,30,17
