state,p_marked,error,gate_count,depth
000,0.044921875,0.955078125,70,37
001,0.029296875,0.970703125,64,31
010,0.029296875,0.970703125,64,37
011,0.021484375,0.978515625,58,31
100,0.03125,0.96875,64,37
101,0.01953125,0.98046875,58,31
110,0.025390625,0.974609375,58,37
111,0.03515625,0.96484375,52,31
