state,p_marked,error,gate_count,depth
000,0.111328125,0.888671875,32,15
001,0.111328125,0.888671875,30,13
010,0.10546875,0.89453125,30,15
011,0.126953125,0.873046875,28,13
100,0.103515625,0.896484375,30,15
101,0.1328125,0.8671875,28,13
110,0.10546875,0.89453125,28,15
111,0.095703125,0.904296875,26,13
