state,p_marked,error,gate_count,depth
000,0.080078125,0.919921875,75,49
001,0.103515625,0.896484375,71,45
010,0.017578125,0.982421875,71,49
011,0.103515625,0.896484375,67,45
100,0.123046875,0.876953125,71,49
101,0.08203125,0.91796875,67,45
110,0.013671875,0.986328125,67,49
111,0.302734375,0.697265625,63,45
