state,p_marked,error,gate_count,depth
000,0.126953125,0.873046875,41,20
001,0.115234375,0.884765625,41,20
010,0.1328125,0.8671875,41,20
011,0.099609375,0.900390625,41,20
100,0.109375,0.890625,41,20
101,0.115234375,0.884765625,41,20
110,0.107421875,0.892578125,41,20
111,0.130859375,0.869140625,41,20
