state,p_marked,error,gate_count,depth
000,0.537109375,0.462890625,32,16
001,0.490234375,0.509765625,30,14
010,0.490234375,0.509765625,30,16
011,0.482421875,0.517578125,28,14
100,0.51171875,0.48828125,30,16
101,0.48828125,0.51171875,28,14
110,0.55859375,0.44140625,28,16
111,0.53515625,0.46484375,26,14
