state,p_marked,error,gate_count,depth
000,0.107421875,0.892578125,27,14
001,0.125,0.875,27,14
010,0.109375,0.890625,27,14
011,0.125,0.875,27,14
100,0.1171875,0.8828125,27,14
101,0.134765625,0.865234375,27,14
110,0.12109375,0.87890625,27,14
111,0.1328125,0.8671875,27,14
