state,p_marked,error,gate_count,depth
000,0.119140625,0.880859375,23,11
001,0.109375,0.890625,23,11
010,0.107421875,0.892578125,23,11
011,0.130859375,0.869140625,23,11
100,0.158203125,0.841796875,23,11
101,0.125,0.875,23,11
110,0.119140625,0.880859375,23,11
111,0.134765625,0.865234375,23,11
