state,p_marked,error,gate_count,depth
000,0.048828125,0.951171875,33,17
001,0.05078125,0.94921875,31,15
010,0.06640625,0.93359375,31,17
011,0.07421875,0.92578125,29,15
100,0.0703125,0.9296875,31,17
101,0.0703125,0.9296875,29,15
110,0.048828125,0.951171875,29,17
111,0.06640625,0.93359375,27,15
