state,p_marked,error,gate_count,depth
000,0.232421875,0.767578125,32,16
001,0.2421875,0.7578125,30,14
010,0.263671875,0.736328125,30,16
011,0.251953125,0.748046875,28,14
100,0.248046875,0.751953125,30,16
101,0.220703125,0.779296875,28,14
110,0.234375,0.765625,28,16
111,0.248046875,0.751953125,26,14
