state,p_marked,error,gate_count,depth
000,0.48828125,0.51171875,41,21
001,0.4765625,0.5234375,37,17
010,0.501953125,0.498046875,37,21
011,0.490234375,0.509765625,33,17
100,0.521484375,0.478515625,37,21
101,0.4765625,0.5234375,33,17
110,0.546875,0.453125,33,21
111,0.5,0.5,29,17
