state,p_marked,error,gate_count,depth
000,0.271484375,0.728515625,174,115
001,0.0703125,0.9296875,170,112
010,0.09375,0.90625,170,115
011,0.03515625,0.96484375,166,112
100,0.005859375,0.994140625,170,115
101,0.076171875,0.923828125,166,112
110,0.02734375,0.97265625,166,115
111,0.0234375,0.9765625,162,111
