state,p_marked,error,gate_count,depth
000,0.11328125,0.88671875,23,10
001,0.119140625,0.880859375,23,10
010,0.126953125,0.873046875,23,10
011,0.1328125,0.8671875,23,10
100,0.15234375,0.84765625,23,10
101,0.1484375,0.8515625,23,10
110,0.091796875,0.908203125,23,10
111,0.140625,0.859375,23,10
