state,p_marked,error,gate_count,depth
000,0.541015625,0.458984375,41,21
001,0.49609375,0.50390625,37,17
010,0.5390625,0.4609375,37,21
011,0.50390625,0.49609375,33,17
100,0.533203125,0.466796875,37,21
101,0.46484375,0.53515625,33,17
110,0.48828125,0.51171875,33,21
111,0.517578125,0.482421875,29,17
