state,p_marked,error,gate_count,depth
000,0.140625,0.859375,48,25
001,0.05078125,0.94921875,48,25
010,0.4609375,0.5390625,48,25
011,0.064453125,0.935546875,48,25
100,0.095703125,0.904296875,48,25
101,0.060546875,0.939453125,48,25
110,0.068359375,0.931640625,48,25
111,0.0703125,0.9296875,48,25
