state,p_marked,error,gate_count,depth
000,0.080078125,0.919921875,86,44
001,0.015625,0.984375,84,42
010,0.091796875,0.908203125,84,44
011,0.076171875,0.923828125,82,42
100,0.064453125,0.935546875,84,44
101,0.005859375,0.994140625,82,42
110,0.248046875,0.751953125,82,44
111,0.0,1.0,80,42
