state,p_marked,error,gate_count,depth
000,0.072265625,0.927734375,32,15
001,0.05078125,0.94921875,30,13
010,0.041015625,0.958984375,30,15
011,0.0546875,0.9453125,28,13
100,0.078125,0.921875,30,15
101,0.064453125,0.935546875,28,13
110,0.072265625,0.927734375,28,15
111,0.05078125,0.94921875,26,13
