state,p_marked,error,gate_count,depth
000,0.166015625,0.833984375,119,86
001,0.087890625,0.912109375,119,86
010,0.251953125,0.748046875,119,86
011,0.232421875,0.767578125,119,86
100,0.0234375,0.9765625,119,86
101,0.07421875,0.92578125,119,86
110,0.044921875,0.955078125,119,86
111,0.078125,0.921875,119,86
