state,p_marked,error,gate_count,depth
000,0.115234375,0.884765625,55,28
001,0.146484375,0.853515625,53,26
010,0.11328125,0.88671875,53,28
011,0.130859375,0.869140625,51,26
100,0.109375,0.890625,53,28
101,0.134765625,0.865234375,51,26
110,0.125,0.875,51,28
111,0.107421875,0.892578125,49,26
