state,p_marked,error,gate_count,depth
000,0.482421875,0.517578125,41,21
001,0.50390625,0.49609375,37,17
010,0.525390625,0.474609375,37,21
011,0.48828125,0.51171875,33,17
100,0.478515625,0.521484375,37,21
101,0.458984375,0.541015625,33,17
110,0.498046875,0.501953125,33,21
111,0.474609375,0.525390625,29,17
