state,p_marked,error,gate_count,depth
000,0.14453125,0.85546875,32,15
001,0.1328125,0.8671875,30,13
010,0.119140625,0.880859375,30,15
011,0.126953125,0.873046875,28,13
100,0.09765625,0.90234375,30,15
101,0.123046875,0.876953125,28,13
110,0.109375,0.890625,28,15
111,0.125,0.875,26,13
