state,p_marked,error,gate_count,depth
000,0.12890625,0.87109375,41,19
001,0.146484375,0.853515625,41,19
010,0.126953125,0.873046875,41,19
011,0.115234375,0.884765625,41,19
100,0.138671875,0.861328125,41,19
101,0.111328125,0.888671875,41,19
110,0.1328125,0.8671875,41,19
111,0.140625,0.859375,41,19
