state,p_marked,error,gate_count,depth
000,0.44921875,0.55078125,32,16
001,0.4765625,0.5234375,30,14
010,0.515625,0.484375,30,16
011,0.451171875,0.548828125,28,14
100,0.478515625,0.521484375,30,16
101,0.49609375,0.50390625,28,14
110,0.50390625,0.49609375,28,16
111,0.474609375,0.525390625,26,14
