state,p_marked,error,gate_count,depth
000,0.142578125,0.857421875,48,26
001,0.091796875,0.908203125,48,26
010,0.12890625,0.87109375,48,26
011,0.123046875,0.876953125,48,26
100,0.125,0.875,48,26
101,0.115234375,0.884765625,48,26
110,0.138671875,0.861328125,48,26
111,0.111328125,0.888671875,48,26
