state,p_marked,error,gate_count,depth
000,0.12890625,0.87109375,51,26
001,0.126953125,0.873046875,49,24
010,0.142578125,0.857421875,49,26
011,0.109375,0.890625,47,24
100,0.11328125,0.88671875,49,26
101,0.140625,0.859375,47,24
110,0.107421875,0.892578125,47,26
111,0.1328125,0.8671875,45,24
