state,p_marked,error,gate_count,depth
000,0.12890625,0.87109375,33,16
001,0.12890625,0.87109375,31,14
010,0.13671875,0.86328125,31,16
011,0.12109375,0.87890625,29,14
100,0.115234375,0.884765625,31,16
101,0.0,1.0,29,14
110,0.14453125,0.85546875,29,16
111,0.0,1.0,27,14
