state,p_marked,error,gate_count,depth
000,0.13671875,0.86328125,78,40
001,0.1171875,0.8828125,70,33
010,0.154296875,0.845703125,70,40
011,0.142578125,0.857421875,62,32
100,0.111328125,0.888671875,70,40
101,0.111328125,0.888671875,62,33
110,0.13671875,0.86328125,62,40
111,0.111328125,0.888671875,54,32
