state,p_marked,error,gate_count,depth
000,0.130859375,0.869140625,57,30
001,0.146484375,0.853515625,55,28
010,0.12109375,0.87890625,55,30
011,0.115234375,0.884765625,53,28
100,0.142578125,0.857421875,55,30
101,0.12109375,0.87890625,53,28
110,0.146484375,0.853515625,53,30
111,0.115234375,0.884765625,51,28
