state,p_marked,error,gate_count,depth
000,0.23828125,0.76171875,44,23
001,0.150390625,0.849609375,40,19
010,0.2421875,0.7578125,40,23
011,0.13671875,0.86328125,36,19
100,0.0,1.0,40,23
101,0.125,0.875,36,19
110,0.0,1.0,36,23
111,0.134765625,0.865234375,32,19
