state,p_marked,error,gate_count,depth
000,0.1484375,0.8515625,41,20
001,0.126953125,0.873046875,37,16
010,0.1484375,0.8515625,37,20
011,0.103515625,0.896484375,33,16
100,0.12109375,0.87890625,37,20
101,0.12109375,0.87890625,33,16
110,0.115234375,0.884765625,33,20
111,0.126953125,0.873046875,29,16
