state,p_marked,error,gate_count,depth
000,0.06640625,0.93359375,35,16
001,0.080078125,0.919921875,33,14
010,0.080078125,0.919921875,33,16
011,0.056640625,0.943359375,31,14
100,0.044921875,0.955078125,33,16
101,0.0546875,0.9453125,31,14
110,0.0703125,0.9296875,31,16
111,0.046875,0.953125,29,14
