state,p_marked,error,gate_count,depth
000,0.12890625,0.87109375,62,33
001,0.12890625,0.87109375,58,29
010,0.14453125,0.85546875,58,33
011,0.103515625,0.896484375,54,29
100,0.13671875,0.86328125,58,33
101,0.126953125,0.873046875,54,29
110,0.119140625,0.880859375,54,33
111,0.103515625,0.896484375,50,29
