state,p_marked,error,gate_count,depth
000,0.095703125,0.904296875,59,31
001,0.134765625,0.865234375,51,23
010,0.115234375,0.884765625,51,31
011,0.1171875,0.8828125,43,23
100,0.115234375,0.884765625,51,31
101,0.095703125,0.904296875,43,23
110,0.103515625,0.896484375,43,31
111,0.1171875,0.8828125,35,23
