state,p_marked,error,gate_count,depth
000,0.12890625,0.87109375,24,12
001,0.13671875,0.86328125,20,8
010,0.119140625,0.880859375,20,12
011,0.109375,0.890625,16,8
100,0.115234375,0.884765625,20,12
101,0.11328125,0.88671875,16,8
110,0.11328125,0.88671875,16,12
111,0.115234375,0.884765625,12,8
