state,p_marked,error,gate_count,depth
000,0.119140625,0.880859375,49,24
001,0.115234375,0.884765625,47,22
010,0.126953125,0.873046875,47,24
011,0.138671875,0.861328125,45,22
100,0.13671875,0.86328125,47,24
101,0.119140625,0.880859375,45,22
110,0.130859375,0.869140625,45,24
111,0.119140625,0.880859375,43,22
