state,p_marked,error,gate_count,depth
000,0.0,1.0,40,19
001,0.0,1.0,40,19
010,0.0,1.0,40,19
011,0.0,1.0,40,19
100,0.509765625,0.490234375,40,19
101,0.0,1.0,40,19
110,0.513671875,0.486328125,40,19
111,0.0,1.0,40,19
