state,p_marked,error,gate_count,depth
000,0.15234375,0.84765625,43,21
001,0.115234375,0.884765625,39,17
010,0.103515625,0.896484375,39,21
011,0.158203125,0.841796875,35,17
100,0.12890625,0.87109375,39,21
101,0.099609375,0.900390625,35,17
110,0.126953125,0.873046875,35,21
111,0.12890625,0.87109375,31,17
