state,p_marked,error,gate_count,depth
000,0.12890625,0.87109375,15,7
001,0.125,0.875,13,5
010,0.119140625,0.880859375,13,7
011,0.1484375,0.8515625,11,5
100,0.1015625,0.8984375,13,7
101,0.11328125,0.88671875,11,5
110,0.126953125,0.873046875,11,7
111,0.1015625,0.8984375,9,5
