state,p_marked,error,gate_count,depth
000,0.126953125,0.873046875,50,25
001,0.1171875,0.8828125,44,19
010,0.087890625,0.912109375,44,25
011,0.138671875,0.861328125,38,19
100,0.12109375,0.87890625,44,25
101,0.115234375,0.884765625,38,19
110,0.13671875,0.86328125,38,25
111,0.134765625,0.865234375,32,19
