state,p_marked,error,gate_count,depth
000,0.109375,0.890625,60,31
001,0.130859375,0.869140625,52,23
010,0.09765625,0.90234375,52,31
011,0.119140625,0.880859375,44,23
100,0.130859375,0.869140625,52,31
101,0.13671875,0.86328125,44,23
110,0.107421875,0.892578125,44,31
111,0.125,0.875,36,23
