state,p_marked,error,gate_count,depth
000,0.130859375,0.869140625,23,11
001,0.11328125,0.88671875,23,11
010,0.138671875,0.861328125,23,11
011,0.126953125,0.873046875,23,11
100,0.119140625,0.880859375,23,11
101,0.123046875,0.876953125,23,11
110,0.13671875,0.86328125,23,11
111,0.12109375,0.87890625,23,11
