state,p_marked,error,gate_count,depth
000,0.494140625,0.505859375,33,17
001,0.515625,0.484375,31,15
010,0.521484375,0.478515625,31,17
011,0.1875,0.8125,29,15
100,0.525390625,0.474609375,31,17
101,0.513671875,0.486328125,29,15
110,0.123046875,0.876953125,29,17
111,0.51953125,0.48046875,27,15
