state,p_marked,error,gate_count,depth
000,0.447265625,0.552734375,41,21
001,0.498046875,0.501953125,37,17
010,0.484375,0.515625,37,21
011,0.490234375,0.509765625,33,17
100,0.5,0.5,37,21
101,0.474609375,0.525390625,33,17
110,0.529296875,0.470703125,33,21
111,0.498046875,0.501953125,29,17
