state,p_marked,error,gate_count,depth
000,0.125,0.875,58,30
001,0.115234375,0.884765625,54,26
010,0.126953125,0.873046875,54,30
011,0.123046875,0.876953125,50,26
100,0.130859375,0.869140625,54,30
101,0.142578125,0.857421875,50,26
110,0.125,0.875,50,30
111,0.1484375,0.8515625,46,26
