state,p_marked,error,gate_count,depth
000,0.1484375,0.8515625,32,15
001,0.126953125,0.873046875,30,13
010,0.142578125,0.857421875,30,15
011,0.1171875,0.8828125,28,13
100,0.1171875,0.8828125,30,15
101,0.140625,0.859375,28,13
110,0.154296875,0.845703125,28,15
111,0.123046875,0.876953125,26,13
