state,p_marked,error,gate_count,depth
000,0.056640625,0.943359375,33,15
001,0.0625,0.9375,31,13
010,0.05078125,0.94921875,31,15
011,0.0703125,0.9296875,29,13
100,0.0546875,0.9453125,31,15
101,0.05078125,0.94921875,29,13
110,0.05859375,0.94140625,29,15
111,0.087890625,0.912109375,27,13
