state,p_marked,error,gate_count,depth
000,0.087890625,0.912109375,55,27
001,0.12890625,0.87109375,53,25
010,0.154296875,0.845703125,53,27
011,0.126953125,0.873046875,51,25
100,0.119140625,0.880859375,53,27
101,0.119140625,0.880859375,51,25
110,0.10546875,0.89453125,51,27
111,0.119140625,0.880859375,49,25
