state,p_marked,error,gate_count,depth
000,0.552734375,0.447265625,41,21
001,0.501953125,0.498046875,37,17
010,0.517578125,0.482421875,37,21
011,0.47265625,0.52734375,33,17
100,0.470703125,0.529296875,37,21
101,0.509765625,0.490234375,33,17
110,0.5390625,0.4609375,33,21
111,0.48828125,0.51171875,29,17
