state,p_marked,error,gate_count,depth
000,0.34375,0.65625,41,27
001,0.607421875,0.392578125,41,27
010,0.02734375,0.97265625,41,27
011,0.078125,0.921875,41,27
100,0.0,1.0,41,27
101,0.01171875,0.98828125,41,27
110,0.0,1.0,41,27
111,0.0,1.0,41,27
