state,p_marked,error,gate_count,depth
000,0.1328125,0.8671875,41,21
001,0.12109375,0.87890625,37,17
010,0.12890625,0.87109375,37,21
011,0.126953125,0.873046875,33,17
100,0.1015625,0.8984375,37,21
101,0.125,0.875,33,17
110,0.1328125,0.8671875,33,21
111,0.1171875,0.8828125,29,17
