state,p_marked,error,gate_count,depth
000,0.126953125,0.873046875,55,28
001,0.14453125,0.85546875,53,26
010,0.115234375,0.884765625,53,28
011,0.138671875,0.861328125,51,26
100,0.138671875,0.861328125,53,28
101,0.1015625,0.8984375,51,26
110,0.11328125,0.88671875,51,28
111,0.115234375,0.884765625,49,26
