state,p_marked,error,gate_count,depth
000,0.099609375,0.900390625,59,31
001,0.11328125,0.88671875,55,27
010,0.1015625,0.8984375,55,31
011,0.119140625,0.880859375,51,27
100,0.123046875,0.876953125,55,31
101,0.154296875,0.845703125,51,27
110,0.125,0.875,51,31
111,0.134765625,0.865234375,47,27
