state,p_marked,error,gate_count,depth
000,0.162109375,0.837890625,43,23
001,0.126953125,0.873046875,39,19
010,0.1484375,0.8515625,39,23
011,0.10546875,0.89453125,35,19
100,0.138671875,0.861328125,39,23
101,0.119140625,0.880859375,35,19
110,0.126953125,0.873046875,35,23
111,0.11328125,0.88671875,31,19
