state,p_marked,error,gate_count,depth
000,0.056640625,0.943359375,52,30
001,0.560546875,0.439453125,52,30
010,0.056640625,0.943359375,52,30
011,0.0546875,0.9453125,52,30
100,0.078125,0.921875,52,30
101,0.078125,0.921875,52,30
110,0.056640625,0.943359375,52,30
111,0.060546875,0.939453125,52,30
