state,p_marked,error,gate_count,depth
000,0.111328125,0.888671875,49,25
001,0.138671875,0.861328125,47,23
010,0.1640625,0.8359375,47,25
011,0.1015625,0.8984375,45,23
100,0.134765625,0.865234375,47,25
101,0.11328125,0.88671875,45,23
110,0.134765625,0.865234375,45,25
111,0.109375,0.890625,43,23
