state,p_marked,error,gate_count,depth
000,0.1171875,0.8828125,59,31
001,0.123046875,0.876953125,55,27
010,0.1171875,0.8828125,55,31
011,0.10546875,0.89453125,51,27
100,0.123046875,0.876953125,55,31
101,0.134765625,0.865234375,51,27
110,0.10546875,0.89453125,51,31
111,0.115234375,0.884765625,47,27
