state,p_marked,error,gate_count,depth
000,0.0,1.0,54,28
001,0.23828125,0.76171875,52,26
010,0.0,1.0,52,28
011,0.236328125,0.763671875,50,26
100,0.24609375,0.75390625,52,28
101,0.0,1.0,50,26
110,0.1015625,0.8984375,50,28
111,0.140625,0.859375,48,26
