state,p_marked,error,gate_count,depth
000,0.119140625,0.880859375,24,12
001,0.119140625,0.880859375,20,8
010,0.15234375,0.84765625,20,12
011,0.126953125,0.873046875,16,8
100,0.1171875,0.8828125,20,12
101,0.12890625,0.87109375,16,8
110,0.138671875,0.861328125,16,12
111,0.150390625,0.849609375,12,8
