state,p_marked,error,gate_count,depth
000,0.20703125,0.79296875,105,55
001,0.1953125,0.8046875,99,50
010,0.021484375,0.978515625,99,55
011,0.0859375,0.9140625,93,49
100,0.150390625,0.849609375,99,55
101,0.177734375,0.822265625,93,50
110,0.029296875,0.970703125,93,55
111,0.048828125,0.951171875,87,49
