state,p_marked,error,gate_count,depth
000,0.126953125,0.873046875,32,15
001,0.125,0.875,30,13
010,0.13671875,0.86328125,30,15
011,0.1015625,0.8984375,28,13
100,0.12890625,0.87109375,30,15
101,0.130859375,0.869140625,28,13
110,0.140625,0.859375,28,15
111,0.09765625,0.90234375,26,13
