state,p_marked,error,gate_count,depth
000,0.103515625,0.896484375,85,44
001,0.109375,0.890625,79,38
010,0.134765625,0.865234375,79,44
011,0.119140625,0.880859375,73,38
100,0.13671875,0.86328125,79,44
101,0.123046875,0.876953125,73,38
110,0.140625,0.859375,73,44
111,0.150390625,0.849609375,67,38
