state,p_marked,error,gate_count,depth
000,0.10546875,0.89453125,41,20
001,0.115234375,0.884765625,37,16
010,0.1015625,0.8984375,37,20
011,0.123046875,0.876953125,33,16
100,0.099609375,0.900390625,37,20
101,0.130859375,0.869140625,33,16
110,0.14453125,0.85546875,33,20
111,0.150390625,0.849609375,29,16
