state,p_marked,error,gate_count,depth
000,0.130859375,0.869140625,35,18
001,0.146484375,0.853515625,33,16
010,0.107421875,0.892578125,33,18
011,0.142578125,0.857421875,31,16
100,0.1328125,0.8671875,33,18
101,0.0,1.0,31,16
110,0.091796875,0.908203125,31,18
111,0.0,1.0,29,16
