state,p_marked,error,gate_count,depth
000,0.078125,0.921875,32,15
001,0.056640625,0.943359375,30,13
010,0.07421875,0.92578125,30,15
011,0.056640625,0.943359375,28,13
100,0.05078125,0.94921875,30,15
101,0.048828125,0.951171875,28,13
110,0.068359375,0.931640625,28,15
111,0.04296875,0.95703125,26,13
