state,p_marked,error,gate_count,depth
000,0.271484375,0.728515625,58,30
001,0.298828125,0.701171875,54,26
010,0.0390625,0.9609375,54,30
011,0.025390625,0.974609375,50,26
100,0.28125,0.71875,54,30
101,0.27734375,0.72265625,50,26
110,0.021484375,0.978515625,50,30
111,0.021484375,0.978515625,46,26
