state,p_marked,error,gate_count,depth
000,0.125,0.875,48,24
001,0.11328125,0.88671875,44,21
010,0.111328125,0.888671875,44,24
011,0.138671875,0.861328125,40,21
100,0.103515625,0.896484375,44,24
101,0.142578125,0.857421875,40,21
110,0.15234375,0.84765625,40,23
111,0.125,0.875,36,20
