state,p_marked,error,gate_count,depth
000,0.25390625,0.74609375,82,42
001,0.126953125,0.873046875,78,39
010,0.03125,0.96875,78,42
011,0.5078125,0.4921875,74,39
100,0.173828125,0.826171875,78,42
101,0.138671875,0.861328125,74,39
110,0.16796875,0.83203125,74,42
111,0.2578125,0.7421875,70,38
