state,p_marked,error,gate_count,depth
000,0.126953125,0.873046875,41,20
001,0.142578125,0.857421875,37,16
010,0.10546875,0.89453125,37,20
011,0.103515625,0.896484375,33,16
100,0.1328125,0.8671875,37,20
101,0.130859375,0.869140625,33,16
110,0.12109375,0.87890625,33,20
111,0.13671875,0.86328125,29,16
