state,p_marked,error,gate_count,depth
000,0.49609375,0.50390625,41,21
001,0.5234375,0.4765625,37,17
010,0.583984375,0.416015625,37,21
011,0.5,0.5,33,17
100,0.515625,0.484375,37,21
101,0.47265625,0.52734375,33,17
110,0.5234375,0.4765625,33,21
111,0.5,0.5,29,17
