state,p_marked,error,gate_count,depth
000,0.126953125,0.873046875,41,18
001,0.111328125,0.888671875,41,18
010,0.119140625,0.880859375,41,18
011,0.13671875,0.86328125,41,18
100,0.134765625,0.865234375,41,18
101,0.11328125,0.88671875,41,18
110,0.126953125,0.873046875,41,18
111,0.10546875,0.89453125,41,18
