state,p_marked,error,gate_count,depth
000,0.126953125,0.873046875,64,33
001,0.115234375,0.884765625,60,29
010,0.1171875,0.8828125,60,33
011,0.119140625,0.880859375,56,29
100,0.134765625,0.865234375,60,33
101,0.130859375,0.869140625,56,29
110,0.13671875,0.86328125,56,33
111,0.150390625,0.849609375,52,29
