state,p_marked,error,gate_count,depth
000,0.083984375,0.916015625,51,27
001,0.08203125,0.91796875,49,25
010,0.05859375,0.94140625,49,27
011,0.0703125,0.9296875,47,25
100,0.072265625,0.927734375,49,27
101,0.05078125,0.94921875,47,25
110,0.056640625,0.943359375,47,27
111,0.0703125,0.9296875,45,25
