state,p_marked,error,gate_count,depth
000,0.12109375,0.87890625,50,26
001,0.1171875,0.8828125,44,20
010,0.109375,0.890625,44,26
011,0.1328125,0.8671875,38,20
100,0.146484375,0.853515625,44,26
101,0.1328125,0.8671875,38,20
110,0.1328125,0.8671875,38,26
111,0.115234375,0.884765625,32,20
