state,p_marked,error,gate_count,depth
000,0.109375,0.890625,78,40
001,0.125,0.875,70,33
010,0.130859375,0.869140625,70,40
011,0.140625,0.859375,62,32
100,0.111328125,0.888671875,70,40
101,0.12109375,0.87890625,62,33
110,0.125,0.875,62,40
111,0.134765625,0.865234375,54,32
