state,p_marked,error,gate_count,depth
000,0.00390625,0.99609375,51,26
001,0.25,0.75,49,24
010,0.0078125,0.9921875,49,26
011,0.259765625,0.740234375,47,24
100,0.001953125,0.998046875,49,26
101,0.26953125,0.73046875,47,24
110,0.0,1.0,47,26
111,0.220703125,0.779296875,45,24
