state,p_marked,error,gate_count,depth
000,0.134765625,0.865234375,42,22
001,0.134765625,0.865234375,34,14
010,0.109375,0.890625,34,22
011,0.12890625,0.87109375,26,14
100,0.12109375,0.87890625,34,22
101,0.150390625,0.849609375,26,14
110,0.12890625,0.87109375,26,22
111,0.130859375,0.869140625,18,14
