state,p_marked,error,gate_count,depth
000,0.130859375,0.869140625,55,28
001,0.109375,0.890625,53,26
010,0.138671875,0.861328125,53,28
011,0.14453125,0.85546875,51,26
100,0.13671875,0.86328125,53,28
101,0.1328125,0.8671875,51,26
110,0.119140625,0.880859375,51,28
111,0.115234375,0.884765625,49,26
