state,p_marked,error,gate_count,depth
000,0.126953125,0.873046875,33,15
001,0.142578125,0.857421875,31,13
010,0.1328125,0.8671875,31,15
011,0.134765625,0.865234375,29,13
100,0.115234375,0.884765625,31,15
101,0.12109375,0.87890625,29,13
110,0.140625,0.859375,29,15
111,0.1171875,0.8828125,27,13
