state,p_marked,error,gate_count,depth
000,0.109375,0.890625,33,17
001,0.14453125,0.85546875,27,11
010,0.11328125,0.88671875,27,17
011,0.123046875,0.876953125,21,11
100,0.150390625,0.849609375,27,17
101,0.10546875,0.89453125,21,11
110,0.1015625,0.8984375,21,17
111,0.146484375,0.853515625,15,11
