state,p_marked,error,gate_count,depth
000,0.00390625,0.99609375,53,35
001,0.15234375,0.84765625,53,35
010,0.1484375,0.8515625,53,35
011,0.0546875,0.9453125,53,35
100,0.158203125,0.841796875,53,35
101,0.212890625,0.787109375,53,35
110,0.31640625,0.68359375,53,35
111,0.017578125,0.982421875,53,35
