state,p_marked,error,gate_count,depth
000,0.140625,0.859375,55,29
001,0.142578125,0.857421875,53,27
010,0.130859375,0.869140625,53,29
011,0.12109375,0.87890625,51,27
100,0.138671875,0.861328125,53,29
101,0.125,0.875,51,27
110,0.130859375,0.869140625,51,29
111,0.130859375,0.869140625,49,27
