state,p_marked,error,gate_count,depth
000,0.470703125,0.529296875,50,26
001,0.5078125,0.4921875,44,20
010,0.48046875,0.51953125,44,26
011,0.5,0.5,38,20
100,0.509765625,0.490234375,44,26
101,0.501953125,0.498046875,38,20
110,0.505859375,0.494140625,38,26
111,0.52734375,0.47265625,32,20
