state,p_marked,error,gate_count,depth
000,0.0234375,0.9765625,138,75
001,0.0078125,0.9921875,132,70
010,0.037109375,0.962890625,132,74
011,0.076171875,0.923828125,126,69
100,0.021484375,0.978515625,132,75
101,0.150390625,0.849609375,126,70
110,0.193359375,0.806640625,126,74
111,0.115234375,0.884765625,120,69
