state,p_marked,error,gate_count,depth
000,0.18359375,0.81640625,53,34
001,0.099609375,0.900390625,53,34
010,0.15234375,0.84765625,53,34
011,0.115234375,0.884765625,53,34
100,0.072265625,0.927734375,53,34
101,0.02734375,0.97265625,53,34
110,0.158203125,0.841796875,53,34
111,0.1640625,0.8359375,53,34
