state,p_marked,error,gate_count,depth
000,0.126953125,0.873046875,54,27
001,0.1328125,0.8671875,52,25
010,0.13671875,0.86328125,52,27
011,0.12109375,0.87890625,50,25
100,0.138671875,0.861328125,52,27
101,0.125,0.875,50,25
110,0.11328125,0.88671875,50,27
111,0.12890625,0.87109375,48,25
