state,p_marked,error,gate_count,depth
000,0.484375,0.515625,32,16
001,0.48046875,0.51953125,30,14
010,0.50390625,0.49609375,30,16
011,0.490234375,0.509765625,28,14
100,0.513671875,0.486328125,30,16
101,0.482421875,0.517578125,28,14
110,0.470703125,0.529296875,28,16
111,0.47265625,0.52734375,26,14
