state,p_marked,error,gate_count,depth
000,0.0,1.0,49,25
001,0.0,1.0,47,23
010,0.0,1.0,47,25
011,0.0,1.0,45,23
100,0.0,1.0,47,25
101,0.0,1.0,45,23
110,0.48828125,0.51171875,45,25
111,0.486328125,0.513671875,43,23
