state,p_marked,error,gate_count,depth
000,0.16796875,0.83203125,49,24
001,0.109375,0.890625,47,22
010,0.158203125,0.841796875,47,24
011,0.123046875,0.876953125,45,22
100,0.103515625,0.896484375,47,24
101,0.154296875,0.845703125,45,22
110,0.119140625,0.880859375,45,24
111,0.1484375,0.8515625,43,22
