state,p_marked,error,gate_count,depth
000,0.142578125,0.857421875,60,30
001,0.109375,0.890625,56,26
010,0.146484375,0.853515625,56,30
011,0.1328125,0.8671875,52,26
100,0.138671875,0.861328125,56,30
101,0.134765625,0.865234375,52,26
110,0.1015625,0.8984375,52,30
111,0.1328125,0.8671875,48,26
