state,p_marked,error,gate_count,depth
000,0.54296875,0.45703125,32,16
001,0.49609375,0.50390625,30,14
010,0.50390625,0.49609375,30,16
011,0.470703125,0.529296875,28,14
100,0.509765625,0.490234375,30,16
101,0.482421875,0.517578125,28,14
110,0.47265625,0.52734375,28,16
111,0.486328125,0.513671875,26,14
