state,p_marked,error,gate_count,depth
000,0.078125,0.921875,116,74
001,0.28125,0.71875,114,72
010,0.095703125,0.904296875,114,74
011,0.0,1.0,112,72
100,0.119140625,0.880859375,114,74
101,0.162109375,0.837890625,112,72
110,0.107421875,0.892578125,112,74
111,0.03125,0.96875,110,72
