state,p_marked,error,gate_count,depth
000,0.34765625,0.65234375,82,54
001,0.029296875,0.970703125,80,53
010,0.052734375,0.947265625,80,54
011,0.083984375,0.916015625,78,53
100,0.107421875,0.892578125,80,53
101,0.072265625,0.927734375,78,52
110,0.279296875,0.720703125,78,53
111,0.0390625,0.9609375,76,52
