state,p_marked,error,gate_count,depth
000,0.12890625,0.87109375,24,12
001,0.10546875,0.89453125,20,8
010,0.150390625,0.849609375,20,12
011,0.1328125,0.8671875,16,8
100,0.12109375,0.87890625,20,12
101,0.119140625,0.880859375,16,8
110,0.134765625,0.865234375,16,12
111,0.119140625,0.880859375,12,8
