state,p_marked,error,gate_count,depth
000,0.119140625,0.880859375,58,28
001,0.109375,0.890625,54,24
010,0.126953125,0.873046875,54,28
011,0.119140625,0.880859375,50,24
100,0.09375,0.90625,54,28
101,0.119140625,0.880859375,50,24
110,0.15625,0.84375,50,28
111,0.12890625,0.87109375,46,24
