state,p_marked,error,gate_count,depth
000,0.49609375,0.50390625,33,17
001,0.49609375,0.50390625,31,15
010,0.51171875,0.48828125,31,17
011,0.484375,0.515625,29,15
100,0.529296875,0.470703125,31,17
101,0.47265625,0.52734375,29,15
110,0.517578125,0.482421875,29,17
111,0.478515625,0.521484375,27,15
