state,p_marked,error,gate_count,depth
000,0.12890625,0.87109375,32,16
001,0.12109375,0.87890625,30,14
010,0.11328125,0.88671875,30,16
011,0.12890625,0.87109375,28,14
100,0.14453125,0.85546875,30,16
101,0.125,0.875,28,14
110,0.126953125,0.873046875,28,16
111,0.09765625,0.90234375,26,14
