state,p_marked,error,gate_count,depth
000,0.1171875,0.8828125,32,16
001,0.126953125,0.873046875,30,14
010,0.123046875,0.876953125,30,16
011,0.115234375,0.884765625,28,14
100,0.130859375,0.869140625,30,16
101,0.15625,0.84375,28,14
110,0.111328125,0.888671875,28,16
111,0.11328125,0.88671875,26,14
