state,p_marked,error,gate_count,depth
000,0.029296875,0.970703125,46,26
001,0.55078125,0.44921875,44,24
010,0.03515625,0.96484375,44,26
011,0.138671875,0.861328125,42,24
100,0.037109375,0.962890625,44,26
101,0.03515625,0.96484375,42,24
110,0.52734375,0.47265625,42,26
111,0.099609375,0.900390625,40,24
