state,p_marked,error,gate_count,depth
000,0.134765625,0.865234375,58,29
001,0.126953125,0.873046875,54,25
010,0.099609375,0.900390625,54,29
011,0.1171875,0.8828125,50,25
100,0.1484375,0.8515625,54,29
101,0.12109375,0.87890625,50,25
110,0.140625,0.859375,50,29
111,0.109375,0.890625,46,25
