state,p_marked,error,gate_count,depth
000,0.138671875,0.861328125,41,20
001,0.11328125,0.88671875,37,16
010,0.119140625,0.880859375,37,20
011,0.11328125,0.88671875,33,16
100,0.119140625,0.880859375,37,20
101,0.138671875,0.861328125,33,16
110,0.109375,0.890625,33,20
111,0.154296875,0.845703125,29,16
