state,p_marked,error,gate_count,depth
000,0.2578125,0.7421875,58,30
001,0.28125,0.71875,54,26
010,0.275390625,0.724609375,54,30
011,0.27734375,0.72265625,50,26
100,0.021484375,0.978515625,54,30
101,0.017578125,0.982421875,50,26
110,0.025390625,0.974609375,50,30
111,0.017578125,0.982421875,46,26
