state,p_marked,error,gate_count,depth
000,0.5234375,0.4765625,41,21
001,0.482421875,0.517578125,37,17
010,0.47265625,0.52734375,37,21
011,0.5390625,0.4609375,33,17
100,0.505859375,0.494140625,37,21
101,0.482421875,0.517578125,33,17
110,0.515625,0.484375,33,21
111,0.501953125,0.498046875,29,17
