state,p_marked,error,gate_count,depth
000,0.0,1.0,151,76
001,0.158203125,0.841796875,143,69
010,0.001953125,0.998046875,143,76
011,0.068359375,0.931640625,135,69
100,0.0078125,0.9921875,143,75
101,0.078125,0.921875,135,68
110,0.166015625,0.833984375,135,75
111,0.03515625,0.96484375,127,68
