state,p_marked,error,gate_count,depth
000,0.109375,0.890625,76,39
001,0.130859375,0.869140625,72,36
010,0.130859375,0.869140625,72,39
011,0.5078125,0.4921875,68,36
100,0.130859375,0.869140625,72,39
101,0.12890625,0.87109375,68,36
110,0.49609375,0.50390625,68,39
111,0.134765625,0.865234375,64,35
