state,p_marked,error,gate_count,depth
000,0.0390625,0.9609375,213,149
001,0.30078125,0.69921875,213,149
010,0.17578125,0.82421875,213,149
011,0.12890625,0.87109375,213,149
100,0.255859375,0.744140625,213,149
101,0.03125,0.96875,213,149
110,0.03515625,0.96484375,213,149
111,0.015625,0.984375,213,149
