state,p_marked,error,gate_count,depth
000,0.181640625,0.818359375,44,24
001,0.134765625,0.865234375,40,20
010,0.109375,0.890625,40,24
011,0.140625,0.859375,36,20
100,0.09375,0.90625,40,24
101,0.12109375,0.87890625,36,20
110,0.1328125,0.8671875,36,24
111,0.099609375,0.900390625,32,20
