state,p_marked,error,gate_count,depth
000,0.107421875,0.892578125,15,7
001,0.12890625,0.87109375,13,5
010,0.126953125,0.873046875,13,7
011,0.115234375,0.884765625,11,5
100,0.119140625,0.880859375,13,7
101,0.10546875,0.89453125,11,5
110,0.119140625,0.880859375,11,7
111,0.1171875,0.8828125,9,5
