state,p_marked,error,gate_count,depth
000,0.150390625,0.849609375,46,24
001,0.1328125,0.8671875,42,20
010,0.130859375,0.869140625,42,24
011,0.125,0.875,38,20
100,0.1015625,0.8984375,42,24
101,0.140625,0.859375,38,20
110,0.126953125,0.873046875,38,24
111,0.12109375,0.87890625,34,20
