state,p_marked,error,gate_count,depth
000,0.060546875,0.939453125,32,16
001,0.0625,0.9375,30,14
010,0.04296875,0.95703125,30,16
011,0.07421875,0.92578125,28,14
100,0.064453125,0.935546875,30,16
101,0.052734375,0.947265625,28,14
110,0.072265625,0.927734375,28,16
111,0.083984375,0.916015625,26,14
