state,p_marked,error,gate_count,depth
000,0.111328125,0.888671875,49,24
001,0.1015625,0.8984375,47,22
010,0.11328125,0.88671875,47,24
011,0.107421875,0.892578125,45,22
100,0.123046875,0.876953125,47,24
101,0.103515625,0.896484375,45,22
110,0.140625,0.859375,45,24
111,0.12890625,0.87109375,43,22
