state,p_marked,error,gate_count,depth
000,0.056640625,0.943359375,270,196
001,0.21484375,0.78515625,268,194
010,0.203125,0.796875,268,196
011,0.09375,0.90625,266,194
100,0.017578125,0.982421875,268,196
101,0.06640625,0.93359375,266,194
110,0.009765625,0.990234375,266,196
111,0.435546875,0.564453125,264,194
