state,p_marked,error,gate_count,depth
000,0.525390625,0.474609375,32,16
001,0.50390625,0.49609375,30,14
010,0.498046875,0.501953125,30,16
011,0.486328125,0.513671875,28,14
100,0.490234375,0.509765625,30,16
101,0.51171875,0.48828125,28,14
110,0.494140625,0.505859375,28,16
111,0.5234375,0.4765625,26,14
