state,p_marked,error,gate_count,depth
000,0.1328125,0.8671875,15,7
001,0.15625,0.84375,13,5
010,0.13671875,0.86328125,13,7
011,0.12890625,0.87109375,11,5
100,0.115234375,0.884765625,13,7
101,0.123046875,0.876953125,11,5
110,0.119140625,0.880859375,11,7
111,0.09765625,0.90234375,9,5
