state,p_marked,error,gate_count,depth
000,0.486328125,0.513671875,32,16
001,0.513671875,0.486328125,30,14
010,0.5078125,0.4921875,30,16
011,0.529296875,0.470703125,28,14
100,0.486328125,0.513671875,30,16
101,0.46484375,0.53515625,28,14
110,0.474609375,0.525390625,28,16
111,0.5078125,0.4921875,26,14
