state,p_marked,error,gate_count,depth
000,0.36328125,0.63671875,69,36
001,0.013671875,0.986328125,63,30
010,0.0234375,0.9765625,63,36
011,0.298828125,0.701171875,57,30
100,0.142578125,0.857421875,63,36
101,0.115234375,0.884765625,57,30
110,0.09375,0.90625,57,36
111,0.130859375,0.869140625,51,30
