state,p_marked,error,gate_count,depth
000,0.4609375,0.5390625,32,16
001,0.47265625,0.52734375,30,14
010,0.51953125,0.48046875,30,16
011,0.474609375,0.525390625,28,14
100,0.5078125,0.4921875,30,16
101,0.494140625,0.505859375,28,14
110,0.490234375,0.509765625,28,16
111,0.490234375,0.509765625,26,14
