state,p_marked,error,gate_count,depth
000,0.453125,0.546875,32,16
001,0.46875,0.53125,30,14
010,0.5234375,0.4765625,30,16
011,0.51953125,0.48046875,28,14
100,0.5078125,0.4921875,30,16
101,0.494140625,0.505859375,28,14
110,0.48828125,0.51171875,28,16
111,0.501953125,0.498046875,26,14
