state,p_marked,error,gate_count,depth
000,0.12890625,0.87109375,42,22
001,0.12890625,0.87109375,38,18
010,0.12109375,0.87890625,38,22
011,0.134765625,0.865234375,34,18
100,0.126953125,0.873046875,38,22
101,0.12890625,0.87109375,34,18
110,0.142578125,0.857421875,34,22
111,0.138671875,0.861328125,30,18
