state,p_marked,error,gate_count,depth
000,0.1171875,0.8828125,34,17
001,0.125,0.875,32,15
010,0.130859375,0.869140625,32,17
011,0.10546875,0.89453125,30,15
100,0.13671875,0.86328125,32,17
101,0.1171875,0.8828125,30,15
110,0.109375,0.890625,30,17
111,0.130859375,0.869140625,28,15
