state,p_marked,error,gate_count,depth
000,0.140625,0.859375,60,30
001,0.123046875,0.876953125,56,26
010,0.14453125,0.85546875,56,30
011,0.103515625,0.896484375,52,26
100,0.142578125,0.857421875,56,30
101,0.138671875,0.861328125,52,26
110,0.12109375,0.87890625,52,30
111,0.138671875,0.861328125,48,26
