state,p_marked,error,gate_count,depth
000,0.0,1.0,33,17
001,0.0,1.0,31,15
010,0.0,1.0,31,17
011,0.0,1.0,29,15
100,0.12890625,0.87109375,31,17
101,0.134765625,0.865234375,29,15
110,0.125,0.875,29,17
111,0.123046875,0.876953125,27,15
