state,p_marked,error,gate_count,depth
000,0.130859375,0.869140625,55,27
001,0.140625,0.859375,53,25
010,0.1171875,0.8828125,53,27
011,0.09375,0.90625,51,25
100,0.126953125,0.873046875,53,27
101,0.134765625,0.865234375,51,25
110,0.1328125,0.8671875,51,27
111,0.08984375,0.91015625,49,25
