state,p_marked,error,gate_count,depth
000,0.544921875,0.455078125,41,21
001,0.541015625,0.458984375,37,17
010,0.51953125,0.48046875,37,21
011,0.484375,0.515625,33,17
100,0.513671875,0.486328125,37,21
101,0.4765625,0.5234375,33,17
110,0.513671875,0.486328125,33,21
111,0.478515625,0.521484375,29,17
