state,p_marked,error,gate_count,depth
000,0.115234375,0.884765625,41,20
001,0.146484375,0.853515625,37,16
010,0.1328125,0.8671875,37,20
011,0.103515625,0.896484375,33,16
100,0.130859375,0.869140625,37,20
101,0.11328125,0.88671875,33,16
110,0.134765625,0.865234375,33,20
111,0.119140625,0.880859375,29,16
