state,p_marked,error,gate_count,depth
000,0.10546875,0.89453125,33,17
001,0.130859375,0.869140625,27,11
010,0.08984375,0.91015625,27,17
011,0.083984375,0.916015625,21,11
100,0.130859375,0.869140625,27,17
101,0.111328125,0.888671875,21,11
110,0.13671875,0.86328125,21,17
111,0.115234375,0.884765625,15,11
