state,p_marked,error,gate_count,depth
000,0.16796875,0.83203125,46,24
001,0.123046875,0.876953125,42,20
010,0.125,0.875,42,24
011,0.126953125,0.873046875,38,20
100,0.12890625,0.87109375,42,24
101,0.111328125,0.888671875,38,20
110,0.125,0.875,38,24
111,0.123046875,0.876953125,34,20
