state,p_marked,error,gate_count,depth
000,0.10546875,0.89453125,42,21
001,0.1171875,0.8828125,42,21
010,0.12890625,0.87109375,42,21
011,0.115234375,0.884765625,42,21
100,0.14453125,0.85546875,42,21
101,0.111328125,0.888671875,42,21
110,0.119140625,0.880859375,42,21
111,0.13671875,0.86328125,42,21
