state,p_marked,error,gate_count,depth
000,0.12890625,0.87109375,64,34
001,0.125,0.875,60,30
010,0.111328125,0.888671875,60,34
011,0.134765625,0.865234375,56,30
100,0.119140625,0.880859375,60,34
101,0.130859375,0.869140625,56,30
110,0.095703125,0.904296875,56,34
111,0.123046875,0.876953125,52,30
