state,p_marked,error,gate_count,depth
000,0.12890625,0.87109375,41,20
001,0.13671875,0.86328125,37,16
010,0.1328125,0.8671875,37,20
011,0.130859375,0.869140625,33,16
100,0.14453125,0.85546875,37,20
101,0.146484375,0.853515625,33,16
110,0.109375,0.890625,33,20
111,0.1171875,0.8828125,29,16
