state,p_marked,error,gate_count,depth
000,0.095703125,0.904296875,23,10
001,0.14453125,0.85546875,23,10
010,0.103515625,0.896484375,23,10
011,0.119140625,0.880859375,23,10
100,0.123046875,0.876953125,23,10
101,0.115234375,0.884765625,23,10
110,0.11328125,0.88671875,23,10
111,0.103515625,0.896484375,23,10
