state,p_marked,error,gate_count,depth
000,0.0,1.0,46,24
001,0.109375,0.890625,42,20
010,0.0,1.0,42,24
011,0.1171875,0.8828125,38,20
100,0.115234375,0.884765625,42,24
101,0.0,1.0,38,20
110,0.1015625,0.8984375,38,24
111,0.0,1.0,34,20
