state,p_marked,error,gate_count,depth
000,0.125,0.875,54,27
001,0.130859375,0.869140625,52,25
010,0.134765625,0.865234375,52,27
011,0.14453125,0.85546875,50,25
100,0.119140625,0.880859375,52,27
101,0.095703125,0.904296875,50,25
110,0.1015625,0.8984375,50,27
111,0.126953125,0.873046875,48,25
