state,p_marked,error,gate_count,depth
000,0.154296875,0.845703125,39,20
001,0.50390625,0.49609375,37,18
010,0.494140625,0.505859375,37,20
011,0.119140625,0.880859375,35,18
100,0.115234375,0.884765625,37,20
101,0.490234375,0.509765625,35,18
110,0.529296875,0.470703125,35,20
111,0.146484375,0.853515625,33,18
