state,p_marked,error,gate_count,depth
000,0.052734375,0.947265625,43,23
001,0.046875,0.953125,43,23
010,0.0703125,0.9296875,43,23
011,0.044921875,0.955078125,43,23
100,0.521484375,0.478515625,43,23
101,0.09375,0.90625,43,23
110,0.1171875,0.8828125,43,23
111,0.048828125,0.951171875,43,23
