state,p_marked,error,gate_count,depth
000,0.466796875,0.533203125,42,22
001,0.51171875,0.48828125,38,18
010,0.505859375,0.494140625,38,22
011,0.1171875,0.8828125,34,18
100,0.484375,0.515625,38,22
101,0.529296875,0.470703125,34,18
110,0.107421875,0.892578125,34,22
111,0.498046875,0.501953125,30,18
