state,p_marked,error,gate_count,depth
000,0.083984375,0.916015625,41,23
001,0.068359375,0.931640625,39,21
010,0.0625,0.9375,39,23
011,0.056640625,0.943359375,37,21
100,0.0546875,0.9453125,39,23
101,0.046875,0.953125,37,21
110,0.05078125,0.94921875,37,23
111,0.068359375,0.931640625,35,21
