state,p_marked,error,gate_count,depth
000,0.15234375,0.84765625,55,30
001,0.130859375,0.869140625,53,28
010,0.14453125,0.85546875,53,30
011,0.103515625,0.896484375,51,28
100,0.1328125,0.8671875,53,30
101,0.107421875,0.892578125,51,28
110,0.14453125,0.85546875,51,30
111,0.162109375,0.837890625,49,28
