state,p_marked,error,gate_count,depth
000,0.150390625,0.849609375,50,25
001,0.130859375,0.869140625,48,23
010,0.126953125,0.873046875,48,25
011,0.123046875,0.876953125,46,23
100,0.119140625,0.880859375,48,25
101,0.1328125,0.8671875,46,23
110,0.103515625,0.896484375,46,25
111,0.130859375,0.869140625,44,23
