state,p_marked,error,gate_count,depth
000,0.142578125,0.857421875,41,21
001,0.09375,0.90625,37,17
010,0.119140625,0.880859375,37,21
011,0.1328125,0.8671875,33,17
100,0.12890625,0.87109375,37,21
101,0.142578125,0.857421875,33,17
110,0.1328125,0.8671875,33,21
111,0.109375,0.890625,29,17
