state,p_marked,error,gate_count,depth
000,0.23828125,0.76171875,32,16
001,0.228515625,0.771484375,30,14
010,0.267578125,0.732421875,30,16
011,0.232421875,0.767578125,28,14
100,0.24609375,0.75390625,30,16
101,0.259765625,0.740234375,28,14
110,0.248046875,0.751953125,28,16
111,0.251953125,0.748046875,26,14
