state,p_marked,error,gate_count,depth
000,0.111328125,0.888671875,15,7
001,0.125,0.875,13,5
010,0.099609375,0.900390625,13,7
011,0.12890625,0.87109375,11,5
100,0.150390625,0.849609375,13,7
101,0.115234375,0.884765625,11,5
110,0.103515625,0.896484375,11,7
111,0.125,0.875,9,5
