state,p_marked,error,gate_count,depth
000,0.103515625,0.896484375,30,15
001,0.11328125,0.88671875,30,15
010,0.119140625,0.880859375,30,15
011,0.12890625,0.87109375,30,15
100,0.138671875,0.861328125,30,15
101,0.1328125,0.8671875,30,15
110,0.140625,0.859375,30,15
111,0.12890625,0.87109375,30,15
