state,p_marked,error,gate_count,depth
000,0.16015625,0.83984375,62,42
001,0.21875,0.78125,60,40
010,0.115234375,0.884765625,60,42
011,0.115234375,0.884765625,58,40
100,0.048828125,0.951171875,60,42
101,0.3671875,0.6328125,58,40
110,0.029296875,0.970703125,58,42
111,0.015625,0.984375,56,40
