state,p_marked,error,gate_count,depth
000,0.4921875,0.5078125,41,21
001,0.498046875,0.501953125,37,17
010,0.53515625,0.46484375,37,21
011,0.453125,0.546875,33,17
100,0.470703125,0.529296875,37,21
101,0.513671875,0.486328125,33,17
110,0.470703125,0.529296875,33,21
111,0.47265625,0.52734375,29,17
