state,p_marked,error,gate_count,depth
000,0.224609375,0.775390625,58,29
001,0.232421875,0.767578125,54,25
010,0.1328125,0.8671875,54,29
011,0.111328125,0.888671875,50,25
100,0.265625,0.734375,54,29
101,0.2578125,0.7421875,50,25
110,0.125,0.875,50,29
111,0.099609375,0.900390625,46,25
