state,p_marked,error,gate_count,depth
000,0.029296875,0.970703125,173,111
001,0.107421875,0.892578125,171,109
010,0.4140625,0.5859375,171,111
011,0.150390625,0.849609375,169,109
100,0.123046875,0.876953125,171,111
101,0.1484375,0.8515625,169,109
110,0.041015625,0.958984375,169,111
111,0.021484375,0.978515625,167,109
