state,p_marked,error,gate_count,depth
000,0.107421875,0.892578125,15,7
001,0.123046875,0.876953125,13,5
010,0.138671875,0.861328125,13,7
011,0.14453125,0.85546875,11,5
100,0.12109375,0.87890625,13,7
101,0.12109375,0.87890625,11,5
110,0.142578125,0.857421875,11,7
111,0.14453125,0.85546875,9,5
