state,p_marked,error,gate_count,depth
000,0.490234375,0.509765625,41,21
001,0.482421875,0.517578125,37,17
010,0.521484375,0.478515625,37,21
011,0.509765625,0.490234375,33,17
100,0.4921875,0.5078125,37,21
101,0.4765625,0.5234375,33,17
110,0.509765625,0.490234375,33,21
111,0.4609375,0.5390625,29,17
