state,p_marked,error,gate_count,depth
000,0.1484375,0.8515625,61,31
001,0.138671875,0.861328125,57,27
010,0.134765625,0.865234375,57,31
011,0.1484375,0.8515625,53,27
100,0.146484375,0.853515625,57,31
101,0.12890625,0.87109375,53,27
110,0.123046875,0.876953125,53,31
111,0.111328125,0.888671875,49,27
