state,p_marked,error,gate_count,depth
000,0.068359375,0.931640625,45,25
001,0.064453125,0.935546875,45,25
010,0.546875,0.453125,45,25
011,0.072265625,0.927734375,45,25
100,0.064453125,0.935546875,45,25
101,0.05859375,0.94140625,45,25
110,0.05859375,0.94140625,45,25
111,0.0390625,0.9609375,45,25
