state,p_marked,error,gate_count,depth
000,0.13671875,0.86328125,54,28
001,0.103515625,0.896484375,52,26
010,0.1484375,0.8515625,52,28
011,0.111328125,0.888671875,50,26
100,0.12890625,0.87109375,52,28
101,0.13671875,0.86328125,50,26
110,0.10546875,0.89453125,50,28
111,0.10546875,0.89453125,48,26
