state,p_marked,error,gate_count,depth
000,0.109375,0.890625,42,21
001,0.029296875,0.970703125,42,21
010,0.4296875,0.5703125,42,21
011,0.171875,0.828125,42,21
100,0.01953125,0.98046875,42,21
101,0.099609375,0.900390625,42,21
110,0.115234375,0.884765625,42,21
111,0.017578125,0.982421875,42,21
