state,p_marked,error,gate_count,depth
000,0.310546875,0.689453125,58,30
001,0.330078125,0.669921875,54,26
010,0.296875,0.703125,54,30
011,0.267578125,0.732421875,50,26
100,0.02734375,0.97265625,54,30
101,0.26953125,0.73046875,50,26
110,0.267578125,0.732421875,50,30
111,0.025390625,0.974609375,46,26
