state,p_marked,error,gate_count,depth
000,0.48046875,0.51953125,42,22
001,0.46484375,0.53515625,38,18
010,0.470703125,0.529296875,38,22
011,0.123046875,0.876953125,34,18
100,0.51171875,0.48828125,38,22
101,0.55859375,0.44140625,34,18
110,0.11328125,0.88671875,34,22
111,0.490234375,0.509765625,30,18
