state,p_marked,error,gate_count,depth
000,0.11328125,0.88671875,84,44
001,0.10546875,0.89453125,78,38
010,0.1015625,0.8984375,78,44
011,0.091796875,0.908203125,72,38
100,0.125,0.875,78,44
101,0.11328125,0.88671875,72,38
110,0.107421875,0.892578125,72,44
111,0.125,0.875,66,38
