state,p_marked,error,gate_count,depth
000,0.13671875,0.86328125,41,20
001,0.1171875,0.8828125,37,16
010,0.1328125,0.8671875,37,20
011,0.12890625,0.87109375,33,16
100,0.1328125,0.8671875,37,20
101,0.138671875,0.861328125,33,16
110,0.115234375,0.884765625,33,20
111,0.1171875,0.8828125,29,16
