state,p_marked,error,gate_count,depth
000,0.12109375,0.87890625,41,20
001,0.1484375,0.8515625,37,16
010,0.099609375,0.900390625,37,20
011,0.115234375,0.884765625,33,16
100,0.111328125,0.888671875,37,20
101,0.10546875,0.89453125,33,16
110,0.1328125,0.8671875,33,20
111,0.1171875,0.8828125,29,16
