state,p_marked,error,gate_count,depth
000,0.0,1.0,34,17
001,0.0,1.0,32,15
010,0.0,1.0,32,17
011,0.0,1.0,30,15
100,0.0,1.0,32,17
101,0.0,1.0,30,15
110,0.48828125,0.51171875,30,17
111,0.505859375,0.494140625,28,15
