state,p_marked,error,gate_count,depth
000,0.123046875,0.876953125,41,19
001,0.15234375,0.84765625,41,19
010,0.115234375,0.884765625,41,19
011,0.1171875,0.8828125,41,19
100,0.142578125,0.857421875,41,19
101,0.123046875,0.876953125,41,19
110,0.103515625,0.896484375,41,19
111,0.103515625,0.896484375,41,19
