state,p_marked,error,gate_count,depth
000,0.134765625,0.865234375,78,40
001,0.103515625,0.896484375,70,33
010,0.10546875,0.89453125,70,40
011,0.09765625,0.90234375,62,32
100,0.123046875,0.876953125,70,40
101,0.1171875,0.8828125,62,33
110,0.126953125,0.873046875,62,40
111,0.130859375,0.869140625,54,32
