state,p_marked,error,gate_count,depth
000,0.11328125,0.88671875,68,35
001,0.13671875,0.86328125,62,30
010,0.107421875,0.892578125,62,35
011,0.1171875,0.8828125,56,29
100,0.11328125,0.88671875,62,35
101,0.1484375,0.8515625,56,30
110,0.13671875,0.86328125,56,35
111,0.119140625,0.880859375,50,29
