state,p_marked,error,gate_count,depth
000,0.00390625,0.99609375,51,27
001,0.10546875,0.89453125,45,21
010,0.001953125,0.998046875,45,27
011,0.107421875,0.892578125,39,21
100,0.001953125,0.998046875,45,27
101,0.10546875,0.89453125,39,21
110,0.0078125,0.9921875,39,27
111,0.12109375,0.87890625,33,21
