state,p_marked,error,gate_count,depth
000,0.279296875,0.720703125,43,23
001,0.0,1.0,39,19
010,0.23046875,0.76953125,39,23
011,0.0,1.0,35,19
100,0.2578125,0.7421875,39,23
101,0.265625,0.734375,35,19
110,0.0,1.0,35,23
111,0.0,1.0,31,19
