state,p_marked,error,gate_count,depth
000,0.046875,0.953125,41,21
001,0.0703125,0.9296875,37,17
010,0.04296875,0.95703125,37,21
011,0.07421875,0.92578125,33,17
100,0.05859375,0.94140625,37,21
101,0.048828125,0.951171875,33,17
110,0.07421875,0.92578125,33,21
111,0.060546875,0.939453125,29,17
