state,p_marked,error,gate_count,depth
000,0.0,1.0,41,20
001,0.0,1.0,37,16
010,0.0,1.0,37,20
011,0.0,1.0,33,16
100,0.1328125,0.8671875,37,20
101,0.103515625,0.896484375,33,16
110,0.107421875,0.892578125,33,20
111,0.134765625,0.865234375,29,16
