state,p_marked,error,gate_count,depth
000,0.138671875,0.861328125,32,15
001,0.146484375,0.853515625,30,13
010,0.1484375,0.8515625,30,15
011,0.154296875,0.845703125,28,13
100,0.13671875,0.86328125,30,15
101,0.115234375,0.884765625,28,13
110,0.111328125,0.888671875,28,15
111,0.09765625,0.90234375,26,13
