state,p_marked,error,gate_count,depth
000,0.228515625,0.771484375,41,21
001,0.224609375,0.775390625,37,17
010,0.26171875,0.73828125,37,21
011,0.2578125,0.7421875,33,17
100,0.23046875,0.76953125,37,21
101,0.25390625,0.74609375,33,17
110,0.267578125,0.732421875,33,21
111,0.220703125,0.779296875,29,17
