state,p_marked,error,gate_count,depth
000,0.119140625,0.880859375,41,19
001,0.12890625,0.87109375,41,19
010,0.150390625,0.849609375,41,19
011,0.1171875,0.8828125,41,19
100,0.115234375,0.884765625,41,19
101,0.1171875,0.8828125,41,19
110,0.091796875,0.908203125,41,19
111,0.134765625,0.865234375,41,19
