state,p_marked,error,gate_count,depth
000,0.146484375,0.853515625,60,31
001,0.12890625,0.87109375,52,23
010,0.107421875,0.892578125,52,31
011,0.11328125,0.88671875,44,23
100,0.13671875,0.86328125,52,31
101,0.1171875,0.8828125,44,23
110,0.09765625,0.90234375,44,31
111,0.1171875,0.8828125,36,23
