state,p_marked,error,gate_count,depth
000,0.080078125,0.919921875,73,37
001,0.1796875,0.8203125,71,35
010,0.083984375,0.916015625,71,37
011,0.171875,0.828125,69,35
100,0.046875,0.953125,71,37
101,0.056640625,0.943359375,69,35
110,0.20703125,0.79296875,69,37
111,0.455078125,0.544921875,67,35
