state,p_marked,error,gate_count,depth
000,0.11328125,0.88671875,50,26
001,0.130859375,0.869140625,48,24
010,0.08984375,0.91015625,48,26
011,0.125,0.875,46,24
100,0.125,0.875,48,26
101,0.130859375,0.869140625,46,24
110,0.1328125,0.8671875,46,26
111,0.13671875,0.86328125,44,24
