state,p_marked,error,gate_count,depth
000,0.125,0.875,24,12
001,0.125,0.875,20,8
010,0.109375,0.890625,20,12
011,0.1171875,0.8828125,16,8
100,0.12890625,0.87109375,20,12
101,0.134765625,0.865234375,16,8
110,0.115234375,0.884765625,16,12
111,0.12109375,0.87890625,12,8
