state,p_marked,error,gate_count,depth
000,0.125,0.875,49,25
001,0.08984375,0.91015625,47,23
010,0.099609375,0.900390625,47,25
011,0.1171875,0.8828125,45,23
100,0.103515625,0.896484375,47,25
101,0.107421875,0.892578125,45,23
110,0.1171875,0.8828125,45,25
111,0.09765625,0.90234375,43,23
