state,p_marked,error,gate_count,depth
000,0.115234375,0.884765625,58,29
001,0.1171875,0.8828125,54,25
010,0.138671875,0.861328125,54,29
011,0.1171875,0.8828125,50,25
100,0.1328125,0.8671875,54,29
101,0.123046875,0.876953125,50,25
110,0.12890625,0.87109375,50,29
111,0.115234375,0.884765625,46,25
