state,p_marked,error,gate_count,depth
000,0.517578125,0.482421875,41,21
001,0.5,0.5,37,17
010,0.451171875,0.548828125,37,21
011,0.5078125,0.4921875,33,17
100,0.484375,0.515625,37,21
101,0.46484375,0.53515625,33,17
110,0.4453125,0.5546875,33,21
111,0.525390625,0.474609375,29,17
