state,p_marked,error,gate_count,depth
000,0.134765625,0.865234375,41,20
001,0.123046875,0.876953125,37,16
010,0.162109375,0.837890625,37,20
011,0.125,0.875,33,16
100,0.1171875,0.8828125,37,20
101,0.15234375,0.84765625,33,16
110,0.134765625,0.865234375,33,20
111,0.119140625,0.880859375,29,16
