state,p_marked,error,gate_count,depth
000,0.142578125,0.857421875,41,21
001,0.142578125,0.857421875,37,17
010,0.14453125,0.85546875,37,21
011,0.150390625,0.849609375,33,17
100,0.1171875,0.8828125,37,21
101,0.11328125,0.88671875,33,17
110,0.130859375,0.869140625,33,21
111,0.123046875,0.876953125,29,17
