state,p_marked,error,gate_count,depth
000,0.068359375,0.931640625,53,28
001,0.046875,0.953125,51,26
010,0.0625,0.9375,51,28
011,0.064453125,0.935546875,49,26
100,0.072265625,0.927734375,51,28
101,0.30859375,0.69140625,49,26
110,0.322265625,0.677734375,49,28
111,0.064453125,0.935546875,47,26
