state,p_marked,error,gate_count,depth
000,0.2578125,0.7421875,58,30
001,0.265625,0.734375,54,26
010,0.037109375,0.962890625,54,30
011,0.03125,0.96875,50,26
100,0.283203125,0.716796875,54,30
101,0.267578125,0.732421875,50,26
110,0.0390625,0.9609375,50,30
111,0.02734375,0.97265625,46,26
