state,p_marked,error,gate_count,depth
000,0.123046875,0.876953125,67,35
001,0.109375,0.890625,61,29
010,0.11328125,0.88671875,61,35
011,0.1015625,0.8984375,55,29
100,0.1328125,0.8671875,61,35
101,0.142578125,0.857421875,55,29
110,0.107421875,0.892578125,55,35
111,0.13671875,0.86328125,49,29
