state,p_marked,error,gate_count,depth
000,0.1484375,0.8515625,47,24
001,0.140625,0.859375,43,20
010,0.126953125,0.873046875,43,24
011,0.103515625,0.896484375,39,20
100,0.119140625,0.880859375,43,24
101,0.13671875,0.86328125,39,20
110,0.1171875,0.8828125,39,24
111,0.138671875,0.861328125,35,20
