state,p_marked,error,gate_count,depth
000,0.0,1.0,24,10
001,0.0,1.0,24,10
010,0.0,1.0,24,10
011,0.0,1.0,24,10
100,0.25,0.75,24,10
101,0.267578125,0.732421875,24,10
110,0.263671875,0.736328125,24,10
111,0.23828125,0.76171875,24,10
