state,p_marked,error,gate_count,depth
000,0.0,1.0,40,21
001,0.1328125,0.8671875,38,19
010,0.0,1.0,38,21
011,0.11328125,0.88671875,36,19
100,0.11328125,0.88671875,38,21
101,0.0,1.0,36,19
110,0.52734375,0.47265625,36,21
111,0.146484375,0.853515625,34,19
