state,p_marked,error,gate_count,depth
000,0.470703125,0.529296875,41,21
001,0.51171875,0.48828125,37,17
010,0.49609375,0.50390625,37,21
011,0.443359375,0.556640625,33,17
100,0.50390625,0.49609375,37,21
101,0.45703125,0.54296875,33,17
110,0.525390625,0.474609375,33,21
111,0.49609375,0.50390625,29,17
