state,p_marked,error,gate_count,depth
000,0.5234375,0.4765625,41,21
001,0.52734375,0.47265625,37,17
010,0.509765625,0.490234375,37,21
011,0.48046875,0.51953125,33,17
100,0.490234375,0.509765625,37,21
101,0.484375,0.515625,33,17
110,0.4765625,0.5234375,33,21
111,0.51953125,0.48046875,29,17
