state,p_marked,error,gate_count,depth
000,0.11328125,0.88671875,49,25
001,0.15234375,0.84765625,47,23
010,0.1171875,0.8828125,47,25
011,0.150390625,0.849609375,45,23
100,0.119140625,0.880859375,47,25
101,0.14453125,0.85546875,45,23
110,0.146484375,0.853515625,45,25
111,0.126953125,0.873046875,43,23
