state,p_marked,error,gate_count,depth
000,0.09765625,0.90234375,58,30
001,0.12890625,0.87109375,54,26
010,0.11328125,0.88671875,54,30
011,0.134765625,0.865234375,50,26
100,0.115234375,0.884765625,54,30
101,0.13671875,0.86328125,50,26
110,0.140625,0.859375,50,30
111,0.1484375,0.8515625,46,26
