state,p_marked,error,gate_count,depth
000,0.14453125,0.85546875,49,25
001,0.142578125,0.857421875,47,23
010,0.134765625,0.865234375,47,25
011,0.13671875,0.86328125,45,23
100,0.126953125,0.873046875,47,25
101,0.16015625,0.83984375,45,23
110,0.099609375,0.900390625,45,25
111,0.1171875,0.8828125,43,23
