state,p_marked,error,gate_count,depth
000,0.060546875,0.939453125,44,24
001,0.060546875,0.939453125,44,24
010,0.056640625,0.943359375,44,24
011,0.177734375,0.822265625,44,24
100,0.517578125,0.482421875,44,24
101,0.05859375,0.94140625,44,24
110,0.052734375,0.947265625,44,24
111,0.013671875,0.986328125,44,24
