state,p_marked,error,gate_count,depth
000,0.54296875,0.45703125,67,34
001,0.51171875,0.48828125,61,28
010,0.498046875,0.501953125,61,34
011,0.50390625,0.49609375,55,28
100,0.537109375,0.462890625,61,34
101,0.474609375,0.525390625,55,28
110,0.48828125,0.51171875,55,34
111,0.505859375,0.494140625,49,28
