state,p_marked,error,gate_count,depth
000,0.51171875,0.48828125,41,21
001,0.46875,0.53125,37,17
010,0.521484375,0.478515625,37,21
011,0.51171875,0.48828125,33,17
100,0.47265625,0.52734375,37,21
101,0.4765625,0.5234375,33,17
110,0.55078125,0.44921875,33,21
111,0.46484375,0.53515625,29,17
