state,p_marked,error,gate_count,depth
000,0.134765625,0.865234375,15,7
001,0.13671875,0.86328125,13,5
010,0.150390625,0.849609375,13,7
011,0.1015625,0.8984375,11,5
100,0.15234375,0.84765625,13,7
101,0.11328125,0.88671875,11,5
110,0.130859375,0.869140625,11,7
111,0.10546875,0.89453125,9,5
