state,p_marked,error,gate_count,depth
000,0.119140625,0.880859375,24,12
001,0.09375,0.90625,20,8
010,0.13671875,0.86328125,20,12
011,0.12109375,0.87890625,16,8
100,0.103515625,0.896484375,20,12
101,0.130859375,0.869140625,16,8
110,0.12890625,0.87109375,16,12
111,0.1328125,0.8671875,12,8
