state,p_marked,error,gate_count,depth
000,0.51953125,0.48046875,41,21
001,0.546875,0.453125,37,17
010,0.541015625,0.458984375,37,21
011,0.521484375,0.478515625,33,17
100,0.46875,0.53125,37,21
101,0.486328125,0.513671875,33,17
110,0.548828125,0.451171875,33,21
111,0.51953125,0.48046875,29,17
