state,p_marked,error,gate_count,depth
000,0.5,0.5,32,16
001,0.55078125,0.44921875,30,14
010,0.501953125,0.498046875,30,16
011,0.494140625,0.505859375,28,14
100,0.521484375,0.478515625,30,16
101,0.4296875,0.5703125,28,14
110,0.55078125,0.44921875,28,16
111,0.560546875,0.439453125,26,14
