state,p_marked,error,gate_count,depth
000,0.0,1.0,41,20
001,0.0,1.0,37,16
010,0.0,1.0,37,20
011,0.0,1.0,33,16
100,0.103515625,0.896484375,37,20
101,0.119140625,0.880859375,33,16
110,0.123046875,0.876953125,33,20
111,0.119140625,0.880859375,29,16
