state,p_marked,error,gate_count,depth
000,0.119140625,0.880859375,38,21
001,0.4921875,0.5078125,36,19
010,0.123046875,0.876953125,36,21
011,0.142578125,0.857421875,34,19
100,0.111328125,0.888671875,36,21
101,0.0,1.0,34,19
110,0.10546875,0.89453125,34,21
111,0.126953125,0.873046875,32,19
