state,p_marked,error,gate_count,depth
000,0.013671875,0.986328125,117,71
001,0.0,1.0,107,61
010,0.23828125,0.76171875,107,71
011,0.0703125,0.9296875,97,61
100,0.0234375,0.9765625,107,71
101,0.2265625,0.7734375,97,61
110,0.396484375,0.603515625,97,71
111,0.009765625,0.990234375,87,61
