state,p_marked,error,gate_count,depth
000,0.119140625,0.880859375,42,22
001,0.17578125,0.82421875,34,14
010,0.1171875,0.8828125,34,22
011,0.119140625,0.880859375,26,14
100,0.150390625,0.849609375,34,22
101,0.140625,0.859375,26,14
110,0.14453125,0.85546875,26,22
111,0.138671875,0.861328125,18,14
