state,p_marked,error,gate_count,depth
000,0.095703125,0.904296875,15,7
001,0.138671875,0.861328125,13,5
010,0.119140625,0.880859375,13,7
011,0.134765625,0.865234375,11,5
100,0.119140625,0.880859375,13,7
101,0.1328125,0.8671875,11,5
110,0.12109375,0.87890625,11,7
111,0.109375,0.890625,9,5
