state,p_marked,error,gate_count,depth
000,0.58984375,0.41015625,101,56
001,0.083984375,0.916015625,91,46
010,0.08984375,0.91015625,91,56
011,0.2578125,0.7421875,81,46
100,0.001953125,0.998046875,91,56
101,0.03515625,0.96484375,81,46
110,0.021484375,0.978515625,81,56
111,0.14453125,0.85546875,71,46
