state,p_marked,error,gate_count,depth
000,0.072265625,0.927734375,74,39
001,0.068359375,0.931640625,72,37
010,0.232421875,0.767578125,72,39
011,0.333984375,0.666015625,70,37
100,0.072265625,0.927734375,72,39
101,0.12890625,0.87109375,70,37
110,0.27734375,0.72265625,70,39
111,0.0,1.0,68,37
