state,p_marked,error,gate_count,depth
000,0.126953125,0.873046875,41,20
001,0.142578125,0.857421875,37,16
010,0.1015625,0.8984375,37,20
011,0.150390625,0.849609375,33,16
100,0.10546875,0.89453125,37,20
101,0.11328125,0.88671875,33,16
110,0.158203125,0.841796875,33,20
111,0.107421875,0.892578125,29,16
