state,p_marked,error,gate_count,depth
000,0.50390625,0.49609375,50,26
001,0.53125,0.46875,44,20
010,0.509765625,0.490234375,44,26
011,0.51171875,0.48828125,38,20
100,0.4765625,0.5234375,44,26
101,0.521484375,0.478515625,38,20
110,0.490234375,0.509765625,38,26
111,0.53125,0.46875,32,20
