state,p_marked,error,gate_count,depth
000,0.1328125,0.8671875,55,27
001,0.14453125,0.85546875,53,25
010,0.107421875,0.892578125,53,27
011,0.095703125,0.904296875,51,25
100,0.111328125,0.888671875,53,27
101,0.125,0.875,51,25
110,0.150390625,0.849609375,51,27
111,0.10546875,0.89453125,49,25
