state,p_marked,error,gate_count,depth
000,0.1171875,0.8828125,24,12
001,0.111328125,0.888671875,20,8
010,0.125,0.875,20,12
011,0.154296875,0.845703125,16,8
100,0.134765625,0.865234375,20,12
101,0.119140625,0.880859375,16,8
110,0.142578125,0.857421875,16,12
111,0.103515625,0.896484375,12,8
