state,p_marked,error,gate_count,depth
000,0.126953125,0.873046875,33,17
001,0.142578125,0.857421875,27,11
010,0.150390625,0.849609375,27,17
011,0.109375,0.890625,21,11
100,0.111328125,0.888671875,27,17
101,0.12890625,0.87109375,21,11
110,0.1328125,0.8671875,21,17
111,0.130859375,0.869140625,15,11
