state,p_marked,error,gate_count,depth
000,0.16015625,0.83984375,53,29
001,0.123046875,0.876953125,51,27
010,0.10546875,0.89453125,51,29
011,0.107421875,0.892578125,49,27
100,0.123046875,0.876953125,51,29
101,0.0,1.0,49,27
110,0.1171875,0.8828125,49,29
111,0.0,1.0,47,27
