state,p_marked,error,gate_count,depth
000,0.09375,0.90625,79,40
001,0.087890625,0.912109375,71,33
010,0.078125,0.921875,71,40
011,0.076171875,0.923828125,63,33
100,0.162109375,0.837890625,71,39
101,0.16796875,0.83203125,63,32
110,0.166015625,0.833984375,63,39
111,0.173828125,0.826171875,55,32
