state,p_marked,error,gate_count,depth
000,0.119140625,0.880859375,49,25
001,0.1328125,0.8671875,47,23
010,0.146484375,0.853515625,47,25
011,0.103515625,0.896484375,45,23
100,0.134765625,0.865234375,47,25
101,0.12109375,0.87890625,45,23
110,0.1171875,0.8828125,45,25
111,0.138671875,0.861328125,43,23
