state,p_marked,error,gate_count,depth
000,0.146484375,0.853515625,41,23
001,0.521484375,0.478515625,39,21
010,0.490234375,0.509765625,39,23
011,0.177734375,0.822265625,37,21
100,0.064453125,0.935546875,39,23
101,0.158203125,0.841796875,37,21
110,0.142578125,0.857421875,37,23
111,0.080078125,0.919921875,35,21
