state,p_marked,error,gate_count,depth
000,0.12890625,0.87109375,41,20
001,0.10546875,0.89453125,37,16
010,0.1171875,0.8828125,37,20
011,0.146484375,0.853515625,33,16
100,0.115234375,0.884765625,37,20
101,0.140625,0.859375,33,16
110,0.111328125,0.888671875,33,20
111,0.109375,0.890625,29,16
