state,p_marked,error,gate_count,depth
000,0.26953125,0.73046875,32,16
001,0.248046875,0.751953125,30,14
010,0.240234375,0.759765625,30,16
011,0.271484375,0.728515625,28,14
100,0.26171875,0.73828125,30,16
101,0.2578125,0.7421875,28,14
110,0.2421875,0.7578125,28,16
111,0.24609375,0.75390625,26,14
