state,p_marked,error,gate_count,depth
000,0.111328125,0.888671875,41,21
001,0.119140625,0.880859375,37,17
010,0.099609375,0.900390625,37,21
011,0.140625,0.859375,33,17
100,0.134765625,0.865234375,37,21
101,0.119140625,0.880859375,33,17
110,0.12890625,0.87109375,33,21
111,0.10546875,0.89453125,29,17
