state,p_marked,error,gate_count,depth
000,0.115234375,0.884765625,59,30
001,0.1015625,0.8984375,55,26
010,0.138671875,0.861328125,55,30
011,0.11328125,0.88671875,51,26
100,0.126953125,0.873046875,55,30
101,0.16796875,0.83203125,51,26
110,0.119140625,0.880859375,51,30
111,0.138671875,0.861328125,47,26
