state,p_marked,error,gate_count,depth
000,0.11328125,0.88671875,32,15
001,0.140625,0.859375,30,13
010,0.115234375,0.884765625,30,15
011,0.126953125,0.873046875,28,13
100,0.1328125,0.8671875,30,15
101,0.12890625,0.87109375,28,13
110,0.13671875,0.86328125,28,15
111,0.107421875,0.892578125,26,13
