state,p_marked,error,gate_count,depth
000,0.451171875,0.548828125,32,16
001,0.478515625,0.521484375,30,14
010,0.5546875,0.4453125,30,16
011,0.51171875,0.48828125,28,14
100,0.5390625,0.4609375,30,16
101,0.51171875,0.48828125,28,14
110,0.490234375,0.509765625,28,16
111,0.5234375,0.4765625,26,14
