state,p_marked,error,gate_count,depth
000,0.236328125,0.763671875,29,15
001,0.220703125,0.779296875,29,15
010,0.0,1.0,29,15
011,0.0,1.0,29,15
100,0.212890625,0.787109375,29,15
101,0.0,1.0,29,15
110,0.0,1.0,29,15
111,0.28125,0.71875,29,15
