state,p_marked,error,gate_count,depth
000,0.537109375,0.462890625,32,16
001,0.486328125,0.513671875,30,14
010,0.498046875,0.501953125,30,16
011,0.552734375,0.447265625,28,14
100,0.447265625,0.552734375,30,16
101,0.470703125,0.529296875,28,14
110,0.4921875,0.5078125,28,16
111,0.478515625,0.521484375,26,14
