state,p_marked,error,gate_count,depth
000,0.0,1.0,51,27
001,0.0,1.0,45,21
010,0.0,1.0,45,27
011,0.0,1.0,39,21
100,0.466796875,0.533203125,45,27
101,0.498046875,0.501953125,39,21
110,0.509765625,0.490234375,39,27
111,0.462890625,0.537109375,33,21
