state,p_marked,error,gate_count,depth
000,0.126953125,0.873046875,51,26
001,0.130859375,0.869140625,49,24
010,0.169921875,0.830078125,49,26
011,0.125,0.875,47,24
100,0.119140625,0.880859375,49,26
101,0.140625,0.859375,47,24
110,0.146484375,0.853515625,47,26
111,0.125,0.875,45,24
