state,p_marked,error,gate_count,depth
000,0.126953125,0.873046875,67,34
001,0.154296875,0.845703125,61,28
010,0.123046875,0.876953125,61,34
011,0.091796875,0.908203125,55,28
100,0.142578125,0.857421875,61,34
101,0.119140625,0.880859375,55,28
110,0.1484375,0.8515625,55,34
111,0.130859375,0.869140625,49,28
