state,p_marked,error,gate_count,depth
000,0.11328125,0.88671875,32,15
001,0.1171875,0.8828125,30,13
010,0.140625,0.859375,30,15
011,0.154296875,0.845703125,28,13
100,0.09375,0.90625,30,15
101,0.08984375,0.91015625,28,13
110,0.109375,0.890625,28,15
111,0.1171875,0.8828125,26,13
