state,p_marked,error,gate_count,depth
000,0.140625,0.859375,15,7
001,0.130859375,0.869140625,13,5
010,0.115234375,0.884765625,13,7
011,0.15234375,0.84765625,11,5
100,0.142578125,0.857421875,13,7
101,0.130859375,0.869140625,11,5
110,0.107421875,0.892578125,11,7
111,0.1328125,0.8671875,9,5
