state,p_marked,error,gate_count,depth
000,0.517578125,0.482421875,41,21
001,0.51953125,0.48046875,37,17
010,0.525390625,0.474609375,37,21
011,0.458984375,0.541015625,33,17
100,0.48046875,0.51953125,37,21
101,0.51171875,0.48828125,33,17
110,0.52734375,0.47265625,33,21
111,0.533203125,0.466796875,29,17
