state,p_marked,error,gate_count,depth
000,0.095703125,0.904296875,32,16
001,0.1484375,0.8515625,30,14
010,0.11328125,0.88671875,30,16
011,0.11328125,0.88671875,28,14
100,0.109375,0.890625,30,16
101,0.109375,0.890625,28,14
110,0.15625,0.84375,28,16
111,0.12890625,0.87109375,26,14
