state,p_marked,error,gate_count,depth
000,0.107421875,0.892578125,15,7
001,0.11328125,0.88671875,13,5
010,0.125,0.875,13,7
011,0.138671875,0.861328125,11,5
100,0.1484375,0.8515625,13,7
101,0.1171875,0.8828125,11,5
110,0.119140625,0.880859375,11,7
111,0.130859375,0.869140625,9,5
