state,p_marked,error,gate_count,depth
000,0.107421875,0.892578125,15,7
001,0.146484375,0.853515625,13,5
010,0.11328125,0.88671875,13,7
011,0.11328125,0.88671875,11,5
100,0.109375,0.890625,13,7
101,0.134765625,0.865234375,11,5
110,0.109375,0.890625,11,7
111,0.123046875,0.876953125,9,5
