state,p_marked,error,gate_count,depth
000,0.0,1.0,79,44
001,0.0,1.0,73,38
010,0.517578125,0.482421875,73,44
011,0.48828125,0.51171875,67,38
100,0.14453125,0.85546875,73,44
101,0.0,1.0,67,38
110,0.091796875,0.908203125,67,44
111,0.0,1.0,61,38
