state,p_marked,error,gate_count,depth
000,0.251953125,0.748046875,61,30
001,0.2265625,0.7734375,57,26
010,0.2421875,0.7578125,57,30
011,0.232421875,0.767578125,53,26
100,0.076171875,0.923828125,57,30
101,0.068359375,0.931640625,53,26
110,0.056640625,0.943359375,53,30
111,0.068359375,0.931640625,49,26
