state,p_marked,error,gate_count,depth
000,0.126953125,0.873046875,49,25
001,0.12890625,0.87109375,47,23
010,0.13671875,0.86328125,47,25
011,0.134765625,0.865234375,45,23
100,0.103515625,0.896484375,47,25
101,0.111328125,0.888671875,45,23
110,0.09765625,0.90234375,45,25
111,0.123046875,0.876953125,43,23
