state,p_marked,error,gate_count,depth
000,0.158203125,0.841796875,50,26
001,0.1328125,0.8671875,44,20
010,0.154296875,0.845703125,44,26
011,0.140625,0.859375,38,20
100,0.119140625,0.880859375,44,26
101,0.130859375,0.869140625,38,20
110,0.111328125,0.888671875,38,26
111,0.123046875,0.876953125,32,20
