state,p_marked,error,gate_count,depth
000,0.12890625,0.87109375,24,12
001,0.12890625,0.87109375,20,8
010,0.115234375,0.884765625,20,12
011,0.15234375,0.84765625,16,8
100,0.1171875,0.8828125,20,12
101,0.099609375,0.900390625,16,8
110,0.125,0.875,16,12
111,0.125,0.875,12,8
