state,p_marked,error,gate_count,depth
000,0.0,1.0,42,21
001,0.0,1.0,42,21
010,0.03515625,0.96484375,42,21
011,0.474609375,0.525390625,42,21
100,0.0,1.0,42,21
101,0.0,1.0,42,21
110,0.015625,0.984375,42,21
111,0.505859375,0.494140625,42,21
