state,p_marked,error,gate_count,depth
000,0.107421875,0.892578125,58,30
001,0.10546875,0.89453125,54,26
010,0.109375,0.890625,54,30
011,0.125,0.875,50,26
100,0.12109375,0.87890625,54,30
101,0.126953125,0.873046875,50,26
110,0.109375,0.890625,50,30
111,0.138671875,0.861328125,46,26
