state,p_marked,error,gate_count,depth
000,0.109375,0.890625,41,20
001,0.109375,0.890625,41,20
010,0.123046875,0.876953125,41,20
011,0.12109375,0.87890625,41,20
100,0.150390625,0.849609375,41,20
101,0.13671875,0.86328125,41,20
110,0.12109375,0.87890625,41,20
111,0.134765625,0.865234375,41,20
