state,p_marked,error,gate_count,depth
000,0.12109375,0.87890625,24,12
001,0.11328125,0.88671875,20,8
010,0.1484375,0.8515625,20,12
011,0.12109375,0.87890625,16,8
100,0.111328125,0.888671875,20,12
101,0.12109375,0.87890625,16,8
110,0.1015625,0.8984375,16,12
111,0.154296875,0.845703125,12,8
