state,p_marked,error,gate_count,depth
000,0.501953125,0.498046875,32,16
001,0.5,0.5,30,14
010,0.482421875,0.517578125,30,16
011,0.478515625,0.521484375,28,14
100,0.5234375,0.4765625,30,16
101,0.439453125,0.560546875,28,14
110,0.54296875,0.45703125,28,16
111,0.505859375,0.494140625,26,14
