state,p_marked,error,gate_count,depth
000,0.150390625,0.849609375,41,20
001,0.134765625,0.865234375,37,16
010,0.125,0.875,37,20
011,0.12109375,0.87890625,33,16
100,0.1171875,0.8828125,37,20
101,0.1328125,0.8671875,33,16
110,0.111328125,0.888671875,33,20
111,0.109375,0.890625,29,16
