state,p_marked,error,gate_count,depth
000,0.138671875,0.861328125,42,20
001,0.11328125,0.88671875,42,20
010,0.134765625,0.865234375,42,20
011,0.138671875,0.861328125,42,20
100,0.12890625,0.87109375,42,20
101,0.126953125,0.873046875,42,20
110,0.146484375,0.853515625,42,20
111,0.15234375,0.84765625,42,20
