state,p_marked,error,gate_count,depth
000,0.119140625,0.880859375,60,31
001,0.134765625,0.865234375,56,28
010,0.140625,0.859375,56,31
011,0.068359375,0.931640625,52,28
100,0.162109375,0.837890625,56,30
101,0.197265625,0.802734375,52,27
110,0.126953125,0.873046875,52,30
111,0.12109375,0.87890625,48,27
