state,p_marked,error,gate_count,depth
000,0.033203125,0.966796875,59,31
001,0.037109375,0.962890625,55,27
010,0.037109375,0.962890625,55,31
011,0.02734375,0.97265625,51,27
100,0.03125,0.96875,55,31
101,0.2734375,0.7265625,51,27
110,0.255859375,0.744140625,51,31
111,0.03125,0.96875,47,27
