state,p_marked,error,gate_count,depth
000,0.0078125,0.9921875,48,28
001,0.009765625,0.990234375,46,26
010,0.091796875,0.908203125,46,28
011,0.048828125,0.951171875,44,26
100,0.111328125,0.888671875,46,28
101,0.052734375,0.947265625,44,26
110,0.00390625,0.99609375,44,28
111,0.22265625,0.77734375,42,26
