state,p_marked,error,gate_count,depth
000,0.53515625,0.46484375,41,21
001,0.44921875,0.55078125,37,17
010,0.5078125,0.4921875,37,21
011,0.4609375,0.5390625,33,17
100,0.4921875,0.5078125,37,21
101,0.46484375,0.53515625,33,17
110,0.5078125,0.4921875,33,21
111,0.525390625,0.474609375,29,17
