state,p_marked,error,gate_count,depth
000,0.125,0.875,32,16
001,0.13671875,0.86328125,30,14
010,0.140625,0.859375,30,16
011,0.119140625,0.880859375,28,14
100,0.103515625,0.896484375,30,16
101,0.12109375,0.87890625,28,14
110,0.103515625,0.896484375,28,16
111,0.125,0.875,26,14
