state,p_marked,error,gate_count,depth
000,0.125,0.875,41,20
001,0.109375,0.890625,37,16
010,0.11328125,0.88671875,37,20
011,0.123046875,0.876953125,33,16
100,0.107421875,0.892578125,37,20
101,0.109375,0.890625,33,16
110,0.09765625,0.90234375,33,20
111,0.125,0.875,29,16
