state,p_marked,error,gate_count,depth
000,0.474609375,0.525390625,32,16
001,0.5234375,0.4765625,30,14
010,0.517578125,0.482421875,30,16
011,0.498046875,0.501953125,28,14
100,0.4921875,0.5078125,30,16
101,0.517578125,0.482421875,28,14
110,0.453125,0.546875,28,16
111,0.498046875,0.501953125,26,14
