state,p_marked,error,gate_count,depth
000,0.13671875,0.86328125,50,26
001,0.125,0.875,44,20
010,0.123046875,0.876953125,44,26
011,0.130859375,0.869140625,38,20
100,0.125,0.875,44,26
101,0.126953125,0.873046875,38,20
110,0.12109375,0.87890625,38,26
111,0.123046875,0.876953125,32,20
