state,p_marked,error,gate_count,depth
000,0.1796875,0.8203125,145,100
001,0.111328125,0.888671875,141,97
010,0.0234375,0.9765625,141,100
011,0.103515625,0.896484375,137,97
100,0.1484375,0.8515625,141,99
101,0.224609375,0.775390625,137,96
110,0.15625,0.84375,137,99
111,0.123046875,0.876953125,133,96
