state,p_marked,error,gate_count,depth
000,0.109375,0.890625,40,21
001,0.0,1.0,38,19
010,0.1171875,0.8828125,38,21
011,0.0,1.0,36,19
100,0.109375,0.890625,38,21
101,0.0,1.0,36,19
110,0.12109375,0.87890625,36,21
111,0.0,1.0,34,19
