state,p_marked,error,gate_count,depth
000,0.12890625,0.87109375,42,22
001,0.13671875,0.86328125,34,14
010,0.1484375,0.8515625,34,22
011,0.1015625,0.8984375,26,14
100,0.109375,0.890625,34,22
101,0.1328125,0.8671875,26,14
110,0.146484375,0.853515625,26,22
111,0.11328125,0.88671875,18,14
