state,p_marked,error,gate_count,depth
000,0.140625,0.859375,42,22
001,0.115234375,0.884765625,34,14
010,0.103515625,0.896484375,34,22
011,0.134765625,0.865234375,26,14
100,0.107421875,0.892578125,34,22
101,0.123046875,0.876953125,26,14
110,0.13671875,0.86328125,26,22
111,0.12109375,0.87890625,18,14
