state,p_marked,error,gate_count,depth
000,0.529296875,0.470703125,32,16
001,0.505859375,0.494140625,30,14
010,0.52734375,0.47265625,30,16
011,0.453125,0.546875,28,14
100,0.513671875,0.486328125,30,16
101,0.49609375,0.50390625,28,14
110,0.48828125,0.51171875,28,16
111,0.49609375,0.50390625,26,14
