state,p_marked,error,gate_count,depth
000,0.517578125,0.482421875,41,21
001,0.515625,0.484375,37,17
010,0.546875,0.453125,37,21
011,0.50390625,0.49609375,33,17
100,0.4921875,0.5078125,37,21
101,0.513671875,0.486328125,33,17
110,0.525390625,0.474609375,33,21
111,0.505859375,0.494140625,29,17
