state,p_marked,error,gate_count,depth
000,0.03515625,0.96484375,42,24
001,0.072265625,0.927734375,42,24
010,0.041015625,0.958984375,42,24
011,0.048828125,0.951171875,42,24
100,0.212890625,0.787109375,42,24
101,0.5234375,0.4765625,42,24
110,0.03125,0.96875,42,24
111,0.0546875,0.9453125,42,24
