state,p_marked,error,gate_count,depth
000,0.0,1.0,64,33
001,0.216796875,0.783203125,60,29
010,0.0,1.0,60,33
011,0.27734375,0.72265625,56,29
100,0.2265625,0.7734375,60,33
101,0.0,1.0,56,29
110,0.2421875,0.7578125,56,33
111,0.0,1.0,52,29
