state,p_marked,error,gate_count,depth
000,0.1171875,0.8828125,57,29
001,0.13671875,0.86328125,57,29
010,0.09765625,0.90234375,57,29
011,0.107421875,0.892578125,57,29
100,0.111328125,0.888671875,57,29
101,0.119140625,0.880859375,57,29
110,0.119140625,0.880859375,57,29
111,0.134765625,0.865234375,57,29
