state,p_marked,error,gate_count,depth
000,0.111328125,0.888671875,49,24
001,0.130859375,0.869140625,47,22
010,0.125,0.875,47,24
011,0.109375,0.890625,45,22
100,0.111328125,0.888671875,47,24
101,0.158203125,0.841796875,45,22
110,0.115234375,0.884765625,45,24
111,0.13671875,0.86328125,43,22
