state,p_marked,error,gate_count,depth
000,0.0,1.0,44,23
001,0.0,1.0,40,20
010,0.0,1.0,40,22
011,0.0,1.0,36,19
100,0.0,1.0,40,23
101,0.109375,0.890625,36,20
110,0.0,1.0,36,22
111,0.130859375,0.869140625,32,19
