state,p_marked,error,gate_count,depth
000,0.125,0.875,33,15
001,0.13671875,0.86328125,31,13
010,0.107421875,0.892578125,31,15
011,0.11328125,0.88671875,29,13
100,0.103515625,0.896484375,31,15
101,0.125,0.875,29,13
110,0.130859375,0.869140625,29,15
111,0.142578125,0.857421875,27,13
