state,p_marked,error,gate_count,depth
000,0.134765625,0.865234375,41,20
001,0.111328125,0.888671875,37,16
010,0.134765625,0.865234375,37,20
011,0.123046875,0.876953125,33,16
100,0.14453125,0.85546875,37,20
101,0.115234375,0.884765625,33,16
110,0.1328125,0.8671875,33,20
111,0.095703125,0.904296875,29,16
