state,p_marked,error,gate_count,depth
000,0.119140625,0.880859375,41,19
001,0.12890625,0.87109375,41,19
010,0.134765625,0.865234375,41,19
011,0.111328125,0.888671875,41,19
100,0.14453125,0.85546875,41,19
101,0.1328125,0.8671875,41,19
110,0.109375,0.890625,41,19
111,0.1015625,0.8984375,41,19
