state,p_marked,error,gate_count,depth
000,0.47265625,0.52734375,41,21
001,0.505859375,0.494140625,37,17
010,0.50390625,0.49609375,37,21
011,0.484375,0.515625,33,17
100,0.50390625,0.49609375,37,21
101,0.541015625,0.458984375,33,17
110,0.515625,0.484375,33,21
111,0.505859375,0.494140625,29,17
