state,p_marked,error,gate_count,depth
000,0.13671875,0.86328125,50,25
001,0.103515625,0.896484375,48,23
010,0.134765625,0.865234375,48,25
011,0.150390625,0.849609375,46,23
100,0.091796875,0.908203125,48,25
101,0.142578125,0.857421875,46,23
110,0.146484375,0.853515625,46,25
111,0.12109375,0.87890625,44,23
