state,p_marked,error,gate_count,depth
000,0.234375,0.765625,32,16
001,0.220703125,0.779296875,30,14
010,0.220703125,0.779296875,30,16
011,0.25,0.75,28,14
100,0.208984375,0.791015625,30,16
101,0.232421875,0.767578125,28,14
110,0.279296875,0.720703125,28,16
111,0.23828125,0.76171875,26,14
