state,p_marked,error,gate_count,depth
000,0.240234375,0.759765625,58,29
001,0.2421875,0.7578125,54,25
010,0.26171875,0.73828125,54,29
011,0.24609375,0.75390625,50,25
100,0.255859375,0.744140625,54,29
101,0.259765625,0.740234375,50,25
110,0.28125,0.71875,50,29
111,0.2265625,0.7734375,46,25
