state,p_marked,error,gate_count,depth
000,0.150390625,0.849609375,33,17
001,0.13671875,0.86328125,27,11
010,0.12890625,0.87109375,27,17
011,0.1484375,0.8515625,21,11
100,0.09765625,0.90234375,27,17
101,0.142578125,0.857421875,21,11
110,0.103515625,0.896484375,21,17
111,0.134765625,0.865234375,15,11
