state,p_marked,error,gate_count,depth
000,0.462890625,0.537109375,41,21
001,0.51953125,0.48046875,37,17
010,0.474609375,0.525390625,37,21
011,0.484375,0.515625,33,17
100,0.5234375,0.4765625,37,21
101,0.51953125,0.48046875,33,17
110,0.455078125,0.544921875,33,21
111,0.52734375,0.47265625,29,17
