state,p_marked,error,gate_count,depth
000,0.12890625,0.87109375,41,20
001,0.119140625,0.880859375,37,16
010,0.12109375,0.87890625,37,20
011,0.126953125,0.873046875,33,16
100,0.130859375,0.869140625,37,20
101,0.091796875,0.908203125,33,16
110,0.134765625,0.865234375,33,20
111,0.1484375,0.8515625,29,16
