state,p_marked,error,gate_count,depth
000,0.2890625,0.7109375,59,30
001,0.271484375,0.728515625,55,27
010,0.025390625,0.974609375,55,30
011,0.2734375,0.7265625,51,27
100,0.2421875,0.7578125,55,30
101,0.271484375,0.728515625,51,27
110,0.0390625,0.9609375,51,30
111,0.287109375,0.712890625,47,26
