state,p_marked,error,gate_count,depth
000,0.14453125,0.85546875,49,24
001,0.107421875,0.892578125,47,22
010,0.154296875,0.845703125,47,24
011,0.11328125,0.88671875,45,22
100,0.126953125,0.873046875,47,24
101,0.109375,0.890625,45,22
110,0.130859375,0.869140625,45,24
111,0.115234375,0.884765625,43,22
