state,p_marked,error,gate_count,depth
000,0.138671875,0.861328125,41,20
001,0.13671875,0.86328125,37,16
010,0.12890625,0.87109375,37,20
011,0.103515625,0.896484375,33,16
100,0.1171875,0.8828125,37,20
101,0.125,0.875,33,16
110,0.138671875,0.861328125,33,20
111,0.14453125,0.85546875,29,16
