state,p_marked,error,gate_count,depth
000,0.09765625,0.90234375,41,20
001,0.12109375,0.87890625,37,16
010,0.126953125,0.873046875,37,20
011,0.1328125,0.8671875,33,16
100,0.13671875,0.86328125,37,20
101,0.115234375,0.884765625,33,16
110,0.111328125,0.888671875,33,20
111,0.134765625,0.865234375,29,16
