state,p_marked,error,gate_count,depth
000,0.51171875,0.48828125,50,26
001,0.478515625,0.521484375,44,20
010,0.51953125,0.48046875,44,26
011,0.5625,0.4375,38,20
100,0.515625,0.484375,44,26
101,0.490234375,0.509765625,38,20
110,0.5,0.5,38,26
111,0.46484375,0.53515625,32,20
