state,p_marked,error,gate_count,depth
000,0.115234375,0.884765625,33,17
001,0.091796875,0.908203125,27,11
010,0.140625,0.859375,27,17
011,0.103515625,0.896484375,21,11
100,0.1328125,0.8671875,27,17
101,0.16796875,0.83203125,21,11
110,0.103515625,0.896484375,21,17
111,0.119140625,0.880859375,15,11
