state,p_marked,error,gate_count,depth
000,0.130859375,0.869140625,24,12
001,0.1328125,0.8671875,20,8
010,0.119140625,0.880859375,20,12
011,0.099609375,0.900390625,16,8
100,0.125,0.875,20,12
101,0.123046875,0.876953125,16,8
110,0.123046875,0.876953125,16,12
111,0.123046875,0.876953125,12,8
