state,p_marked,error,gate_count,depth
000,0.123046875,0.876953125,32,15
001,0.11328125,0.88671875,30,13
010,0.115234375,0.884765625,30,15
011,0.107421875,0.892578125,28,13
100,0.125,0.875,30,15
101,0.107421875,0.892578125,28,13
110,0.107421875,0.892578125,28,15
111,0.119140625,0.880859375,26,13
