state,p_marked,error,gate_count,depth
000,0.138671875,0.861328125,24,12
001,0.107421875,0.892578125,20,8
010,0.125,0.875,20,12
011,0.14453125,0.85546875,16,8
100,0.109375,0.890625,20,12
101,0.138671875,0.861328125,16,8
110,0.16015625,0.83984375,16,12
111,0.12109375,0.87890625,12,8
