state,p_marked,error,gate_count,depth
000,0.126953125,0.873046875,24,12
001,0.146484375,0.853515625,20,8
010,0.14453125,0.85546875,20,12
011,0.1171875,0.8828125,16,8
100,0.171875,0.828125,20,12
101,0.126953125,0.873046875,16,8
110,0.10546875,0.89453125,16,12
111,0.087890625,0.912109375,12,8
