state,p_marked,error,gate_count,depth
000,0.123046875,0.876953125,49,25
001,0.126953125,0.873046875,47,23
010,0.11328125,0.88671875,47,25
011,0.126953125,0.873046875,45,23
100,0.1171875,0.8828125,47,25
101,0.123046875,0.876953125,45,23
110,0.1171875,0.8828125,45,25
111,0.140625,0.859375,43,23
