state,p_marked,error,gate_count,depth
000,0.220703125,0.779296875,44,24
001,0.0,1.0,44,24
010,0.0,1.0,44,24
011,0.267578125,0.732421875,44,24
100,0.0,1.0,44,24
101,0.275390625,0.724609375,44,24
110,0.255859375,0.744140625,44,24
111,0.0,1.0,44,24
