state,p_marked,error,gate_count,depth
000,0.51171875,0.48828125,32,16
001,0.478515625,0.521484375,30,14
010,0.51171875,0.48828125,30,16
011,0.4609375,0.5390625,28,14
100,0.443359375,0.556640625,30,16
101,0.5625,0.4375,28,14
110,0.521484375,0.478515625,28,16
111,0.501953125,0.498046875,26,14
