state,p_marked,error,gate_count,depth
000,0.02734375,0.97265625,86,44
001,0.244140625,0.755859375,84,42
010,0.083984375,0.916015625,84,44
011,0.310546875,0.689453125,82,42
100,0.22265625,0.77734375,84,44
101,0.0390625,0.9609375,82,42
110,0.1015625,0.8984375,82,44
111,0.01953125,0.98046875,80,42
