state,p_marked,error,gate_count,depth
000,0.146484375,0.853515625,15,7
001,0.115234375,0.884765625,13,5
010,0.142578125,0.857421875,13,7
011,0.12890625,0.87109375,11,5
100,0.130859375,0.869140625,13,7
101,0.11328125,0.88671875,11,5
110,0.140625,0.859375,11,7
111,0.13671875,0.86328125,9,5
