state,p_marked,error,gate_count,depth
000,0.521484375,0.478515625,41,21
001,0.50390625,0.49609375,37,17
010,0.47265625,0.52734375,37,21
011,0.453125,0.546875,33,17
100,0.484375,0.515625,37,21
101,0.484375,0.515625,33,17
110,0.529296875,0.470703125,33,21
111,0.548828125,0.451171875,29,17
