state,p_marked,error,gate_count,depth
000,0.494140625,0.505859375,32,16
001,0.52734375,0.47265625,30,14
010,0.4609375,0.5390625,30,16
011,0.49609375,0.50390625,28,14
100,0.458984375,0.541015625,30,16
101,0.4921875,0.5078125,28,14
110,0.470703125,0.529296875,28,16
111,0.515625,0.484375,26,14
