state,p_marked,error,gate_count,depth
000,0.05859375,0.94140625,32,15
001,0.044921875,0.955078125,30,13
010,0.060546875,0.939453125,30,15
011,0.0703125,0.9296875,28,13
100,0.0625,0.9375,30,15
101,0.0625,0.9375,28,13
110,0.052734375,0.947265625,28,15
111,0.068359375,0.931640625,26,13
