state,p_marked,error,gate_count,depth
000,0.12890625,0.87109375,59,32
001,0.140625,0.859375,57,30
010,0.134765625,0.865234375,57,32
011,0.13671875,0.86328125,55,30
100,0.1328125,0.8671875,57,32
101,0.134765625,0.865234375,55,30
110,0.1328125,0.8671875,55,32
111,0.146484375,0.853515625,53,30
