state,p_marked,error,gate_count,depth
000,0.123046875,0.876953125,41,20
001,0.138671875,0.861328125,37,16
010,0.146484375,0.853515625,37,20
011,0.119140625,0.880859375,33,16
100,0.1328125,0.8671875,37,20
101,0.158203125,0.841796875,33,16
110,0.11328125,0.88671875,33,20
111,0.126953125,0.873046875,29,16
