state,p_marked,error,gate_count,depth
000,0.181640625,0.818359375,97,55
001,0.01171875,0.98828125,95,53
010,0.05859375,0.94140625,95,55
011,0.005859375,0.994140625,93,53
100,0.25,0.75,95,55
101,0.271484375,0.728515625,93,53
110,0.0234375,0.9765625,93,55
111,0.255859375,0.744140625,91,53
