state,p_marked,error,gate_count,depth
000,0.0,1.0,64,33
001,0.236328125,0.763671875,60,29
010,0.0,1.0,60,33
011,0.130859375,0.869140625,56,29
100,0.2734375,0.7265625,60,33
101,0.0,1.0,56,29
110,0.212890625,0.787109375,56,33
111,0.123046875,0.876953125,52,29
