state,p_marked,error,gate_count,depth
000,0.1640625,0.8359375,33,16
001,0.11328125,0.88671875,31,14
010,0.126953125,0.873046875,31,16
011,0.130859375,0.869140625,29,14
100,0.123046875,0.876953125,31,16
101,0.1015625,0.8984375,29,14
110,0.099609375,0.900390625,29,16
111,0.1171875,0.8828125,27,14
