state,p_marked,error,gate_count,depth
000,0.005859375,0.994140625,37,19
001,0.130859375,0.869140625,35,17
010,0.001953125,0.998046875,35,19
011,0.1171875,0.8828125,33,17
100,0.013671875,0.986328125,35,19
101,0.107421875,0.892578125,33,17
110,0.0078125,0.9921875,33,19
111,0.126953125,0.873046875,31,17
