state,p_marked,error,gate_count,depth
000,0.064453125,0.935546875,44,23
001,0.060546875,0.939453125,44,23
010,0.037109375,0.962890625,44,23
011,0.017578125,0.982421875,44,23
100,0.0625,0.9375,44,23
101,0.060546875,0.939453125,44,23
110,0.482421875,0.517578125,44,23
111,0.169921875,0.830078125,44,23
