state,p_marked,error,gate_count,depth
000,0.111328125,0.888671875,149,81
001,0.15625,0.84375,135,68
010,0.09375,0.90625,135,81
011,0.142578125,0.857421875,121,68
100,0.119140625,0.880859375,135,81
101,0.109375,0.890625,121,67
110,0.021484375,0.978515625,121,81
111,0.015625,0.984375,107,67
