state,p_marked,error,gate_count,depth
000,0.13671875,0.86328125,58,30
001,0.140625,0.859375,54,26
010,0.119140625,0.880859375,54,30
011,0.09765625,0.90234375,50,26
100,0.138671875,0.861328125,54,30
101,0.15234375,0.84765625,50,26
110,0.123046875,0.876953125,50,30
111,0.140625,0.859375,46,26
