state,p_marked,error,gate_count,depth
000,0.140625,0.859375,32,15
001,0.123046875,0.876953125,30,13
010,0.1484375,0.8515625,30,15
011,0.15234375,0.84765625,28,13
100,0.126953125,0.873046875,30,15
101,0.130859375,0.869140625,28,13
110,0.146484375,0.853515625,28,15
111,0.142578125,0.857421875,26,13
