state,p_marked,error,gate_count,depth
000,0.529296875,0.470703125,34,18
001,0.513671875,0.486328125,32,16
010,0.494140625,0.505859375,32,18
011,0.115234375,0.884765625,30,16
100,0.45703125,0.54296875,32,18
101,0.486328125,0.513671875,30,16
110,0.12109375,0.87890625,30,18
111,0.455078125,0.544921875,28,16
