state,p_marked,error,gate_count,depth
000,0.142578125,0.857421875,60,31
001,0.13671875,0.86328125,56,27
010,0.134765625,0.865234375,56,31
011,0.138671875,0.861328125,52,27
100,0.140625,0.859375,56,31
101,0.11328125,0.88671875,52,27
110,0.115234375,0.884765625,52,31
111,0.140625,0.859375,48,27
