state,p_marked,error,gate_count,depth
000,0.146484375,0.853515625,41,20
001,0.109375,0.890625,37,16
010,0.134765625,0.865234375,37,20
011,0.119140625,0.880859375,33,16
100,0.140625,0.859375,37,20
101,0.142578125,0.857421875,33,16
110,0.130859375,0.869140625,33,20
111,0.130859375,0.869140625,29,16
