state,p_marked,error,gate_count,depth
000,0.0234375,0.9765625,68,36
001,0.017578125,0.982421875,62,30
010,0.041015625,0.958984375,62,36
011,0.021484375,0.978515625,56,30
100,0.26171875,0.73828125,62,36
101,0.03125,0.96875,56,30
110,0.029296875,0.970703125,56,36
111,0.291015625,0.708984375,50,30
