state,p_marked,error,gate_count,depth
000,0.134765625,0.865234375,32,15
001,0.1484375,0.8515625,30,13
010,0.130859375,0.869140625,30,15
011,0.11328125,0.88671875,28,13
100,0.111328125,0.888671875,30,15
101,0.09765625,0.90234375,28,13
110,0.1171875,0.8828125,28,15
111,0.125,0.875,26,13
