state,p_marked,error,gate_count,depth
000,0.1484375,0.8515625,49,24
001,0.125,0.875,47,22
010,0.103515625,0.896484375,47,24
011,0.12890625,0.87109375,45,22
100,0.134765625,0.865234375,47,24
101,0.119140625,0.880859375,45,22
110,0.138671875,0.861328125,45,24
111,0.12890625,0.87109375,43,22
