state,p_marked,error,gate_count,depth
000,0.12890625,0.87109375,33,17
001,0.0,1.0,31,15
010,0.13671875,0.86328125,31,17
011,0.12890625,0.87109375,29,15
100,0.12109375,0.87890625,31,17
101,0.0,1.0,29,15
110,0.142578125,0.857421875,29,17
111,0.1328125,0.8671875,27,15
