state,p_marked,error,gate_count,depth
000,0.09765625,0.90234375,47,25
001,0.12890625,0.87109375,47,25
010,0.1328125,0.8671875,47,25
011,0.146484375,0.853515625,47,25
100,0.140625,0.859375,47,25
101,0.119140625,0.880859375,47,25
110,0.111328125,0.888671875,47,25
111,0.12109375,0.87890625,47,25
