state,p_marked,error,gate_count,depth
000,0.1171875,0.8828125,15,7
001,0.119140625,0.880859375,13,5
010,0.146484375,0.853515625,13,7
011,0.15625,0.84375,11,5
100,0.126953125,0.873046875,13,7
101,0.12890625,0.87109375,11,5
110,0.130859375,0.869140625,11,7
111,0.134765625,0.865234375,9,5
