state,p_marked,error,gate_count,depth
000,0.431640625,0.568359375,85,44
001,0.44921875,0.55078125,79,39
010,0.396484375,0.603515625,79,44
011,0.439453125,0.560546875,73,38
100,0.44921875,0.55078125,79,44
101,0.4140625,0.5859375,73,39
110,0.44140625,0.55859375,73,44
111,0.42578125,0.57421875,67,38
