state,p_marked,error,gate_count,depth
000,0.48046875,0.51953125,41,21
001,0.498046875,0.501953125,37,17
010,0.486328125,0.513671875,37,21
011,0.458984375,0.541015625,33,17
100,0.513671875,0.486328125,37,21
101,0.505859375,0.494140625,33,17
110,0.50390625,0.49609375,33,21
111,0.482421875,0.517578125,29,17
