state,p_marked,error,gate_count,depth
000,0.1328125,0.8671875,58,29
001,0.1328125,0.8671875,54,25
010,0.150390625,0.849609375,54,29
011,0.1484375,0.8515625,50,25
100,0.109375,0.890625,54,29
101,0.138671875,0.861328125,50,25
110,0.125,0.875,50,29
111,0.107421875,0.892578125,46,25
