state,p_marked,error,gate_count,depth
000,0.505859375,0.494140625,50,26
001,0.513671875,0.486328125,44,20
010,0.50390625,0.49609375,44,26
011,0.529296875,0.470703125,38,20
100,0.50390625,0.49609375,44,26
101,0.509765625,0.490234375,38,20
110,0.505859375,0.494140625,38,26
111,0.509765625,0.490234375,32,20
