state,p_marked,error,gate_count,depth
000,0.185546875,0.814453125,133,84
001,0.16015625,0.83984375,127,79
010,0.0234375,0.9765625,127,84
011,0.00390625,0.99609375,121,79
100,0.068359375,0.931640625,127,84
101,0.138671875,0.861328125,121,79
110,0.232421875,0.767578125,121,84
111,0.2578125,0.7421875,115,78
