state,p_marked,error,gate_count,depth
000,0.1171875,0.8828125,58,29
001,0.142578125,0.857421875,54,25
010,0.12109375,0.87890625,54,29
011,0.150390625,0.849609375,50,25
100,0.123046875,0.876953125,54,29
101,0.1484375,0.8515625,50,25
110,0.126953125,0.873046875,50,29
111,0.140625,0.859375,46,25
