state,p_marked,error,gate_count,depth
000,0.001953125,0.998046875,88,54
001,0.21875,0.78125,78,44
010,0.001953125,0.998046875,78,54
011,0.021484375,0.978515625,68,44
100,0.0234375,0.9765625,78,54
101,0.23828125,0.76171875,68,44
110,0.251953125,0.748046875,68,54
111,0.1953125,0.8046875,58,44
