state,p_marked,error,gate_count,depth
000,0.1015625,0.8984375,42,22
001,0.09375,0.90625,34,14
010,0.134765625,0.865234375,34,22
011,0.107421875,0.892578125,26,14
100,0.125,0.875,34,22
101,0.1328125,0.8671875,26,14
110,0.12109375,0.87890625,26,22
111,0.134765625,0.865234375,18,14
