state,p_marked,error,gate_count,depth
000,0.537109375,0.462890625,50,26
001,0.49609375,0.50390625,44,20
010,0.484375,0.515625,44,26
011,0.51171875,0.48828125,38,20
100,0.53515625,0.46484375,44,26
101,0.470703125,0.529296875,38,20
110,0.5078125,0.4921875,38,26
111,0.5078125,0.4921875,32,20
