state,p_marked,error,gate_count,depth
000,0.11328125,0.88671875,54,27
001,0.12109375,0.87890625,52,25
010,0.126953125,0.873046875,52,27
011,0.134765625,0.865234375,50,25
100,0.140625,0.859375,52,27
101,0.1484375,0.8515625,50,25
110,0.111328125,0.888671875,50,27
111,0.138671875,0.861328125,48,25
