state,p_marked,error,gate_count,depth
000,0.1015625,0.8984375,34,16
001,0.12890625,0.87109375,32,14
010,0.130859375,0.869140625,32,16
011,0.13671875,0.86328125,30,14
100,0.111328125,0.888671875,32,16
101,0.0859375,0.9140625,30,14
110,0.126953125,0.873046875,30,16
111,0.119140625,0.880859375,28,14
