state,p_marked,error,gate_count,depth
000,0.134765625,0.865234375,50,26
001,0.12890625,0.87109375,44,20
010,0.162109375,0.837890625,44,26
011,0.111328125,0.888671875,38,20
100,0.134765625,0.865234375,44,26
101,0.109375,0.890625,38,20
110,0.12890625,0.87109375,38,26
111,0.13671875,0.86328125,32,20
