state,p_marked,error,gate_count,depth
000,0.0,1.0,33,16
001,0.0,1.0,31,14
010,0.0,1.0,31,16
011,0.0,1.0,29,14
100,0.10546875,0.89453125,31,16
101,0.1171875,0.8828125,29,14
110,0.111328125,0.888671875,29,16
111,0.14453125,0.85546875,27,14
