state,p_marked,error,gate_count,depth
000,0.525390625,0.474609375,50,26
001,0.46875,0.53125,44,20
010,0.537109375,0.462890625,44,26
011,0.494140625,0.505859375,38,20
100,0.50390625,0.49609375,44,26
101,0.517578125,0.482421875,38,20
110,0.53125,0.46875,38,26
111,0.455078125,0.544921875,32,20
