state,p_marked,error,gate_count,depth
000,0.1328125,0.8671875,24,10
001,0.115234375,0.884765625,24,10
010,0.125,0.875,24,10
011,0.115234375,0.884765625,24,10
100,0.115234375,0.884765625,24,10
101,0.150390625,0.849609375,24,10
110,0.142578125,0.857421875,24,10
111,0.115234375,0.884765625,24,10
