state,p_marked,error,gate_count,depth
000,0.0,1.0,24,11
001,0.072265625,0.927734375,24,11
010,0.001953125,0.998046875,24,11
011,0.4296875,0.5703125,24,11
100,0.0,1.0,24,11
101,0.05078125,0.94921875,24,11
110,0.009765625,0.990234375,24,11
111,0.453125,0.546875,24,11
