state,p_marked,error,gate_count,depth
000,0.111328125,0.888671875,32,15
001,0.138671875,0.861328125,30,13
010,0.123046875,0.876953125,30,15
011,0.154296875,0.845703125,28,13
100,0.126953125,0.873046875,30,15
101,0.1015625,0.8984375,28,13
110,0.13671875,0.86328125,28,15
111,0.1171875,0.8828125,26,13
