state,p_marked,error,gate_count,depth
000,0.130859375,0.869140625,50,25
001,0.138671875,0.861328125,44,19
010,0.115234375,0.884765625,44,25
011,0.15625,0.84375,38,19
100,0.111328125,0.888671875,44,25
101,0.130859375,0.869140625,38,19
110,0.12890625,0.87109375,38,25
111,0.11328125,0.88671875,32,19
