state,p_marked,error,gate_count,depth
000,0.501953125,0.498046875,41,21
001,0.513671875,0.486328125,37,17
010,0.470703125,0.529296875,37,21
011,0.494140625,0.505859375,33,17
100,0.498046875,0.501953125,37,21
101,0.466796875,0.533203125,33,17
110,0.52734375,0.47265625,33,21
111,0.5078125,0.4921875,29,17
