state,p_marked,error,gate_count,depth
000,0.017578125,0.982421875,66,34
001,0.025390625,0.974609375,64,32
010,0.27734375,0.72265625,64,34
011,0.298828125,0.701171875,62,32
100,0.037109375,0.962890625,64,34
101,0.033203125,0.966796875,62,32
110,0.03125,0.96875,62,34
111,0.03515625,0.96484375,60,32
