state,p_marked,error,gate_count,depth
000,0.1328125,0.8671875,24,12
001,0.1484375,0.8515625,20,8
010,0.130859375,0.869140625,20,12
011,0.099609375,0.900390625,16,8
100,0.130859375,0.869140625,20,12
101,0.1328125,0.8671875,16,8
110,0.1328125,0.8671875,16,12
111,0.125,0.875,12,8
