state,p_marked,error,gate_count,depth
000,0.505859375,0.494140625,41,21
001,0.51171875,0.48828125,37,17
010,0.4453125,0.5546875,37,21
011,0.50390625,0.49609375,33,17
100,0.517578125,0.482421875,37,21
101,0.51953125,0.48046875,33,17
110,0.46875,0.53125,33,21
111,0.509765625,0.490234375,29,17
