state,p_marked,error,gate_count,depth
000,0.4375,0.5625,66,33
001,0.458984375,0.541015625,64,31
010,0.12109375,0.87890625,64,33
011,0.4296875,0.5703125,62,31
100,0.451171875,0.548828125,64,33
101,0.4453125,0.5546875,62,31
110,0.443359375,0.556640625,62,33
111,0.13671875,0.86328125,60,31
