state,p_marked,error,gate_count,depth
000,0.130859375,0.869140625,33,17
001,0.119140625,0.880859375,27,11
010,0.0859375,0.9140625,27,17
011,0.11328125,0.88671875,21,11
100,0.140625,0.859375,27,17
101,0.1015625,0.8984375,21,11
110,0.10546875,0.89453125,21,17
111,0.130859375,0.869140625,15,11
