state,p_marked,error,gate_count,depth
000,0.126953125,0.873046875,59,31
001,0.142578125,0.857421875,55,27
010,0.142578125,0.857421875,55,31
011,0.125,0.875,51,27
100,0.134765625,0.865234375,55,31
101,0.109375,0.890625,51,27
110,0.109375,0.890625,51,31
111,0.119140625,0.880859375,47,27
