state,p_marked,error,gate_count,depth
000,0.068359375,0.931640625,32,15
001,0.0703125,0.9296875,30,13
010,0.0625,0.9375,30,15
011,0.08203125,0.91796875,28,13
100,0.0703125,0.9296875,30,15
101,0.064453125,0.935546875,28,13
110,0.048828125,0.951171875,28,15
111,0.076171875,0.923828125,26,13
