state,p_marked,error,gate_count,depth
000,0.125,0.875,49,25
001,0.140625,0.859375,47,23
010,0.138671875,0.861328125,47,25
011,0.126953125,0.873046875,45,23
100,0.087890625,0.912109375,47,25
101,0.130859375,0.869140625,45,23
110,0.138671875,0.861328125,45,25
111,0.142578125,0.857421875,43,23
