state,p_marked,error,gate_count,depth
000,0.484375,0.515625,32,16
001,0.5,0.5,30,14
010,0.53515625,0.46484375,30,16
011,0.513671875,0.486328125,28,14
100,0.490234375,0.509765625,30,16
101,0.48828125,0.51171875,28,14
110,0.5,0.5,28,16
111,0.521484375,0.478515625,26,14
