state,p_marked,error,gate_count,depth
000,0.12890625,0.87109375,69,37
001,0.123046875,0.876953125,63,31
010,0.140625,0.859375,63,37
011,0.1328125,0.8671875,57,31
100,0.10546875,0.89453125,63,37
101,0.10546875,0.89453125,57,31
110,0.111328125,0.888671875,57,37
111,0.12890625,0.87109375,51,31
