state,p_marked,error,gate_count,depth
000,0.244140625,0.755859375,67,35
001,0.2421875,0.7578125,65,33
010,0.244140625,0.755859375,65,35
011,0.126953125,0.873046875,63,33
100,0.224609375,0.775390625,65,35
101,0.2265625,0.7734375,63,33
110,0.138671875,0.861328125,63,35
111,0.0,1.0,61,33
