state,p_marked,error,gate_count,depth
000,0.0,1.0,32,15
001,0.0,1.0,30,13
010,0.0,1.0,30,15
011,0.0,1.0,28,13
100,0.138671875,0.861328125,30,15
101,0.109375,0.890625,28,13
110,0.130859375,0.869140625,28,15
111,0.13671875,0.86328125,26,13
