state,p_marked,error,gate_count,depth
000,0.13671875,0.86328125,24,12
001,0.123046875,0.876953125,20,8
010,0.109375,0.890625,20,12
011,0.109375,0.890625,16,8
100,0.125,0.875,20,12
101,0.12890625,0.87109375,16,8
110,0.11328125,0.88671875,16,12
111,0.119140625,0.880859375,12,8
