state,p_marked,error,gate_count,depth
000,0.470703125,0.529296875,41,21
001,0.51953125,0.48046875,37,17
010,0.490234375,0.509765625,37,21
011,0.490234375,0.509765625,33,17
100,0.521484375,0.478515625,37,21
101,0.5,0.5,33,17
110,0.462890625,0.537109375,33,21
111,0.509765625,0.490234375,29,17
