state,p_marked,error,gate_count,depth
000,0.150390625,0.849609375,15,7
001,0.1328125,0.8671875,13,5
010,0.123046875,0.876953125,13,7
011,0.099609375,0.900390625,11,5
100,0.119140625,0.880859375,13,7
101,0.13671875,0.86328125,11,5
110,0.14453125,0.85546875,11,7
111,0.146484375,0.853515625,9,5
