state,p_marked,error,gate_count,depth
000,0.107421875,0.892578125,15,7
001,0.12109375,0.87890625,13,5
010,0.115234375,0.884765625,13,7
011,0.119140625,0.880859375,11,5
100,0.1015625,0.8984375,13,7
101,0.11328125,0.88671875,11,5
110,0.111328125,0.888671875,11,7
111,0.138671875,0.861328125,9,5
