state,p_marked,error,gate_count,depth
000,0.0,1.0,74,42
001,0.0,1.0,68,36
010,0.0,1.0,68,42
011,0.23828125,0.76171875,62,36
100,0.0,1.0,68,42
101,0.0,1.0,62,36
110,0.220703125,0.779296875,62,42
111,0.0,1.0,56,36
