state,p_marked,error,gate_count,depth
000,0.16015625,0.83984375,15,7
001,0.126953125,0.873046875,13,5
010,0.138671875,0.861328125,13,7
011,0.134765625,0.865234375,11,5
100,0.123046875,0.876953125,13,7
101,0.1328125,0.8671875,11,5
110,0.126953125,0.873046875,11,7
111,0.111328125,0.888671875,9,5
