state,p_marked,error,gate_count,depth
000,0.291015625,0.708984375,58,30
001,0.2578125,0.7421875,54,26
010,0.021484375,0.978515625,54,30
011,0.0234375,0.9765625,50,26
100,0.240234375,0.759765625,54,30
101,0.244140625,0.755859375,50,26
110,0.0234375,0.9765625,50,30
111,0.033203125,0.966796875,46,26
