state,p_marked,error,gate_count,depth
000,0.125,0.875,24,12
001,0.1328125,0.8671875,20,8
010,0.115234375,0.884765625,20,12
011,0.169921875,0.830078125,16,8
100,0.13671875,0.86328125,20,12
101,0.125,0.875,16,8
110,0.14453125,0.85546875,16,12
111,0.1171875,0.8828125,12,8
