state,p_marked,error,gate_count,depth
000,0.12890625,0.87109375,54,27
001,0.1015625,0.8984375,52,25
010,0.11328125,0.88671875,52,27
011,0.130859375,0.869140625,50,25
100,0.123046875,0.876953125,52,27
101,0.12109375,0.87890625,50,25
110,0.08984375,0.91015625,50,27
111,0.1171875,0.8828125,48,25
