state,p_marked,error,gate_count,depth
000,0.458984375,0.541015625,41,21
001,0.447265625,0.552734375,37,17
010,0.556640625,0.443359375,37,21
011,0.52734375,0.47265625,33,17
100,0.45703125,0.54296875,37,21
101,0.525390625,0.474609375,33,17
110,0.517578125,0.482421875,33,21
111,0.470703125,0.529296875,29,17
