state,p_marked,error,gate_count,depth
000,0.13671875,0.86328125,58,30
001,0.123046875,0.876953125,54,26
010,0.109375,0.890625,54,30
011,0.138671875,0.861328125,50,26
100,0.15234375,0.84765625,54,30
101,0.1171875,0.8828125,50,26
110,0.130859375,0.869140625,50,30
111,0.130859375,0.869140625,46,26
