state,p_marked,error,gate_count,depth
000,0.130859375,0.869140625,52,27
001,0.140625,0.859375,50,25
010,0.125,0.875,50,27
011,0.13671875,0.86328125,48,25
100,0.130859375,0.869140625,50,27
101,0.123046875,0.876953125,48,25
110,0.1015625,0.8984375,48,27
111,0.125,0.875,46,25
