state,p_marked,error,gate_count,depth
000,0.107421875,0.892578125,33,16
001,0.111328125,0.888671875,31,14
010,0.1328125,0.8671875,31,16
011,0.11328125,0.88671875,29,14
100,0.11328125,0.88671875,31,16
101,0.123046875,0.876953125,29,14
110,0.111328125,0.888671875,29,16
111,0.12890625,0.87109375,27,14
