state,p_marked,error,gate_count,depth
000,0.193359375,0.806640625,58,41
001,0.19140625,0.80859375,58,41
010,0.00390625,0.99609375,58,41
011,0.03515625,0.96484375,58,41
100,0.341796875,0.658203125,58,41
101,0.130859375,0.869140625,58,41
110,0.03515625,0.96484375,58,41
111,0.115234375,0.884765625,58,41
