state,p_marked,error,gate_count,depth
000,0.4765625,0.5234375,41,21
001,0.48828125,0.51171875,37,17
010,0.529296875,0.470703125,37,21
011,0.478515625,0.521484375,33,17
100,0.5234375,0.4765625,37,21
101,0.5546875,0.4453125,33,17
110,0.5078125,0.4921875,33,21
111,0.5234375,0.4765625,29,17
