state,p_marked,error,gate_count,depth
000,0.06640625,0.93359375,67,38
001,0.1640625,0.8359375,67,38
010,0.068359375,0.931640625,67,38
011,0.1484375,0.8515625,67,38
100,0.158203125,0.841796875,67,38
101,0.1796875,0.8203125,67,38
110,0.08203125,0.91796875,67,38
111,0.064453125,0.935546875,67,38
