state,p_marked,error,gate_count,depth
000,0.517578125,0.482421875,33,17
001,0.521484375,0.478515625,31,15
010,0.517578125,0.482421875,31,17
011,0.138671875,0.861328125,29,15
100,0.4609375,0.5390625,31,17
101,0.517578125,0.482421875,29,15
110,0.1171875,0.8828125,29,17
111,0.517578125,0.482421875,27,15
