state,p_marked,error,gate_count,depth
000,0.107421875,0.892578125,42,22
001,0.1171875,0.8828125,34,14
010,0.123046875,0.876953125,34,22
011,0.107421875,0.892578125,26,14
100,0.125,0.875,34,22
101,0.126953125,0.873046875,26,14
110,0.123046875,0.876953125,26,22
111,0.138671875,0.861328125,18,14
