state,p_marked,error,gate_count,depth
000,0.115234375,0.884765625,32,15
001,0.1171875,0.8828125,30,13
010,0.10546875,0.89453125,30,15
011,0.10546875,0.89453125,28,13
100,0.103515625,0.896484375,30,15
101,0.154296875,0.845703125,28,13
110,0.14453125,0.85546875,28,15
111,0.099609375,0.900390625,26,13
