state,p_marked,error,gate_count,depth
000,0.087890625,0.912109375,53,35
001,0.322265625,0.677734375,53,35
010,0.00390625,0.99609375,53,35
011,0.099609375,0.900390625,53,35
100,0.248046875,0.751953125,53,35
101,0.07421875,0.92578125,53,35
110,0.056640625,0.943359375,53,35
111,0.0703125,0.9296875,53,35
