state,p_marked,error,gate_count,depth
000,0.12109375,0.87890625,41,23
001,0.25390625,0.74609375,39,21
010,0.638671875,0.361328125,39,23
011,0.123046875,0.876953125,37,21
100,0.09765625,0.90234375,39,23
101,0.099609375,0.900390625,37,21
110,0.107421875,0.892578125,37,23
111,0.103515625,0.896484375,35,21
