state,p_marked,error,gate_count,depth
000,0.1328125,0.8671875,42,21
001,0.09765625,0.90234375,42,21
010,0.123046875,0.876953125,42,21
011,0.134765625,0.865234375,42,21
100,0.13671875,0.86328125,42,21
101,0.154296875,0.845703125,42,21
110,0.13671875,0.86328125,42,21
111,0.123046875,0.876953125,42,21
