state,p_marked,error,gate_count,depth
000,0.0,1.0,169,117
001,0.060546875,0.939453125,169,117
010,0.08984375,0.91015625,169,117
011,0.515625,0.484375,169,117
100,0.0078125,0.9921875,169,117
101,0.052734375,0.947265625,169,117
110,0.162109375,0.837890625,169,117
111,0.0234375,0.9765625,169,117
