state,p_marked,error,gate_count,depth
000,0.13671875,0.86328125,24,12
001,0.134765625,0.865234375,20,8
010,0.12890625,0.87109375,20,12
011,0.109375,0.890625,16,8
100,0.12109375,0.87890625,20,12
101,0.107421875,0.892578125,16,8
110,0.140625,0.859375,16,12
111,0.107421875,0.892578125,12,8
