state,p_marked,error,gate_count,depth
000,0.2578125,0.7421875,76,40
001,0.21484375,0.78515625,72,36
010,0.01171875,0.98828125,72,40
011,0.228515625,0.771484375,68,36
100,0.017578125,0.982421875,72,40
101,0.0,1.0,68,36
110,0.0,1.0,68,40
111,0.248046875,0.751953125,64,36
