state,p_marked,error,gate_count,depth
000,0.140625,0.859375,52,28
001,0.140625,0.859375,50,26
010,0.119140625,0.880859375,50,28
011,0.134765625,0.865234375,48,26
100,0.140625,0.859375,50,28
101,0.11328125,0.88671875,48,26
110,0.142578125,0.857421875,48,28
111,0.134765625,0.865234375,46,26
