state,p_marked,error,gate_count,depth
000,0.11328125,0.88671875,41,20
001,0.107421875,0.892578125,37,16
010,0.125,0.875,37,20
011,0.15625,0.84375,33,16
100,0.1171875,0.8828125,37,20
101,0.130859375,0.869140625,33,16
110,0.119140625,0.880859375,33,20
111,0.126953125,0.873046875,29,16
