state,p_marked,error,gate_count,depth
000,0.056640625,0.943359375,32,15
001,0.07421875,0.92578125,30,13
010,0.078125,0.921875,30,15
011,0.0703125,0.9296875,28,13
100,0.048828125,0.951171875,30,15
101,0.056640625,0.943359375,28,13
110,0.06640625,0.93359375,28,15
111,0.0390625,0.9609375,26,13
