state,p_marked,error,gate_count,depth
000,0.50390625,0.49609375,41,21
001,0.447265625,0.552734375,37,17
010,0.46875,0.53125,37,21
011,0.501953125,0.498046875,33,17
100,0.5234375,0.4765625,37,21
101,0.48828125,0.51171875,33,17
110,0.470703125,0.529296875,33,21
111,0.48828125,0.51171875,29,17
