state,p_marked,error,gate_count,depth
000,0.10546875,0.89453125,15,7
001,0.115234375,0.884765625,13,5
010,0.11328125,0.88671875,13,7
011,0.140625,0.859375,11,5
100,0.130859375,0.869140625,13,7
101,0.1015625,0.8984375,11,5
110,0.119140625,0.880859375,11,7
111,0.126953125,0.873046875,9,5
