state,p_marked,error,gate_count,depth
000,0.1328125,0.8671875,42,22
001,0.13671875,0.86328125,38,18
010,0.134765625,0.865234375,38,22
011,0.119140625,0.880859375,34,18
100,0.107421875,0.892578125,38,22
101,0.125,0.875,34,18
110,0.109375,0.890625,34,22
111,0.10546875,0.89453125,30,18
