state,p_marked,error,gate_count,depth
000,0.130859375,0.869140625,41,20
001,0.140625,0.859375,37,16
010,0.126953125,0.873046875,37,20
011,0.13671875,0.86328125,33,16
100,0.12890625,0.87109375,37,20
101,0.123046875,0.876953125,33,16
110,0.12890625,0.87109375,33,20
111,0.146484375,0.853515625,29,16
