state,p_marked,error,gate_count,depth
000,0.482421875,0.517578125,33,17
001,0.53125,0.46875,31,15
010,0.49609375,0.50390625,31,17
011,0.529296875,0.470703125,29,15
100,0.537109375,0.462890625,31,17
101,0.48046875,0.51953125,29,15
110,0.484375,0.515625,29,17
111,0.533203125,0.466796875,27,15
