state,p_marked,error,gate_count,depth
000,0.490234375,0.509765625,68,34
001,0.4921875,0.5078125,62,29
010,0.49609375,0.50390625,62,34
011,0.53125,0.46875,56,28
100,0.5,0.5,62,34
101,0.513671875,0.486328125,56,29
110,0.0,1.0,56,34
111,0.0,1.0,50,28
