state,p_marked,error,gate_count,depth
000,0.0,1.0,62,31
001,0.0,1.0,58,27
010,0.0,1.0,58,31
011,0.0,1.0,54,27
100,0.0,1.0,58,31
101,0.103515625,0.896484375,54,27
110,0.099609375,0.900390625,54,31
111,0.482421875,0.517578125,50,27
