state,p_marked,error,gate_count,depth
000,0.142578125,0.857421875,15,7
001,0.11328125,0.88671875,13,5
010,0.12890625,0.87109375,13,7
011,0.123046875,0.876953125,11,5
100,0.13671875,0.86328125,13,7
101,0.111328125,0.888671875,11,5
110,0.154296875,0.845703125,11,7
111,0.107421875,0.892578125,9,5
