state,p_marked,error,gate_count,depth
000,0.1328125,0.8671875,52,27
001,0.125,0.875,50,25
010,0.16015625,0.83984375,50,27
011,0.115234375,0.884765625,48,25
100,0.154296875,0.845703125,50,27
101,0.1484375,0.8515625,48,25
110,0.140625,0.859375,48,27
111,0.119140625,0.880859375,46,25
