state,p_marked,error,gate_count,depth
000,0.130859375,0.869140625,50,26
001,0.12109375,0.87890625,48,24
010,0.15234375,0.84765625,48,26
011,0.1171875,0.8828125,46,24
100,0.123046875,0.876953125,48,26
101,0.123046875,0.876953125,46,24
110,0.115234375,0.884765625,46,26
111,0.146484375,0.853515625,44,24
