state,p_marked,error,gate_count,depth
000,0.1328125,0.8671875,49,25
001,0.11328125,0.88671875,47,23
010,0.146484375,0.853515625,47,25
011,0.125,0.875,45,23
100,0.103515625,0.896484375,47,25
101,0.115234375,0.884765625,45,23
110,0.130859375,0.869140625,45,25
111,0.14453125,0.85546875,43,23
