state,p_marked,error,gate_count,depth
000,0.1640625,0.8359375,32,16
001,0.119140625,0.880859375,30,14
010,0.126953125,0.873046875,30,16
011,0.1328125,0.8671875,28,14
100,0.123046875,0.876953125,30,16
101,0.123046875,0.876953125,28,14
110,0.111328125,0.888671875,28,16
111,0.134765625,0.865234375,26,14
