state,p_marked,error,gate_count,depth
000,0.134765625,0.865234375,33,17
001,0.0,1.0,31,15
010,0.107421875,0.892578125,31,17
011,0.12109375,0.87890625,29,15
100,0.12890625,0.87109375,31,17
101,0.0,1.0,29,15
110,0.11328125,0.88671875,29,17
111,0.12109375,0.87890625,27,15
