state,p_marked,error,gate_count,depth
000,0.1328125,0.8671875,42,20
001,0.12109375,0.87890625,38,16
010,0.134765625,0.865234375,38,20
011,0.12890625,0.87109375,34,16
100,0.1171875,0.8828125,38,20
101,0.111328125,0.888671875,34,16
110,0.130859375,0.869140625,34,20
111,0.12109375,0.87890625,30,16
