state,p_marked,error,gate_count,depth
000,0.525390625,0.474609375,33,17
001,0.505859375,0.494140625,31,15
010,0.486328125,0.513671875,31,17
011,0.12890625,0.87109375,29,15
100,0.478515625,0.521484375,31,17
101,0.513671875,0.486328125,29,15
110,0.130859375,0.869140625,29,17
111,0.494140625,0.505859375,27,15
