state,p_marked,error,gate_count,depth
000,0.544921875,0.455078125,32,16
001,0.470703125,0.529296875,30,14
010,0.517578125,0.482421875,30,16
011,0.484375,0.515625,28,14
100,0.5078125,0.4921875,30,16
101,0.4921875,0.5078125,28,14
110,0.470703125,0.529296875,28,16
111,0.490234375,0.509765625,26,14
