state,p_marked,error,gate_count,depth
000,0.0,1.0,32,15
001,0.0,1.0,30,13
010,0.103515625,0.896484375,30,15
011,0.11328125,0.88671875,28,13
100,0.0,1.0,30,15
101,0.0,1.0,28,13
110,0.1484375,0.8515625,28,15
111,0.146484375,0.853515625,26,13
