state,p_marked,error,gate_count,depth
000,0.49609375,0.50390625,41,21
001,0.482421875,0.517578125,37,17
010,0.51171875,0.48828125,37,21
011,0.5,0.5,33,17
100,0.484375,0.515625,37,21
101,0.46484375,0.53515625,33,17
110,0.49609375,0.50390625,33,21
111,0.515625,0.484375,29,17
