state,p_marked,error,gate_count,depth
000,0.12109375,0.87890625,55,29
001,0.1484375,0.8515625,53,27
010,0.11328125,0.88671875,53,29
011,0.126953125,0.873046875,51,27
100,0.134765625,0.865234375,53,29
101,0.1328125,0.8671875,51,27
110,0.125,0.875,51,29
111,0.123046875,0.876953125,49,27
