state,p_marked,error,gate_count,depth
000,0.109375,0.890625,67,35
001,0.126953125,0.873046875,61,29
010,0.099609375,0.900390625,61,35
011,0.125,0.875,55,29
100,0.12109375,0.87890625,61,35
101,0.134765625,0.865234375,55,29
110,0.142578125,0.857421875,55,35
111,0.150390625,0.849609375,49,29
