state,p_marked,error,gate_count,depth
000,0.1328125,0.8671875,33,17
001,0.138671875,0.861328125,27,11
010,0.103515625,0.896484375,27,17
011,0.11328125,0.88671875,21,11
100,0.130859375,0.869140625,27,17
101,0.111328125,0.888671875,21,11
110,0.080078125,0.919921875,21,17
111,0.140625,0.859375,15,11
