state,p_marked,error,gate_count,depth
000,0.140625,0.859375,32,15
001,0.146484375,0.853515625,30,13
010,0.08984375,0.91015625,30,15
011,0.12109375,0.87890625,28,13
100,0.12109375,0.87890625,30,15
101,0.126953125,0.873046875,28,13
110,0.130859375,0.869140625,28,15
111,0.12890625,0.87109375,26,13
