state,p_marked,error,gate_count,depth
000,0.513671875,0.486328125,32,16
001,0.521484375,0.478515625,30,14
010,0.482421875,0.517578125,30,16
011,0.453125,0.546875,28,14
100,0.48828125,0.51171875,30,16
101,0.474609375,0.525390625,28,14
110,0.53125,0.46875,28,16
111,0.521484375,0.478515625,26,14
