state,p_marked,error,gate_count,depth
000,0.146484375,0.853515625,15,7
001,0.1328125,0.8671875,13,5
010,0.1015625,0.8984375,13,7
011,0.138671875,0.861328125,11,5
100,0.126953125,0.873046875,13,7
101,0.125,0.875,11,5
110,0.10546875,0.89453125,11,7
111,0.130859375,0.869140625,9,5
