state,p_marked,error,gate_count,depth
000,0.091796875,0.908203125,78,38
001,0.109375,0.890625,74,34
010,0.501953125,0.498046875,74,38
011,0.470703125,0.529296875,70,34
100,0.078125,0.921875,74,38
101,0.05078125,0.94921875,70,34
110,0.36328125,0.63671875,70,38
111,0.306640625,0.693359375,66,34
