state,p_marked,error,gate_count,depth
000,0.134765625,0.865234375,50,25
001,0.11328125,0.88671875,48,23
010,0.11328125,0.88671875,48,25
011,0.126953125,0.873046875,46,23
100,0.134765625,0.865234375,48,25
101,0.150390625,0.849609375,46,23
110,0.119140625,0.880859375,46,25
111,0.13671875,0.86328125,44,23
