state,p_marked,error,gate_count,depth
000,0.478515625,0.521484375,41,21
001,0.48828125,0.51171875,37,17
010,0.529296875,0.470703125,37,21
011,0.501953125,0.498046875,33,17
100,0.548828125,0.451171875,37,21
101,0.453125,0.546875,33,17
110,0.505859375,0.494140625,33,21
111,0.5,0.5,29,17
