state,p_marked,error,gate_count,depth
000,0.16015625,0.83984375,15,7
001,0.134765625,0.865234375,13,5
010,0.138671875,0.861328125,13,7
011,0.111328125,0.888671875,11,5
100,0.130859375,0.869140625,13,7
101,0.12109375,0.87890625,11,5
110,0.142578125,0.857421875,11,7
111,0.1484375,0.8515625,9,5
