state,p_marked,error,gate_count,depth
000,0.10546875,0.89453125,24,12
001,0.134765625,0.865234375,20,8
010,0.14453125,0.85546875,20,12
011,0.115234375,0.884765625,16,8
100,0.107421875,0.892578125,20,12
101,0.111328125,0.888671875,16,8
110,0.1484375,0.8515625,16,12
111,0.12890625,0.87109375,12,8
