state,p_marked,error,gate_count,depth
000,0.123046875,0.876953125,33,17
001,0.14453125,0.85546875,27,11
010,0.126953125,0.873046875,27,17
011,0.13671875,0.86328125,21,11
100,0.13671875,0.86328125,27,17
101,0.1328125,0.8671875,21,11
110,0.154296875,0.845703125,21,17
111,0.123046875,0.876953125,15,11
