state,p_marked,error,gate_count,depth
000,0.146484375,0.853515625,49,25
001,0.119140625,0.880859375,47,23
010,0.11328125,0.88671875,47,25
011,0.130859375,0.869140625,45,23
100,0.140625,0.859375,47,25
101,0.1328125,0.8671875,45,23
110,0.12890625,0.87109375,45,25
111,0.134765625,0.865234375,43,23
