state,p_marked,error,gate_count,depth
000,0.509765625,0.490234375,32,16
001,0.47265625,0.52734375,30,14
010,0.515625,0.484375,30,16
011,0.482421875,0.517578125,28,14
100,0.482421875,0.517578125,30,16
101,0.47265625,0.52734375,28,14
110,0.517578125,0.482421875,28,16
111,0.5625,0.4375,26,14
