state,p_marked,error,gate_count,depth
000,0.525390625,0.474609375,41,21
001,0.5234375,0.4765625,37,17
010,0.4921875,0.5078125,37,21
011,0.55859375,0.44140625,33,17
100,0.478515625,0.521484375,37,21
101,0.517578125,0.482421875,33,17
110,0.541015625,0.458984375,33,21
111,0.486328125,0.513671875,29,17
