state,p_marked,error,gate_count,depth
000,0.068359375,0.931640625,103,60
001,0.02734375,0.97265625,93,50
010,0.06640625,0.93359375,93,60
011,0.095703125,0.904296875,83,50
100,0.26171875,0.73828125,93,60
101,0.0625,0.9375,83,50
110,0.044921875,0.955078125,83,60
111,0.056640625,0.943359375,73,50
