state,p_marked,error,gate_count,depth
000,0.033203125,0.966796875,62,33
001,0.03125,0.96875,58,29
010,0.03125,0.96875,58,33
011,0.046875,0.953125,54,29
100,0.302734375,0.697265625,58,33
101,0.03515625,0.96484375,54,29
110,0.029296875,0.970703125,54,33
111,0.041015625,0.958984375,50,29
