state,p_marked,error,gate_count,depth
000,0.0,1.0,56,30
001,0.0,1.0,54,28
010,0.28515625,0.71484375,54,30
011,0.2890625,0.7109375,52,28
100,0.0,1.0,54,30
101,0.248046875,0.751953125,52,28
110,0.0,1.0,52,30
111,0.216796875,0.783203125,50,28
