state,p_marked,error,gate_count,depth
000,0.140625,0.859375,32,15
001,0.111328125,0.888671875,30,13
010,0.1015625,0.8984375,30,15
011,0.134765625,0.865234375,28,13
100,0.13671875,0.86328125,30,15
101,0.1328125,0.8671875,28,13
110,0.123046875,0.876953125,28,15
111,0.138671875,0.861328125,26,13
