state,p_marked,error,gate_count,depth
000,0.13671875,0.86328125,68,35
001,0.138671875,0.861328125,62,30
010,0.125,0.875,62,35
011,0.134765625,0.865234375,56,29
100,0.12109375,0.87890625,62,35
101,0.125,0.875,56,30
110,0.134765625,0.865234375,56,35
111,0.1328125,0.8671875,50,29
