state,p_marked,error,gate_count,depth
000,0.126953125,0.873046875,49,25
001,0.119140625,0.880859375,47,23
010,0.126953125,0.873046875,47,25
011,0.109375,0.890625,45,23
100,0.1171875,0.8828125,47,25
101,0.115234375,0.884765625,45,23
110,0.10546875,0.89453125,45,25
111,0.12890625,0.87109375,43,23
