state,p_marked,error,gate_count,depth
000,0.5,0.5,32,16
001,0.44921875,0.55078125,30,14
010,0.501953125,0.498046875,30,16
011,0.498046875,0.501953125,28,14
100,0.474609375,0.525390625,30,16
101,0.5078125,0.4921875,28,14
110,0.4765625,0.5234375,28,16
111,0.478515625,0.521484375,26,14
