state,p_marked,error,gate_count,depth
000,0.11328125,0.88671875,32,15
001,0.146484375,0.853515625,30,13
010,0.1171875,0.8828125,30,15
011,0.095703125,0.904296875,28,13
100,0.11328125,0.88671875,30,15
101,0.13671875,0.86328125,28,13
110,0.11328125,0.88671875,28,15
111,0.12109375,0.87890625,26,13
