state,p_marked,error,gate_count,depth
000,0.50390625,0.49609375,42,22
001,0.51953125,0.48046875,38,18
010,0.484375,0.515625,38,22
011,0.130859375,0.869140625,34,18
100,0.47265625,0.52734375,38,22
101,0.48046875,0.51953125,34,18
110,0.125,0.875,34,22
111,0.505859375,0.494140625,30,18
