state,p_marked,error,gate_count,depth
000,0.12109375,0.87890625,41,21
001,0.142578125,0.857421875,37,17
010,0.130859375,0.869140625,37,21
011,0.154296875,0.845703125,33,17
100,0.12109375,0.87890625,37,21
101,0.119140625,0.880859375,33,17
110,0.099609375,0.900390625,33,21
111,0.1171875,0.8828125,29,17
