state,p_marked,error,gate_count,depth
000,0.107421875,0.892578125,55,28
001,0.1328125,0.8671875,53,26
010,0.130859375,0.869140625,53,28
011,0.123046875,0.876953125,51,26
100,0.134765625,0.865234375,53,28
101,0.138671875,0.861328125,51,26
110,0.111328125,0.888671875,51,28
111,0.11328125,0.88671875,49,26
