state,p_marked,error,gate_count,depth
000,0.09765625,0.90234375,60,31
001,0.109375,0.890625,56,27
010,0.1171875,0.8828125,56,31
011,0.146484375,0.853515625,52,27
100,0.12890625,0.87109375,56,31
101,0.1640625,0.8359375,52,27
110,0.095703125,0.904296875,52,31
111,0.1328125,0.8671875,48,27
