state,p_marked,error,gate_count,depth
000,0.16015625,0.83984375,15,7
001,0.119140625,0.880859375,13,5
010,0.134765625,0.865234375,13,7
011,0.130859375,0.869140625,11,5
100,0.119140625,0.880859375,13,7
101,0.1171875,0.8828125,11,5
110,0.119140625,0.880859375,11,7
111,0.138671875,0.861328125,9,5
