state,p_marked,error,gate_count,depth
000,0.556640625,0.443359375,41,21
001,0.48046875,0.51953125,37,17
010,0.515625,0.484375,37,21
011,0.5078125,0.4921875,33,17
100,0.48828125,0.51171875,37,21
101,0.474609375,0.525390625,33,17
110,0.466796875,0.533203125,33,21
111,0.45703125,0.54296875,29,17
