state,p_marked,error,gate_count,depth
000,0.490234375,0.509765625,50,26
001,0.5,0.5,44,20
010,0.45703125,0.54296875,44,26
011,0.5,0.5,38,20
100,0.51953125,0.48046875,44,26
101,0.50390625,0.49609375,38,20
110,0.458984375,0.541015625,38,26
111,0.48828125,0.51171875,32,20
