state,p_marked,error,gate_count,depth
000,0.138671875,0.861328125,24,12
001,0.125,0.875,20,8
010,0.107421875,0.892578125,20,12
011,0.15234375,0.84765625,16,8
100,0.142578125,0.857421875,20,12
101,0.15625,0.84375,16,8
110,0.130859375,0.869140625,16,12
111,0.09375,0.90625,12,8
