state,p_marked,error,gate_count,depth
000,0.123046875,0.876953125,68,35
001,0.119140625,0.880859375,62,30
010,0.126953125,0.873046875,62,35
011,0.130859375,0.869140625,56,29
100,0.125,0.875,62,35
101,0.138671875,0.861328125,56,30
110,0.134765625,0.865234375,56,35
111,0.12109375,0.87890625,50,29
