state,p_marked,error,gate_count,depth
000,0.525390625,0.474609375,67,34
001,0.49609375,0.50390625,61,28
010,0.537109375,0.462890625,61,34
011,0.48046875,0.51953125,55,28
100,0.521484375,0.478515625,61,34
101,0.4765625,0.5234375,55,28
110,0.470703125,0.529296875,55,34
111,0.490234375,0.509765625,49,28
