state,p_marked,error,gate_count,depth
000,0.5,0.5,47,24
001,0.138671875,0.861328125,43,20
010,0.47265625,0.52734375,43,24
011,0.111328125,0.888671875,39,20
100,0.099609375,0.900390625,43,24
101,0.5390625,0.4609375,39,20
110,0.111328125,0.888671875,39,24
111,0.45703125,0.54296875,35,20
