state,p_marked,error,gate_count,depth
000,0.125,0.875,32,15
001,0.099609375,0.900390625,30,13
010,0.142578125,0.857421875,30,15
011,0.138671875,0.861328125,28,13
100,0.1015625,0.8984375,30,15
101,0.099609375,0.900390625,28,13
110,0.154296875,0.845703125,28,15
111,0.12890625,0.87109375,26,13
