state,p_marked,error,gate_count,depth
000,0.134765625,0.865234375,15,7
001,0.14453125,0.85546875,13,5
010,0.099609375,0.900390625,13,7
011,0.119140625,0.880859375,11,5
100,0.10546875,0.89453125,13,7
101,0.134765625,0.865234375,11,5
110,0.11328125,0.88671875,11,7
111,0.130859375,0.869140625,9,5
