state,p_marked,error,gate_count,depth
000,0.48828125,0.51171875,41,21
001,0.48828125,0.51171875,37,17
010,0.486328125,0.513671875,37,21
011,0.525390625,0.474609375,33,17
100,0.48046875,0.51953125,37,21
101,0.50390625,0.49609375,33,17
110,0.564453125,0.435546875,33,21
111,0.51953125,0.48046875,29,17
