state,p_marked,error,gate_count,depth
000,0.109375,0.890625,32,16
001,0.115234375,0.884765625,30,14
010,0.109375,0.890625,30,16
011,0.119140625,0.880859375,28,14
100,0.103515625,0.896484375,30,16
101,0.099609375,0.900390625,28,14
110,0.142578125,0.857421875,28,16
111,0.111328125,0.888671875,26,14
