state,p_marked,error,gate_count,depth
000,0.470703125,0.529296875,41,21
001,0.466796875,0.533203125,37,17
010,0.4921875,0.5078125,37,21
011,0.46875,0.53125,33,17
100,0.46484375,0.53515625,37,21
101,0.49609375,0.50390625,33,17
110,0.4921875,0.5078125,33,21
111,0.50390625,0.49609375,29,17
