state,p_marked,error,gate_count,depth
000,0.09765625,0.90234375,15,7
001,0.1484375,0.8515625,13,5
010,0.125,0.875,13,7
011,0.1328125,0.8671875,11,5
100,0.140625,0.859375,13,7
101,0.1171875,0.8828125,11,5
110,0.109375,0.890625,11,7
111,0.138671875,0.861328125,9,5
