state,p_marked,error,gate_count,depth
000,0.00390625,0.99609375,92,46
001,0.0234375,0.9765625,88,42
010,0.02734375,0.97265625,88,46
011,0.248046875,0.751953125,84,42
100,0.044921875,0.955078125,88,46
101,0.2734375,0.7265625,84,42
110,0.072265625,0.927734375,84,46
111,0.05859375,0.94140625,80,42
