state,p_marked,error,gate_count,depth
000,0.548828125,0.451171875,32,16
001,0.466796875,0.533203125,30,14
010,0.513671875,0.486328125,30,16
011,0.51171875,0.48828125,28,14
100,0.5234375,0.4765625,30,16
101,0.484375,0.515625,28,14
110,0.4921875,0.5078125,28,16
111,0.478515625,0.521484375,26,14
