state,p_marked,error,gate_count,depth
000,0.0,1.0,41,20
001,0.0,1.0,37,16
010,0.0,1.0,37,20
011,0.0,1.0,33,16
100,0.1484375,0.8515625,37,20
101,0.158203125,0.841796875,33,16
110,0.111328125,0.888671875,33,20
111,0.14453125,0.85546875,29,16
