state,p_marked,error,gate_count,depth
000,0.140625,0.859375,66,34
001,0.12890625,0.87109375,62,31
010,0.1171875,0.8828125,62,34
011,0.11328125,0.88671875,58,30
100,0.111328125,0.888671875,62,34
101,0.138671875,0.861328125,58,31
110,0.119140625,0.880859375,58,34
111,0.123046875,0.876953125,54,30
