state,p_marked,error,gate_count,depth
000,0.103515625,0.896484375,49,25
001,0.140625,0.859375,47,23
010,0.126953125,0.873046875,47,25
011,0.12890625,0.87109375,45,23
100,0.130859375,0.869140625,47,25
101,0.126953125,0.873046875,45,23
110,0.12890625,0.87109375,45,25
111,0.09765625,0.90234375,43,23
