state,p_marked,error,gate_count,depth
000,0.1015625,0.8984375,41,20
001,0.126953125,0.873046875,41,20
010,0.13671875,0.86328125,41,20
011,0.138671875,0.861328125,41,20
100,0.123046875,0.876953125,41,20
101,0.150390625,0.849609375,41,20
110,0.150390625,0.849609375,41,20
111,0.109375,0.890625,41,20
