state,p_marked,error,gate_count,depth
000,0.25,0.75,32,16
001,0.255859375,0.744140625,30,14
010,0.208984375,0.791015625,30,16
011,0.228515625,0.771484375,28,14
100,0.283203125,0.716796875,30,16
101,0.25390625,0.74609375,28,14
110,0.23828125,0.76171875,28,16
111,0.240234375,0.759765625,26,14
