state,p_marked,error,gate_count,depth
000,0.55078125,0.44921875,41,21
001,0.44140625,0.55859375,37,17
010,0.486328125,0.513671875,37,21
011,0.458984375,0.541015625,33,17
100,0.52734375,0.47265625,37,21
101,0.474609375,0.525390625,33,17
110,0.478515625,0.521484375,33,21
111,0.5078125,0.4921875,29,17
