state,p_marked,error,gate_count,depth
000,0.099609375,0.900390625,55,27
001,0.115234375,0.884765625,53,25
010,0.10546875,0.89453125,53,27
011,0.12109375,0.87890625,51,25
100,0.11328125,0.88671875,53,27
101,0.126953125,0.873046875,51,25
110,0.10546875,0.89453125,51,27
111,0.103515625,0.896484375,49,25
