state,p_marked,error,gate_count,depth
000,0.15625,0.84375,53,34
001,0.056640625,0.943359375,53,34
010,0.0703125,0.9296875,53,34
011,0.10546875,0.89453125,53,34
100,0.240234375,0.759765625,53,34
101,0.126953125,0.873046875,53,34
110,0.09765625,0.90234375,53,34
111,0.125,0.875,53,34
