state,p_marked,error,gate_count,depth
000,0.1171875,0.8828125,52,27
001,0.1328125,0.8671875,50,25
010,0.12109375,0.87890625,50,27
011,0.1171875,0.8828125,48,25
100,0.150390625,0.849609375,50,27
101,0.10546875,0.89453125,48,25
110,0.115234375,0.884765625,48,27
111,0.130859375,0.869140625,46,25
