state,p_marked,error,gate_count,depth
000,0.474609375,0.525390625,41,21
001,0.509765625,0.490234375,37,17
010,0.5078125,0.4921875,37,21
011,0.515625,0.484375,33,17
100,0.50390625,0.49609375,37,21
101,0.486328125,0.513671875,33,17
110,0.515625,0.484375,33,21
111,0.46484375,0.53515625,29,17
