state,p_marked,error,gate_count,depth
000,0.482421875,0.517578125,50,26
001,0.470703125,0.529296875,44,20
010,0.505859375,0.494140625,44,26
011,0.517578125,0.482421875,38,20
100,0.52734375,0.47265625,44,26
101,0.484375,0.515625,38,20
110,0.509765625,0.490234375,38,26
111,0.52734375,0.47265625,32,20
