state,p_marked,error,gate_count,depth
000,0.142578125,0.857421875,68,35
001,0.115234375,0.884765625,62,30
010,0.162109375,0.837890625,62,35
011,0.10546875,0.89453125,56,29
100,0.146484375,0.853515625,62,35
101,0.15625,0.84375,56,30
110,0.095703125,0.904296875,56,35
111,0.1328125,0.8671875,50,29
