state,p_marked,error,gate_count,depth
000,0.13671875,0.86328125,15,7
001,0.1015625,0.8984375,13,5
010,0.12890625,0.87109375,13,7
011,0.171875,0.828125,11,5
100,0.111328125,0.888671875,13,7
101,0.138671875,0.861328125,11,5
110,0.109375,0.890625,11,7
111,0.1171875,0.8828125,9,5
