state,p_marked,error,gate_count,depth
000,0.142578125,0.857421875,23,11
001,0.12890625,0.87109375,23,11
010,0.115234375,0.884765625,23,11
011,0.107421875,0.892578125,23,11
100,0.11328125,0.88671875,23,11
101,0.12890625,0.87109375,23,11
110,0.12890625,0.87109375,23,11
111,0.111328125,0.888671875,23,11
