state,p_marked,error,gate_count,depth
000,0.1484375,0.8515625,51,27
001,0.12890625,0.87109375,41,17
010,0.115234375,0.884765625,41,27
011,0.13671875,0.86328125,31,17
100,0.125,0.875,41,27
101,0.107421875,0.892578125,31,17
110,0.109375,0.890625,31,27
111,0.12109375,0.87890625,21,17
