state,p_marked,error,gate_count,depth
000,0.12109375,0.87890625,58,29
001,0.138671875,0.861328125,54,25
010,0.115234375,0.884765625,54,29
011,0.103515625,0.896484375,50,25
100,0.126953125,0.873046875,54,29
101,0.140625,0.859375,50,25
110,0.11328125,0.88671875,50,29
111,0.12109375,0.87890625,46,25
