state,p_marked,error,gate_count,depth
000,0.0703125,0.9296875,32,15
001,0.056640625,0.943359375,30,13
010,0.048828125,0.951171875,30,15
011,0.046875,0.953125,28,13
100,0.072265625,0.927734375,30,15
101,0.048828125,0.951171875,28,13
110,0.044921875,0.955078125,28,15
111,0.048828125,0.951171875,26,13
