state,p_marked,error,gate_count,depth
000,0.470703125,0.529296875,32,16
001,0.474609375,0.525390625,30,14
010,0.51171875,0.48828125,30,16
011,0.5078125,0.4921875,28,14
100,0.494140625,0.505859375,30,16
101,0.521484375,0.478515625,28,14
110,0.5,0.5,28,16
111,0.513671875,0.486328125,26,14
