state,p_marked,error,gate_count,depth
000,0.49609375,0.50390625,32,16
001,0.4765625,0.5234375,30,14
010,0.521484375,0.478515625,30,16
011,0.462890625,0.537109375,28,14
100,0.5078125,0.4921875,30,16
101,0.529296875,0.470703125,28,14
110,0.48828125,0.51171875,28,16
111,0.515625,0.484375,26,14
