state,p_marked,error,gate_count,depth
000,0.146484375,0.853515625,58,28
001,0.1015625,0.8984375,54,24
010,0.115234375,0.884765625,54,28
011,0.142578125,0.857421875,50,24
100,0.1328125,0.8671875,54,28
101,0.130859375,0.869140625,50,24
110,0.119140625,0.880859375,50,28
111,0.126953125,0.873046875,46,24
