state,p_marked,error,gate_count,depth
000,0.275390625,0.724609375,58,30
001,0.263671875,0.736328125,54,26
010,0.033203125,0.966796875,54,30
011,0.03125,0.96875,50,26
100,0.255859375,0.744140625,54,30
101,0.26171875,0.73828125,50,26
110,0.029296875,0.970703125,50,30
111,0.044921875,0.955078125,46,26
