state,p_marked,error,gate_count,depth
000,0.119140625,0.880859375,62,32
001,0.138671875,0.861328125,58,28
010,0.12890625,0.87109375,58,32
011,0.12890625,0.87109375,54,28
100,0.12109375,0.87890625,58,32
101,0.12890625,0.87109375,54,28
110,0.126953125,0.873046875,54,32
111,0.142578125,0.857421875,50,28
