state,p_marked,error,gate_count,depth
000,0.119140625,0.880859375,24,12
001,0.111328125,0.888671875,20,8
010,0.134765625,0.865234375,20,12
011,0.107421875,0.892578125,16,8
100,0.16015625,0.83984375,20,12
101,0.10546875,0.89453125,16,8
110,0.130859375,0.869140625,16,12
111,0.119140625,0.880859375,12,8
