state,p_marked,error,gate_count,depth
000,0.486328125,0.513671875,50,26
001,0.515625,0.484375,44,20
010,0.509765625,0.490234375,44,26
011,0.49609375,0.50390625,38,20
100,0.490234375,0.509765625,44,26
101,0.501953125,0.498046875,38,20
110,0.517578125,0.482421875,38,26
111,0.51171875,0.48828125,32,20
