state,p_marked,error,gate_count,depth
000,0.06640625,0.93359375,42,22
001,0.060546875,0.939453125,38,18
010,0.052734375,0.947265625,38,22
011,0.044921875,0.955078125,34,18
100,0.0546875,0.9453125,38,22
101,0.0703125,0.9296875,34,18
110,0.05078125,0.94921875,34,22
111,0.064453125,0.935546875,30,18
