state,p_marked,error,gate_count,depth
000,0.0703125,0.9296875,66,35
001,0.189453125,0.810546875,62,31
010,0.001953125,0.998046875,62,35
011,0.044921875,0.955078125,58,31
100,0.048828125,0.951171875,62,35
101,0.00390625,0.99609375,58,31
110,0.005859375,0.994140625,58,35
111,0.05859375,0.94140625,54,31
