state,p_marked,error,gate_count,depth
000,0.490234375,0.509765625,33,17
001,0.505859375,0.494140625,31,15
010,0.5,0.5,31,17
011,0.130859375,0.869140625,29,15
100,0.548828125,0.451171875,31,17
101,0.513671875,0.486328125,29,15
110,0.1328125,0.8671875,29,17
111,0.51953125,0.48046875,27,15
