state,p_marked,error,gate_count,depth
000,0.2578125,0.7421875,66,43
001,0.12890625,0.87109375,64,41
010,0.23828125,0.76171875,64,43
011,0.564453125,0.435546875,62,41
100,0.0,1.0,64,43
101,0.056640625,0.943359375,62,41
110,0.244140625,0.755859375,62,43
111,0.0625,0.9375,60,41
