state,p_marked,error,gate_count,depth
000,0.150390625,0.849609375,15,7
001,0.14453125,0.85546875,13,5
010,0.134765625,0.865234375,13,7
011,0.162109375,0.837890625,11,5
100,0.130859375,0.869140625,13,7
101,0.138671875,0.861328125,11,5
110,0.125,0.875,11,7
111,0.107421875,0.892578125,9,5
