state,p_marked,error,gate_count,depth
000,0.138671875,0.861328125,41,20
001,0.119140625,0.880859375,37,16
010,0.1328125,0.8671875,37,20
011,0.154296875,0.845703125,33,16
100,0.115234375,0.884765625,37,20
101,0.14453125,0.85546875,33,16
110,0.107421875,0.892578125,33,20
111,0.111328125,0.888671875,29,16
