state,p_marked,error,gate_count,depth
000,0.466796875,0.533203125,32,16
001,0.53125,0.46875,30,14
010,0.466796875,0.533203125,30,16
011,0.4765625,0.5234375,28,14
100,0.509765625,0.490234375,30,16
101,0.51953125,0.48046875,28,14
110,0.486328125,0.513671875,28,16
111,0.49609375,0.50390625,26,14
