state,p_marked,error,gate_count,depth
000,0.314453125,0.685546875,49,25
001,0.3125,0.6875,47,23
010,0.283203125,0.716796875,47,25
011,0.287109375,0.712890625,45,23
100,0.025390625,0.974609375,47,25
101,0.029296875,0.970703125,45,23
110,0.04296875,0.95703125,45,25
111,0.037109375,0.962890625,43,23
