state,p_marked,error,gate_count,depth
000,0.056640625,0.943359375,54,32
001,0.060546875,0.939453125,54,32
010,0.078125,0.921875,54,32
011,0.51953125,0.48046875,54,32
100,0.099609375,0.900390625,54,32
101,0.09765625,0.90234375,54,32
110,0.033203125,0.966796875,54,32
111,0.056640625,0.943359375,54,32
