state,p_marked,error,gate_count,depth
000,0.166015625,0.833984375,63,46
001,0.123046875,0.876953125,63,46
010,0.16015625,0.83984375,63,46
011,0.123046875,0.876953125,63,46
100,0.17578125,0.82421875,63,46
101,0.1015625,0.8984375,63,46
110,0.154296875,0.845703125,63,46
111,0.130859375,0.869140625,63,46
