state,p_marked,error,gate_count,depth
000,0.138671875,0.861328125,88,44
001,0.009765625,0.990234375,82,38
010,0.029296875,0.970703125,82,44
011,0.197265625,0.802734375,76,38
100,0.1953125,0.8046875,82,44
101,0.25,0.75,76,38
110,0.12890625,0.87109375,76,44
111,0.044921875,0.955078125,70,38
