state,p_marked,error,gate_count,depth
000,0.44140625,0.55859375,41,21
001,0.525390625,0.474609375,37,17
010,0.470703125,0.529296875,37,21
011,0.5,0.5,33,17
100,0.4921875,0.5078125,37,21
101,0.46875,0.53125,33,17
110,0.494140625,0.505859375,33,21
111,0.50390625,0.49609375,29,17
