state,p_marked,error,gate_count,depth
000,0.13671875,0.86328125,33,17
001,0.140625,0.859375,27,11
010,0.126953125,0.873046875,27,17
011,0.1484375,0.8515625,21,11
100,0.12109375,0.87890625,27,17
101,0.150390625,0.849609375,21,11
110,0.134765625,0.865234375,21,17
111,0.125,0.875,15,11
