state,p_marked,error,gate_count,depth
000,0.12890625,0.87109375,42,21
001,0.11328125,0.88671875,38,17
010,0.123046875,0.876953125,38,21
011,0.126953125,0.873046875,34,17
100,0.111328125,0.888671875,38,21
101,0.1171875,0.8828125,34,17
110,0.115234375,0.884765625,34,21
111,0.123046875,0.876953125,30,17
