state,p_marked,error,gate_count,depth
000,0.111328125,0.888671875,51,27
001,0.10546875,0.89453125,41,17
010,0.142578125,0.857421875,41,27
011,0.12109375,0.87890625,31,17
100,0.107421875,0.892578125,41,27
101,0.12890625,0.87109375,31,17
110,0.1171875,0.8828125,31,27
111,0.13671875,0.86328125,21,17
