state,p_marked,error,gate_count,depth
000,0.109375,0.890625,32,15
001,0.123046875,0.876953125,30,13
010,0.107421875,0.892578125,30,15
011,0.111328125,0.888671875,28,13
100,0.115234375,0.884765625,30,15
101,0.126953125,0.873046875,28,13
110,0.123046875,0.876953125,28,15
111,0.1328125,0.8671875,26,13
