state,p_marked,error,gate_count,depth
000,0.51953125,0.48046875,41,21
001,0.4765625,0.5234375,37,17
010,0.505859375,0.494140625,37,21
011,0.478515625,0.521484375,33,17
100,0.515625,0.484375,37,21
101,0.4921875,0.5078125,33,17
110,0.5546875,0.4453125,33,21
111,0.470703125,0.529296875,29,17
