state,p_marked,error,gate_count,depth
000,0.375,0.625,67,34
001,0.39453125,0.60546875,65,32
010,0.015625,0.984375,65,34
011,0.005859375,0.994140625,63,32
100,0.0234375,0.9765625,65,34
101,0.005859375,0.994140625,63,32
110,0.390625,0.609375,63,34
111,0.388671875,0.611328125,61,32
