state,p_marked,error,gate_count,depth
000,0.0,1.0,64,33
001,0.28515625,0.71484375,60,29
010,0.0,1.0,60,33
011,0.14453125,0.85546875,56,29
100,0.255859375,0.744140625,60,33
101,0.0,1.0,56,29
110,0.259765625,0.740234375,56,33
111,0.13671875,0.86328125,52,29
