state,p_marked,error,gate_count,depth
000,0.0,1.0,41,21
001,0.0,1.0,37,17
010,0.0,1.0,37,21
011,0.0,1.0,33,17
100,0.0,1.0,37,21
101,0.115234375,0.884765625,33,17
110,0.09375,0.90625,33,21
111,0.0,1.0,29,17
