state,p_marked,error,gate_count,depth
000,0.10546875,0.89453125,24,12
001,0.1484375,0.8515625,20,8
010,0.134765625,0.865234375,20,12
011,0.091796875,0.908203125,16,8
100,0.146484375,0.853515625,20,12
101,0.1328125,0.8671875,16,8
110,0.10546875,0.89453125,16,12
111,0.107421875,0.892578125,12,8
