state,p_marked,error,gate_count,depth
000,0.044921875,0.955078125,48,32
001,0.009765625,0.990234375,48,32
010,0.052734375,0.947265625,48,32
011,0.767578125,0.232421875,48,32
100,0.017578125,0.982421875,48,32
101,0.056640625,0.943359375,48,32
110,0.0234375,0.9765625,48,32
111,0.025390625,0.974609375,48,32
