state,p_marked,error,gate_count,depth
000,0.12890625,0.87109375,41,20
001,0.1328125,0.8671875,37,16
010,0.142578125,0.857421875,37,20
011,0.12109375,0.87890625,33,16
100,0.140625,0.859375,37,20
101,0.12109375,0.87890625,33,16
110,0.140625,0.859375,33,20
111,0.087890625,0.912109375,29,16
