state,p_marked,error,gate_count,depth
000,0.146484375,0.853515625,24,11
001,0.150390625,0.849609375,24,11
010,0.130859375,0.869140625,24,11
011,0.107421875,0.892578125,24,11
100,0.14453125,0.85546875,24,11
101,0.126953125,0.873046875,24,11
110,0.11328125,0.88671875,24,11
111,0.115234375,0.884765625,24,11
