state,p_marked,error,gate_count,depth
000,0.095703125,0.904296875,32,15
001,0.119140625,0.880859375,30,13
010,0.103515625,0.896484375,30,15
011,0.109375,0.890625,28,13
100,0.13671875,0.86328125,30,15
101,0.107421875,0.892578125,28,13
110,0.150390625,0.849609375,28,15
111,0.12890625,0.87109375,26,13
