state,p_marked,error,gate_count,depth
000,0.083984375,0.916015625,47,24
001,0.052734375,0.947265625,47,24
010,0.072265625,0.927734375,47,24
011,0.212890625,0.787109375,47,24
100,0.078125,0.921875,47,24
101,0.125,0.875,47,24
110,0.2421875,0.7578125,47,24
111,0.103515625,0.896484375,47,24
