state,p_marked,error,gate_count,depth
000,0.474609375,0.525390625,41,21
001,0.486328125,0.513671875,37,17
010,0.453125,0.546875,37,21
011,0.5,0.5,33,17
100,0.525390625,0.474609375,37,21
101,0.482421875,0.517578125,33,17
110,0.498046875,0.501953125,33,21
111,0.4921875,0.5078125,29,17
