state,p_marked,error,gate_count,depth
000,0.5,0.5,50,26
001,0.525390625,0.474609375,44,20
010,0.52734375,0.47265625,44,26
011,0.486328125,0.513671875,38,20
100,0.53125,0.46875,44,26
101,0.470703125,0.529296875,38,20
110,0.4921875,0.5078125,38,26
111,0.5,0.5,32,20
