state,p_marked,error,gate_count,depth
000,0.0,1.0,47,25
001,0.0,1.0,43,22
010,0.0,1.0,43,24
011,0.0,1.0,39,21
100,0.0,1.0,43,25
101,0.0,1.0,39,22
110,0.4921875,0.5078125,39,24
111,0.494140625,0.505859375,35,21
