state,p_marked,error,gate_count,depth
000,0.525390625,0.474609375,67,34
001,0.48046875,0.51953125,61,28
010,0.51171875,0.48828125,61,34
011,0.5078125,0.4921875,55,28
100,0.529296875,0.470703125,61,34
101,0.50390625,0.49609375,55,28
110,0.51171875,0.48828125,55,34
111,0.515625,0.484375,49,28
