state,p_marked,error,gate_count,depth
000,0.125,0.875,67,33
001,0.111328125,0.888671875,65,31
010,0.513671875,0.486328125,65,33
011,0.10546875,0.89453125,63,31
100,0.130859375,0.869140625,65,33
101,0.13671875,0.86328125,63,31
110,0.52734375,0.47265625,63,33
111,0.12109375,0.87890625,61,31
