state,p_marked,error,gate_count,depth
000,0.06640625,0.93359375,37,19
001,0.068359375,0.931640625,35,17
010,0.048828125,0.951171875,35,19
011,0.08203125,0.91796875,33,17
100,0.0546875,0.9453125,35,19
101,0.060546875,0.939453125,33,17
110,0.052734375,0.947265625,33,19
111,0.04296875,0.95703125,31,17
