state,p_marked,error,gate_count,depth
000,0.119140625,0.880859375,33,15
001,0.146484375,0.853515625,31,13
010,0.134765625,0.865234375,31,15
011,0.12890625,0.87109375,29,13
100,0.12890625,0.87109375,31,15
101,0.115234375,0.884765625,29,13
110,0.11328125,0.88671875,29,15
111,0.11328125,0.88671875,27,13
