state,p_marked,error,gate_count,depth
000,0.515625,0.484375,32,16
001,0.525390625,0.474609375,30,14
010,0.474609375,0.525390625,30,16
011,0.5078125,0.4921875,28,14
100,0.533203125,0.466796875,30,16
101,0.455078125,0.544921875,28,14
110,0.474609375,0.525390625,28,16
111,0.533203125,0.466796875,26,14
