state,p_marked,error,gate_count,depth
000,0.1015625,0.8984375,75,47
001,0.068359375,0.931640625,69,41
010,0.318359375,0.681640625,69,47
011,0.11328125,0.88671875,63,41
100,0.115234375,0.884765625,69,47
101,0.056640625,0.943359375,63,41
110,0.123046875,0.876953125,63,47
111,0.044921875,0.955078125,57,41
