state,p_marked,error,gate_count,depth
000,0.1328125,0.8671875,51,26
001,0.087890625,0.912109375,45,21
010,0.11328125,0.88671875,45,26
011,0.126953125,0.873046875,39,21
100,0.1171875,0.8828125,45,26
101,0.115234375,0.884765625,39,21
110,0.12890625,0.87109375,39,26
111,0.111328125,0.888671875,33,20
