state,p_marked,error,gate_count,depth
000,0.490234375,0.509765625,33,17
001,0.484375,0.515625,31,15
010,0.533203125,0.466796875,31,17
011,0.15234375,0.84765625,29,15
100,0.490234375,0.509765625,31,17
101,0.5078125,0.4921875,29,15
110,0.134765625,0.865234375,29,17
111,0.501953125,0.498046875,27,15
