state,p_marked,error,gate_count,depth
000,0.146484375,0.853515625,33,17
001,0.123046875,0.876953125,27,11
010,0.1171875,0.8828125,27,17
011,0.099609375,0.900390625,21,11
100,0.142578125,0.857421875,27,17
101,0.142578125,0.857421875,21,11
110,0.134765625,0.865234375,21,17
111,0.119140625,0.880859375,15,11
