state,p_marked,error,gate_count,depth
000,0.1171875,0.8828125,41,20
001,0.138671875,0.861328125,37,16
010,0.115234375,0.884765625,37,20
011,0.138671875,0.861328125,33,16
100,0.123046875,0.876953125,37,20
101,0.13671875,0.86328125,33,16
110,0.12109375,0.87890625,33,20
111,0.1171875,0.8828125,29,16
