state,p_marked,error,gate_count,depth
000,0.03125,0.96875,123,74
001,0.0,1.0,119,70
010,0.216796875,0.783203125,119,74
011,0.01171875,0.98828125,115,70
100,0.015625,0.984375,119,74
101,0.271484375,0.728515625,115,70
110,0.048828125,0.951171875,115,74
111,0.125,0.875,111,70
