state,p_marked,error,gate_count,depth
000,0.0,1.0,41,20
001,0.0,1.0,37,16
010,0.0,1.0,37,20
011,0.0,1.0,33,16
100,0.111328125,0.888671875,37,20
101,0.125,0.875,33,16
110,0.11328125,0.88671875,33,20
111,0.142578125,0.857421875,29,16
