state,p_marked,error,gate_count,depth
000,0.126953125,0.873046875,49,24
001,0.125,0.875,47,22
010,0.1171875,0.8828125,47,24
011,0.109375,0.890625,45,22
100,0.140625,0.859375,47,24
101,0.130859375,0.869140625,45,22
110,0.10546875,0.89453125,45,24
111,0.150390625,0.849609375,43,22
