state,p_marked,error,gate_count,depth
000,0.138671875,0.861328125,23,10
001,0.115234375,0.884765625,23,10
010,0.158203125,0.841796875,23,10
011,0.154296875,0.845703125,23,10
100,0.103515625,0.896484375,23,10
101,0.11328125,0.88671875,23,10
110,0.109375,0.890625,23,10
111,0.1171875,0.8828125,23,10
