state,p_marked,error,gate_count,depth
000,0.13671875,0.86328125,41,20
001,0.10546875,0.89453125,37,16
010,0.138671875,0.861328125,37,20
011,0.111328125,0.888671875,33,16
100,0.095703125,0.904296875,37,20
101,0.107421875,0.892578125,33,16
110,0.1328125,0.8671875,33,20
111,0.12890625,0.87109375,29,16
