state,p_marked,error,gate_count,depth
000,0.140625,0.859375,15,7
001,0.107421875,0.892578125,13,5
010,0.12890625,0.87109375,13,7
011,0.134765625,0.865234375,11,5
100,0.107421875,0.892578125,13,7
101,0.140625,0.859375,11,5
110,0.142578125,0.857421875,11,7
111,0.10546875,0.89453125,9,5
