state,p_marked,error,gate_count,depth
000,0.521484375,0.478515625,50,26
001,0.529296875,0.470703125,44,20
010,0.4921875,0.5078125,44,26
011,0.515625,0.484375,38,20
100,0.4765625,0.5234375,44,26
101,0.509765625,0.490234375,38,20
110,0.53515625,0.46484375,38,26
111,0.490234375,0.509765625,32,20
