state,p_marked,error,gate_count,depth
000,0.521484375,0.478515625,41,21
001,0.505859375,0.494140625,37,17
010,0.458984375,0.541015625,37,21
011,0.50390625,0.49609375,33,17
100,0.525390625,0.474609375,37,21
101,0.46875,0.53125,33,17
110,0.521484375,0.478515625,33,21
111,0.517578125,0.482421875,29,17
