state,p_marked,error,gate_count,depth
000,0.126953125,0.873046875,32,15
001,0.115234375,0.884765625,30,13
010,0.1171875,0.8828125,30,15
011,0.11328125,0.88671875,28,13
100,0.119140625,0.880859375,30,15
101,0.11328125,0.88671875,28,13
110,0.13671875,0.86328125,28,15
111,0.11328125,0.88671875,26,13
