state,p_marked,error,gate_count,depth
000,0.13671875,0.86328125,42,21
001,0.107421875,0.892578125,38,18
010,0.115234375,0.884765625,38,21
011,0.09375,0.90625,34,17
100,0.111328125,0.888671875,38,21
101,0.142578125,0.857421875,34,18
110,0.13671875,0.86328125,34,21
111,0.1171875,0.8828125,30,17
