state,p_marked,error,gate_count,depth
000,0.0,1.0,32,15
001,0.0,1.0,30,13
010,0.0,1.0,30,15
011,0.0,1.0,28,13
100,0.099609375,0.900390625,30,15
101,0.115234375,0.884765625,28,13
110,0.103515625,0.896484375,28,15
111,0.115234375,0.884765625,26,13
