state,p_marked,error,gate_count,depth
000,0.11328125,0.88671875,69,37
001,0.134765625,0.865234375,55,23
010,0.1171875,0.8828125,55,37
011,0.119140625,0.880859375,41,23
100,0.123046875,0.876953125,55,37
101,0.126953125,0.873046875,41,23
110,0.142578125,0.857421875,41,37
111,0.119140625,0.880859375,27,23
