state,p_marked,error,gate_count,depth
000,0.056640625,0.943359375,95,61
001,0.087890625,0.912109375,93,60
010,0.0078125,0.9921875,93,61
011,0.517578125,0.482421875,91,60
100,0.0546875,0.9453125,93,61
101,0.1640625,0.8359375,91,59
110,0.009765625,0.990234375,91,61
111,0.029296875,0.970703125,89,59
