state,p_marked,error,gate_count,depth
000,0.078125,0.921875,32,16
001,0.076171875,0.923828125,30,14
010,0.06640625,0.93359375,30,16
011,0.056640625,0.943359375,28,14
100,0.06640625,0.93359375,30,16
101,0.083984375,0.916015625,28,14
110,0.060546875,0.939453125,28,16
111,0.078125,0.921875,26,14
