state,p_marked,error,gate_count,depth
000,0.470703125,0.529296875,32,16
001,0.478515625,0.521484375,30,14
010,0.50390625,0.49609375,30,16
011,0.513671875,0.486328125,28,14
100,0.48046875,0.51953125,30,16
101,0.474609375,0.525390625,28,14
110,0.5234375,0.4765625,28,16
111,0.474609375,0.525390625,26,14
