state,p_marked,error,gate_count,depth
000,0.49609375,0.50390625,32,16
001,0.513671875,0.486328125,30,14
010,0.4921875,0.5078125,30,16
011,0.501953125,0.498046875,28,14
100,0.447265625,0.552734375,30,16
101,0.490234375,0.509765625,28,14
110,0.48046875,0.51953125,28,16
111,0.5,0.5,26,14
