state,p_marked,error,gate_count,depth
000,0.49609375,0.50390625,32,16
001,0.451171875,0.548828125,30,14
010,0.4921875,0.5078125,30,16
011,0.513671875,0.486328125,28,14
100,0.51171875,0.48828125,30,16
101,0.505859375,0.494140625,28,14
110,0.501953125,0.498046875,28,16
111,0.53515625,0.46484375,26,14
