state,p_marked,error,gate_count,depth
000,0.095703125,0.904296875,24,12
001,0.1015625,0.8984375,20,8
010,0.15625,0.84375,20,12
011,0.09765625,0.90234375,16,8
100,0.162109375,0.837890625,20,12
101,0.1328125,0.8671875,16,8
110,0.126953125,0.873046875,16,12
111,0.126953125,0.873046875,12,8
