state,p_marked,error,gate_count,depth
000,0.140625,0.859375,49,25
001,0.10546875,0.89453125,47,23
010,0.13671875,0.86328125,47,25
011,0.1171875,0.8828125,45,23
100,0.138671875,0.861328125,47,25
101,0.138671875,0.861328125,45,23
110,0.140625,0.859375,45,25
111,0.099609375,0.900390625,43,23
