state,p_marked,error,gate_count,depth
000,0.130859375,0.869140625,32,15
001,0.125,0.875,30,13
010,0.154296875,0.845703125,30,15
011,0.15234375,0.84765625,28,13
100,0.109375,0.890625,30,15
101,0.10546875,0.89453125,28,13
110,0.12890625,0.87109375,28,15
111,0.115234375,0.884765625,26,13
