state,p_marked,error,gate_count,depth
000,0.138671875,0.861328125,15,7
001,0.119140625,0.880859375,13,5
010,0.11328125,0.88671875,13,7
011,0.109375,0.890625,11,5
100,0.103515625,0.896484375,13,7
101,0.14453125,0.85546875,11,5
110,0.115234375,0.884765625,11,7
111,0.08984375,0.91015625,9,5
