state,p_marked,error,gate_count,depth
000,0.5,0.5,33,17
001,0.49609375,0.50390625,31,15
010,0.12890625,0.87109375,31,17
011,0.4921875,0.5078125,29,15
100,0.482421875,0.517578125,31,17
101,0.4765625,0.5234375,29,15
110,0.15234375,0.84765625,29,17
111,0.5234375,0.4765625,27,15
