state,p_marked,error,gate_count,depth
000,0.134765625,0.865234375,46,24
001,0.1171875,0.8828125,42,20
010,0.150390625,0.849609375,42,24
011,0.1328125,0.8671875,38,20
100,0.1328125,0.8671875,42,24
101,0.14453125,0.85546875,38,20
110,0.140625,0.859375,38,24
111,0.11328125,0.88671875,34,20
