state,p_marked,error,gate_count,depth
000,0.099609375,0.900390625,24,12
001,0.15234375,0.84765625,20,8
010,0.1328125,0.8671875,20,12
011,0.1328125,0.8671875,16,8
100,0.13671875,0.86328125,20,12
101,0.115234375,0.884765625,16,8
110,0.1171875,0.8828125,16,12
111,0.134765625,0.865234375,12,8
