state,p_marked,error,gate_count,depth
000,0.12890625,0.87109375,49,24
001,0.09765625,0.90234375,47,22
010,0.1171875,0.8828125,47,24
011,0.13671875,0.86328125,45,22
100,0.111328125,0.888671875,47,24
101,0.130859375,0.869140625,45,22
110,0.10546875,0.89453125,45,24
111,0.14453125,0.85546875,43,22
