state,p_marked,error,gate_count,depth
000,0.49609375,0.50390625,41,21
001,0.443359375,0.556640625,37,17
010,0.5078125,0.4921875,37,21
011,0.5703125,0.4296875,33,17
100,0.517578125,0.482421875,37,21
101,0.484375,0.515625,33,17
110,0.48828125,0.51171875,33,21
111,0.5078125,0.4921875,29,17
