state,p_marked,error,gate_count,depth
000,0.1171875,0.8828125,42,22
001,0.142578125,0.857421875,38,18
010,0.12109375,0.87890625,38,22
011,0.15234375,0.84765625,34,18
100,0.12109375,0.87890625,38,22
101,0.11328125,0.88671875,34,18
110,0.107421875,0.892578125,34,22
111,0.11328125,0.88671875,30,18
