state,p_marked,error,gate_count,depth
000,0.44140625,0.55859375,32,16
001,0.453125,0.546875,30,14
010,0.51171875,0.48828125,30,16
011,0.54296875,0.45703125,28,14
100,0.501953125,0.498046875,30,16
101,0.4921875,0.5078125,28,14
110,0.5390625,0.4609375,28,16
111,0.517578125,0.482421875,26,14
