state,p_marked,error,gate_count,depth
000,0.0,1.0,41,21
001,0.0,1.0,41,21
010,0.44921875,0.55078125,41,21
011,0.0,1.0,41,21
100,0.0,1.0,41,21
101,0.4921875,0.5078125,41,21
110,0.0,1.0,41,21
111,0.0,1.0,41,21
