state,p_marked,error,gate_count,depth
000,0.087890625,0.912109375,66,43
001,0.064453125,0.935546875,66,43
010,0.20703125,0.79296875,66,43
011,0.076171875,0.923828125,66,43
100,0.16015625,0.83984375,66,43
101,0.244140625,0.755859375,66,43
110,0.001953125,0.998046875,66,43
111,0.1640625,0.8359375,66,43
