state,p_marked,error,gate_count,depth
000,0.15625,0.84375,67,35
001,0.119140625,0.880859375,61,29
010,0.12890625,0.87109375,61,35
011,0.1484375,0.8515625,55,29
100,0.1171875,0.8828125,61,35
101,0.10546875,0.89453125,55,29
110,0.158203125,0.841796875,55,35
111,0.1484375,0.8515625,49,29
