state,p_marked,error,gate_count,depth
000,0.12109375,0.87890625,32,15
001,0.138671875,0.861328125,30,13
010,0.119140625,0.880859375,30,15
011,0.1328125,0.8671875,28,13
100,0.16015625,0.83984375,30,15
101,0.1640625,0.8359375,28,13
110,0.1171875,0.8828125,28,15
111,0.115234375,0.884765625,26,13
