state,p_marked,error,gate_count,depth
000,0.126953125,0.873046875,32,15
001,0.130859375,0.869140625,30,13
010,0.115234375,0.884765625,30,15
011,0.126953125,0.873046875,28,13
100,0.107421875,0.892578125,30,15
101,0.123046875,0.876953125,28,13
110,0.103515625,0.896484375,28,15
111,0.125,0.875,26,13
