state,p_marked,error,gate_count,depth
000,0.556640625,0.443359375,50,26
001,0.474609375,0.525390625,44,20
010,0.46484375,0.53515625,44,26
011,0.486328125,0.513671875,38,20
100,0.494140625,0.505859375,44,26
101,0.482421875,0.517578125,38,20
110,0.533203125,0.466796875,38,26
111,0.482421875,0.517578125,32,20
