state,p_marked,error,gate_count,depth
000,0.12890625,0.87109375,65,34
001,0.109375,0.890625,61,30
010,0.142578125,0.857421875,61,34
011,0.119140625,0.880859375,57,30
100,0.125,0.875,61,34
101,0.150390625,0.849609375,57,30
110,0.138671875,0.861328125,57,34
111,0.115234375,0.884765625,53,30
