state,p_marked,error,gate_count,depth
000,0.505859375,0.494140625,41,21
001,0.484375,0.515625,37,17
010,0.486328125,0.513671875,37,21
011,0.4609375,0.5390625,33,17
100,0.474609375,0.525390625,37,21
101,0.44140625,0.55859375,33,17
110,0.4453125,0.5546875,33,21
111,0.54296875,0.45703125,29,17
