state,p_marked,error,gate_count,depth
000,0.228515625,0.771484375,84,52
001,0.12890625,0.87109375,80,48
010,0.111328125,0.888671875,80,52
011,0.08984375,0.91015625,76,48
100,0.05859375,0.94140625,80,52
101,0.013671875,0.986328125,76,48
110,0.248046875,0.751953125,76,52
111,0.142578125,0.857421875,72,48
