state,p_marked,error,gate_count,depth
000,0.11328125,0.88671875,32,15
001,0.146484375,0.853515625,30,13
010,0.109375,0.890625,30,15
011,0.109375,0.890625,28,13
100,0.14453125,0.85546875,30,15
101,0.1328125,0.8671875,28,13
110,0.123046875,0.876953125,28,15
111,0.126953125,0.873046875,26,13
