state,p_marked,error,gate_count,depth
000,0.134765625,0.865234375,49,25
001,0.126953125,0.873046875,47,23
010,0.111328125,0.888671875,47,25
011,0.125,0.875,45,23
100,0.11328125,0.88671875,47,25
101,0.111328125,0.888671875,45,23
110,0.115234375,0.884765625,45,25
111,0.10546875,0.89453125,43,23
