state,p_marked,error,gate_count,depth
000,0.146484375,0.853515625,24,12
001,0.146484375,0.853515625,20,8
010,0.12890625,0.87109375,20,12
011,0.13671875,0.86328125,16,8
100,0.1484375,0.8515625,20,12
101,0.1171875,0.8828125,16,8
110,0.1328125,0.8671875,16,12
111,0.142578125,0.857421875,12,8
