state,p_marked,error,gate_count,depth
000,0.095703125,0.904296875,33,17
001,0.158203125,0.841796875,27,11
010,0.140625,0.859375,27,17
011,0.123046875,0.876953125,21,11
100,0.11328125,0.88671875,27,17
101,0.15625,0.84375,21,11
110,0.1171875,0.8828125,21,17
111,0.123046875,0.876953125,15,11
