state,p_marked,error,gate_count,depth
000,0.138671875,0.861328125,33,17
001,0.119140625,0.880859375,27,11
010,0.115234375,0.884765625,27,17
011,0.1484375,0.8515625,21,11
100,0.115234375,0.884765625,27,17
101,0.13671875,0.86328125,21,11
110,0.134765625,0.865234375,21,17
111,0.103515625,0.896484375,15,11
