state,p_marked,error,gate_count,depth
000,0.134765625,0.865234375,51,25
001,0.12109375,0.87890625,45,19
010,0.125,0.875,45,25
011,0.111328125,0.888671875,39,19
100,0.134765625,0.865234375,45,25
101,0.134765625,0.865234375,39,19
110,0.12890625,0.87109375,39,25
111,0.130859375,0.869140625,33,19
