state,p_marked,error,gate_count,depth
000,0.1328125,0.8671875,59,30
001,0.125,0.875,55,27
010,0.115234375,0.884765625,55,30
011,0.13671875,0.86328125,51,26
100,0.1171875,0.8828125,55,30
101,0.14453125,0.85546875,51,27
110,0.1171875,0.8828125,51,30
111,0.09765625,0.90234375,47,26
