state,p_marked,error,gate_count,depth
000,0.099609375,0.900390625,55,28
001,0.138671875,0.861328125,53,26
010,0.099609375,0.900390625,53,28
011,0.119140625,0.880859375,51,26
100,0.123046875,0.876953125,53,28
101,0.119140625,0.880859375,51,26
110,0.126953125,0.873046875,51,28
111,0.10546875,0.89453125,49,26
