state,p_marked,error,gate_count,depth
000,0.150390625,0.849609375,58,38
001,0.064453125,0.935546875,58,38
010,0.255859375,0.744140625,58,38
011,0.072265625,0.927734375,58,38
100,0.080078125,0.919921875,58,38
101,0.0703125,0.9296875,58,38
110,0.07421875,0.92578125,58,38
111,0.267578125,0.732421875,58,38
