state,p_marked,error,gate_count,depth
000,0.14453125,0.85546875,52,28
001,0.107421875,0.892578125,50,26
010,0.111328125,0.888671875,50,28
011,0.091796875,0.908203125,48,26
100,0.12109375,0.87890625,50,28
101,0.1171875,0.8828125,48,26
110,0.123046875,0.876953125,48,28
111,0.123046875,0.876953125,46,26
