state,p_marked,error,gate_count,depth
000,0.109375,0.890625,41,20
001,0.109375,0.890625,37,16
010,0.1171875,0.8828125,37,20
011,0.099609375,0.900390625,33,16
100,0.11328125,0.88671875,37,20
101,0.103515625,0.896484375,33,16
110,0.123046875,0.876953125,33,20
111,0.130859375,0.869140625,29,16
