state,p_marked,error,gate_count,depth
000,0.10546875,0.89453125,41,22
001,0.25,0.75,39,20
010,0.615234375,0.384765625,39,22
011,0.12109375,0.87890625,37,20
100,0.11328125,0.88671875,39,22
101,0.251953125,0.748046875,37,20
110,0.640625,0.359375,37,22
111,0.107421875,0.892578125,35,20
