state,p_marked,error,gate_count,depth
000,0.533203125,0.466796875,58,29
001,0.501953125,0.498046875,54,25
010,0.509765625,0.490234375,54,29
011,0.486328125,0.513671875,50,25
100,0.4921875,0.5078125,54,29
101,0.458984375,0.541015625,50,25
110,0.49609375,0.50390625,50,29
111,0.521484375,0.478515625,46,25
