state,p_marked,error,gate_count,depth
000,0.162109375,0.837890625,42,21
001,0.12109375,0.87890625,38,18
010,0.12109375,0.87890625,38,21
011,0.1484375,0.8515625,34,17
100,0.162109375,0.837890625,38,21
101,0.142578125,0.857421875,34,18
110,0.09765625,0.90234375,34,21
111,0.11328125,0.88671875,30,17
