state,p_marked,error,gate_count,depth
000,0.111328125,0.888671875,41,21
001,0.123046875,0.876953125,37,17
010,0.111328125,0.888671875,37,21
011,0.125,0.875,33,17
100,0.146484375,0.853515625,37,21
101,0.1015625,0.8984375,33,17
110,0.14453125,0.85546875,33,21
111,0.103515625,0.896484375,29,17
