state,p_marked,error,gate_count,depth
000,0.1328125,0.8671875,68,35
001,0.125,0.875,58,25
010,0.138671875,0.861328125,58,35
011,0.130859375,0.869140625,48,25
100,0.140625,0.859375,58,35
101,0.130859375,0.869140625,48,25
110,0.123046875,0.876953125,48,35
111,0.14453125,0.85546875,38,25
