state,p_marked,error,gate_count,depth
000,0.11328125,0.88671875,41,21
001,0.1171875,0.8828125,37,17
010,0.119140625,0.880859375,37,21
011,0.107421875,0.892578125,33,17
100,0.1171875,0.8828125,37,21
101,0.123046875,0.876953125,33,17
110,0.142578125,0.857421875,33,21
111,0.10546875,0.89453125,29,17
