state,p_marked,error,gate_count,depth
000,0.037109375,0.962890625,61,31
001,0.02734375,0.97265625,57,27
010,0.013671875,0.986328125,57,31
011,0.03515625,0.96484375,53,27
100,0.037109375,0.962890625,57,31
101,0.03125,0.96875,53,27
110,0.0234375,0.9765625,53,31
111,0.03515625,0.96484375,49,27
