state,p_marked,error,gate_count,depth
000,0.10546875,0.89453125,63,33
001,0.11328125,0.88671875,59,29
010,0.12109375,0.87890625,59,33
011,0.125,0.875,55,29
100,0.123046875,0.876953125,59,33
101,0.140625,0.859375,55,29
110,0.115234375,0.884765625,55,33
111,0.1484375,0.8515625,51,29
