state,p_marked,error,gate_count,depth
000,0.123046875,0.876953125,33,17
001,0.0,1.0,31,15
010,0.12890625,0.87109375,31,17
011,0.13671875,0.86328125,29,15
100,0.1484375,0.8515625,31,17
101,0.0,1.0,29,15
110,0.095703125,0.904296875,29,17
111,0.1171875,0.8828125,27,15
