state,p_marked,error,gate_count,depth
000,0.140625,0.859375,33,17
001,0.162109375,0.837890625,27,11
010,0.140625,0.859375,27,17
011,0.14453125,0.85546875,21,11
100,0.123046875,0.876953125,27,17
101,0.1484375,0.8515625,21,11
110,0.1328125,0.8671875,21,17
111,0.1328125,0.8671875,15,11
