state,p_marked,error,gate_count,depth
000,0.509765625,0.490234375,41,21
001,0.48046875,0.51953125,37,17
010,0.478515625,0.521484375,37,21
011,0.498046875,0.501953125,33,17
100,0.513671875,0.486328125,37,21
101,0.484375,0.515625,33,17
110,0.484375,0.515625,33,21
111,0.548828125,0.451171875,29,17
