state,p_marked,error,gate_count,depth
000,0.072265625,0.927734375,32,15
001,0.072265625,0.927734375,30,13
010,0.056640625,0.943359375,30,15
011,0.06640625,0.93359375,28,13
100,0.080078125,0.919921875,30,15
101,0.06640625,0.93359375,28,13
110,0.06640625,0.93359375,28,15
111,0.0625,0.9375,26,13
