state,p_marked,error,gate_count,depth
000,0.126953125,0.873046875,55,27
001,0.12109375,0.87890625,53,25
010,0.09375,0.90625,53,27
011,0.115234375,0.884765625,51,25
100,0.154296875,0.845703125,53,27
101,0.107421875,0.892578125,51,25
110,0.13671875,0.86328125,51,27
111,0.14453125,0.85546875,49,25
