state,p_marked,error,gate_count,depth
000,0.5,0.5,42,22
001,0.4609375,0.5390625,38,18
010,0.505859375,0.494140625,38,22
011,0.142578125,0.857421875,34,18
100,0.521484375,0.478515625,38,22
101,0.486328125,0.513671875,34,18
110,0.130859375,0.869140625,34,22
111,0.50390625,0.49609375,30,18
