state,p_marked,error,gate_count,depth
000,0.125,0.875,24,12
001,0.115234375,0.884765625,20,8
010,0.134765625,0.865234375,20,12
011,0.095703125,0.904296875,16,8
100,0.130859375,0.869140625,20,12
101,0.12890625,0.87109375,16,8
110,0.099609375,0.900390625,16,12
111,0.103515625,0.896484375,12,8
