state,p_marked,error,gate_count,depth
000,0.48046875,0.51953125,41,21
001,0.52734375,0.47265625,37,17
010,0.513671875,0.486328125,37,21
011,0.48828125,0.51171875,33,17
100,0.55078125,0.44921875,37,21
101,0.47265625,0.52734375,33,17
110,0.505859375,0.494140625,33,21
111,0.501953125,0.498046875,29,17
