state,p_marked,error,gate_count,depth
000,0.48046875,0.51953125,33,17
001,0.5546875,0.4453125,31,15
010,0.119140625,0.880859375,31,17
011,0.490234375,0.509765625,29,15
100,0.537109375,0.462890625,31,17
101,0.486328125,0.513671875,29,15
110,0.107421875,0.892578125,29,17
111,0.486328125,0.513671875,27,15
