state,p_marked,error,gate_count,depth
000,0.53125,0.46875,41,21
001,0.4921875,0.5078125,37,17
010,0.52734375,0.47265625,37,21
011,0.546875,0.453125,33,17
100,0.482421875,0.517578125,37,21
101,0.484375,0.515625,33,17
110,0.513671875,0.486328125,33,21
111,0.484375,0.515625,29,17
