state,p_marked,error,gate_count,depth
000,0.140625,0.859375,23,10
001,0.158203125,0.841796875,23,10
010,0.125,0.875,23,10
011,0.10546875,0.89453125,23,10
100,0.12890625,0.87109375,23,10
101,0.126953125,0.873046875,23,10
110,0.12109375,0.87890625,23,10
111,0.111328125,0.888671875,23,10
