state,p_marked,error,gate_count,depth
000,0.04296875,0.95703125,32,15
001,0.048828125,0.951171875,30,13
010,0.05859375,0.94140625,30,15
011,0.046875,0.953125,28,13
100,0.07421875,0.92578125,30,15
101,0.068359375,0.931640625,28,13
110,0.07421875,0.92578125,28,15
111,0.064453125,0.935546875,26,13
