state,p_marked,error,gate_count,depth
000,0.119140625,0.880859375,50,26
001,0.1328125,0.8671875,48,24
010,0.140625,0.859375,48,26
011,0.12109375,0.87890625,46,24
100,0.1484375,0.8515625,48,26
101,0.109375,0.890625,46,24
110,0.154296875,0.845703125,46,26
111,0.111328125,0.888671875,44,24
