state,p_marked,error,gate_count,depth
000,0.486328125,0.513671875,41,21
001,0.515625,0.484375,37,17
010,0.54296875,0.45703125,37,21
011,0.501953125,0.498046875,33,17
100,0.486328125,0.513671875,37,21
101,0.46484375,0.53515625,33,17
110,0.478515625,0.521484375,33,21
111,0.513671875,0.486328125,29,17
