state,p_marked,error,gate_count,depth
000,0.14453125,0.85546875,24,12
001,0.115234375,0.884765625,20,8
010,0.126953125,0.873046875,20,12
011,0.126953125,0.873046875,16,8
100,0.12109375,0.87890625,20,12
101,0.107421875,0.892578125,16,8
110,0.10546875,0.89453125,16,12
111,0.126953125,0.873046875,12,8
