state,p_marked,error,gate_count,depth
000,0.10546875,0.89453125,23,11
001,0.1484375,0.8515625,23,11
010,0.140625,0.859375,23,11
011,0.154296875,0.845703125,23,11
100,0.13671875,0.86328125,23,11
101,0.14453125,0.85546875,23,11
110,0.12109375,0.87890625,23,11
111,0.125,0.875,23,11
