state,p_marked,error,gate_count,depth
000,0.462890625,0.537109375,67,34
001,0.49609375,0.50390625,61,28
010,0.486328125,0.513671875,61,34
011,0.521484375,0.478515625,55,28
100,0.474609375,0.525390625,61,34
101,0.447265625,0.552734375,55,28
110,0.515625,0.484375,55,34
111,0.51171875,0.48828125,49,28
