state,p_marked,error,gate_count,depth
000,0.1328125,0.8671875,50,25
001,0.12109375,0.87890625,44,19
010,0.125,0.875,44,25
011,0.119140625,0.880859375,38,19
100,0.126953125,0.873046875,44,25
101,0.10546875,0.89453125,38,19
110,0.099609375,0.900390625,38,25
111,0.125,0.875,32,19
