state,p_marked,error,gate_count,depth
000,0.265625,0.734375,50,24
001,0.244140625,0.755859375,48,23
010,0.25,0.75,48,24
011,0.251953125,0.748046875,46,23
100,0.248046875,0.751953125,48,24
101,0.251953125,0.748046875,46,23
110,0.25,0.75,46,24
111,0.26171875,0.73828125,44,22
