state,p_marked,error,gate_count,depth
000,0.099609375,0.900390625,23,10
001,0.1171875,0.8828125,23,10
010,0.125,0.875,23,10
011,0.09765625,0.90234375,23,10
100,0.14453125,0.85546875,23,10
101,0.11328125,0.88671875,23,10
110,0.11328125,0.88671875,23,10
111,0.1171875,0.8828125,23,10
