state,p_marked,error,gate_count,depth
000,0.154296875,0.845703125,37,21
001,0.099609375,0.900390625,35,19
010,0.126953125,0.873046875,35,21
011,0.109375,0.890625,33,19
100,0.0,1.0,35,21
101,0.119140625,0.880859375,33,19
110,0.1171875,0.8828125,33,21
111,0.0,1.0,31,19
