state,p_marked,error,gate_count,depth
000,0.12109375,0.87890625,50,26
001,0.11328125,0.88671875,44,20
010,0.1015625,0.8984375,44,26
011,0.1171875,0.8828125,38,20
100,0.103515625,0.896484375,44,26
101,0.14453125,0.85546875,38,20
110,0.107421875,0.892578125,38,26
111,0.138671875,0.861328125,32,20
