state,p_marked,error,gate_count,depth
000,0.134765625,0.865234375,54,27
001,0.1328125,0.8671875,52,25
010,0.12109375,0.87890625,52,27
011,0.1015625,0.8984375,50,25
100,0.12890625,0.87109375,52,27
101,0.109375,0.890625,50,25
110,0.134765625,0.865234375,50,27
111,0.119140625,0.880859375,48,25
