state,p_marked,error,gate_count,depth
000,0.103515625,0.896484375,58,30
001,0.126953125,0.873046875,54,26
010,0.119140625,0.880859375,54,30
011,0.099609375,0.900390625,50,26
100,0.10546875,0.89453125,54,30
101,0.11328125,0.88671875,50,26
110,0.123046875,0.876953125,50,30
111,0.1640625,0.8359375,46,26
