state,p_marked,error,gate_count,depth
000,0.119140625,0.880859375,15,7
001,0.1171875,0.8828125,13,5
010,0.109375,0.890625,13,7
011,0.123046875,0.876953125,11,5
100,0.123046875,0.876953125,13,7
101,0.119140625,0.880859375,11,5
110,0.107421875,0.892578125,11,7
111,0.134765625,0.865234375,9,5
