state,p_marked,error,gate_count,depth
000,0.0,1.0,55,29
001,0.125,0.875,49,23
010,0.09375,0.90625,49,29
011,0.0,1.0,43,23
100,0.0,1.0,49,29
101,0.123046875,0.876953125,43,23
110,0.126953125,0.873046875,43,29
111,0.0,1.0,37,23
