state,p_marked,error,gate_count,depth
000,0.232421875,0.767578125,32,16
001,0.236328125,0.763671875,30,14
010,0.2421875,0.7578125,30,16
011,0.259765625,0.740234375,28,14
100,0.23828125,0.76171875,30,16
101,0.23828125,0.76171875,28,14
110,0.251953125,0.748046875,28,16
111,0.2734375,0.7265625,26,14
