state,p_marked,error,gate_count,depth
000,0.2734375,0.7265625,174,118
001,0.08203125,0.91796875,174,118
010,0.015625,0.984375,174,118
011,0.099609375,0.900390625,174,118
100,0.03515625,0.96484375,174,118
101,0.35546875,0.64453125,174,118
110,0.029296875,0.970703125,174,118
111,0.072265625,0.927734375,174,118
