state,p_marked,error,gate_count,depth
000,0.515625,0.484375,41,21
001,0.470703125,0.529296875,37,17
010,0.484375,0.515625,37,21
011,0.4921875,0.5078125,33,17
100,0.49609375,0.50390625,37,21
101,0.45703125,0.54296875,33,17
110,0.52734375,0.47265625,33,21
111,0.546875,0.453125,29,17
