state,p_marked,error,gate_count,depth
000,0.09765625,0.90234375,46,24
001,0.125,0.875,42,20
010,0.12109375,0.87890625,42,24
011,0.09765625,0.90234375,38,20
100,0.12109375,0.87890625,42,24
101,0.125,0.875,38,20
110,0.1015625,0.8984375,38,24
111,0.14453125,0.85546875,34,20
