state,p_marked,error,gate_count,depth
000,0.109375,0.890625,46,22
001,0.12109375,0.87890625,46,22
010,0.12109375,0.87890625,46,22
011,0.1328125,0.8671875,46,22
100,0.1015625,0.8984375,46,22
101,0.1328125,0.8671875,46,22
110,0.126953125,0.873046875,46,22
111,0.146484375,0.853515625,46,22
