state,p_marked,error,gate_count,depth
000,0.115234375,0.884765625,15,7
001,0.103515625,0.896484375,13,5
010,0.126953125,0.873046875,13,7
011,0.138671875,0.861328125,11,5
100,0.138671875,0.861328125,13,7
101,0.109375,0.890625,11,5
110,0.0859375,0.9140625,11,7
111,0.13671875,0.86328125,9,5
