state,p_marked,error,gate_count,depth
000,0.103515625,0.896484375,55,30
001,0.11328125,0.88671875,51,26
010,0.09765625,0.90234375,51,30
011,0.1171875,0.8828125,47,26
100,0.130859375,0.869140625,51,30
101,0.1328125,0.8671875,47,26
110,0.130859375,0.869140625,47,30
111,0.126953125,0.873046875,43,26
