state,p_marked,error,gate_count,depth
000,0.50390625,0.49609375,50,26
001,0.513671875,0.486328125,44,20
010,0.52734375,0.47265625,44,26
011,0.490234375,0.509765625,38,20
100,0.525390625,0.474609375,44,26
101,0.5,0.5,38,20
110,0.5,0.5,38,26
111,0.48828125,0.51171875,32,20
