state,p_marked,error,gate_count,depth
000,0.51953125,0.48046875,35,19
001,0.49609375,0.50390625,33,17
010,0.50390625,0.49609375,33,19
011,0.505859375,0.494140625,31,17
100,0.509765625,0.490234375,33,19
101,0.49609375,0.50390625,31,17
110,0.474609375,0.525390625,31,19
111,0.490234375,0.509765625,29,17
