state,p_marked,error,gate_count,depth
000,0.123046875,0.876953125,41,20
001,0.125,0.875,41,20
010,0.142578125,0.857421875,41,20
011,0.126953125,0.873046875,41,20
100,0.166015625,0.833984375,41,20
101,0.109375,0.890625,41,20
110,0.138671875,0.861328125,41,20
111,0.138671875,0.861328125,41,20
