state,p_marked,error,gate_count,depth
000,0.130859375,0.869140625,49,25
001,0.123046875,0.876953125,47,23
010,0.1015625,0.8984375,47,25
011,0.125,0.875,45,23
100,0.109375,0.890625,47,25
101,0.123046875,0.876953125,45,23
110,0.119140625,0.880859375,45,25
111,0.125,0.875,43,23
