state,p_marked,error,gate_count,depth
000,0.267578125,0.732421875,179,123
001,0.4140625,0.5859375,175,119
010,0.0625,0.9375,175,123
011,0.064453125,0.935546875,171,119
100,0.00390625,0.99609375,175,123
101,0.28515625,0.71484375,171,119
110,0.2890625,0.7109375,171,123
111,0.01171875,0.98828125,167,119
