state,p_marked,error,gate_count,depth
000,0.125,0.875,24,12
001,0.134765625,0.865234375,20,8
010,0.087890625,0.912109375,20,12
011,0.111328125,0.888671875,16,8
100,0.138671875,0.861328125,20,12
101,0.12890625,0.87109375,16,8
110,0.1171875,0.8828125,16,12
111,0.142578125,0.857421875,12,8
