state,p_marked,error,gate_count,depth
000,0.52734375,0.47265625,41,21
001,0.4921875,0.5078125,37,17
010,0.52734375,0.47265625,37,21
011,0.533203125,0.466796875,33,17
100,0.556640625,0.443359375,37,21
101,0.55859375,0.44140625,33,17
110,0.4921875,0.5078125,33,21
111,0.484375,0.515625,29,17
