state,p_marked,error,gate_count,depth
000,0.125,0.875,42,22
001,0.138671875,0.861328125,38,18
010,0.126953125,0.873046875,38,22
011,0.1640625,0.8359375,34,18
100,0.103515625,0.896484375,38,22
101,0.134765625,0.865234375,34,18
110,0.119140625,0.880859375,34,22
111,0.1484375,0.8515625,30,18
