state,p_marked,error,gate_count,depth
000,0.138671875,0.861328125,33,15
001,0.109375,0.890625,31,13
010,0.126953125,0.873046875,31,15
011,0.109375,0.890625,29,13
100,0.12109375,0.87890625,31,15
101,0.111328125,0.888671875,29,13
110,0.107421875,0.892578125,29,15
111,0.12109375,0.87890625,27,13
