state,p_marked,error,gate_count,depth
000,0.51171875,0.48828125,41,21
001,0.525390625,0.474609375,37,17
010,0.478515625,0.521484375,37,21
011,0.525390625,0.474609375,33,17
100,0.4921875,0.5078125,37,21
101,0.482421875,0.517578125,33,17
110,0.5546875,0.4453125,33,21
111,0.517578125,0.482421875,29,17
