state,p_marked,error,gate_count,depth
000,0.04296875,0.95703125,59,31
001,0.037109375,0.962890625,55,27
010,0.0390625,0.9609375,55,31
011,0.025390625,0.974609375,51,27
100,0.037109375,0.962890625,55,31
101,0.2890625,0.7109375,51,27
110,0.2578125,0.7421875,51,31
111,0.041015625,0.958984375,47,27
