state,p_marked,error,gate_count,depth
000,0.2734375,0.7265625,33,16
001,0.2734375,0.7265625,31,14
010,0.259765625,0.740234375,31,16
011,0.234375,0.765625,29,14
100,0.23828125,0.76171875,31,16
101,0.26171875,0.73828125,29,14
110,0.21875,0.78125,29,16
111,0.240234375,0.759765625,27,14
