state,p_marked,error,gate_count,depth
000,0.486328125,0.513671875,32,16
001,0.494140625,0.505859375,30,14
010,0.451171875,0.548828125,30,16
011,0.501953125,0.498046875,28,14
100,0.5,0.5,30,16
101,0.48046875,0.51953125,28,14
110,0.501953125,0.498046875,28,16
111,0.501953125,0.498046875,26,14
