state,p_marked,error,gate_count,depth
000,0.04296875,0.95703125,41,21
001,0.060546875,0.939453125,37,17
010,0.080078125,0.919921875,37,21
011,0.06640625,0.93359375,33,17
100,0.0625,0.9375,37,21
101,0.05078125,0.94921875,33,17
110,0.046875,0.953125,33,21
111,0.078125,0.921875,29,17
