state,p_marked,error,gate_count,depth
000,0.521484375,0.478515625,41,21
001,0.517578125,0.482421875,37,17
010,0.517578125,0.482421875,37,21
011,0.501953125,0.498046875,33,17
100,0.43359375,0.56640625,37,21
101,0.49609375,0.50390625,33,17
110,0.474609375,0.525390625,33,21
111,0.47265625,0.52734375,29,17
