state,p_marked,error,gate_count,depth
000,0.4765625,0.5234375,41,21
001,0.5,0.5,37,17
010,0.5078125,0.4921875,37,21
011,0.51171875,0.48828125,33,17
100,0.50390625,0.49609375,37,21
101,0.478515625,0.521484375,33,17
110,0.4921875,0.5078125,33,21
111,0.45703125,0.54296875,29,17
