state,p_marked,error,gate_count,depth
000,0.2421875,0.7578125,72,45
001,0.025390625,0.974609375,70,44
010,0.0390625,0.9609375,70,44
011,0.205078125,0.794921875,68,43
100,0.05078125,0.94921875,70,45
101,0.228515625,0.771484375,68,44
110,0.05859375,0.94140625,68,44
111,0.234375,0.765625,66,43
