state,p_marked,error,gate_count,depth
000,0.12890625,0.87109375,56,30
001,0.16015625,0.83984375,54,28
010,0.138671875,0.861328125,54,30
011,0.1171875,0.8828125,52,28
100,0.142578125,0.857421875,54,30
101,0.103515625,0.896484375,52,28
110,0.142578125,0.857421875,52,30
111,0.1015625,0.8984375,50,28
