state,p_marked,error,gate_count,depth
000,0.1171875,0.8828125,55,27
001,0.138671875,0.861328125,53,25
010,0.12109375,0.87890625,53,27
011,0.08984375,0.91015625,51,25
100,0.123046875,0.876953125,53,27
101,0.107421875,0.892578125,51,25
110,0.103515625,0.896484375,51,27
111,0.146484375,0.853515625,49,25
