state,p_marked,error,gate_count,depth
000,0.470703125,0.529296875,42,22
001,0.478515625,0.521484375,38,18
010,0.505859375,0.494140625,38,22
011,0.1171875,0.8828125,34,18
100,0.513671875,0.486328125,38,22
101,0.53125,0.46875,34,18
110,0.12109375,0.87890625,34,22
111,0.498046875,0.501953125,30,18
