state,p_marked,error,gate_count,depth
000,0.505859375,0.494140625,50,26
001,0.474609375,0.525390625,44,20
010,0.51171875,0.48828125,44,26
011,0.494140625,0.505859375,38,20
100,0.52734375,0.47265625,44,26
101,0.49609375,0.50390625,38,20
110,0.46484375,0.53515625,38,26
111,0.51171875,0.48828125,32,20
