state,p_marked,error,gate_count,depth
000,0.119140625,0.880859375,15,7
001,0.12109375,0.87890625,13,5
010,0.140625,0.859375,13,7
011,0.09375,0.90625,11,5
100,0.09375,0.90625,13,7
101,0.14453125,0.85546875,11,5
110,0.111328125,0.888671875,11,7
111,0.1484375,0.8515625,9,5
