state,p_marked,error,gate_count,depth
000,0.125,0.875,52,27
001,0.125,0.875,50,25
010,0.126953125,0.873046875,50,27
011,0.123046875,0.876953125,48,25
100,0.13671875,0.86328125,50,27
101,0.14453125,0.85546875,48,25
110,0.140625,0.859375,48,27
111,0.1328125,0.8671875,46,25
