state,p_marked,error,gate_count,depth
000,0.150390625,0.849609375,24,12
001,0.12109375,0.87890625,20,8
010,0.123046875,0.876953125,20,12
011,0.1328125,0.8671875,16,8
100,0.140625,0.859375,20,12
101,0.119140625,0.880859375,16,8
110,0.11328125,0.88671875,16,12
111,0.134765625,0.865234375,12,8
