state,p_marked,error,gate_count,depth
000,0.51953125,0.48046875,41,21
001,0.50390625,0.49609375,37,17
010,0.50390625,0.49609375,37,21
011,0.484375,0.515625,33,17
100,0.525390625,0.474609375,37,21
101,0.515625,0.484375,33,17
110,0.46875,0.53125,33,21
111,0.462890625,0.537109375,29,17
