state,p_marked,error,gate_count,depth
000,0.0,1.0,50,25
001,0.123046875,0.876953125,48,23
010,0.087890625,0.912109375,48,25
011,0.119140625,0.880859375,46,23
100,0.095703125,0.904296875,48,25
101,0.138671875,0.861328125,46,23
110,0.0,1.0,46,25
111,0.1328125,0.8671875,44,23
