state,p_marked,error,gate_count,depth
000,0.0,1.0,32,15
001,0.0,1.0,30,13
010,0.123046875,0.876953125,30,15
011,0.14453125,0.85546875,28,13
100,0.0,1.0,30,15
101,0.0,1.0,28,13
110,0.126953125,0.873046875,28,15
111,0.09375,0.90625,26,13
