state,p_marked,error,gate_count,depth
000,0.134765625,0.865234375,60,30
001,0.13671875,0.86328125,56,26
010,0.134765625,0.865234375,56,30
011,0.134765625,0.865234375,52,26
100,0.111328125,0.888671875,56,30
101,0.109375,0.890625,52,26
110,0.119140625,0.880859375,52,30
111,0.119140625,0.880859375,48,26
