state,p_marked,error,gate_count,depth
000,0.140625,0.859375,59,31
001,0.146484375,0.853515625,55,27
010,0.111328125,0.888671875,55,31
011,0.107421875,0.892578125,51,27
100,0.134765625,0.865234375,55,31
101,0.138671875,0.861328125,51,27
110,0.11328125,0.88671875,51,31
111,0.166015625,0.833984375,47,27
