state,p_marked,error,gate_count,depth
000,0.107421875,0.892578125,32,15
001,0.107421875,0.892578125,30,13
010,0.12109375,0.87890625,30,15
011,0.12890625,0.87109375,28,13
100,0.123046875,0.876953125,30,15
101,0.130859375,0.869140625,28,13
110,0.14453125,0.85546875,28,15
111,0.15625,0.84375,26,13
