state,p_marked,error,gate_count,depth
000,0.126953125,0.873046875,41,21
001,0.14453125,0.85546875,37,17
010,0.14453125,0.85546875,37,21
011,0.109375,0.890625,33,17
100,0.103515625,0.896484375,37,21
101,0.109375,0.890625,33,17
110,0.115234375,0.884765625,33,21
111,0.14453125,0.85546875,29,17
