state,p_marked,error,gate_count,depth
000,0.134765625,0.865234375,33,17
001,0.126953125,0.873046875,27,11
010,0.13671875,0.86328125,27,17
011,0.140625,0.859375,21,11
100,0.09375,0.90625,27,17
101,0.115234375,0.884765625,21,11
110,0.14453125,0.85546875,21,17
111,0.12890625,0.87109375,15,11
