state,p_marked,error,gate_count,depth
000,0.115234375,0.884765625,58,29
001,0.126953125,0.873046875,54,25
010,0.123046875,0.876953125,54,29
011,0.126953125,0.873046875,50,25
100,0.12890625,0.87109375,54,29
101,0.142578125,0.857421875,50,25
110,0.14453125,0.85546875,50,29
111,0.119140625,0.880859375,46,25
