state,p_marked,error,gate_count,depth
000,0.16015625,0.83984375,70,37
001,0.15625,0.84375,64,31
010,0.21484375,0.78515625,64,37
011,0.185546875,0.814453125,58,31
100,0.0234375,0.9765625,64,37
101,0.220703125,0.779296875,58,31
110,0.033203125,0.966796875,58,37
111,0.3125,0.6875,52,31
