state,p_marked,error,gate_count,depth
000,0.037109375,0.962890625,32,15
001,0.080078125,0.919921875,30,13
010,0.052734375,0.947265625,30,15
011,0.048828125,0.951171875,28,13
100,0.064453125,0.935546875,30,15
101,0.068359375,0.931640625,28,13
110,0.0625,0.9375,28,15
111,0.0859375,0.9140625,26,13
