state,p_marked,error,gate_count,depth
000,0.484375,0.515625,32,16
001,0.46484375,0.53515625,30,14
010,0.484375,0.515625,30,16
011,0.4609375,0.5390625,28,14
100,0.53125,0.46875,30,16
101,0.51953125,0.48046875,28,14
110,0.486328125,0.513671875,28,16
111,0.513671875,0.486328125,26,14
