state,p_marked,error,gate_count,depth
000,0.142578125,0.857421875,51,24
001,0.12890625,0.87109375,49,22
010,0.109375,0.890625,49,24
011,0.109375,0.890625,47,22
100,0.140625,0.859375,49,24
101,0.13671875,0.86328125,47,22
110,0.107421875,0.892578125,47,24
111,0.15234375,0.84765625,45,22
