state,p_marked,error,gate_count,depth
000,0.232421875,0.767578125,25,13
001,0.0,1.0,25,13
010,0.26171875,0.73828125,25,13
011,0.0,1.0,25,13
100,0.236328125,0.763671875,25,13
101,0.0,1.0,25,13
110,0.25,0.75,25,13
111,0.0,1.0,25,13
