state,p_marked,error,gate_count,depth
000,0.134765625,0.865234375,59,31
001,0.109375,0.890625,55,27
010,0.1484375,0.8515625,55,31
011,0.119140625,0.880859375,51,27
100,0.134765625,0.865234375,55,31
101,0.138671875,0.861328125,51,27
110,0.134765625,0.865234375,51,31
111,0.115234375,0.884765625,47,27
