state,p_marked,error,gate_count,depth
000,0.06640625,0.93359375,144,74
001,0.08984375,0.91015625,138,69
010,0.255859375,0.744140625,138,74
011,0.05859375,0.94140625,132,69
100,0.10546875,0.89453125,138,73
101,0.01171875,0.98828125,132,68
110,0.001953125,0.998046875,132,73
111,0.154296875,0.845703125,126,68
