state,p_marked,error,gate_count,depth
000,0.466796875,0.533203125,32,16
001,0.501953125,0.498046875,30,14
010,0.5234375,0.4765625,30,16
011,0.478515625,0.521484375,28,14
100,0.486328125,0.513671875,30,16
101,0.482421875,0.517578125,28,14
110,0.46875,0.53125,28,16
111,0.541015625,0.458984375,26,14
