state,p_marked,error,gate_count,depth
000,0.47265625,0.52734375,41,21
001,0.486328125,0.513671875,37,17
010,0.53125,0.46875,37,21
011,0.4921875,0.5078125,33,17
100,0.51953125,0.48046875,37,21
101,0.45703125,0.54296875,33,17
110,0.466796875,0.533203125,33,21
111,0.486328125,0.513671875,29,17
