state,p_marked,error,gate_count,depth
000,0.26171875,0.73828125,58,30
001,0.271484375,0.728515625,54,26
010,0.01953125,0.98046875,54,30
011,0.0390625,0.9609375,50,26
100,0.275390625,0.724609375,54,30
101,0.3046875,0.6953125,50,26
110,0.01171875,0.98828125,50,30
111,0.041015625,0.958984375,46,26
