state,p_marked,error,gate_count,depth
000,0.466796875,0.533203125,32,16
001,0.486328125,0.513671875,30,14
010,0.48828125,0.51171875,30,16
011,0.51171875,0.48828125,28,14
100,0.529296875,0.470703125,30,16
101,0.501953125,0.498046875,28,14
110,0.521484375,0.478515625,28,16
111,0.462890625,0.537109375,26,14
