state,p_marked,error,gate_count,depth
000,0.103515625,0.896484375,68,35
001,0.138671875,0.861328125,62,30
010,0.123046875,0.876953125,62,35
011,0.119140625,0.880859375,56,29
100,0.11328125,0.88671875,62,35
101,0.11328125,0.88671875,56,30
110,0.126953125,0.873046875,56,35
111,0.126953125,0.873046875,50,29
