state,p_marked,error,gate_count,depth
000,0.09375,0.90625,76,39
001,0.099609375,0.900390625,72,35
010,0.109375,0.890625,72,39
011,0.111328125,0.888671875,68,35
100,0.10546875,0.89453125,72,39
101,0.48828125,0.51171875,68,35
110,0.11328125,0.88671875,68,39
111,0.466796875,0.533203125,64,35
