state,p_marked,error,gate_count,depth
000,0.5,0.5,41,21
001,0.5,0.5,37,17
010,0.5078125,0.4921875,37,21
011,0.4609375,0.5390625,33,17
100,0.4921875,0.5078125,37,21
101,0.498046875,0.501953125,33,17
110,0.47265625,0.52734375,33,21
111,0.494140625,0.505859375,29,17
