state,p_marked,error,gate_count,depth
000,0.12890625,0.87109375,27,14
001,0.109375,0.890625,27,14
010,0.142578125,0.857421875,27,14
011,0.126953125,0.873046875,27,14
100,0.119140625,0.880859375,27,14
101,0.1328125,0.8671875,27,14
110,0.111328125,0.888671875,27,14
111,0.123046875,0.876953125,27,14
