state,p_marked,error,gate_count,depth
000,0.482421875,0.517578125,35,18
001,0.478515625,0.521484375,33,16
010,0.474609375,0.525390625,33,18
011,0.49609375,0.50390625,31,16
100,0.142578125,0.857421875,33,18
101,0.494140625,0.505859375,31,16
110,0.146484375,0.853515625,31,18
111,0.498046875,0.501953125,29,16
