state,p_marked,error,gate_count,depth
000,0.12109375,0.87890625,32,15
001,0.119140625,0.880859375,30,13
010,0.119140625,0.880859375,30,15
011,0.1015625,0.8984375,28,13
100,0.150390625,0.849609375,30,15
101,0.10546875,0.89453125,28,13
110,0.111328125,0.888671875,28,15
111,0.123046875,0.876953125,26,13
