state,p_marked,error,gate_count,depth
000,0.09765625,0.90234375,32,15
001,0.15625,0.84375,30,13
010,0.130859375,0.869140625,30,15
011,0.109375,0.890625,28,13
100,0.142578125,0.857421875,30,15
101,0.11328125,0.88671875,28,13
110,0.087890625,0.912109375,28,15
111,0.1328125,0.8671875,26,13
