state,p_marked,error,gate_count,depth
000,0.48046875,0.51953125,32,16
001,0.5,0.5,30,14
010,0.48828125,0.51171875,30,16
011,0.521484375,0.478515625,28,14
100,0.470703125,0.529296875,30,16
101,0.466796875,0.533203125,28,14
110,0.48046875,0.51953125,28,16
111,0.513671875,0.486328125,26,14
