state,p_marked,error,gate_count,depth
000,0.140625,0.859375,41,20
001,0.138671875,0.861328125,37,16
010,0.13671875,0.86328125,37,20
011,0.103515625,0.896484375,33,16
100,0.109375,0.890625,37,20
101,0.11328125,0.88671875,33,16
110,0.13671875,0.86328125,33,20
111,0.10546875,0.89453125,29,16
