state,p_marked,error,gate_count,depth
000,0.10546875,0.89453125,32,15
001,0.126953125,0.873046875,30,13
010,0.11328125,0.88671875,30,15
011,0.12109375,0.87890625,28,13
100,0.12109375,0.87890625,30,15
101,0.12890625,0.87109375,28,13
110,0.12109375,0.87890625,28,15
111,0.109375,0.890625,26,13
