state,p_marked,error,gate_count,depth
000,0.11328125,0.88671875,41,20
001,0.130859375,0.869140625,37,16
010,0.109375,0.890625,37,20
011,0.134765625,0.865234375,33,16
100,0.12109375,0.87890625,37,20
101,0.12109375,0.87890625,33,16
110,0.10546875,0.89453125,33,20
111,0.130859375,0.869140625,29,16
