state,p_marked,error,gate_count,depth
000,0.125,0.875,41,18
001,0.162109375,0.837890625,41,18
010,0.109375,0.890625,41,18
011,0.099609375,0.900390625,41,18
100,0.12890625,0.87109375,41,18
101,0.1171875,0.8828125,41,18
110,0.12109375,0.87890625,41,18
111,0.12890625,0.87109375,41,18
