state,p_marked,error,gate_count,depth
000,0.0,1.0,54,30
001,0.0,1.0,48,24
010,0.12890625,0.87109375,48,30
011,0.119140625,0.880859375,42,24
100,0.0,1.0,48,30
101,0.533203125,0.466796875,42,24
110,0.13671875,0.86328125,42,30
111,0.08984375,0.91015625,36,24
