state,p_marked,error,gate_count,depth
000,0.5,0.5,41,21
001,0.48046875,0.51953125,37,17
010,0.52734375,0.47265625,37,21
011,0.4765625,0.5234375,33,17
100,0.466796875,0.533203125,37,21
101,0.537109375,0.462890625,33,17
110,0.517578125,0.482421875,33,21
111,0.482421875,0.517578125,29,17
