state,p_marked,error,gate_count,depth
000,0.52734375,0.47265625,32,16
001,0.4765625,0.5234375,30,14
010,0.484375,0.515625,30,16
011,0.4921875,0.5078125,28,14
100,0.544921875,0.455078125,30,16
101,0.51953125,0.48046875,28,14
110,0.474609375,0.525390625,28,16
111,0.515625,0.484375,26,14
