state,p_marked,error,gate_count,depth
000,0.25,0.75,41,19
001,0.255859375,0.744140625,41,19
010,0.2265625,0.7734375,41,19
011,0.267578125,0.732421875,41,19
100,0.0,1.0,41,19
101,0.0,1.0,41,19
110,0.0,1.0,41,19
111,0.0,1.0,41,19
