state,p_marked,error,gate_count,depth
000,0.1171875,0.8828125,24,12
001,0.099609375,0.900390625,20,8
010,0.14453125,0.85546875,20,12
011,0.107421875,0.892578125,16,8
100,0.1171875,0.8828125,20,12
101,0.11328125,0.88671875,16,8
110,0.107421875,0.892578125,16,12
111,0.103515625,0.896484375,12,8
