state,p_marked,error,gate_count,depth
000,0.12109375,0.87890625,69,36
001,0.125,0.875,63,31
010,0.12109375,0.87890625,63,36
011,0.12109375,0.87890625,57,30
100,0.134765625,0.865234375,63,36
101,0.13671875,0.86328125,57,31
110,0.119140625,0.880859375,57,36
111,0.1171875,0.8828125,51,30
