state,p_marked,error,gate_count,depth
000,0.154296875,0.845703125,49,24
001,0.130859375,0.869140625,47,22
010,0.12109375,0.87890625,47,24
011,0.138671875,0.861328125,45,22
100,0.1484375,0.8515625,47,24
101,0.14453125,0.85546875,45,22
110,0.12109375,0.87890625,45,24
111,0.130859375,0.869140625,43,22
