state,p_marked,error,gate_count,depth
000,0.13671875,0.86328125,15,7
001,0.138671875,0.861328125,13,5
010,0.12109375,0.87890625,13,7
011,0.130859375,0.869140625,11,5
100,0.13671875,0.86328125,13,7
101,0.130859375,0.869140625,11,5
110,0.140625,0.859375,11,7
111,0.126953125,0.873046875,9,5
