state,p_marked,error,gate_count,depth
000,0.00390625,0.99609375,103,52
001,0.29296875,0.70703125,97,46
010,0.1875,0.8125,97,52
011,0.0078125,0.9921875,91,46
100,0.1484375,0.8515625,97,52
101,0.09765625,0.90234375,91,46
110,0.037109375,0.962890625,91,52
111,0.10546875,0.89453125,85,46
