state,p_marked,error,gate_count,depth
000,0.146484375,0.853515625,61,32
001,0.12109375,0.87890625,57,28
010,0.111328125,0.888671875,57,32
011,0.138671875,0.861328125,53,28
100,0.15234375,0.84765625,57,32
101,0.12890625,0.87109375,53,28
110,0.140625,0.859375,53,32
111,0.126953125,0.873046875,49,28
