state,p_marked,error,gate_count,depth
000,0.12109375,0.87890625,24,12
001,0.14453125,0.85546875,20,8
010,0.125,0.875,20,12
011,0.126953125,0.873046875,16,8
100,0.169921875,0.830078125,20,12
101,0.1328125,0.8671875,16,8
110,0.14453125,0.85546875,16,12
111,0.119140625,0.880859375,12,8
