state,p_marked,error,gate_count,depth
000,0.22265625,0.77734375,120,66
001,0.0,1.0,114,60
010,0.35546875,0.64453125,114,66
011,0.0,1.0,108,60
100,0.0,1.0,114,66
101,0.005859375,0.994140625,108,60
110,0.21875,0.78125,108,66
111,0.21484375,0.78515625,102,60
