state,p_marked,error,gate_count,depth
000,0.119140625,0.880859375,55,27
001,0.099609375,0.900390625,53,25
010,0.126953125,0.873046875,53,27
011,0.1171875,0.8828125,51,25
100,0.123046875,0.876953125,53,27
101,0.138671875,0.861328125,51,25
110,0.15234375,0.84765625,51,27
111,0.10546875,0.89453125,49,25
