state,p_marked,error,gate_count,depth
000,0.453125,0.546875,41,21
001,0.5,0.5,37,17
010,0.53515625,0.46484375,37,21
011,0.52734375,0.47265625,33,17
100,0.525390625,0.474609375,37,21
101,0.46484375,0.53515625,33,17
110,0.513671875,0.486328125,33,21
111,0.50390625,0.49609375,29,17
