state,p_marked,error,gate_count,depth
000,0.169921875,0.830078125,76,49
001,0.05078125,0.94921875,74,47
010,0.10546875,0.89453125,74,49
011,0.244140625,0.755859375,72,47
100,0.107421875,0.892578125,74,49
101,0.3671875,0.6328125,72,47
110,0.095703125,0.904296875,72,49
111,0.322265625,0.677734375,70,47
