state,p_marked,error,gate_count,depth
000,0.017578125,0.982421875,59,30
001,0.01953125,0.98046875,51,22
010,0.009765625,0.990234375,51,30
011,0.013671875,0.986328125,43,22
100,0.021484375,0.978515625,51,30
101,0.01953125,0.98046875,43,22
110,0.0078125,0.9921875,43,30
111,0.013671875,0.986328125,35,22
