state,p_marked,error,gate_count,depth
000,0.140625,0.859375,42,22
001,0.134765625,0.865234375,34,14
010,0.125,0.875,34,22
011,0.123046875,0.876953125,26,14
100,0.119140625,0.880859375,34,22
101,0.119140625,0.880859375,26,14
110,0.125,0.875,26,22
111,0.1328125,0.8671875,18,14
