state,p_marked,error,gate_count,depth
000,0.12890625,0.87109375,15,7
001,0.12109375,0.87890625,13,5
010,0.111328125,0.888671875,13,7
011,0.125,0.875,11,5
100,0.1328125,0.8671875,13,7
101,0.138671875,0.861328125,11,5
110,0.125,0.875,11,7
111,0.130859375,0.869140625,9,5
