state,p_marked,error,gate_count,depth
000,0.029296875,0.970703125,58,30
001,0.01171875,0.98828125,54,26
010,0.037109375,0.962890625,54,30
011,0.033203125,0.966796875,50,26
100,0.033203125,0.966796875,54,30
101,0.28515625,0.71484375,50,26
110,0.287109375,0.712890625,50,30
111,0.0390625,0.9609375,46,26
