state,p_marked,error,gate_count,depth
000,0.1328125,0.8671875,42,21
001,0.111328125,0.888671875,38,17
010,0.107421875,0.892578125,38,21
011,0.138671875,0.861328125,34,17
100,0.134765625,0.865234375,38,21
101,0.146484375,0.853515625,34,17
110,0.12890625,0.87109375,34,21
111,0.142578125,0.857421875,30,17
