state,p_marked,error,gate_count,depth
000,0.140625,0.859375,33,16
001,0.123046875,0.876953125,31,14
010,0.119140625,0.880859375,31,16
011,0.1171875,0.8828125,29,14
100,0.12890625,0.87109375,31,16
101,0.130859375,0.869140625,29,14
110,0.12109375,0.87890625,29,16
111,0.111328125,0.888671875,27,14
