state,p_marked,error,gate_count,depth
000,0.041015625,0.958984375,53,28
001,0.142578125,0.857421875,51,26
010,0.04296875,0.95703125,51,28
011,0.166015625,0.833984375,49,26
100,0.029296875,0.970703125,51,28
101,0.029296875,0.970703125,49,26
110,0.021484375,0.978515625,49,28
111,0.01953125,0.98046875,47,26
