state,p_marked,error,gate_count,depth
000,0.51171875,0.48828125,41,21
001,0.462890625,0.537109375,37,17
010,0.466796875,0.533203125,37,21
011,0.541015625,0.458984375,33,17
100,0.490234375,0.509765625,37,21
101,0.552734375,0.447265625,33,17
110,0.47265625,0.52734375,33,21
111,0.517578125,0.482421875,29,17
