state,p_marked,error,gate_count,depth
000,0.494140625,0.505859375,41,21
001,0.5078125,0.4921875,37,17
010,0.541015625,0.458984375,37,21
011,0.54296875,0.45703125,33,17
100,0.5078125,0.4921875,37,21
101,0.490234375,0.509765625,33,17
110,0.44921875,0.55078125,33,21
111,0.501953125,0.498046875,29,17
