state,p_marked,error,gate_count,depth
000,0.0,1.0,59,31
001,0.0,1.0,51,23
010,0.0,1.0,51,31
011,0.0,1.0,43,23
100,0.0,1.0,51,31
101,0.166015625,0.833984375,43,23
110,0.0,1.0,43,31
111,0.107421875,0.892578125,35,23
