state,p_marked,error,gate_count,depth
000,0.2421875,0.7578125,43,23
001,0.037109375,0.962890625,39,19
010,0.232421875,0.767578125,39,23
011,0.05078125,0.94921875,35,19
100,0.03125,0.96875,39,23
101,0.21484375,0.78515625,35,19
110,0.033203125,0.966796875,35,23
111,0.240234375,0.759765625,31,19
