state,p_marked,error,gate_count,depth
000,0.16796875,0.83203125,42,22
001,0.1171875,0.8828125,34,14
010,0.130859375,0.869140625,34,22
011,0.134765625,0.865234375,26,14
100,0.1640625,0.8359375,34,22
101,0.107421875,0.892578125,26,14
110,0.119140625,0.880859375,26,22
111,0.1328125,0.8671875,18,14
