state,p_marked,error,gate_count,depth
000,0.529296875,0.470703125,32,16
001,0.505859375,0.494140625,30,14
010,0.515625,0.484375,30,16
011,0.501953125,0.498046875,28,14
100,0.5234375,0.4765625,30,16
101,0.5390625,0.4609375,28,14
110,0.501953125,0.498046875,28,16
111,0.50390625,0.49609375,26,14
