state,p_marked,error,gate_count,depth
000,0.4765625,0.5234375,42,22
001,0.486328125,0.513671875,38,18
010,0.490234375,0.509765625,38,22
011,0.134765625,0.865234375,34,18
100,0.48046875,0.51953125,38,22
101,0.560546875,0.439453125,34,18
110,0.125,0.875,34,22
111,0.4921875,0.5078125,30,18
