state,p_marked,error,gate_count,depth
000,0.169921875,0.830078125,50,26
001,0.142578125,0.857421875,48,24
010,0.126953125,0.873046875,48,26
011,0.125,0.875,46,24
100,0.119140625,0.880859375,48,26
101,0.0859375,0.9140625,46,24
110,0.1015625,0.8984375,46,26
111,0.130859375,0.869140625,44,24
