state,p_marked,error,gate_count,depth
000,0.501953125,0.498046875,41,21
001,0.46484375,0.53515625,37,17
010,0.470703125,0.529296875,37,21
011,0.525390625,0.474609375,33,17
100,0.470703125,0.529296875,37,21
101,0.521484375,0.478515625,33,17
110,0.51953125,0.48046875,33,21
111,0.494140625,0.505859375,29,17
