state,p_marked,error,gate_count,depth
000,0.033203125,0.966796875,36,19
001,0.05078125,0.94921875,36,19
010,0.189453125,0.810546875,36,19
011,0.541015625,0.458984375,36,19
100,0.052734375,0.947265625,36,19
101,0.0234375,0.9765625,36,19
110,0.052734375,0.947265625,36,19
111,0.029296875,0.970703125,36,19
