state,p_marked,error,gate_count,depth
000,0.1015625,0.8984375,24,10
001,0.1015625,0.8984375,24,10
010,0.126953125,0.873046875,24,10
011,0.140625,0.859375,24,10
100,0.126953125,0.873046875,24,10
101,0.1171875,0.8828125,24,10
110,0.12890625,0.87109375,24,10
111,0.140625,0.859375,24,10
