state,p_marked,error,gate_count,depth
000,0.12890625,0.87109375,32,15
001,0.134765625,0.865234375,30,13
010,0.134765625,0.865234375,30,15
011,0.138671875,0.861328125,28,13
100,0.126953125,0.873046875,30,15
101,0.1015625,0.8984375,28,13
110,0.107421875,0.892578125,28,15
111,0.1171875,0.8828125,26,13
