state,p_marked,error,gate_count,depth
000,0.533203125,0.466796875,41,21
001,0.48046875,0.51953125,37,17
010,0.513671875,0.486328125,37,21
011,0.505859375,0.494140625,33,17
100,0.515625,0.484375,37,21
101,0.5078125,0.4921875,33,17
110,0.5390625,0.4609375,33,21
111,0.4609375,0.5390625,29,17
