state,p_marked,error,gate_count,depth
000,0.11328125,0.88671875,33,17
001,0.1171875,0.8828125,27,11
010,0.126953125,0.873046875,27,17
011,0.12890625,0.87109375,21,11
100,0.109375,0.890625,27,17
101,0.126953125,0.873046875,21,11
110,0.14453125,0.85546875,21,17
111,0.126953125,0.873046875,15,11
