state,p_marked,error,gate_count,depth
000,0.12890625,0.87109375,42,22
001,0.140625,0.859375,34,14
010,0.13671875,0.86328125,34,22
011,0.1015625,0.8984375,26,14
100,0.09375,0.90625,34,22
101,0.109375,0.890625,26,14
110,0.119140625,0.880859375,26,22
111,0.11328125,0.88671875,18,14
