state,p_marked,error,gate_count,depth
000,0.513671875,0.486328125,42,22
001,0.513671875,0.486328125,38,18
010,0.458984375,0.541015625,38,22
011,0.49609375,0.50390625,34,18
100,0.5234375,0.4765625,38,22
101,0.51953125,0.48046875,34,18
110,0.48828125,0.51171875,34,22
111,0.470703125,0.529296875,30,18
