state,p_marked,error,gate_count,depth
000,0.138671875,0.861328125,46,24
001,0.125,0.875,42,20
010,0.134765625,0.865234375,42,24
011,0.125,0.875,38,20
100,0.115234375,0.884765625,42,24
101,0.12109375,0.87890625,38,20
110,0.1328125,0.8671875,38,24
111,0.154296875,0.845703125,34,20
