state,p_marked,error,gate_count,depth
000,0.1328125,0.8671875,44,23
001,0.125,0.875,40,19
010,0.126953125,0.873046875,40,23
011,0.13671875,0.86328125,36,19
100,0.125,0.875,40,23
101,0.142578125,0.857421875,36,19
110,0.12109375,0.87890625,36,23
111,0.14453125,0.85546875,32,19
