state,p_marked,error,gate_count,depth
000,0.154296875,0.845703125,50,25
001,0.1328125,0.8671875,48,23
010,0.1328125,0.8671875,48,25
011,0.12109375,0.87890625,46,23
100,0.111328125,0.888671875,48,25
101,0.150390625,0.849609375,46,23
110,0.119140625,0.880859375,46,25
111,0.12890625,0.87109375,44,23
