state,p_marked,error,gate_count,depth
000,0.505859375,0.494140625,33,17
001,0.466796875,0.533203125,31,15
010,0.501953125,0.498046875,31,17
011,0.498046875,0.501953125,29,15
100,0.484375,0.515625,31,17
101,0.45703125,0.54296875,29,15
110,0.517578125,0.482421875,29,17
111,0.48828125,0.51171875,27,15
