state,p_marked,error,gate_count,depth
000,0.029296875,0.970703125,32,15
001,0.06640625,0.93359375,30,13
010,0.05859375,0.94140625,30,15
011,0.044921875,0.955078125,28,13
100,0.0625,0.9375,30,15
101,0.064453125,0.935546875,28,13
110,0.05078125,0.94921875,28,15
111,0.072265625,0.927734375,26,13
