state,p_marked,error,gate_count,depth
000,0.134765625,0.865234375,41,19
001,0.140625,0.859375,41,19
010,0.111328125,0.888671875,41,19
011,0.103515625,0.896484375,41,19
100,0.119140625,0.880859375,41,19
101,0.119140625,0.880859375,41,19
110,0.115234375,0.884765625,41,19
111,0.126953125,0.873046875,41,19
