state,p_marked,error,gate_count,depth
000,0.517578125,0.482421875,50,26
001,0.478515625,0.521484375,44,20
010,0.462890625,0.537109375,44,26
011,0.544921875,0.455078125,38,20
100,0.490234375,0.509765625,44,26
101,0.494140625,0.505859375,38,20
110,0.54296875,0.45703125,38,26
111,0.515625,0.484375,32,20
