state,p_marked,error,gate_count,depth
000,0.0859375,0.9140625,134,96
001,0.052734375,0.947265625,130,92
010,0.0859375,0.9140625,130,96
011,0.1328125,0.8671875,126,92
100,0.0390625,0.9609375,130,96
101,0.16796875,0.83203125,126,92
110,0.080078125,0.919921875,126,96
111,0.26953125,0.73046875,122,92
