state,p_marked,error,gate_count,depth
000,0.0,1.0,37,19
001,0.119140625,0.880859375,35,17
010,0.138671875,0.861328125,35,19
011,0.0,1.0,33,17
100,0.0,1.0,35,19
101,0.1015625,0.8984375,33,17
110,0.125,0.875,33,19
111,0.0,1.0,31,17
