state,p_marked,error,gate_count,depth
000,0.125,0.875,32,15
001,0.107421875,0.892578125,30,13
010,0.1328125,0.8671875,30,15
011,0.123046875,0.876953125,28,13
100,0.09765625,0.90234375,30,15
101,0.15625,0.84375,28,13
110,0.111328125,0.888671875,28,15
111,0.140625,0.859375,26,13
