state,p_marked,error,gate_count,depth
000,0.005859375,0.994140625,40,20
001,0.005859375,0.994140625,38,18
010,0.0,1.0,38,20
011,0.0,1.0,36,18
100,0.0,1.0,38,20
101,0.11328125,0.88671875,36,18
110,0.12890625,0.87109375,36,20
111,0.494140625,0.505859375,34,18
