state,p_marked,error,gate_count,depth
000,0.453125,0.546875,41,21
001,0.505859375,0.494140625,37,17
010,0.4765625,0.5234375,37,21
011,0.498046875,0.501953125,33,17
100,0.44921875,0.55078125,37,21
101,0.515625,0.484375,33,17
110,0.484375,0.515625,33,21
111,0.513671875,0.486328125,29,17
