state,p_marked,error,gate_count,depth
000,0.20703125,0.79296875,41,21
001,0.208984375,0.791015625,37,17
010,0.18359375,0.81640625,37,21
011,0.19921875,0.80078125,33,17
100,0.16796875,0.83203125,37,21
101,0.1953125,0.8046875,33,17
110,0.1640625,0.8359375,33,21
111,0.1875,0.8125,29,17
