state,p_marked,error,gate_count,depth
000,0.134765625,0.865234375,58,29
001,0.138671875,0.861328125,54,25
010,0.13671875,0.86328125,54,29
011,0.130859375,0.869140625,50,25
100,0.1171875,0.8828125,54,29
101,0.14453125,0.85546875,50,25
110,0.1171875,0.8828125,50,29
111,0.123046875,0.876953125,46,25
