state,p_marked,error,gate_count,depth
000,0.107421875,0.892578125,32,15
001,0.087890625,0.912109375,30,13
010,0.12109375,0.87890625,30,15
011,0.142578125,0.857421875,28,13
100,0.13671875,0.86328125,30,15
101,0.09765625,0.90234375,28,13
110,0.154296875,0.845703125,28,15
111,0.126953125,0.873046875,26,13
