state,p_marked,error,gate_count,depth
000,0.146484375,0.853515625,24,12
001,0.126953125,0.873046875,20,8
010,0.138671875,0.861328125,20,12
011,0.14453125,0.85546875,16,8
100,0.1171875,0.8828125,20,12
101,0.142578125,0.857421875,16,8
110,0.12890625,0.87109375,16,12
111,0.12890625,0.87109375,12,8
