state,p_marked,error,gate_count,depth
000,0.099609375,0.900390625,24,12
001,0.134765625,0.865234375,20,8
010,0.142578125,0.857421875,20,12
011,0.140625,0.859375,16,8
100,0.119140625,0.880859375,20,12
101,0.119140625,0.880859375,16,8
110,0.115234375,0.884765625,16,12
111,0.142578125,0.857421875,12,8
