state,p_marked,error,gate_count,depth
000,0.265625,0.734375,32,16
001,0.2734375,0.7265625,30,14
010,0.248046875,0.751953125,30,16
011,0.275390625,0.724609375,28,14
100,0.23828125,0.76171875,30,16
101,0.19921875,0.80078125,28,14
110,0.283203125,0.716796875,28,16
111,0.24609375,0.75390625,26,14
