state,p_marked,error,gate_count,depth
000,0.10546875,0.89453125,59,29
001,0.1171875,0.8828125,55,25
010,0.107421875,0.892578125,55,29
011,0.111328125,0.888671875,51,25
100,0.140625,0.859375,55,29
101,0.1328125,0.8671875,51,25
110,0.111328125,0.888671875,51,29
111,0.123046875,0.876953125,47,25
