state,p_marked,error,gate_count,depth
000,0.0390625,0.9609375,60,32
001,0.0390625,0.9609375,56,28
010,0.041015625,0.958984375,56,32
011,0.041015625,0.958984375,52,28
100,0.193359375,0.806640625,56,32
101,0.205078125,0.794921875,52,28
110,0.21875,0.78125,52,32
111,0.224609375,0.775390625,48,28
