state,p_marked,error,gate_count,depth
000,0.466796875,0.533203125,32,16
001,0.49609375,0.50390625,30,14
010,0.5,0.5,30,16
011,0.552734375,0.447265625,28,14
100,0.4921875,0.5078125,30,16
101,0.451171875,0.548828125,28,14
110,0.517578125,0.482421875,28,16
111,0.505859375,0.494140625,26,14
