state,p_marked,error,gate_count,depth
000,0.119140625,0.880859375,24,12
001,0.1171875,0.8828125,20,8
010,0.1328125,0.8671875,20,12
011,0.1015625,0.8984375,16,8
100,0.126953125,0.873046875,20,12
101,0.150390625,0.849609375,16,8
110,0.1484375,0.8515625,16,12
111,0.11328125,0.88671875,12,8
