state,p_marked,error,gate_count,depth
000,0.546875,0.453125,41,21
001,0.46484375,0.53515625,37,17
010,0.484375,0.515625,37,21
011,0.5234375,0.4765625,33,17
100,0.4921875,0.5078125,37,21
101,0.49609375,0.50390625,33,17
110,0.529296875,0.470703125,33,21
111,0.5078125,0.4921875,29,17
