state,p_marked,error,gate_count,depth
000,0.490234375,0.509765625,50,26
001,0.5,0.5,44,20
010,0.501953125,0.498046875,44,26
011,0.505859375,0.494140625,38,20
100,0.501953125,0.498046875,44,26
101,0.46875,0.53125,38,20
110,0.5078125,0.4921875,38,26
111,0.505859375,0.494140625,32,20
