state,p_marked,error,gate_count,depth
000,0.06640625,0.93359375,32,15
001,0.07421875,0.92578125,30,13
010,0.05078125,0.94921875,30,15
011,0.080078125,0.919921875,28,13
100,0.076171875,0.923828125,30,15
101,0.078125,0.921875,28,13
110,0.0859375,0.9140625,28,15
111,0.0703125,0.9296875,26,13
