state,p_marked,error,gate_count,depth
000,0.0,1.0,51,26
001,0.0,1.0,45,21
010,0.0,1.0,45,26
011,0.0,1.0,39,20
100,0.0,1.0,45,26
101,0.0,1.0,39,21
110,0.4765625,0.5234375,39,26
111,0.462890625,0.537109375,33,20
