state,p_marked,error,gate_count,depth
000,0.109375,0.890625,50,25
001,0.123046875,0.876953125,44,19
010,0.1171875,0.8828125,44,25
011,0.138671875,0.861328125,38,19
100,0.142578125,0.857421875,44,25
101,0.10546875,0.89453125,38,19
110,0.11328125,0.88671875,38,25
111,0.126953125,0.873046875,32,19
