state,p_marked,error,gate_count,depth
000,0.146484375,0.853515625,15,7
001,0.15625,0.84375,13,5
010,0.130859375,0.869140625,13,7
011,0.12109375,0.87890625,11,5
100,0.11328125,0.88671875,13,7
101,0.1171875,0.8828125,11,5
110,0.11328125,0.88671875,11,7
111,0.107421875,0.892578125,9,5
