state,p_marked,error,gate_count,depth
000,0.126953125,0.873046875,51,27
001,0.140625,0.859375,49,25
010,0.1171875,0.8828125,49,27
011,0.130859375,0.869140625,47,25
100,0.10546875,0.89453125,49,27
101,0.13671875,0.86328125,47,25
110,0.125,0.875,47,27
111,0.150390625,0.849609375,45,25
