state,p_marked,error,gate_count,depth
000,0.146484375,0.853515625,15,7
001,0.12890625,0.87109375,13,5
010,0.126953125,0.873046875,13,7
011,0.13671875,0.86328125,11,5
100,0.1171875,0.8828125,13,7
101,0.1171875,0.8828125,11,5
110,0.134765625,0.865234375,11,7
111,0.140625,0.859375,9,5
