state,p_marked,error,gate_count,depth
000,0.591796875,0.408203125,101,56
001,0.078125,0.921875,91,46
010,0.078125,0.921875,91,56
011,0.27734375,0.72265625,81,46
100,0.001953125,0.998046875,91,56
101,0.044921875,0.955078125,81,46
110,0.01171875,0.98828125,81,56
111,0.1328125,0.8671875,71,46
