state,p_marked,error,gate_count,depth
000,0.216796875,0.783203125,31,17
001,0.259765625,0.740234375,31,17
010,0.25390625,0.74609375,31,17
011,0.2734375,0.7265625,31,17
100,0.0,1.0,31,17
101,0.0,1.0,31,17
110,0.0,1.0,31,17
111,0.0,1.0,31,17
