state,p_marked,error,gate_count,depth
000,0.296875,0.703125,56,30
001,0.291015625,0.708984375,54,28
010,0.25,0.75,54,30
011,0.275390625,0.724609375,52,28
100,0.03515625,0.96484375,54,30
101,0.0234375,0.9765625,52,28
110,0.0234375,0.9765625,52,30
111,0.275390625,0.724609375,50,28
