state,p_marked,error,gate_count,depth
000,0.138671875,0.861328125,55,28
001,0.1328125,0.8671875,53,26
010,0.123046875,0.876953125,53,28
011,0.123046875,0.876953125,51,26
100,0.109375,0.890625,53,28
101,0.126953125,0.873046875,51,26
110,0.115234375,0.884765625,51,28
111,0.142578125,0.857421875,49,26
