state,p_marked,error,gate_count,depth
000,0.52734375,0.47265625,32,16
001,0.5078125,0.4921875,30,14
010,0.48828125,0.51171875,30,16
011,0.525390625,0.474609375,28,14
100,0.47265625,0.52734375,30,16
101,0.53125,0.46875,28,14
110,0.49609375,0.50390625,28,16
111,0.537109375,0.462890625,26,14
