state,p_marked,error,gate_count,depth
000,0.119140625,0.880859375,32,15
001,0.126953125,0.873046875,30,13
010,0.119140625,0.880859375,30,15
011,0.10546875,0.89453125,28,13
100,0.123046875,0.876953125,30,15
101,0.107421875,0.892578125,28,13
110,0.1171875,0.8828125,28,15
111,0.125,0.875,26,13
