state,p_marked,error,gate_count,depth
000,0.125,0.875,41,20
001,0.115234375,0.884765625,37,16
010,0.119140625,0.880859375,37,20
011,0.158203125,0.841796875,33,16
100,0.14453125,0.85546875,37,20
101,0.1015625,0.8984375,33,16
110,0.138671875,0.861328125,33,20
111,0.1015625,0.8984375,29,16
