state,p_marked,error,gate_count,depth
000,0.158203125,0.841796875,58,29
001,0.130859375,0.869140625,54,25
010,0.11328125,0.88671875,54,29
011,0.111328125,0.888671875,50,25
100,0.12109375,0.87890625,54,29
101,0.12109375,0.87890625,50,25
110,0.140625,0.859375,50,29
111,0.1484375,0.8515625,46,25
