state,p_marked,error,gate_count,depth
000,0.515625,0.484375,41,21
001,0.53515625,0.46484375,37,17
010,0.529296875,0.470703125,37,21
011,0.546875,0.453125,33,17
100,0.546875,0.453125,37,21
101,0.5,0.5,33,17
110,0.48046875,0.51953125,33,21
111,0.50390625,0.49609375,29,17
