state,p_marked,error,gate_count,depth
000,0.111328125,0.888671875,26,13
001,0.134765625,0.865234375,26,13
010,0.13671875,0.86328125,26,13
011,0.111328125,0.888671875,26,13
100,0.111328125,0.888671875,26,13
101,0.12109375,0.87890625,26,13
110,0.109375,0.890625,26,13
111,0.130859375,0.869140625,26,13
