state,p_marked,error,gate_count,depth
000,0.251953125,0.748046875,23,10
001,0.24609375,0.75390625,23,10
010,0.296875,0.703125,23,10
011,0.255859375,0.744140625,23,10
100,0.0,1.0,23,10
101,0.0,1.0,23,10
110,0.0,1.0,23,10
111,0.0,1.0,23,10
