state,p_marked,error,gate_count,depth
000,0.513671875,0.486328125,42,22
001,0.533203125,0.466796875,38,18
010,0.52734375,0.47265625,38,22
011,0.125,0.875,34,18
100,0.51953125,0.48046875,38,22
101,0.541015625,0.458984375,34,18
110,0.494140625,0.505859375,34,22
111,0.1171875,0.8828125,30,18
