state,p_marked,error,gate_count,depth
000,0.109375,0.890625,49,25
001,0.115234375,0.884765625,47,23
010,0.109375,0.890625,47,25
011,0.1328125,0.8671875,45,23
100,0.107421875,0.892578125,47,25
101,0.103515625,0.896484375,45,23
110,0.111328125,0.888671875,45,25
111,0.111328125,0.888671875,43,23
