state,p_marked,error,gate_count,depth
000,0.12890625,0.87109375,24,12
001,0.125,0.875,20,8
010,0.12890625,0.87109375,20,12
011,0.154296875,0.845703125,16,8
100,0.09765625,0.90234375,20,12
101,0.12890625,0.87109375,16,8
110,0.140625,0.859375,16,12
111,0.107421875,0.892578125,12,8
