state,p_marked,error,gate_count,depth
000,0.474609375,0.525390625,41,21
001,0.51953125,0.48046875,37,17
010,0.517578125,0.482421875,37,21
011,0.529296875,0.470703125,33,17
100,0.513671875,0.486328125,37,21
101,0.533203125,0.466796875,33,17
110,0.55859375,0.44140625,33,21
111,0.529296875,0.470703125,29,17
