state,p_marked,error,gate_count,depth
000,0.494140625,0.505859375,67,34
001,0.51171875,0.48828125,61,28
010,0.498046875,0.501953125,61,34
011,0.4921875,0.5078125,55,28
100,0.484375,0.515625,61,34
101,0.458984375,0.541015625,55,28
110,0.486328125,0.513671875,55,34
111,0.517578125,0.482421875,49,28
