state,p_marked,error,gate_count,depth
000,0.154296875,0.845703125,80,48
001,0.3828125,0.6171875,74,42
010,0.0390625,0.9609375,74,48
011,0.025390625,0.974609375,68,42
100,0.1484375,0.8515625,74,48
101,0.03515625,0.96484375,68,42
110,0.173828125,0.826171875,68,48
111,0.017578125,0.982421875,62,42
