state,p_marked,error,gate_count,depth
000,0.0,1.0,43,22
001,0.0,1.0,39,18
010,0.0,1.0,39,22
011,0.0,1.0,35,18
100,0.0,1.0,39,22
101,0.125,0.875,35,18
110,0.0,1.0,35,22
111,0.0859375,0.9140625,31,18
