state,p_marked,error,gate_count,depth
000,0.125,0.875,41,20
001,0.140625,0.859375,37,16
010,0.123046875,0.876953125,37,20
011,0.140625,0.859375,33,16
100,0.12890625,0.87109375,37,20
101,0.103515625,0.896484375,33,16
110,0.091796875,0.908203125,33,20
111,0.107421875,0.892578125,29,16
