state,p_marked,error,gate_count,depth
000,0.115234375,0.884765625,41,20
001,0.140625,0.859375,41,20
010,0.130859375,0.869140625,41,20
011,0.12109375,0.87890625,41,20
100,0.111328125,0.888671875,41,20
101,0.12109375,0.87890625,41,20
110,0.09375,0.90625,41,20
111,0.134765625,0.865234375,41,20
