state,p_marked,error,gate_count,depth
000,0.083984375,0.916015625,41,21
001,0.056640625,0.943359375,37,17
010,0.064453125,0.935546875,37,21
011,0.0625,0.9375,33,17
100,0.05078125,0.94921875,37,21
101,0.041015625,0.958984375,33,17
110,0.0546875,0.9453125,33,21
111,0.064453125,0.935546875,29,17
