state,p_marked,error,gate_count,depth
000,0.240234375,0.759765625,41,21
001,0.2734375,0.7265625,37,17
010,0.24609375,0.75390625,37,21
011,0.26953125,0.73046875,33,17
100,0.23828125,0.76171875,37,21
101,0.25,0.75,33,17
110,0.259765625,0.740234375,33,21
111,0.248046875,0.751953125,29,17
