state,p_marked,error,gate_count,depth
000,0.13671875,0.86328125,43,22
001,0.09765625,0.90234375,39,18
010,0.11328125,0.88671875,39,22
011,0.1328125,0.8671875,35,18
100,0.12109375,0.87890625,39,22
101,0.123046875,0.876953125,35,18
110,0.12890625,0.87109375,35,22
111,0.1171875,0.8828125,31,18
