state,p_marked,error,gate_count,depth
000,0.142578125,0.857421875,63,32
001,0.123046875,0.876953125,59,29
010,0.111328125,0.888671875,59,32
011,0.11328125,0.88671875,55,29
100,0.126953125,0.873046875,59,32
101,0.142578125,0.857421875,55,29
110,0.09765625,0.90234375,55,32
111,0.1015625,0.8984375,51,28
