state,p_marked,error,gate_count,depth
000,0.107421875,0.892578125,41,21
001,0.091796875,0.908203125,37,17
010,0.126953125,0.873046875,37,21
011,0.140625,0.859375,33,17
100,0.12109375,0.87890625,37,21
101,0.13671875,0.86328125,33,17
110,0.16015625,0.83984375,33,21
111,0.1171875,0.8828125,29,17
