state,p_marked,error,gate_count,depth
000,0.119140625,0.880859375,33,17
001,0.142578125,0.857421875,27,11
010,0.111328125,0.888671875,27,17
011,0.107421875,0.892578125,21,11
100,0.146484375,0.853515625,27,17
101,0.134765625,0.865234375,21,11
110,0.146484375,0.853515625,21,17
111,0.095703125,0.904296875,15,11
