state,p_marked,error,gate_count,depth
000,0.482421875,0.517578125,41,21
001,0.51171875,0.48828125,37,17
010,0.5703125,0.4296875,37,21
011,0.474609375,0.525390625,33,17
100,0.525390625,0.474609375,37,21
101,0.482421875,0.517578125,33,17
110,0.515625,0.484375,33,21
111,0.51171875,0.48828125,29,17
