state,p_marked,error,gate_count,depth
000,0.13671875,0.86328125,33,17
001,0.119140625,0.880859375,27,11
010,0.142578125,0.857421875,27,17
011,0.125,0.875,21,11
100,0.130859375,0.869140625,27,17
101,0.115234375,0.884765625,21,11
110,0.134765625,0.865234375,21,17
111,0.1328125,0.8671875,15,11
