state,p_marked,error,gate_count,depth
000,0.236328125,0.763671875,32,16
001,0.21484375,0.78515625,30,14
010,0.2421875,0.7578125,30,16
011,0.25,0.75,28,14
100,0.2734375,0.7265625,30,16
101,0.248046875,0.751953125,28,14
110,0.2734375,0.7265625,28,16
111,0.2734375,0.7265625,26,14
