state,p_marked,error,gate_count,depth
000,0.126953125,0.873046875,50,25
001,0.125,0.875,44,19
010,0.13671875,0.86328125,44,25
011,0.123046875,0.876953125,38,19
100,0.130859375,0.869140625,44,25
101,0.103515625,0.896484375,38,19
110,0.130859375,0.869140625,38,25
111,0.13671875,0.86328125,32,19
