state,p_marked,error,gate_count,depth
000,0.4765625,0.5234375,50,26
001,0.478515625,0.521484375,44,20
010,0.50390625,0.49609375,44,26
011,0.517578125,0.482421875,38,20
100,0.482421875,0.517578125,44,26
101,0.498046875,0.501953125,38,20
110,0.544921875,0.455078125,38,26
111,0.47265625,0.52734375,32,20
