state,p_marked,error,gate_count,depth
000,0.130859375,0.869140625,41,20
001,0.125,0.875,37,16
010,0.130859375,0.869140625,37,20
011,0.111328125,0.888671875,33,16
100,0.126953125,0.873046875,37,20
101,0.123046875,0.876953125,33,16
110,0.115234375,0.884765625,33,20
111,0.150390625,0.849609375,29,16
