state,p_marked,error,gate_count,depth
000,0.05078125,0.94921875,63,44
001,0.34375,0.65625,63,44
010,0.08984375,0.91015625,63,44
011,0.15234375,0.84765625,63,44
100,0.2578125,0.7421875,63,44
101,0.015625,0.984375,63,44
110,0.03515625,0.96484375,63,44
111,0.041015625,0.958984375,63,44
