state,p_marked,error,gate_count,depth
000,0.5,0.5,50,26
001,0.50390625,0.49609375,44,20
010,0.451171875,0.548828125,44,26
011,0.537109375,0.462890625,38,20
100,0.525390625,0.474609375,44,26
101,0.45703125,0.54296875,38,20
110,0.49609375,0.50390625,38,26
111,0.48828125,0.51171875,32,20
