state,p_marked,error,gate_count,depth
000,0.130859375,0.869140625,54,27
001,0.158203125,0.841796875,52,25
010,0.1171875,0.8828125,52,27
011,0.126953125,0.873046875,50,25
100,0.107421875,0.892578125,52,27
101,0.11328125,0.88671875,50,25
110,0.138671875,0.861328125,50,27
111,0.12890625,0.87109375,48,25
