state,p_marked,error,gate_count,depth
000,0.513671875,0.486328125,52,27
001,0.12890625,0.87109375,46,21
010,0.0,1.0,46,27
011,0.1171875,0.8828125,40,21
100,0.53125,0.46875,46,27
101,0.111328125,0.888671875,40,21
110,0.0,1.0,40,27
111,0.1328125,0.8671875,34,21
