state,p_marked,error,gate_count,depth
000,0.162109375,0.837890625,60,30
001,0.083984375,0.916015625,56,26
010,0.126953125,0.873046875,56,30
011,0.08984375,0.91015625,52,26
100,0.15234375,0.84765625,56,30
101,0.099609375,0.900390625,52,26
110,0.154296875,0.845703125,52,30
111,0.080078125,0.919921875,48,26
