state,p_marked,error,gate_count,depth
000,0.12109375,0.87890625,41,20
001,0.115234375,0.884765625,37,16
010,0.125,0.875,37,20
011,0.134765625,0.865234375,33,16
100,0.134765625,0.865234375,37,20
101,0.11328125,0.88671875,33,16
110,0.1015625,0.8984375,33,20
111,0.11328125,0.88671875,29,16
