state,p_marked,error,gate_count,depth
000,0.16015625,0.83984375,15,7
001,0.099609375,0.900390625,13,5
010,0.12890625,0.87109375,13,7
011,0.126953125,0.873046875,11,5
100,0.126953125,0.873046875,13,7
101,0.142578125,0.857421875,11,5
110,0.12890625,0.87109375,11,7
111,0.12109375,0.87890625,9,5
