state,p_marked,error,gate_count,depth
000,0.109375,0.890625,50,26
001,0.150390625,0.849609375,44,20
010,0.103515625,0.896484375,44,26
011,0.12109375,0.87890625,38,20
100,0.10546875,0.89453125,44,26
101,0.130859375,0.869140625,38,20
110,0.126953125,0.873046875,38,26
111,0.123046875,0.876953125,32,20
