state,p_marked,error,gate_count,depth
000,0.001953125,0.998046875,37,19
001,0.0,1.0,35,17
010,0.009765625,0.990234375,35,19
011,0.115234375,0.884765625,33,17
100,0.0234375,0.9765625,35,19
101,0.0078125,0.9921875,33,17
110,0.11328125,0.88671875,33,19
111,0.009765625,0.990234375,31,17
