state,p_marked,error,gate_count,depth
000,0.109375,0.890625,15,7
001,0.103515625,0.896484375,13,5
010,0.115234375,0.884765625,13,7
011,0.142578125,0.857421875,11,5
100,0.109375,0.890625,13,7
101,0.119140625,0.880859375,11,5
110,0.134765625,0.865234375,11,7
111,0.130859375,0.869140625,9,5
