state,p_marked,error,gate_count,depth
000,0.041015625,0.958984375,91,54
001,0.044921875,0.955078125,83,46
010,0.060546875,0.939453125,83,54
011,0.044921875,0.955078125,75,46
100,0.095703125,0.904296875,83,54
101,0.05859375,0.94140625,75,46
110,0.12890625,0.87109375,75,54
111,0.134765625,0.865234375,67,46
