state,p_marked,error,gate_count,depth
000,0.126953125,0.873046875,58,30
001,0.138671875,0.861328125,54,26
010,0.138671875,0.861328125,54,30
011,0.134765625,0.865234375,50,26
100,0.13671875,0.86328125,54,30
101,0.125,0.875,50,26
110,0.111328125,0.888671875,50,30
111,0.115234375,0.884765625,46,26
