state,p_marked,error,gate_count,depth
000,0.09765625,0.90234375,59,29
001,0.1484375,0.8515625,55,26
010,0.119140625,0.880859375,55,29
011,0.12890625,0.87109375,51,25
100,0.1171875,0.8828125,55,29
101,0.119140625,0.880859375,51,26
110,0.119140625,0.880859375,51,29
111,0.125,0.875,47,25
