state,p_marked,error,gate_count,depth
000,0.11328125,0.88671875,49,24
001,0.123046875,0.876953125,47,22
010,0.111328125,0.888671875,47,24
011,0.099609375,0.900390625,45,22
100,0.146484375,0.853515625,47,24
101,0.142578125,0.857421875,45,22
110,0.134765625,0.865234375,45,24
111,0.111328125,0.888671875,43,22
