state,p_marked,error,gate_count,depth
000,0.04296875,0.95703125,32,15
001,0.072265625,0.927734375,30,13
010,0.05859375,0.94140625,30,15
011,0.056640625,0.943359375,28,13
100,0.05859375,0.94140625,30,15
101,0.05859375,0.94140625,28,13
110,0.072265625,0.927734375,28,15
111,0.05078125,0.94921875,26,13
