state,p_marked,error,gate_count,depth
000,0.14453125,0.85546875,41,20
001,0.123046875,0.876953125,37,16
010,0.11328125,0.88671875,37,20
011,0.14453125,0.85546875,33,16
100,0.12109375,0.87890625,37,20
101,0.1328125,0.8671875,33,16
110,0.1328125,0.8671875,33,20
111,0.10546875,0.89453125,29,16
