state,p_marked,error,gate_count,depth
000,0.46484375,0.53515625,41,21
001,0.470703125,0.529296875,37,17
010,0.48046875,0.51953125,37,21
011,0.505859375,0.494140625,33,17
100,0.453125,0.546875,37,21
101,0.46875,0.53125,33,17
110,0.482421875,0.517578125,33,21
111,0.5625,0.4375,29,17
