state,p_marked,error,gate_count,depth
000,0.513671875,0.486328125,32,16
001,0.509765625,0.490234375,30,14
010,0.4453125,0.5546875,30,16
011,0.484375,0.515625,28,14
100,0.5390625,0.4609375,30,16
101,0.470703125,0.529296875,28,14
110,0.51953125,0.48046875,28,16
111,0.482421875,0.517578125,26,14
