state,p_marked,error,gate_count,depth
000,0.111328125,0.888671875,15,7
001,0.134765625,0.865234375,13,5
010,0.115234375,0.884765625,13,7
011,0.1484375,0.8515625,11,5
100,0.150390625,0.849609375,13,7
101,0.09765625,0.90234375,11,5
110,0.123046875,0.876953125,11,7
111,0.130859375,0.869140625,9,5
