state,p_marked,error,gate_count,depth
000,0.11328125,0.88671875,58,29
001,0.140625,0.859375,54,25
010,0.13671875,0.86328125,54,29
011,0.130859375,0.869140625,50,25
100,0.125,0.875,54,29
101,0.130859375,0.869140625,50,25
110,0.125,0.875,50,29
111,0.12109375,0.87890625,46,25
