state,p_marked,error,gate_count,depth
000,0.06640625,0.93359375,160,110
001,0.02734375,0.97265625,158,108
010,0.3671875,0.6328125,158,110
011,0.021484375,0.978515625,156,108
100,0.34375,0.65625,158,110
101,0.076171875,0.923828125,156,108
110,0.09375,0.90625,156,110
111,0.10546875,0.89453125,154,108
