state,p_marked,error,gate_count,depth
000,0.447265625,0.552734375,41,21
001,0.525390625,0.474609375,37,17
010,0.517578125,0.482421875,37,21
011,0.505859375,0.494140625,33,17
100,0.478515625,0.521484375,37,21
101,0.5,0.5,33,17
110,0.453125,0.546875,33,21
111,0.4765625,0.5234375,29,17
