state,p_marked,error,gate_count,depth
000,0.12109375,0.87890625,60,29
001,0.146484375,0.853515625,60,29
010,0.123046875,0.876953125,60,29
011,0.111328125,0.888671875,60,29
100,0.103515625,0.896484375,60,29
101,0.142578125,0.857421875,60,29
110,0.109375,0.890625,60,29
111,0.10546875,0.89453125,60,29
