state,p_marked,error,gate_count,depth
000,0.12109375,0.87890625,24,12
001,0.1171875,0.8828125,20,8
010,0.123046875,0.876953125,20,12
011,0.099609375,0.900390625,16,8
100,0.125,0.875,20,12
101,0.1484375,0.8515625,16,8
110,0.12109375,0.87890625,16,12
111,0.12890625,0.87109375,12,8
