state,p_marked,error,gate_count,depth
000,0.109375,0.890625,24,12
001,0.103515625,0.896484375,20,8
010,0.103515625,0.896484375,20,12
011,0.107421875,0.892578125,16,8
100,0.119140625,0.880859375,20,12
101,0.1484375,0.8515625,16,8
110,0.123046875,0.876953125,16,12
111,0.115234375,0.884765625,12,8
