state,p_marked,error,gate_count,depth
000,0.09375,0.90625,41,21
001,0.111328125,0.888671875,37,17
010,0.15234375,0.84765625,37,21
011,0.11328125,0.88671875,33,17
100,0.126953125,0.873046875,37,21
101,0.107421875,0.892578125,33,17
110,0.115234375,0.884765625,33,21
111,0.126953125,0.873046875,29,17
