state,p_marked,error,gate_count,depth
000,0.25,0.75,25,13
001,0.0,1.0,25,13
010,0.25390625,0.74609375,25,13
011,0.0,1.0,25,13
100,0.2734375,0.7265625,25,13
101,0.0,1.0,25,13
110,0.25,0.75,25,13
111,0.0,1.0,25,13
