state,p_marked,error,gate_count,depth
000,0.505859375,0.494140625,32,16
001,0.47265625,0.52734375,30,14
010,0.49609375,0.50390625,30,16
011,0.51953125,0.48046875,28,14
100,0.546875,0.453125,30,16
101,0.474609375,0.525390625,28,14
110,0.46484375,0.53515625,28,16
111,0.517578125,0.482421875,26,14
