state,p_marked,error,gate_count,depth
000,0.263671875,0.736328125,32,16
001,0.25,0.75,30,14
010,0.2265625,0.7734375,30,16
011,0.2421875,0.7578125,28,14
100,0.2421875,0.7578125,30,16
101,0.26953125,0.73046875,28,14
110,0.27734375,0.72265625,28,16
111,0.27734375,0.72265625,26,14
