state,p_marked,error,gate_count,depth
000,0.15625,0.84375,49,25
001,0.109375,0.890625,47,23
010,0.123046875,0.876953125,47,25
011,0.1484375,0.8515625,45,23
100,0.126953125,0.873046875,47,25
101,0.10546875,0.89453125,45,23
110,0.1484375,0.8515625,45,25
111,0.123046875,0.876953125,43,23
