state,p_marked,error,gate_count,depth
000,0.15234375,0.84765625,78,55
001,0.162109375,0.837890625,78,55
010,0.017578125,0.982421875,78,55
011,0.26953125,0.73046875,78,55
100,0.015625,0.984375,78,55
101,0.07421875,0.92578125,78,55
110,0.13671875,0.86328125,78,55
111,0.13671875,0.86328125,78,55
