state,p_marked,error,gate_count,depth
000,0.142578125,0.857421875,77,39
001,0.12890625,0.87109375,77,39
010,0.12109375,0.87890625,77,39
011,0.1015625,0.8984375,77,39
100,0.142578125,0.857421875,77,39
101,0.138671875,0.861328125,77,39
110,0.126953125,0.873046875,77,39
111,0.123046875,0.876953125,77,39
