state,p_marked,error,gate_count,depth
000,0.12109375,0.87890625,41,19
001,0.16796875,0.83203125,41,19
010,0.107421875,0.892578125,41,19
011,0.12109375,0.87890625,41,19
100,0.125,0.875,41,19
101,0.130859375,0.869140625,41,19
110,0.142578125,0.857421875,41,19
111,0.095703125,0.904296875,41,19
