state,p_marked,error,gate_count,depth
000,0.125,0.875,60,32
001,0.1328125,0.8671875,48,20
010,0.12109375,0.87890625,48,32
011,0.099609375,0.900390625,36,20
100,0.1171875,0.8828125,48,32
101,0.126953125,0.873046875,36,20
110,0.126953125,0.873046875,36,32
111,0.138671875,0.861328125,24,20
