state,p_marked,error,gate_count,depth
000,0.072265625,0.927734375,32,15
001,0.0703125,0.9296875,30,13
010,0.05859375,0.94140625,30,15
011,0.052734375,0.947265625,28,13
100,0.064453125,0.935546875,30,15
101,0.0859375,0.9140625,28,13
110,0.0546875,0.9453125,28,15
111,0.064453125,0.935546875,26,13
