state,p_marked,error,gate_count,depth
000,0.537109375,0.462890625,42,22
001,0.521484375,0.478515625,38,18
010,0.478515625,0.521484375,38,22
011,0.140625,0.859375,34,18
100,0.486328125,0.513671875,38,22
101,0.501953125,0.498046875,34,18
110,0.134765625,0.865234375,34,22
111,0.5,0.5,30,18
