state,p_marked,error,gate_count,depth
000,0.5234375,0.4765625,41,21
001,0.45703125,0.54296875,37,17
010,0.47265625,0.52734375,37,21
011,0.537109375,0.462890625,33,17
100,0.5,0.5,37,21
101,0.53125,0.46875,33,17
110,0.48828125,0.51171875,33,21
111,0.5,0.5,29,17
