state,p_marked,error,gate_count,depth
000,0.49609375,0.50390625,32,16
001,0.515625,0.484375,30,14
010,0.484375,0.515625,30,16
011,0.474609375,0.525390625,28,14
100,0.513671875,0.486328125,30,16
101,0.55078125,0.44921875,28,14
110,0.515625,0.484375,28,16
111,0.55078125,0.44921875,26,14
