state,p_marked,error,gate_count,depth
000,0.115234375,0.884765625,60,32
001,0.138671875,0.861328125,52,24
010,0.13671875,0.86328125,52,32
011,0.1484375,0.8515625,44,24
100,0.13671875,0.86328125,52,32
101,0.13671875,0.86328125,44,24
110,0.09375,0.90625,44,32
111,0.125,0.875,36,24
