state,p_marked,error,gate_count,depth
000,0.0859375,0.9140625,75,46
001,0.091796875,0.908203125,71,42
010,0.04296875,0.95703125,71,46
011,0.287109375,0.712890625,67,42
100,0.2578125,0.7421875,71,46
101,0.05859375,0.94140625,67,42
110,0.0703125,0.9296875,67,46
111,0.037109375,0.962890625,63,42
