state,p_marked,error,gate_count,depth
000,0.490234375,0.509765625,41,21
001,0.51953125,0.48046875,37,17
010,0.5390625,0.4609375,37,21
011,0.525390625,0.474609375,33,17
100,0.498046875,0.501953125,37,21
101,0.525390625,0.474609375,33,17
110,0.517578125,0.482421875,33,21
111,0.505859375,0.494140625,29,17
