state,p_marked,error,gate_count,depth
000,0.13671875,0.86328125,70,36
001,0.12890625,0.87109375,64,30
010,0.134765625,0.865234375,64,36
011,0.107421875,0.892578125,58,30
100,0.1484375,0.8515625,64,36
101,0.119140625,0.880859375,58,30
110,0.146484375,0.853515625,58,36
111,0.109375,0.890625,52,30
