state,p_marked,error,gate_count,depth
000,0.126953125,0.873046875,33,17
001,0.125,0.875,27,11
010,0.107421875,0.892578125,27,17
011,0.09765625,0.90234375,21,11
100,0.130859375,0.869140625,27,17
101,0.14453125,0.85546875,21,11
110,0.099609375,0.900390625,21,17
111,0.146484375,0.853515625,15,11
