state,p_marked,error,gate_count,depth
000,0.12109375,0.87890625,54,27
001,0.1171875,0.8828125,52,25
010,0.130859375,0.869140625,52,27
011,0.115234375,0.884765625,50,25
100,0.130859375,0.869140625,52,27
101,0.134765625,0.865234375,50,25
110,0.126953125,0.873046875,50,27
111,0.107421875,0.892578125,48,25
