state,p_marked,error,gate_count,depth
000,0.138671875,0.861328125,34,17
001,0.0859375,0.9140625,32,15
010,0.13671875,0.86328125,32,17
011,0.115234375,0.884765625,30,15
100,0.12109375,0.87890625,32,17
101,0.130859375,0.869140625,30,15
110,0.095703125,0.904296875,30,17
111,0.150390625,0.849609375,28,15
