state,p_marked,error,gate_count,depth
000,0.1171875,0.8828125,60,31
001,0.134765625,0.865234375,56,27
010,0.1328125,0.8671875,56,31
011,0.162109375,0.837890625,52,27
100,0.10546875,0.89453125,56,31
101,0.134765625,0.865234375,52,27
110,0.126953125,0.873046875,52,31
111,0.115234375,0.884765625,48,27
