state,p_marked,error,gate_count,depth
000,0.111328125,0.888671875,42,22
001,0.1484375,0.8515625,34,14
010,0.111328125,0.888671875,34,22
011,0.11328125,0.88671875,26,14
100,0.091796875,0.908203125,34,22
101,0.123046875,0.876953125,26,14
110,0.140625,0.859375,26,22
111,0.1484375,0.8515625,18,14
