state,p_marked,error,gate_count,depth
000,0.4921875,0.5078125,69,36
001,0.125,0.875,63,30
010,0.0,1.0,63,36
011,0.138671875,0.861328125,57,30
100,0.505859375,0.494140625,63,36
101,0.14453125,0.85546875,57,30
110,0.0,1.0,57,36
111,0.095703125,0.904296875,51,30
