state,p_marked,error,gate_count,depth
000,0.140625,0.859375,33,17
001,0.1484375,0.8515625,27,11
010,0.111328125,0.888671875,27,17
011,0.103515625,0.896484375,21,11
100,0.099609375,0.900390625,27,17
101,0.130859375,0.869140625,21,11
110,0.115234375,0.884765625,21,17
111,0.126953125,0.873046875,15,11
