state,p_marked,error,gate_count,depth
000,0.11328125,0.88671875,51,27
001,0.14453125,0.85546875,49,25
010,0.1328125,0.8671875,49,27
011,0.130859375,0.869140625,47,25
100,0.130859375,0.869140625,49,27
101,0.123046875,0.876953125,47,25
110,0.130859375,0.869140625,47,27
111,0.130859375,0.869140625,45,25
