state,p_marked,error,gate_count,depth
000,0.1171875,0.8828125,32,15
001,0.1171875,0.8828125,30,13
010,0.1484375,0.8515625,30,15
011,0.134765625,0.865234375,28,13
100,0.103515625,0.896484375,30,15
101,0.123046875,0.876953125,28,13
110,0.123046875,0.876953125,28,15
111,0.123046875,0.876953125,26,13
