state,p_marked,error,gate_count,depth
000,0.498046875,0.501953125,32,16
001,0.505859375,0.494140625,30,14
010,0.505859375,0.494140625,30,16
011,0.49609375,0.50390625,28,14
100,0.533203125,0.466796875,30,16
101,0.470703125,0.529296875,28,14
110,0.517578125,0.482421875,28,16
111,0.5546875,0.4453125,26,14
