state,p_marked,error,gate_count,depth
000,0.1015625,0.8984375,68,35
001,0.138671875,0.861328125,62,30
010,0.134765625,0.865234375,62,35
011,0.126953125,0.873046875,56,30
100,0.13671875,0.86328125,62,35
101,0.1328125,0.8671875,56,29
110,0.123046875,0.876953125,56,35
111,0.12109375,0.87890625,50,29
