state,p_marked,error,gate_count,depth
000,0.49609375,0.50390625,59,31
001,0.541015625,0.458984375,51,23
010,0.51953125,0.48046875,51,31
011,0.470703125,0.529296875,43,23
100,0.521484375,0.478515625,51,31
101,0.51953125,0.48046875,43,23
110,0.478515625,0.521484375,43,31
111,0.45703125,0.54296875,35,23
