state,p_marked,error,gate_count,depth
000,0.125,0.875,60,31
001,0.123046875,0.876953125,56,27
010,0.13671875,0.86328125,56,31
011,0.1171875,0.8828125,52,27
100,0.125,0.875,56,31
101,0.109375,0.890625,52,27
110,0.11328125,0.88671875,52,31
111,0.12109375,0.87890625,48,27
