state,p_marked,error,gate_count,depth
000,0.138671875,0.861328125,69,36
001,0.138671875,0.861328125,63,31
010,0.125,0.875,63,36
011,0.130859375,0.869140625,57,30
100,0.130859375,0.869140625,63,36
101,0.125,0.875,57,31
110,0.09375,0.90625,57,36
111,0.125,0.875,51,30
