state,p_marked,error,gate_count,depth
000,0.53125,0.46875,41,21
001,0.517578125,0.482421875,37,17
010,0.51171875,0.48828125,37,21
011,0.447265625,0.552734375,33,17
100,0.494140625,0.505859375,37,21
101,0.529296875,0.470703125,33,17
110,0.5234375,0.4765625,33,21
111,0.48828125,0.51171875,29,17
