state,p_marked,error,gate_count,depth
000,0.14453125,0.85546875,49,25
001,0.125,0.875,47,23
010,0.107421875,0.892578125,47,25
011,0.115234375,0.884765625,45,23
100,0.11328125,0.88671875,47,25
101,0.14453125,0.85546875,45,23
110,0.154296875,0.845703125,45,25
111,0.109375,0.890625,43,23
