state,p_marked,error,gate_count,depth
000,0.115234375,0.884765625,15,7
001,0.123046875,0.876953125,13,5
010,0.12890625,0.87109375,13,7
011,0.109375,0.890625,11,5
100,0.1328125,0.8671875,13,7
101,0.12890625,0.87109375,11,5
110,0.11328125,0.88671875,11,7
111,0.13671875,0.86328125,9,5
