state,p_marked,error,gate_count,depth
000,0.09765625,0.90234375,41,20
001,0.115234375,0.884765625,37,16
010,0.126953125,0.873046875,37,20
011,0.16015625,0.83984375,33,16
100,0.142578125,0.857421875,37,20
101,0.12109375,0.87890625,33,16
110,0.123046875,0.876953125,33,20
111,0.130859375,0.869140625,29,16
