state,p_marked,error,gate_count,depth
000,0.12109375,0.87890625,54,28
001,0.09375,0.90625,52,26
010,0.134765625,0.865234375,52,28
011,0.130859375,0.869140625,50,26
100,0.134765625,0.865234375,52,28
101,0.109375,0.890625,50,26
110,0.1015625,0.8984375,50,28
111,0.134765625,0.865234375,48,26
