state,p_marked,error,gate_count,depth
000,0.103515625,0.896484375,32,15
001,0.12890625,0.87109375,30,13
010,0.142578125,0.857421875,30,15
011,0.12109375,0.87890625,28,13
100,0.099609375,0.900390625,30,15
101,0.115234375,0.884765625,28,13
110,0.1171875,0.8828125,28,15
111,0.119140625,0.880859375,26,13
