state,p_marked,error,gate_count,depth
000,0.10546875,0.89453125,15,7
001,0.14453125,0.85546875,13,5
010,0.12109375,0.87890625,13,7
011,0.134765625,0.865234375,11,5
100,0.126953125,0.873046875,13,7
101,0.15234375,0.84765625,11,5
110,0.111328125,0.888671875,11,7
111,0.138671875,0.861328125,9,5
