state,p_marked,error,gate_count,depth
000,0.12109375,0.87890625,44,23
001,0.111328125,0.888671875,40,19
010,0.134765625,0.865234375,40,23
011,0.140625,0.859375,36,19
100,0.130859375,0.869140625,40,23
101,0.1171875,0.8828125,36,19
110,0.125,0.875,36,23
111,0.138671875,0.861328125,32,19
