state,p_marked,error,gate_count,depth
000,0.111328125,0.888671875,40,22
001,0.25,0.75,38,20
010,0.62890625,0.37109375,38,22
011,0.099609375,0.900390625,36,20
100,0.125,0.875,38,22
101,0.255859375,0.744140625,36,20
110,0.60546875,0.39453125,36,22
111,0.1015625,0.8984375,34,20
