state,p_marked,error,gate_count,depth
000,0.078125,0.921875,41,23
001,0.2734375,0.7265625,39,21
010,0.650390625,0.349609375,39,23
011,0.10546875,0.89453125,37,21
100,0.12109375,0.87890625,39,23
101,0.26171875,0.73828125,37,21
110,0.599609375,0.400390625,37,23
111,0.099609375,0.900390625,35,21
