state,p_marked,error,gate_count,depth
000,0.509765625,0.490234375,32,16
001,0.49609375,0.50390625,30,14
010,0.53125,0.46875,30,16
011,0.509765625,0.490234375,28,14
100,0.46875,0.53125,30,16
101,0.474609375,0.525390625,28,14
110,0.498046875,0.501953125,28,16
111,0.556640625,0.443359375,26,14
