state,p_marked,error,gate_count,depth
000,0.154296875,0.845703125,78,40
001,0.177734375,0.822265625,74,36
010,0.453125,0.546875,74,40
011,0.44921875,0.55078125,70,36
100,0.048828125,0.951171875,74,40
101,0.0546875,0.9453125,70,36
110,0.421875,0.578125,70,40
111,0.423828125,0.576171875,66,36
