state,p_marked,error,gate_count,depth
000,0.064453125,0.935546875,34,21
001,0.0625,0.9375,34,21
010,0.078125,0.921875,34,21
011,0.064453125,0.935546875,34,21
100,0.13671875,0.86328125,34,21
101,0.3125,0.6875,34,21
110,0.119140625,0.880859375,34,21
111,0.240234375,0.759765625,34,21
