state,p_marked,error,gate_count,depth
000,0.06640625,0.93359375,58,30
001,0.236328125,0.763671875,54,26
010,0.0,1.0,54,30
011,0.0625,0.9375,50,26
100,0.044921875,0.955078125,54,30
101,0.240234375,0.759765625,50,26
110,0.0,1.0,50,30
111,0.0703125,0.9296875,46,26
