state,p_marked,error,gate_count,depth
000,0.52734375,0.47265625,32,16
001,0.453125,0.546875,30,14
010,0.4765625,0.5234375,30,16
011,0.5,0.5,28,14
100,0.529296875,0.470703125,30,16
101,0.5078125,0.4921875,28,14
110,0.501953125,0.498046875,28,16
111,0.525390625,0.474609375,26,14
