state,p_marked,error,gate_count,depth
000,0.236328125,0.763671875,52,27
001,0.001953125,0.998046875,50,25
010,0.232421875,0.767578125,50,27
011,0.0078125,0.9921875,48,25
100,0.17578125,0.82421875,50,27
101,0.171875,0.828125,48,25
110,0.12890625,0.87109375,48,27
111,0.09375,0.90625,46,25
