state,p_marked,error,gate_count,depth
000,0.08984375,0.91015625,49,25
001,0.10546875,0.89453125,47,23
010,0.109375,0.890625,47,25
011,0.15234375,0.84765625,45,23
100,0.15234375,0.84765625,47,25
101,0.119140625,0.880859375,45,23
110,0.1171875,0.8828125,45,25
111,0.125,0.875,43,23
