state,p_marked,error,gate_count,depth
000,0.06640625,0.93359375,41,20
001,0.060546875,0.939453125,37,16
010,0.060546875,0.939453125,37,20
011,0.08203125,0.91796875,33,16
100,0.048828125,0.951171875,37,20
101,0.0859375,0.9140625,33,16
110,0.06640625,0.93359375,33,20
111,0.0703125,0.9296875,29,16
