state,p_marked,error,gate_count,depth
000,0.49609375,0.50390625,33,17
001,0.48046875,0.51953125,31,15
010,0.533203125,0.466796875,31,17
011,0.12890625,0.87109375,29,15
100,0.51953125,0.48046875,31,17
101,0.509765625,0.490234375,29,15
110,0.12890625,0.87109375,29,17
111,0.494140625,0.505859375,27,15
