state,p_marked,error,gate_count,depth
000,0.556640625,0.443359375,41,21
001,0.470703125,0.529296875,37,17
010,0.505859375,0.494140625,37,21
011,0.53125,0.46875,33,17
100,0.498046875,0.501953125,37,21
101,0.486328125,0.513671875,33,17
110,0.525390625,0.474609375,33,21
111,0.486328125,0.513671875,29,17
