state,p_marked,error,gate_count,depth
000,0.126953125,0.873046875,32,15
001,0.15234375,0.84765625,30,13
010,0.109375,0.890625,30,15
011,0.123046875,0.876953125,28,13
100,0.126953125,0.873046875,30,15
101,0.126953125,0.873046875,28,13
110,0.130859375,0.869140625,28,15
111,0.134765625,0.865234375,26,13
