state,p_marked,error,gate_count,depth
000,0.125,0.875,23,11
001,0.14453125,0.85546875,23,11
010,0.1640625,0.8359375,23,11
011,0.134765625,0.865234375,23,11
100,0.126953125,0.873046875,23,11
101,0.103515625,0.896484375,23,11
110,0.126953125,0.873046875,23,11
111,0.140625,0.859375,23,11
