state,p_marked,error,gate_count,depth
000,0.12890625,0.87109375,41,20
001,0.1484375,0.8515625,37,16
010,0.138671875,0.861328125,37,20
011,0.123046875,0.876953125,33,16
100,0.1171875,0.8828125,37,20
101,0.12109375,0.87890625,33,16
110,0.08984375,0.91015625,33,20
111,0.1171875,0.8828125,29,16
