state,p_marked,error,gate_count,depth
000,0.10546875,0.89453125,60,32
001,0.10546875,0.89453125,56,28
010,0.107421875,0.892578125,56,32
011,0.12109375,0.87890625,52,28
100,0.12109375,0.87890625,56,32
101,0.12890625,0.87109375,52,28
110,0.107421875,0.892578125,52,32
111,0.109375,0.890625,48,28
