state,p_marked,error,gate_count,depth
000,0.478515625,0.521484375,41,21
001,0.46875,0.53125,37,17
010,0.5234375,0.4765625,37,21
011,0.4765625,0.5234375,33,17
100,0.521484375,0.478515625,37,21
101,0.462890625,0.537109375,33,17
110,0.466796875,0.533203125,33,21
111,0.509765625,0.490234375,29,17
