state,p_marked,error,gate_count,depth
000,0.296875,0.703125,174,118
001,0.095703125,0.904296875,174,118
010,0.015625,0.984375,174,118
011,0.09375,0.90625,174,118
100,0.021484375,0.978515625,174,118
101,0.380859375,0.619140625,174,118
110,0.033203125,0.966796875,174,118
111,0.072265625,0.927734375,174,118
