state,p_marked,error,gate_count,depth
000,0.5234375,0.4765625,58,29
001,0.46484375,0.53515625,54,25
010,0.541015625,0.458984375,54,29
011,0.521484375,0.478515625,50,25
100,0.52734375,0.47265625,54,29
101,0.537109375,0.462890625,50,25
110,0.51953125,0.48046875,50,29
111,0.50390625,0.49609375,46,25
