state,p_marked,error,gate_count,depth
000,0.052734375,0.947265625,52,26
001,0.05859375,0.94140625,50,24
010,0.0546875,0.9453125,50,26
011,0.06640625,0.93359375,48,24
100,0.0,1.0,50,26
101,0.0,1.0,48,24
110,0.11328125,0.88671875,48,26
111,0.119140625,0.880859375,46,24
