state,p_marked,error,gate_count,depth
000,0.130859375,0.869140625,50,25
001,0.1484375,0.8515625,44,19
010,0.134765625,0.865234375,44,25
011,0.126953125,0.873046875,38,19
100,0.095703125,0.904296875,44,25
101,0.1171875,0.8828125,38,19
110,0.13671875,0.86328125,38,25
111,0.13671875,0.86328125,32,19
