state,p_marked,error,gate_count,depth
000,0.134765625,0.865234375,49,27
001,0.107421875,0.892578125,45,23
010,0.130859375,0.869140625,45,27
011,0.1171875,0.8828125,41,23
100,0.12109375,0.87890625,45,27
101,0.123046875,0.876953125,41,23
110,0.125,0.875,41,27
111,0.150390625,0.849609375,37,23
