state,p_marked,error,gate_count,depth
000,0.12109375,0.87890625,59,31
001,0.130859375,0.869140625,55,27
010,0.130859375,0.869140625,55,31
011,0.142578125,0.857421875,51,27
100,0.12890625,0.87109375,55,31
101,0.134765625,0.865234375,51,27
110,0.1328125,0.8671875,51,31
111,0.1484375,0.8515625,47,27
