state,p_marked,error,gate_count,depth
000,0.51953125,0.48046875,41,21
001,0.49609375,0.50390625,37,17
010,0.5,0.5,37,21
011,0.49609375,0.50390625,33,17
100,0.46484375,0.53515625,37,21
101,0.515625,0.484375,33,17
110,0.515625,0.484375,33,21
111,0.541015625,0.458984375,29,17
