state,p_marked,error,gate_count,depth
000,0.12109375,0.87890625,15,7
001,0.146484375,0.853515625,13,5
010,0.111328125,0.888671875,13,7
011,0.142578125,0.857421875,11,5
100,0.138671875,0.861328125,13,7
101,0.109375,0.890625,11,5
110,0.12109375,0.87890625,11,7
111,0.103515625,0.896484375,9,5
