state,p_marked,error,gate_count,depth
000,0.505859375,0.494140625,67,34
001,0.462890625,0.537109375,61,28
010,0.5078125,0.4921875,61,34
011,0.533203125,0.466796875,55,28
100,0.455078125,0.544921875,61,34
101,0.486328125,0.513671875,55,28
110,0.517578125,0.482421875,55,34
111,0.505859375,0.494140625,49,28
