state,p_marked,error,gate_count,depth
000,0.119140625,0.880859375,32,15
001,0.119140625,0.880859375,30,13
010,0.115234375,0.884765625,30,15
011,0.142578125,0.857421875,28,13
100,0.146484375,0.853515625,30,15
101,0.1015625,0.8984375,28,13
110,0.115234375,0.884765625,28,15
111,0.111328125,0.888671875,26,13
