state,p_marked,error,gate_count,depth
000,0.142578125,0.857421875,24,12
001,0.134765625,0.865234375,20,8
010,0.12890625,0.87109375,20,12
011,0.146484375,0.853515625,16,8
100,0.140625,0.859375,20,12
101,0.130859375,0.869140625,16,8
110,0.12890625,0.87109375,16,12
111,0.142578125,0.857421875,12,8
