state,p_marked,error,gate_count,depth
000,0.140625,0.859375,15,7
001,0.14453125,0.85546875,13,5
010,0.119140625,0.880859375,13,7
011,0.119140625,0.880859375,11,5
100,0.103515625,0.896484375,13,7
101,0.138671875,0.861328125,11,5
110,0.125,0.875,11,7
111,0.107421875,0.892578125,9,5
