state,p_marked,error,gate_count,depth
000,0.126953125,0.873046875,15,7
001,0.107421875,0.892578125,13,5
010,0.140625,0.859375,13,7
011,0.138671875,0.861328125,11,5
100,0.146484375,0.853515625,13,7
101,0.1015625,0.8984375,11,5
110,0.119140625,0.880859375,11,7
111,0.11328125,0.88671875,9,5
