state,p_marked,error,gate_count,depth
000,0.1328125,0.8671875,32,15
001,0.109375,0.890625,30,13
010,0.1171875,0.8828125,30,15
011,0.1484375,0.8515625,28,13
100,0.09765625,0.90234375,30,15
101,0.10546875,0.89453125,28,13
110,0.125,0.875,28,15
111,0.10546875,0.89453125,26,13
