state,p_marked,error,gate_count,depth
000,0.50390625,0.49609375,33,16
001,0.482421875,0.517578125,31,14
010,0.47265625,0.52734375,31,16
011,0.498046875,0.501953125,29,14
100,0.103515625,0.896484375,31,16
101,0.130859375,0.869140625,29,14
110,0.154296875,0.845703125,29,16
111,0.134765625,0.865234375,27,14
