state,p_marked,error,gate_count,depth
000,0.10546875,0.89453125,15,7
001,0.134765625,0.865234375,13,5
010,0.125,0.875,13,7
011,0.107421875,0.892578125,11,5
100,0.150390625,0.849609375,13,7
101,0.14453125,0.85546875,11,5
110,0.13671875,0.86328125,11,7
111,0.09765625,0.90234375,9,5
