state,p_marked,error,gate_count,depth
000,0.138671875,0.861328125,49,25
001,0.111328125,0.888671875,47,23
010,0.14453125,0.85546875,47,25
011,0.1171875,0.8828125,45,23
100,0.1640625,0.8359375,47,25
101,0.1015625,0.8984375,45,23
110,0.09375,0.90625,45,25
111,0.126953125,0.873046875,43,23
