state,p_marked,error,gate_count,depth
000,0.166015625,0.833984375,15,7
001,0.13671875,0.86328125,13,5
010,0.126953125,0.873046875,13,7
011,0.14453125,0.85546875,11,5
100,0.125,0.875,13,7
101,0.115234375,0.884765625,11,5
110,0.10546875,0.89453125,11,7
111,0.12890625,0.87109375,9,5
