state,p_marked,error,gate_count,depth
000,0.134765625,0.865234375,23,10
001,0.125,0.875,23,10
010,0.12109375,0.87890625,23,10
011,0.126953125,0.873046875,23,10
100,0.123046875,0.876953125,23,10
101,0.138671875,0.861328125,23,10
110,0.1328125,0.8671875,23,10
111,0.1328125,0.8671875,23,10
