state,p_marked,error,gate_count,depth
000,0.14453125,0.85546875,33,17
001,0.0,1.0,31,15
010,0.123046875,0.876953125,31,17
011,0.146484375,0.853515625,29,15
100,0.154296875,0.845703125,31,17
101,0.0,1.0,29,15
110,0.142578125,0.857421875,29,17
111,0.12890625,0.87109375,27,15
