state,p_marked,error,gate_count,depth
000,0.169921875,0.830078125,30,16
001,0.123046875,0.876953125,30,16
010,0.138671875,0.861328125,30,16
011,0.123046875,0.876953125,30,16
100,0.126953125,0.873046875,30,16
101,0.158203125,0.841796875,30,16
110,0.125,0.875,30,16
111,0.11328125,0.88671875,30,16
