state,p_marked,error,gate_count,depth
000,0.0,1.0,33,17
001,0.0,1.0,31,15
010,0.0,1.0,31,17
011,0.0,1.0,29,15
100,0.501953125,0.498046875,31,17
101,0.5234375,0.4765625,29,15
110,0.48046875,0.51953125,29,17
111,0.462890625,0.537109375,27,15
