state,p_marked,error,gate_count,depth
000,0.146484375,0.853515625,32,15
001,0.12890625,0.87109375,30,13
010,0.134765625,0.865234375,30,15
011,0.123046875,0.876953125,28,13
100,0.15625,0.84375,30,15
101,0.130859375,0.869140625,28,13
110,0.134765625,0.865234375,28,15
111,0.119140625,0.880859375,26,13
