state,p_marked,error,gate_count,depth
000,0.130859375,0.869140625,41,21
001,0.1171875,0.8828125,37,17
010,0.10546875,0.89453125,37,21
011,0.1484375,0.8515625,33,17
100,0.1171875,0.8828125,37,21
101,0.125,0.875,33,17
110,0.126953125,0.873046875,33,21
111,0.1171875,0.8828125,29,17
