state,p_marked,error,gate_count,depth
000,0.138671875,0.861328125,48,25
001,0.115234375,0.884765625,44,21
010,0.11328125,0.88671875,44,25
011,0.13671875,0.86328125,40,21
100,0.115234375,0.884765625,44,25
101,0.125,0.875,40,21
110,0.119140625,0.880859375,40,25
111,0.12890625,0.87109375,36,21
