state,p_marked,error,gate_count,depth
000,0.15625,0.84375,24,12
001,0.142578125,0.857421875,20,8
010,0.111328125,0.888671875,20,12
011,0.12890625,0.87109375,16,8
100,0.1171875,0.8828125,20,12
101,0.1328125,0.8671875,16,8
110,0.115234375,0.884765625,16,12
111,0.130859375,0.869140625,12,8
