state,p_marked,error,gate_count,depth
000,0.083984375,0.916015625,149,108
001,0.22265625,0.77734375,149,108
010,0.203125,0.796875,149,108
011,0.2265625,0.7734375,149,108
100,0.0,1.0,149,108
101,0.234375,0.765625,149,108
110,0.005859375,0.994140625,149,108
111,0.078125,0.921875,149,108
