state,p_marked,error,gate_count,depth
000,0.12890625,0.87109375,32,15
001,0.109375,0.890625,30,13
010,0.107421875,0.892578125,30,15
011,0.1484375,0.8515625,28,13
100,0.15234375,0.84765625,30,15
101,0.1171875,0.8828125,28,13
110,0.123046875,0.876953125,28,15
111,0.1328125,0.8671875,26,13
