state,p_marked,error,gate_count,depth
000,0.10546875,0.89453125,15,7
001,0.1171875,0.8828125,13,5
010,0.109375,0.890625,13,7
011,0.130859375,0.869140625,11,5
100,0.134765625,0.865234375,13,7
101,0.12109375,0.87890625,11,5
110,0.13671875,0.86328125,11,7
111,0.125,0.875,9,5
