state,p_marked,error,gate_count,depth
000,0.0,1.0,66,34
001,0.0,1.0,64,32
010,0.1015625,0.8984375,64,34
011,0.0,1.0,62,32
100,0.0,1.0,64,34
101,0.0,1.0,62,32
110,0.111328125,0.888671875,62,34
111,0.0,1.0,60,32
