state,p_marked,error,gate_count,depth
000,0.08203125,0.91796875,79,40
001,0.078125,0.921875,71,33
010,0.099609375,0.900390625,71,40
011,0.08203125,0.91796875,63,33
100,0.15234375,0.84765625,71,39
101,0.16015625,0.83984375,63,32
110,0.15234375,0.84765625,63,39
111,0.16015625,0.83984375,55,32
