state,p_marked,error,gate_count,depth
000,0.505859375,0.494140625,41,21
001,0.48828125,0.51171875,37,17
010,0.50390625,0.49609375,37,21
011,0.490234375,0.509765625,33,17
100,0.494140625,0.505859375,37,21
101,0.505859375,0.494140625,33,17
110,0.478515625,0.521484375,33,21
111,0.490234375,0.509765625,29,17
