state,p_marked,error,gate_count,depth
000,0.201171875,0.798828125,63,34
001,0.21484375,0.78515625,59,30
010,0.212890625,0.787109375,59,34
011,0.220703125,0.779296875,55,30
100,0.205078125,0.794921875,59,34
101,0.2109375,0.7890625,55,30
110,0.23828125,0.76171875,55,34
111,0.244140625,0.755859375,51,30
