state,p_marked,error,gate_count,depth
000,0.13671875,0.86328125,52,28
001,0.1484375,0.8515625,50,26
010,0.12890625,0.87109375,50,28
011,0.126953125,0.873046875,48,26
100,0.1328125,0.8671875,50,28
101,0.125,0.875,48,26
110,0.150390625,0.849609375,48,28
111,0.1328125,0.8671875,46,26
