state,p_marked,error,gate_count,depth
000,0.033203125,0.966796875,49,24
001,0.037109375,0.962890625,47,22
010,0.03125,0.96875,47,24
011,0.04296875,0.95703125,45,22
100,0.02734375,0.97265625,47,24
101,0.033203125,0.966796875,45,22
110,0.01953125,0.98046875,45,24
111,0.01953125,0.98046875,43,22
