state,p_marked,error,gate_count,depth
000,0.205078125,0.794921875,42,20
001,0.052734375,0.947265625,42,20
010,0.185546875,0.814453125,42,20
011,0.04296875,0.95703125,42,20
100,0.1953125,0.8046875,42,20
101,0.056640625,0.943359375,42,20
110,0.201171875,0.798828125,42,20
111,0.056640625,0.943359375,42,20
