state,p_marked,error,gate_count,depth
000,0.138671875,0.861328125,41,20
001,0.12109375,0.87890625,37,16
010,0.140625,0.859375,37,20
011,0.107421875,0.892578125,33,16
100,0.08203125,0.91796875,37,20
101,0.1171875,0.8828125,33,16
110,0.08984375,0.91015625,33,20
111,0.1484375,0.8515625,29,16
