state,p_marked,error,gate_count,depth
000,0.119140625,0.880859375,32,15
001,0.125,0.875,30,13
010,0.123046875,0.876953125,30,15
011,0.125,0.875,28,13
100,0.138671875,0.861328125,30,15
101,0.1328125,0.8671875,28,13
110,0.12109375,0.87890625,28,15
111,0.119140625,0.880859375,26,13
