state,p_marked,error,gate_count,depth
000,0.150390625,0.849609375,58,30
001,0.123046875,0.876953125,54,26
010,0.138671875,0.861328125,54,30
011,0.091796875,0.908203125,50,26
100,0.107421875,0.892578125,54,30
101,0.1328125,0.8671875,50,26
110,0.134765625,0.865234375,50,30
111,0.12109375,0.87890625,46,26
