state,p_marked,error,gate_count,depth
000,0.265625,0.734375,58,30
001,0.2890625,0.7109375,54,26
010,0.025390625,0.974609375,54,30
011,0.029296875,0.970703125,50,26
100,0.27734375,0.72265625,54,30
101,0.271484375,0.728515625,50,26
110,0.02734375,0.97265625,50,30
111,0.03125,0.96875,46,26
