state,p_marked,error,gate_count,depth
000,0.12890625,0.87109375,32,15
001,0.123046875,0.876953125,30,13
010,0.1015625,0.8984375,30,15
011,0.103515625,0.896484375,28,13
100,0.130859375,0.869140625,30,15
101,0.1328125,0.8671875,28,13
110,0.111328125,0.888671875,28,15
111,0.11328125,0.88671875,26,13
