state,p_marked,error,gate_count,depth
000,0.130859375,0.869140625,41,21
001,0.130859375,0.869140625,37,17
010,0.11328125,0.88671875,37,21
011,0.111328125,0.888671875,33,17
100,0.126953125,0.873046875,37,21
101,0.10546875,0.89453125,33,17
110,0.14453125,0.85546875,33,21
111,0.14453125,0.85546875,29,17
