state,p_marked,error,gate_count,depth
000,0.51953125,0.48046875,32,16
001,0.490234375,0.509765625,30,14
010,0.501953125,0.498046875,30,16
011,0.53125,0.46875,28,14
100,0.53515625,0.46484375,30,16
101,0.45703125,0.54296875,28,14
110,0.47265625,0.52734375,28,16
111,0.490234375,0.509765625,26,14
