state,p_marked,error,gate_count,depth
000,0.125,0.875,54,28
001,0.126953125,0.873046875,52,26
010,0.142578125,0.857421875,52,28
011,0.130859375,0.869140625,50,26
100,0.13671875,0.86328125,52,28
101,0.1484375,0.8515625,50,26
110,0.1328125,0.8671875,50,28
111,0.1171875,0.8828125,48,26
