state,p_marked,error,gate_count,depth
000,0.12109375,0.87890625,58,29
001,0.12109375,0.87890625,54,25
010,0.115234375,0.884765625,54,29
011,0.125,0.875,50,25
100,0.103515625,0.896484375,54,29
101,0.12890625,0.87109375,50,25
110,0.125,0.875,50,29
111,0.142578125,0.857421875,46,25
