state,p_marked,error,gate_count,depth
000,0.130859375,0.869140625,58,30
001,0.138671875,0.861328125,54,26
010,0.119140625,0.880859375,54,30
011,0.14453125,0.85546875,50,26
100,0.109375,0.890625,54,30
101,0.162109375,0.837890625,50,26
110,0.150390625,0.849609375,50,30
111,0.146484375,0.853515625,46,26
