state,p_marked,error,gate_count,depth
000,0.490234375,0.509765625,32,16
001,0.470703125,0.529296875,30,14
010,0.494140625,0.505859375,30,16
011,0.486328125,0.513671875,28,14
100,0.43359375,0.56640625,30,16
101,0.525390625,0.474609375,28,14
110,0.458984375,0.541015625,28,16
111,0.513671875,0.486328125,26,14
