state,p_marked,error,gate_count,depth
000,0.5,0.5,32,16
001,0.5234375,0.4765625,30,14
010,0.51171875,0.48828125,30,16
011,0.515625,0.484375,28,14
100,0.5078125,0.4921875,30,16
101,0.517578125,0.482421875,28,14
110,0.525390625,0.474609375,28,16
111,0.51171875,0.48828125,26,14
