state,p_marked,error,gate_count,depth
000,0.11328125,0.88671875,36,20
001,0.154296875,0.845703125,34,18
010,0.12109375,0.87890625,34,20
011,0.11328125,0.88671875,32,18
100,0.125,0.875,34,20
101,0.091796875,0.908203125,32,18
110,0.123046875,0.876953125,32,20
111,0.11328125,0.88671875,30,18
