state,p_marked,error,gate_count,depth
000,0.0,1.0,41,20
001,0.0,1.0,37,16
010,0.0,1.0,37,20
011,0.0,1.0,33,16
100,0.142578125,0.857421875,37,20
101,0.126953125,0.873046875,33,16
110,0.12109375,0.87890625,33,20
111,0.12109375,0.87890625,29,16
