state,p_marked,error,gate_count,depth
000,0.10546875,0.89453125,32,16
001,0.130859375,0.869140625,30,14
010,0.1328125,0.8671875,30,16
011,0.12109375,0.87890625,28,14
100,0.130859375,0.869140625,30,16
101,0.1328125,0.8671875,28,14
110,0.130859375,0.869140625,28,16
111,0.130859375,0.869140625,26,14
