state,p_marked,error,gate_count,depth
000,0.109375,0.890625,41,20
001,0.12890625,0.87109375,37,16
010,0.134765625,0.865234375,37,20
011,0.1171875,0.8828125,33,16
100,0.13671875,0.86328125,37,20
101,0.130859375,0.869140625,33,16
110,0.1328125,0.8671875,33,20
111,0.138671875,0.861328125,29,16
