state,p_marked,error,gate_count,depth
000,0.125,0.875,56,29
001,0.10546875,0.89453125,54,27
010,0.099609375,0.900390625,54,29
011,0.10546875,0.89453125,52,27
100,0.138671875,0.861328125,54,29
101,0.111328125,0.888671875,52,27
110,0.13671875,0.86328125,52,29
111,0.126953125,0.873046875,50,27
