state,p_marked,error,gate_count,depth
000,0.11328125,0.88671875,41,21
001,0.111328125,0.888671875,37,17
010,0.134765625,0.865234375,37,21
011,0.103515625,0.896484375,33,17
100,0.1171875,0.8828125,37,21
101,0.134765625,0.865234375,33,17
110,0.109375,0.890625,33,21
111,0.10546875,0.89453125,29,17
