state,p_marked,error,gate_count,depth
000,0.109375,0.890625,46,24
001,0.134765625,0.865234375,42,20
010,0.14453125,0.85546875,42,24
011,0.125,0.875,38,20
100,0.13671875,0.86328125,42,24
101,0.125,0.875,38,20
110,0.12890625,0.87109375,38,24
111,0.130859375,0.869140625,34,20
