state,p_marked,error,gate_count,depth
000,0.119140625,0.880859375,46,23
001,0.126953125,0.873046875,42,19
010,0.126953125,0.873046875,42,23
011,0.095703125,0.904296875,38,19
100,0.1015625,0.8984375,42,23
101,0.107421875,0.892578125,38,19
110,0.15234375,0.84765625,38,23
111,0.1171875,0.8828125,34,19
