state,p_marked,error,gate_count,depth
000,0.14453125,0.85546875,42,20
001,0.123046875,0.876953125,38,17
010,0.09765625,0.90234375,38,20
011,0.123046875,0.876953125,34,17
100,0.14453125,0.85546875,38,20
101,0.16015625,0.83984375,34,17
110,0.12890625,0.87109375,34,20
111,0.107421875,0.892578125,30,16
