state,p_marked,error,gate_count,depth
000,0.533203125,0.466796875,41,21
001,0.501953125,0.498046875,37,17
010,0.466796875,0.533203125,37,21
011,0.484375,0.515625,33,17
100,0.509765625,0.490234375,37,21
101,0.494140625,0.505859375,33,17
110,0.5078125,0.4921875,33,21
111,0.486328125,0.513671875,29,17
