state,p_marked,error,gate_count,depth
000,0.09765625,0.90234375,54,31
001,0.12890625,0.87109375,52,29
010,0.064453125,0.935546875,52,31
011,0.1171875,0.8828125,50,29
100,0.08203125,0.91796875,52,31
101,0.06640625,0.93359375,50,29
110,0.107421875,0.892578125,50,31
111,0.052734375,0.947265625,48,29
