state,p_marked,error,gate_count,depth
000,0.15234375,0.84765625,60,30
001,0.103515625,0.896484375,60,30
010,0.125,0.875,60,30
011,0.1171875,0.8828125,60,30
100,0.111328125,0.888671875,60,30
101,0.119140625,0.880859375,60,30
110,0.12109375,0.87890625,60,30
111,0.111328125,0.888671875,60,30
