state,p_marked,error,gate_count,depth
000,0.091796875,0.908203125,32,15
001,0.12890625,0.87109375,30,13
010,0.13671875,0.86328125,30,15
011,0.1171875,0.8828125,28,13
100,0.130859375,0.869140625,30,15
101,0.1171875,0.8828125,28,13
110,0.15625,0.84375,28,15
111,0.134765625,0.865234375,26,13
