state,p_marked,error,gate_count,depth
000,0.134765625,0.865234375,58,31
001,0.109375,0.890625,56,29
010,0.13671875,0.86328125,56,31
011,0.111328125,0.888671875,54,29
100,0.14453125,0.85546875,56,31
101,0.126953125,0.873046875,54,29
110,0.15234375,0.84765625,54,31
111,0.158203125,0.841796875,52,29
