state,p_marked,error,gate_count,depth
000,0.142578125,0.857421875,50,25
001,0.1328125,0.8671875,48,23
010,0.1328125,0.8671875,48,25
011,0.10546875,0.89453125,46,23
100,0.119140625,0.880859375,48,25
101,0.12890625,0.87109375,46,23
110,0.13671875,0.86328125,46,25
111,0.08984375,0.91015625,44,23
