state,p_marked,error,gate_count,depth
000,0.236328125,0.763671875,41,21
001,0.2421875,0.7578125,37,17
010,0.279296875,0.720703125,37,21
011,0.259765625,0.740234375,33,17
100,0.302734375,0.697265625,37,21
101,0.271484375,0.728515625,33,17
110,0.25,0.75,33,21
111,0.27734375,0.72265625,29,17
