state,p_marked,error,gate_count,depth
000,0.251953125,0.748046875,32,16
001,0.220703125,0.779296875,30,14
010,0.220703125,0.779296875,30,16
011,0.23828125,0.76171875,28,14
100,0.26171875,0.73828125,30,16
101,0.23828125,0.76171875,28,14
110,0.2421875,0.7578125,28,16
111,0.205078125,0.794921875,26,14
