state,p_marked,error,gate_count,depth
000,0.134765625,0.865234375,32,15
001,0.09375,0.90625,30,13
010,0.12109375,0.87890625,30,15
011,0.123046875,0.876953125,28,13
100,0.140625,0.859375,30,15
101,0.126953125,0.873046875,28,13
110,0.115234375,0.884765625,28,15
111,0.12109375,0.87890625,26,13
