state,p_marked,error,gate_count,depth
000,0.052734375,0.947265625,42,21
001,0.064453125,0.935546875,42,21
010,0.544921875,0.455078125,42,21
011,0.076171875,0.923828125,42,21
100,0.068359375,0.931640625,42,21
101,0.072265625,0.927734375,42,21
110,0.056640625,0.943359375,42,21
111,0.0546875,0.9453125,42,21
