state,p_marked,error,gate_count,depth
000,0.0,1.0,38,20
001,0.09765625,0.90234375,36,18
010,0.0,1.0,36,20
011,0.12890625,0.87109375,34,18
100,0.12109375,0.87890625,36,20
101,0.0,1.0,34,18
110,0.146484375,0.853515625,34,20
111,0.0,1.0,32,18
