state,p_marked,error,gate_count,depth
000,0.123046875,0.876953125,41,19
001,0.130859375,0.869140625,41,19
010,0.111328125,0.888671875,41,19
011,0.11328125,0.88671875,41,19
100,0.1328125,0.8671875,41,19
101,0.14453125,0.85546875,41,19
110,0.123046875,0.876953125,41,19
111,0.115234375,0.884765625,41,19
