state,p_marked,error,gate_count,depth
000,0.08203125,0.91796875,111,75
001,0.078125,0.921875,109,73
010,0.025390625,0.974609375,109,75
011,0.029296875,0.970703125,107,73
100,0.220703125,0.779296875,109,75
101,0.015625,0.984375,107,73
110,0.251953125,0.748046875,107,75
111,0.12109375,0.87890625,105,73
