state,p_marked,error,gate_count,depth
000,0.150390625,0.849609375,50,25
001,0.130859375,0.869140625,48,23
010,0.154296875,0.845703125,48,25
011,0.1328125,0.8671875,46,23
100,0.111328125,0.888671875,48,25
101,0.123046875,0.876953125,46,23
110,0.146484375,0.853515625,46,25
111,0.123046875,0.876953125,44,23
