state,p_marked,error,gate_count,depth
000,0.12109375,0.87890625,15,7
001,0.13671875,0.86328125,13,5
010,0.111328125,0.888671875,13,7
011,0.109375,0.890625,11,5
100,0.103515625,0.896484375,13,7
101,0.1328125,0.8671875,11,5
110,0.138671875,0.861328125,11,7
111,0.12109375,0.87890625,9,5
