state,p_marked,error,gate_count,depth
000,0.27734375,0.72265625,41,21
001,0.259765625,0.740234375,37,17
010,0.25390625,0.74609375,37,21
011,0.19140625,0.80859375,33,17
100,0.2421875,0.7578125,37,21
101,0.251953125,0.748046875,33,17
110,0.228515625,0.771484375,33,21
111,0.251953125,0.748046875,29,17
