state,p_marked,error,gate_count,depth
000,0.525390625,0.474609375,32,16
001,0.486328125,0.513671875,30,14
010,0.49609375,0.50390625,30,16
011,0.4921875,0.5078125,28,14
100,0.513671875,0.486328125,30,16
101,0.54296875,0.45703125,28,14
110,0.50390625,0.49609375,28,16
111,0.482421875,0.517578125,26,14
