state,p_marked,error,gate_count,depth
000,0.123046875,0.876953125,23,10
001,0.1171875,0.8828125,23,10
010,0.13671875,0.86328125,23,10
011,0.138671875,0.861328125,23,10
100,0.14453125,0.85546875,23,10
101,0.111328125,0.888671875,23,10
110,0.123046875,0.876953125,23,10
111,0.146484375,0.853515625,23,10
