state,p_marked,error,gate_count,depth
000,0.484375,0.515625,32,16
001,0.501953125,0.498046875,30,14
010,0.4296875,0.5703125,30,16
011,0.494140625,0.505859375,28,14
100,0.494140625,0.505859375,30,16
101,0.443359375,0.556640625,28,14
110,0.4609375,0.5390625,28,16
111,0.521484375,0.478515625,26,14
