state,p_marked,error,gate_count,depth
000,0.109375,0.890625,24,12
001,0.119140625,0.880859375,20,8
010,0.138671875,0.861328125,20,12
011,0.125,0.875,16,8
100,0.15625,0.84375,20,12
101,0.146484375,0.853515625,16,8
110,0.140625,0.859375,16,12
111,0.119140625,0.880859375,12,8
