state,p_marked,error,gate_count,depth
000,0.119140625,0.880859375,71,41
001,0.107421875,0.892578125,69,39
010,0.0,1.0,69,41
011,0.25390625,0.74609375,67,39
100,0.091796875,0.908203125,69,41
101,0.1796875,0.8203125,67,39
110,0.00390625,0.99609375,67,41
111,0.19140625,0.80859375,65,39
