state,p_marked,error,gate_count,depth
000,0.0625,0.9375,32,15
001,0.056640625,0.943359375,30,13
010,0.06640625,0.93359375,30,15
011,0.05859375,0.94140625,28,13
100,0.0703125,0.9296875,30,15
101,0.044921875,0.955078125,28,13
110,0.05859375,0.94140625,28,15
111,0.0703125,0.9296875,26,13
