state,p_marked,error,gate_count,depth
000,0.109375,0.890625,24,12
001,0.1171875,0.8828125,24,12
010,0.126953125,0.873046875,24,12
011,0.134765625,0.865234375,24,12
100,0.134765625,0.865234375,24,12
101,0.1484375,0.8515625,24,12
110,0.150390625,0.849609375,24,12
111,0.1171875,0.8828125,24,12
