state,p_marked,error,gate_count,depth
000,0.138671875,0.861328125,68,35
001,0.119140625,0.880859375,62,30
010,0.130859375,0.869140625,62,35
011,0.125,0.875,56,29
100,0.134765625,0.865234375,62,35
101,0.1015625,0.8984375,56,30
110,0.14453125,0.85546875,56,35
111,0.1171875,0.8828125,50,29
