state,p_marked,error,gate_count,depth
000,0.12109375,0.87890625,24,12
001,0.1171875,0.8828125,24,12
010,0.1328125,0.8671875,24,12
011,0.154296875,0.845703125,24,12
100,0.130859375,0.869140625,24,12
101,0.115234375,0.884765625,24,12
110,0.109375,0.890625,24,12
111,0.126953125,0.873046875,24,12
