state,p_marked,error,gate_count,depth
000,0.14453125,0.85546875,32,15
001,0.12109375,0.87890625,30,13
010,0.162109375,0.837890625,30,15
011,0.123046875,0.876953125,28,13
100,0.1171875,0.8828125,30,15
101,0.142578125,0.857421875,28,13
110,0.14453125,0.85546875,28,15
111,0.109375,0.890625,26,13
