state,p_marked,error,gate_count,depth
000,0.478515625,0.521484375,41,21
001,0.451171875,0.548828125,37,17
010,0.494140625,0.505859375,37,21
011,0.48828125,0.51171875,33,17
100,0.49609375,0.50390625,37,21
101,0.498046875,0.501953125,33,17
110,0.490234375,0.509765625,33,21
111,0.517578125,0.482421875,29,17
