state,p_marked,error,gate_count,depth
000,0.046875,0.953125,49,25
001,0.029296875,0.970703125,47,23
010,0.025390625,0.974609375,47,25
011,0.24609375,0.75390625,45,23
100,0.021484375,0.978515625,47,25
101,0.044921875,0.955078125,45,23
110,0.025390625,0.974609375,45,25
111,0.28515625,0.71484375,43,23
