state,p_marked,error,gate_count,depth
000,0.123046875,0.876953125,77,39
001,0.134765625,0.865234375,73,36
010,0.1015625,0.8984375,73,39
011,0.123046875,0.876953125,69,36
100,0.123046875,0.876953125,73,39
101,0.111328125,0.888671875,69,35
110,0.107421875,0.892578125,69,39
111,0.109375,0.890625,65,35
