state,p_marked,error,gate_count,depth
000,0.0546875,0.9453125,32,15
001,0.056640625,0.943359375,30,13
010,0.037109375,0.962890625,30,15
011,0.05078125,0.94921875,28,13
100,0.072265625,0.927734375,30,15
101,0.05859375,0.94140625,28,13
110,0.064453125,0.935546875,28,15
111,0.05859375,0.94140625,26,13
