state,p_marked,error,gate_count,depth
000,0.13671875,0.86328125,33,17
001,0.1328125,0.8671875,27,11
010,0.11328125,0.88671875,27,17
011,0.125,0.875,21,11
100,0.119140625,0.880859375,27,17
101,0.12109375,0.87890625,21,11
110,0.1328125,0.8671875,21,17
111,0.140625,0.859375,15,11
