state,p_marked,error,gate_count,depth
000,0.5390625,0.4609375,41,21
001,0.482421875,0.517578125,37,17
010,0.513671875,0.486328125,37,21
011,0.49609375,0.50390625,33,17
100,0.53125,0.46875,37,21
101,0.466796875,0.533203125,33,17
110,0.544921875,0.455078125,33,21
111,0.48046875,0.51953125,29,17
