state,p_marked,error,gate_count,depth
000,0.099609375,0.900390625,42,22
001,0.138671875,0.861328125,34,14
010,0.1328125,0.8671875,34,22
011,0.1015625,0.8984375,26,14
100,0.13671875,0.86328125,34,22
101,0.1015625,0.8984375,26,14
110,0.130859375,0.869140625,26,22
111,0.134765625,0.865234375,18,14
