state,p_marked,error,gate_count,depth
000,0.26953125,0.73046875,44,23
001,0.1484375,0.8515625,40,19
010,0.0,1.0,40,23
011,0.12890625,0.87109375,36,19
100,0.123046875,0.876953125,40,23
101,0.0,1.0,36,19
110,0.130859375,0.869140625,36,23
111,0.271484375,0.728515625,32,19
