state,p_marked,error,gate_count,depth
000,0.115234375,0.884765625,52,27
001,0.107421875,0.892578125,50,25
010,0.14453125,0.85546875,50,27
011,0.123046875,0.876953125,48,25
100,0.162109375,0.837890625,50,27
101,0.1171875,0.8828125,48,25
110,0.123046875,0.876953125,48,27
111,0.1171875,0.8828125,46,25
