state,p_marked,error,gate_count,depth
000,0.138671875,0.861328125,114,58
001,0.00390625,0.99609375,106,50
010,0.119140625,0.880859375,106,58
011,0.53125,0.46875,98,50
100,0.123046875,0.876953125,106,58
101,0.001953125,0.998046875,98,50
110,0.00390625,0.99609375,98,58
111,0.1484375,0.8515625,90,50
