state,p_marked,error,gate_count,depth
000,0.138671875,0.861328125,33,17
001,0.119140625,0.880859375,27,11
010,0.11328125,0.88671875,27,17
011,0.111328125,0.888671875,21,11
100,0.125,0.875,27,17
101,0.154296875,0.845703125,21,11
110,0.12109375,0.87890625,21,17
111,0.123046875,0.876953125,15,11
