state,p_marked,error,gate_count,depth
000,0.109375,0.890625,15,7
001,0.17578125,0.82421875,13,5
010,0.111328125,0.888671875,13,7
011,0.123046875,0.876953125,11,5
100,0.119140625,0.880859375,13,7
101,0.146484375,0.853515625,11,5
110,0.1328125,0.8671875,11,7
111,0.126953125,0.873046875,9,5
