state,p_marked,error,gate_count,depth
000,0.1328125,0.8671875,33,17
001,0.146484375,0.853515625,27,11
010,0.134765625,0.865234375,27,17
011,0.1328125,0.8671875,21,11
100,0.130859375,0.869140625,27,17
101,0.1015625,0.8984375,21,11
110,0.109375,0.890625,21,17
111,0.08984375,0.91015625,15,11
