state,p_marked,error,gate_count,depth
000,0.109375,0.890625,33,15
001,0.138671875,0.861328125,31,13
010,0.1328125,0.8671875,31,15
011,0.125,0.875,29,13
100,0.138671875,0.861328125,31,15
101,0.15234375,0.84765625,29,13
110,0.12890625,0.87109375,29,15
111,0.12109375,0.87890625,27,13
