state,p_marked,error,gate_count,depth
000,0.134765625,0.865234375,24,11
001,0.125,0.875,24,11
010,0.126953125,0.873046875,24,11
011,0.115234375,0.884765625,24,11
100,0.119140625,0.880859375,24,11
101,0.158203125,0.841796875,24,11
110,0.130859375,0.869140625,24,11
111,0.123046875,0.876953125,24,11
