state,p_marked,error,gate_count,depth
000,0.0078125,0.9921875,127,73
001,0.03125,0.96875,119,66
010,0.078125,0.921875,119,73
011,0.005859375,0.994140625,111,66
100,0.033203125,0.966796875,119,72
101,0.00390625,0.99609375,111,65
110,0.17578125,0.82421875,111,72
111,0.11328125,0.88671875,103,65
