state,p_marked,error,gate_count,depth
000,0.111328125,0.888671875,27,14
001,0.11328125,0.88671875,27,14
010,0.123046875,0.876953125,27,14
011,0.103515625,0.896484375,27,14
100,0.12890625,0.87109375,27,14
101,0.125,0.875,27,14
110,0.1328125,0.8671875,27,14
111,0.12109375,0.87890625,27,14
