state,p_marked,error,gate_count,depth
000,0.115234375,0.884765625,49,24
001,0.10546875,0.89453125,47,22
010,0.142578125,0.857421875,47,24
011,0.125,0.875,45,22
100,0.140625,0.859375,47,24
101,0.09765625,0.90234375,45,22
110,0.146484375,0.853515625,45,24
111,0.14453125,0.85546875,43,22
