state,p_marked,error,gate_count,depth
000,0.115234375,0.884765625,24,12
001,0.111328125,0.888671875,20,8
010,0.130859375,0.869140625,20,12
011,0.12109375,0.87890625,16,8
100,0.123046875,0.876953125,20,12
101,0.115234375,0.884765625,16,8
110,0.158203125,0.841796875,16,12
111,0.140625,0.859375,12,8
