state,p_marked,error,gate_count,depth
000,0.150390625,0.849609375,49,24
001,0.1171875,0.8828125,47,22
010,0.09375,0.90625,47,24
011,0.1484375,0.8515625,45,22
100,0.158203125,0.841796875,47,24
101,0.134765625,0.865234375,45,22
110,0.130859375,0.869140625,45,24
111,0.10546875,0.89453125,43,22
