state,p_marked,error,gate_count,depth
000,0.099609375,0.900390625,15,7
001,0.107421875,0.892578125,13,5
010,0.1171875,0.8828125,13,7
011,0.130859375,0.869140625,11,5
100,0.134765625,0.865234375,13,7
101,0.123046875,0.876953125,11,5
110,0.1171875,0.8828125,11,7
111,0.099609375,0.900390625,9,5
