state,p_marked,error,gate_count,depth
000,0.103515625,0.896484375,133,71
001,0.03125,0.96875,131,69
010,0.041015625,0.958984375,131,71
011,0.08203125,0.91796875,129,69
100,0.087890625,0.912109375,131,71
101,0.03125,0.96875,129,69
110,0.333984375,0.666015625,129,71
111,0.361328125,0.638671875,127,69
