state,p_marked,error,gate_count,depth
000,0.033203125,0.966796875,73,37
001,0.08984375,0.91015625,71,35
010,0.05078125,0.94921875,71,37
011,0.0625,0.9375,69,35
100,0.1015625,0.8984375,71,37
101,0.03125,0.96875,69,35
110,0.080078125,0.919921875,69,37
111,0.033203125,0.966796875,67,35
