state,p_marked,error,gate_count,depth
000,0.0703125,0.9296875,87,54
001,0.189453125,0.810546875,79,46
010,0.22265625,0.77734375,79,54
011,0.060546875,0.939453125,71,46
100,0.189453125,0.810546875,79,54
101,0.056640625,0.943359375,71,46
110,0.05859375,0.94140625,71,54
111,0.18359375,0.81640625,63,46
