state,p_marked,error,gate_count,depth
000,0.486328125,0.513671875,41,21
001,0.51953125,0.48046875,37,17
010,0.46484375,0.53515625,37,21
011,0.529296875,0.470703125,33,17
100,0.564453125,0.435546875,37,21
101,0.513671875,0.486328125,33,17
110,0.51171875,0.48828125,33,21
111,0.484375,0.515625,29,17
