state,p_marked,error,gate_count,depth
000,0.525390625,0.474609375,41,21
001,0.52734375,0.47265625,37,17
010,0.501953125,0.498046875,37,21
011,0.501953125,0.498046875,33,17
100,0.484375,0.515625,37,21
101,0.50390625,0.49609375,33,17
110,0.447265625,0.552734375,33,21
111,0.53515625,0.46484375,29,17
