state,p_marked,error,gate_count,depth
000,0.15234375,0.84765625,59,30
001,0.1484375,0.8515625,51,22
010,0.103515625,0.896484375,51,30
011,0.11328125,0.88671875,43,22
100,0.11328125,0.88671875,51,30
101,0.115234375,0.884765625,43,22
110,0.09765625,0.90234375,43,30
111,0.150390625,0.849609375,35,22
