state,p_marked,error,gate_count,depth
000,0.4765625,0.5234375,42,22
001,0.513671875,0.486328125,38,18
010,0.517578125,0.482421875,38,22
011,0.14453125,0.85546875,34,18
100,0.529296875,0.470703125,38,22
101,0.474609375,0.525390625,34,18
110,0.103515625,0.896484375,34,22
111,0.51953125,0.48046875,30,18
