state,p_marked,error,gate_count,depth
000,0.14453125,0.85546875,49,25
001,0.126953125,0.873046875,47,23
010,0.134765625,0.865234375,47,25
011,0.12109375,0.87890625,45,23
100,0.111328125,0.888671875,47,25
101,0.107421875,0.892578125,45,23
110,0.125,0.875,45,25
111,0.119140625,0.880859375,43,23
