state,p_marked,error,gate_count,depth
000,0.1328125,0.8671875,98,52
001,0.111328125,0.888671875,94,48
010,0.1171875,0.8828125,94,52
011,0.140625,0.859375,90,48
100,0.12109375,0.87890625,94,52
101,0.111328125,0.888671875,90,48
110,0.109375,0.890625,90,52
111,0.099609375,0.900390625,86,48
