state,p_marked,error,gate_count,depth
000,0.05859375,0.94140625,93,56
001,0.0625,0.9375,87,50
010,0.037109375,0.962890625,87,56
011,0.125,0.875,81,50
100,0.0,1.0,87,56
101,0.26171875,0.73828125,81,50
110,0.12109375,0.87890625,81,56
111,0.0,1.0,75,50
