state,p_marked,error,gate_count,depth
000,0.51953125,0.48046875,32,16
001,0.44921875,0.55078125,30,14
010,0.50390625,0.49609375,30,16
011,0.486328125,0.513671875,28,14
100,0.474609375,0.525390625,30,16
101,0.529296875,0.470703125,28,14
110,0.46875,0.53125,28,16
111,0.498046875,0.501953125,26,14
