state,p_marked,error,gate_count,depth
000,0.49609375,0.50390625,50,26
001,0.51171875,0.48828125,44,20
010,0.501953125,0.498046875,44,26
011,0.529296875,0.470703125,38,20
100,0.453125,0.546875,44,26
101,0.49609375,0.50390625,38,20
110,0.53125,0.46875,38,26
111,0.505859375,0.494140625,32,20
