state,p_marked,error,gate_count,depth
000,0.138671875,0.861328125,32,16
001,0.099609375,0.900390625,30,14
010,0.115234375,0.884765625,30,16
011,0.1171875,0.8828125,28,14
100,0.1328125,0.8671875,30,16
101,0.146484375,0.853515625,28,14
110,0.140625,0.859375,28,16
111,0.12109375,0.87890625,26,14
