state,p_marked,error,gate_count,depth
000,0.111328125,0.888671875,42,22
001,0.125,0.875,34,14
010,0.109375,0.890625,34,22
011,0.1015625,0.8984375,26,14
100,0.1171875,0.8828125,34,22
101,0.119140625,0.880859375,26,14
110,0.134765625,0.865234375,26,22
111,0.109375,0.890625,18,14
