state,p_marked,error,gate_count,depth
000,0.138671875,0.861328125,32,16
001,0.087890625,0.912109375,30,14
010,0.119140625,0.880859375,30,16
011,0.1328125,0.8671875,28,14
100,0.12890625,0.87109375,30,16
101,0.12109375,0.87890625,28,14
110,0.138671875,0.861328125,28,16
111,0.16015625,0.83984375,26,14
