state,p_marked,error,gate_count,depth
000,0.083984375,0.916015625,42,21
001,0.1171875,0.8828125,38,17
010,0.16015625,0.83984375,38,21
011,0.123046875,0.876953125,34,17
100,0.125,0.875,38,21
101,0.142578125,0.857421875,34,17
110,0.134765625,0.865234375,34,21
111,0.126953125,0.873046875,30,17
