state,p_marked,error,gate_count,depth
000,0.1171875,0.8828125,59,30
001,0.125,0.875,55,27
010,0.134765625,0.865234375,55,30
011,0.123046875,0.876953125,51,26
100,0.146484375,0.853515625,55,30
101,0.107421875,0.892578125,51,27
110,0.123046875,0.876953125,51,30
111,0.142578125,0.857421875,47,26
