state,p_marked,error,gate_count,depth
000,0.107421875,0.892578125,47,26
001,0.140625,0.859375,47,26
010,0.130859375,0.869140625,47,26
011,0.125,0.875,47,26
100,0.125,0.875,47,26
101,0.13671875,0.86328125,47,26
110,0.1171875,0.8828125,47,26
111,0.099609375,0.900390625,47,26
