state,p_marked,error,gate_count,depth
000,0.48828125,0.51171875,41,21
001,0.51171875,0.48828125,37,17
010,0.498046875,0.501953125,37,21
011,0.462890625,0.537109375,33,17
100,0.49609375,0.50390625,37,21
101,0.4765625,0.5234375,33,17
110,0.51171875,0.48828125,33,21
111,0.517578125,0.482421875,29,17
