state,p_marked,error,gate_count,depth
000,0.1015625,0.8984375,41,23
001,0.27734375,0.72265625,39,21
010,0.59765625,0.40234375,39,23
011,0.10546875,0.89453125,37,21
100,0.1015625,0.8984375,39,23
101,0.27734375,0.72265625,37,21
110,0.568359375,0.431640625,37,23
111,0.09375,0.90625,35,21
