state,p_marked,error,gate_count,depth
000,0.123046875,0.876953125,67,41
001,0.140625,0.859375,65,40
010,0.125,0.875,65,41
011,0.125,0.875,63,40
100,0.15625,0.84375,65,41
101,0.11328125,0.88671875,63,40
110,0.11328125,0.88671875,63,40
111,0.11328125,0.88671875,61,39
