state,p_marked,error,gate_count,depth
000,0.046875,0.953125,52,26
001,0.0,1.0,50,24
010,0.591796875,0.408203125,50,26
011,0.275390625,0.724609375,48,24
100,0.0,1.0,50,26
101,0.046875,0.953125,48,24
110,0.0,1.0,48,26
111,0.54296875,0.45703125,46,24
