state,p_marked,error,gate_count,depth
000,0.134765625,0.865234375,23,10
001,0.1328125,0.8671875,23,10
010,0.140625,0.859375,23,10
011,0.115234375,0.884765625,23,10
100,0.15234375,0.84765625,23,10
101,0.1328125,0.8671875,23,10
110,0.115234375,0.884765625,23,10
111,0.13671875,0.86328125,23,10
