state,p_marked,error,gate_count,depth
000,0.056640625,0.943359375,47,25
001,0.30078125,0.69921875,43,21
010,0.0546875,0.9453125,43,25
011,0.318359375,0.681640625,39,21
100,0.333984375,0.666015625,43,25
101,0.052734375,0.947265625,39,21
110,0.322265625,0.677734375,39,25
111,0.060546875,0.939453125,35,21
