state,p_marked,error,gate_count,depth
000,0.1015625,0.8984375,24,12
001,0.125,0.875,20,8
010,0.095703125,0.904296875,20,12
011,0.11328125,0.88671875,16,8
100,0.1328125,0.8671875,20,12
101,0.125,0.875,16,8
110,0.134765625,0.865234375,16,12
111,0.107421875,0.892578125,12,8
