state,p_marked,error,gate_count,depth
000,0.529296875,0.470703125,41,21
001,0.46484375,0.53515625,37,17
010,0.5,0.5,37,21
011,0.5546875,0.4453125,33,17
100,0.482421875,0.517578125,37,21
101,0.435546875,0.564453125,33,17
110,0.509765625,0.490234375,33,21
111,0.443359375,0.556640625,29,17
