state,p_marked,error,gate_count,depth
000,0.26953125,0.73046875,32,16
001,0.28125,0.71875,30,14
010,0.220703125,0.779296875,30,16
011,0.25,0.75,28,14
100,0.244140625,0.755859375,30,16
101,0.2421875,0.7578125,28,14
110,0.255859375,0.744140625,28,16
111,0.2109375,0.7890625,26,14
