state,p_marked,error,gate_count,depth
000,0.126953125,0.873046875,54,29
001,0.0,1.0,48,23
010,0.12109375,0.87890625,48,29
011,0.0,1.0,42,23
100,0.134765625,0.865234375,48,29
101,0.0,1.0,42,23
110,0.107421875,0.892578125,42,29
111,0.0,1.0,36,23
