state,p_marked,error,gate_count,depth
000,0.125,0.875,15,7
001,0.111328125,0.888671875,13,5
010,0.140625,0.859375,13,7
011,0.115234375,0.884765625,11,5
100,0.11328125,0.88671875,13,7
101,0.107421875,0.892578125,11,5
110,0.140625,0.859375,11,7
111,0.12890625,0.87109375,9,5
