state,p_marked,error,gate_count,depth
000,0.16015625,0.83984375,32,15
001,0.134765625,0.865234375,30,13
010,0.1484375,0.8515625,30,15
011,0.125,0.875,28,13
100,0.138671875,0.861328125,30,15
101,0.142578125,0.857421875,28,13
110,0.1015625,0.8984375,28,15
111,0.109375,0.890625,26,13
