state,p_marked,error,gate_count,depth
000,0.146484375,0.853515625,61,32
001,0.111328125,0.888671875,57,28
010,0.12890625,0.87109375,57,32
011,0.12890625,0.87109375,53,28
100,0.09375,0.90625,57,32
101,0.13671875,0.86328125,53,28
110,0.140625,0.859375,53,32
111,0.091796875,0.908203125,49,28
