state,p_marked,error,gate_count,depth
000,0.478515625,0.521484375,41,21
001,0.48046875,0.51953125,37,17
010,0.5078125,0.4921875,37,21
011,0.517578125,0.482421875,33,17
100,0.484375,0.515625,37,21
101,0.541015625,0.458984375,33,17
110,0.486328125,0.513671875,33,21
111,0.4921875,0.5078125,29,17
