state,p_marked,error,gate_count,depth
000,0.08203125,0.91796875,41,20
001,0.119140625,0.880859375,37,16
010,0.14453125,0.85546875,37,20
011,0.14453125,0.85546875,33,16
100,0.130859375,0.869140625,37,20
101,0.103515625,0.896484375,33,16
110,0.119140625,0.880859375,33,20
111,0.12109375,0.87890625,29,16
