state,p_marked,error,gate_count,depth
000,0.14453125,0.85546875,38,20
001,0.0,1.0,36,18
010,0.13671875,0.86328125,36,20
011,0.0,1.0,34,18
100,0.0,1.0,36,20
101,0.11328125,0.88671875,34,18
110,0.0,1.0,34,20
111,0.146484375,0.853515625,32,18
