state,p_marked,error,gate_count,depth
000,0.0,1.0,25,11
001,0.296875,0.703125,25,11
010,0.001953125,0.998046875,25,11
011,0.234375,0.765625,25,11
100,0.00390625,0.99609375,25,11
101,0.248046875,0.751953125,25,11
110,0.001953125,0.998046875,25,11
111,0.232421875,0.767578125,25,11
