state,p_marked,error,gate_count,depth
000,0.5,0.5,41,21
001,0.498046875,0.501953125,37,17
010,0.498046875,0.501953125,37,21
011,0.46875,0.53125,33,17
100,0.447265625,0.552734375,37,21
101,0.462890625,0.537109375,33,17
110,0.509765625,0.490234375,33,21
111,0.541015625,0.458984375,29,17
