state,p_marked,error,gate_count,depth
000,0.0625,0.9375,32,15
001,0.064453125,0.935546875,30,13
010,0.08984375,0.91015625,30,15
011,0.078125,0.921875,28,13
100,0.060546875,0.939453125,30,15
101,0.083984375,0.916015625,28,13
110,0.078125,0.921875,28,15
111,0.068359375,0.931640625,26,13
