state,p_marked,error,gate_count,depth
000,0.099609375,0.900390625,68,36
001,0.099609375,0.900390625,62,30
010,0.10546875,0.89453125,62,36
011,0.12890625,0.87109375,56,30
100,0.130859375,0.869140625,62,36
101,0.119140625,0.880859375,56,30
110,0.134765625,0.865234375,56,36
111,0.134765625,0.865234375,50,30
