state,p_marked,error,gate_count,depth
000,0.53515625,0.46484375,67,34
001,0.498046875,0.501953125,61,28
010,0.533203125,0.466796875,61,34
011,0.4453125,0.5546875,55,28
100,0.46875,0.53125,61,34
101,0.533203125,0.466796875,55,28
110,0.47265625,0.52734375,55,34
111,0.462890625,0.537109375,49,28
