state,p_marked,error,gate_count,depth
000,0.30859375,0.69140625,29,16
001,0.19140625,0.80859375,29,16
010,0.0,1.0,29,16
011,0.21484375,0.78515625,29,16
100,0.32421875,0.67578125,29,16
101,0.0,1.0,29,16
110,0.0,1.0,29,16
111,0.0,1.0,29,16
