state,p_marked,error,gate_count,depth
000,0.134765625,0.865234375,32,16
001,0.10546875,0.89453125,30,14
010,0.125,0.875,30,16
011,0.115234375,0.884765625,28,14
100,0.119140625,0.880859375,30,16
101,0.134765625,0.865234375,28,14
110,0.1015625,0.8984375,28,16
111,0.126953125,0.873046875,26,14
