state,p_marked,error,gate_count,depth
000,0.08203125,0.91796875,32,15
001,0.078125,0.921875,30,13
010,0.0625,0.9375,30,15
011,0.04296875,0.95703125,28,13
100,0.072265625,0.927734375,30,15
101,0.083984375,0.916015625,28,13
110,0.07421875,0.92578125,28,15
111,0.06640625,0.93359375,26,13
