state,p_marked,error,gate_count,depth
000,0.4765625,0.5234375,41,21
001,0.484375,0.515625,37,17
010,0.525390625,0.474609375,37,21
011,0.453125,0.546875,33,17
100,0.482421875,0.517578125,37,21
101,0.482421875,0.517578125,33,17
110,0.470703125,0.529296875,33,21
111,0.486328125,0.513671875,29,17
