state,p_marked,error,gate_count,depth
000,0.068359375,0.931640625,95,49
001,0.126953125,0.873046875,87,42
010,0.083984375,0.916015625,87,49
011,0.20703125,0.79296875,79,41
100,0.111328125,0.888671875,87,49
101,0.083984375,0.916015625,79,42
110,0.111328125,0.888671875,79,49
111,0.232421875,0.767578125,71,41
