state,p_marked,error,gate_count,depth
000,0.51953125,0.48046875,42,22
001,0.501953125,0.498046875,38,18
010,0.4921875,0.5078125,38,22
011,0.099609375,0.900390625,34,18
100,0.521484375,0.478515625,38,22
101,0.5078125,0.4921875,34,18
110,0.125,0.875,34,22
111,0.4765625,0.5234375,30,18
