state,p_marked,error,gate_count,depth
000,0.46875,0.53125,32,16
001,0.509765625,0.490234375,30,14
010,0.505859375,0.494140625,30,16
011,0.513671875,0.486328125,28,14
100,0.5234375,0.4765625,30,16
101,0.49609375,0.50390625,28,14
110,0.494140625,0.505859375,28,16
111,0.513671875,0.486328125,26,14
