state,p_marked,error,gate_count,depth
000,0.140625,0.859375,24,12
001,0.125,0.875,20,8
010,0.1640625,0.8359375,20,12
011,0.099609375,0.900390625,16,8
100,0.107421875,0.892578125,20,12
101,0.111328125,0.888671875,16,8
110,0.087890625,0.912109375,16,12
111,0.130859375,0.869140625,12,8
