state,p_marked,error,gate_count,depth
000,0.060546875,0.939453125,58,40
001,0.1484375,0.8515625,58,40
010,0.29296875,0.70703125,58,40
011,0.07421875,0.92578125,58,40
100,0.083984375,0.916015625,58,40
101,0.26171875,0.73828125,58,40
110,0.037109375,0.962890625,58,40
111,0.03515625,0.96484375,58,40
