state,p_marked,error,gate_count,depth
000,0.115234375,0.884765625,49,25
001,0.1171875,0.8828125,47,23
010,0.10546875,0.89453125,47,25
011,0.16796875,0.83203125,45,23
100,0.11328125,0.88671875,47,25
101,0.095703125,0.904296875,45,23
110,0.11328125,0.88671875,45,25
111,0.134765625,0.865234375,43,23
