state,p_marked,error,gate_count,depth
000,0.486328125,0.513671875,41,21
001,0.0,1.0,41,21
010,0.0,1.0,41,21
011,0.0,1.0,41,21
100,0.533203125,0.466796875,41,21
101,0.0,1.0,41,21
110,0.0,1.0,41,21
111,0.0,1.0,41,21
