state,p_marked,error,gate_count,depth
000,0.0390625,0.9609375,45,24
001,0.02734375,0.97265625,45,24
010,0.056640625,0.943359375,45,24
011,0.068359375,0.931640625,45,24
100,0.51953125,0.48046875,45,24
101,0.177734375,0.822265625,45,24
110,0.05078125,0.94921875,45,24
111,0.05859375,0.94140625,45,24
