state,p_marked,error,gate_count,depth
000,0.28515625,0.71484375,41,21
001,0.27734375,0.72265625,37,17
010,0.248046875,0.751953125,37,21
011,0.2421875,0.7578125,33,17
100,0.251953125,0.748046875,37,21
101,0.240234375,0.759765625,33,17
110,0.2265625,0.7734375,33,21
111,0.248046875,0.751953125,29,17
