state,p_marked,error,gate_count,depth
000,0.109375,0.890625,49,24
001,0.134765625,0.865234375,47,22
010,0.125,0.875,47,24
011,0.119140625,0.880859375,45,22
100,0.10546875,0.89453125,47,24
101,0.146484375,0.853515625,45,22
110,0.1484375,0.8515625,45,24
111,0.09765625,0.90234375,43,22
