state,p_marked,error,gate_count,depth
000,0.2578125,0.7421875,32,16
001,0.220703125,0.779296875,30,14
010,0.27734375,0.72265625,30,16
011,0.240234375,0.759765625,28,14
100,0.2421875,0.7578125,30,16
101,0.2421875,0.7578125,28,14
110,0.26953125,0.73046875,28,16
111,0.25390625,0.74609375,26,14
