state,p_marked,error,gate_count,depth
000,0.126953125,0.873046875,15,7
001,0.11328125,0.88671875,13,5
010,0.134765625,0.865234375,13,7
011,0.125,0.875,11,5
100,0.13671875,0.86328125,13,7
101,0.099609375,0.900390625,11,5
110,0.140625,0.859375,11,7
111,0.111328125,0.888671875,9,5
