state,p_marked,error,gate_count,depth
000,0.140625,0.859375,44,23
001,0.115234375,0.884765625,40,19
010,0.115234375,0.884765625,40,23
011,0.115234375,0.884765625,36,19
100,0.1171875,0.8828125,40,23
101,0.11328125,0.88671875,36,19
110,0.13671875,0.86328125,36,23
111,0.1328125,0.8671875,32,19
