state,p_marked,error,gate_count,depth
000,0.1328125,0.8671875,41,20
001,0.1015625,0.8984375,37,16
010,0.119140625,0.880859375,37,20
011,0.146484375,0.853515625,33,16
100,0.10546875,0.89453125,37,20
101,0.1171875,0.8828125,33,16
110,0.134765625,0.865234375,33,20
111,0.107421875,0.892578125,29,16
