state,p_marked,error,gate_count,depth
000,0.259765625,0.740234375,76,39
001,0.23828125,0.76171875,72,36
010,0.0234375,0.9765625,72,39
011,0.23828125,0.76171875,68,35
100,0.244140625,0.755859375,72,39
101,0.287109375,0.712890625,68,36
110,0.0234375,0.9765625,68,39
111,0.294921875,0.705078125,64,35
