state,p_marked,error,gate_count,depth
000,0.01953125,0.98046875,53,28
001,0.15625,0.84375,51,26
010,0.123046875,0.876953125,51,28
011,0.029296875,0.970703125,49,26
100,0.158203125,0.841796875,51,28
101,0.046875,0.953125,49,26
110,0.03515625,0.96484375,49,28
111,0.142578125,0.857421875,47,26
