state,p_marked,error,gate_count,depth
000,0.060546875,0.939453125,25,11
001,0.173828125,0.826171875,25,11
010,0.052734375,0.947265625,25,11
011,0.18359375,0.81640625,25,11
100,0.06640625,0.93359375,25,11
101,0.201171875,0.798828125,25,11
110,0.0625,0.9375,25,11
111,0.14453125,0.85546875,25,11
