state,p_marked,error,gate_count,depth
000,0.23828125,0.76171875,59,31
001,0.244140625,0.755859375,51,23
010,0.275390625,0.724609375,51,31
011,0.240234375,0.759765625,43,23
100,0.240234375,0.759765625,51,31
101,0.244140625,0.755859375,43,23
110,0.208984375,0.791015625,43,31
111,0.255859375,0.744140625,35,23
