state,p_marked,error,gate_count,depth
000,0.06640625,0.93359375,32,15
001,0.07421875,0.92578125,30,13
010,0.072265625,0.927734375,30,15
011,0.0625,0.9375,28,13
100,0.056640625,0.943359375,30,15
101,0.07421875,0.92578125,28,13
110,0.044921875,0.955078125,28,15
111,0.041015625,0.958984375,26,13
