state,p_marked,error,gate_count,depth
000,0.513671875,0.486328125,67,34
001,0.484375,0.515625,61,28
010,0.5,0.5,61,34
011,0.46484375,0.53515625,55,28
100,0.490234375,0.509765625,61,34
101,0.48046875,0.51953125,55,28
110,0.546875,0.453125,55,34
111,0.494140625,0.505859375,49,28
