state,p_marked,error,gate_count,depth
000,0.03515625,0.96484375,54,30
001,0.0234375,0.9765625,54,30
010,0.072265625,0.927734375,54,30
011,0.287109375,0.712890625,54,30
100,0.078125,0.921875,54,30
101,0.025390625,0.974609375,54,30
110,0.18359375,0.81640625,54,30
111,0.3203125,0.6796875,54,30
