state,p_marked,error,gate_count,depth
000,0.234375,0.765625,53,29
001,0.255859375,0.744140625,47,23
010,0.2421875,0.7578125,47,29
011,0.244140625,0.755859375,41,23
100,0.259765625,0.740234375,47,29
101,0.119140625,0.880859375,41,23
110,0.27734375,0.72265625,41,29
111,0.126953125,0.873046875,35,23
