state,p_marked,error,gate_count,depth
000,0.119140625,0.880859375,33,17
001,0.12109375,0.87890625,27,11
010,0.14453125,0.85546875,27,17
011,0.12109375,0.87890625,21,11
100,0.107421875,0.892578125,27,17
101,0.1171875,0.8828125,21,11
110,0.15234375,0.84765625,21,17
111,0.119140625,0.880859375,15,11
