state,p_marked,error,gate_count,depth
000,0.138671875,0.861328125,53,27
001,0.140625,0.859375,51,25
010,0.138671875,0.861328125,51,27
011,0.111328125,0.888671875,49,25
100,0.107421875,0.892578125,51,27
101,0.154296875,0.845703125,49,25
110,0.146484375,0.853515625,49,27
111,0.13671875,0.86328125,47,25
