state,p_marked,error,gate_count,depth
000,0.125,0.875,49,25
001,0.111328125,0.888671875,47,23
010,0.15625,0.84375,47,25
011,0.138671875,0.861328125,45,23
100,0.115234375,0.884765625,47,25
101,0.146484375,0.853515625,45,23
110,0.138671875,0.861328125,45,25
111,0.1328125,0.8671875,43,23
