state,p_marked,error,gate_count,depth
000,0.0,1.0,78,40
001,0.0,1.0,78,40
010,0.2578125,0.7421875,78,40
011,0.25390625,0.74609375,78,40
100,0.236328125,0.763671875,78,40
101,0.2578125,0.7421875,78,40
110,0.0,1.0,78,40
111,0.0,1.0,78,40
