state,p_marked,error,gate_count,depth
000,0.1328125,0.8671875,34,17
001,0.115234375,0.884765625,32,15
010,0.119140625,0.880859375,32,17
011,0.125,0.875,30,15
100,0.134765625,0.865234375,32,17
101,0.140625,0.859375,30,15
110,0.115234375,0.884765625,30,17
111,0.126953125,0.873046875,28,15
