state,p_marked,error,gate_count,depth
000,0.125,0.875,50,26
001,0.1171875,0.8828125,44,20
010,0.1171875,0.8828125,44,26
011,0.13671875,0.86328125,38,20
100,0.10546875,0.89453125,44,26
101,0.12890625,0.87109375,38,20
110,0.103515625,0.896484375,38,26
111,0.111328125,0.888671875,32,20
