state,p_marked,error,gate_count,depth
000,0.123046875,0.876953125,45,22
001,0.13671875,0.86328125,45,22
010,0.158203125,0.841796875,45,22
011,0.119140625,0.880859375,45,22
100,0.12890625,0.87109375,45,22
101,0.126953125,0.873046875,45,22
110,0.1328125,0.8671875,45,22
111,0.146484375,0.853515625,45,22
