state,p_marked,error,gate_count,depth
000,0.0625,0.9375,48,26
001,0.56640625,0.43359375,48,26
010,0.056640625,0.943359375,48,26
011,0.06640625,0.93359375,48,26
100,0.0703125,0.9296875,48,26
101,0.08984375,0.91015625,48,26
110,0.0546875,0.9453125,48,26
111,0.068359375,0.931640625,48,26
