state,p_marked,error,gate_count,depth
000,0.451171875,0.548828125,41,21
001,0.517578125,0.482421875,37,17
010,0.529296875,0.470703125,37,21
011,0.4921875,0.5078125,33,17
100,0.486328125,0.513671875,37,21
101,0.50390625,0.49609375,33,17
110,0.5390625,0.4609375,33,21
111,0.54296875,0.45703125,29,17
