state,p_marked,error,gate_count,depth
000,0.11328125,0.88671875,52,26
001,0.15625,0.84375,50,24
010,0.09375,0.90625,50,26
011,0.09375,0.90625,48,24
100,0.134765625,0.865234375,50,26
101,0.142578125,0.857421875,48,24
110,0.13671875,0.86328125,48,26
111,0.109375,0.890625,46,24
