state,p_marked,error,gate_count,depth
000,0.548828125,0.451171875,41,21
001,0.513671875,0.486328125,37,17
010,0.54296875,0.45703125,37,21
011,0.486328125,0.513671875,33,17
100,0.453125,0.546875,37,21
101,0.48046875,0.51953125,33,17
110,0.537109375,0.462890625,33,21
111,0.525390625,0.474609375,29,17
