state,p_marked,error,gate_count,depth
000,0.0859375,0.9140625,52,27
001,0.125,0.875,50,25
010,0.140625,0.859375,50,27
011,0.130859375,0.869140625,48,25
100,0.140625,0.859375,50,27
101,0.111328125,0.888671875,48,25
110,0.138671875,0.861328125,48,27
111,0.13671875,0.86328125,46,25
