state,p_marked,error,gate_count,depth
000,0.162109375,0.837890625,76,39
001,0.138671875,0.861328125,72,35
010,0.1328125,0.8671875,72,39
011,0.142578125,0.857421875,68,35
100,0.111328125,0.888671875,72,39
101,0.107421875,0.892578125,68,35
110,0.08984375,0.91015625,68,39
111,0.1015625,0.8984375,64,35
