state,p_marked,error,gate_count,depth
000,0.02734375,0.97265625,92,48
001,0.2890625,0.7109375,82,39
010,0.306640625,0.693359375,82,48
011,0.294921875,0.705078125,72,39
100,0.01953125,0.98046875,82,48
101,0.283203125,0.716796875,72,39
110,0.275390625,0.724609375,72,48
111,0.267578125,0.732421875,62,38
