state,p_marked,error,gate_count,depth
000,0.12890625,0.87109375,50,25
001,0.17578125,0.82421875,44,19
010,0.130859375,0.869140625,44,25
011,0.12890625,0.87109375,38,19
100,0.115234375,0.884765625,44,25
101,0.123046875,0.876953125,38,19
110,0.1171875,0.8828125,38,25
111,0.125,0.875,32,19
