state,p_marked,error,gate_count,depth
000,0.126953125,0.873046875,33,17
001,0.125,0.875,27,11
010,0.12109375,0.87890625,27,17
011,0.126953125,0.873046875,21,11
100,0.111328125,0.888671875,27,17
101,0.138671875,0.861328125,21,11
110,0.13671875,0.86328125,21,17
111,0.12890625,0.87109375,15,11
