state,p_marked,error,gate_count,depth
000,0.501953125,0.498046875,41,21
001,0.48046875,0.51953125,37,17
010,0.505859375,0.494140625,37,21
011,0.49609375,0.50390625,33,17
100,0.54296875,0.45703125,37,21
101,0.55859375,0.44140625,33,17
110,0.5,0.5,33,21
111,0.501953125,0.498046875,29,17
