state,p_marked,error,gate_count,depth
000,0.009765625,0.990234375,60,32
001,0.01171875,0.98828125,52,24
010,0.005859375,0.994140625,52,32
011,0.00390625,0.99609375,44,24
100,0.0078125,0.9921875,52,32
101,0.0078125,0.9921875,44,24
110,0.005859375,0.994140625,44,32
111,0.00390625,0.99609375,36,24
