state,p_marked,error,gate_count,depth
000,0.0,1.0,54,29
001,0.203125,0.796875,52,27
010,0.240234375,0.759765625,52,29
011,0.0390625,0.9609375,50,27
100,0.068359375,0.931640625,52,29
101,0.0,1.0,50,27
110,0.046875,0.953125,50,29
111,0.203125,0.796875,48,27
