state,p_marked,error,gate_count,depth
000,0.056640625,0.943359375,41,21
001,0.068359375,0.931640625,37,17
010,0.060546875,0.939453125,37,21
011,0.060546875,0.939453125,33,17
100,0.078125,0.921875,37,21
101,0.05078125,0.94921875,33,17
110,0.06640625,0.93359375,33,21
111,0.064453125,0.935546875,29,17
