state,p_marked,error,gate_count,depth
000,0.072265625,0.927734375,41,20
001,0.064453125,0.935546875,37,16
010,0.068359375,0.931640625,37,20
011,0.0625,0.9375,33,16
100,0.064453125,0.935546875,37,20
101,0.080078125,0.919921875,33,16
110,0.05859375,0.94140625,33,20
111,0.07421875,0.92578125,29,16
