state,p_marked,error,gate_count,depth
000,0.130859375,0.869140625,41,20
001,0.142578125,0.857421875,37,16
010,0.087890625,0.912109375,37,20
011,0.11328125,0.88671875,33,16
100,0.123046875,0.876953125,37,20
101,0.1015625,0.8984375,33,16
110,0.125,0.875,33,20
111,0.126953125,0.873046875,29,16
