state,p_marked,error,gate_count,depth
000,0.134765625,0.865234375,32,15
001,0.111328125,0.888671875,30,13
010,0.123046875,0.876953125,30,15
011,0.13671875,0.86328125,28,13
100,0.119140625,0.880859375,30,15
101,0.11328125,0.88671875,28,13
110,0.134765625,0.865234375,28,15
111,0.119140625,0.880859375,26,13
