state,p_marked,error,gate_count,depth
000,0.119140625,0.880859375,42,22
001,0.15625,0.84375,34,14
010,0.126953125,0.873046875,34,22
011,0.119140625,0.880859375,26,14
100,0.1171875,0.8828125,34,22
101,0.115234375,0.884765625,26,14
110,0.123046875,0.876953125,26,22
111,0.123046875,0.876953125,18,14
