state,p_marked,error,gate_count,depth
000,0.0,1.0,55,28
001,0.0,1.0,53,26
010,0.259765625,0.740234375,53,28
011,0.26953125,0.73046875,51,26
100,0.0,1.0,53,28
101,0.0,1.0,51,26
110,0.224609375,0.775390625,51,28
111,0.2578125,0.7421875,49,26
