state,p_marked,error,gate_count,depth
000,0.130859375,0.869140625,41,20
001,0.111328125,0.888671875,37,16
010,0.15234375,0.84765625,37,20
011,0.1484375,0.8515625,33,16
100,0.12109375,0.87890625,37,20
101,0.1328125,0.8671875,33,16
110,0.1484375,0.8515625,33,20
111,0.126953125,0.873046875,29,16
