state,p_marked,error,gate_count,depth
000,0.1484375,0.8515625,46,24
001,0.14453125,0.85546875,42,20
010,0.125,0.875,42,24
011,0.142578125,0.857421875,38,20
100,0.119140625,0.880859375,42,24
101,0.111328125,0.888671875,38,20
110,0.1171875,0.8828125,38,24
111,0.123046875,0.876953125,34,20
