state,p_marked,error,gate_count,depth
000,0.5,0.5,32,16
001,0.494140625,0.505859375,30,14
010,0.509765625,0.490234375,30,16
011,0.541015625,0.458984375,28,14
100,0.486328125,0.513671875,30,16
101,0.52734375,0.47265625,28,14
110,0.478515625,0.521484375,28,16
111,0.50390625,0.49609375,26,14
