state,p_marked,error,gate_count,depth
000,0.5234375,0.4765625,76,39
001,0.478515625,0.521484375,68,31
010,0.486328125,0.513671875,68,39
011,0.47265625,0.52734375,60,31
100,0.51953125,0.48046875,68,39
101,0.490234375,0.509765625,60,31
110,0.509765625,0.490234375,60,39
111,0.525390625,0.474609375,52,31
