state,p_marked,error,gate_count,depth
000,0.234375,0.765625,61,31
001,0.0,1.0,57,27
010,0.0,1.0,57,31
011,0.263671875,0.736328125,53,27
100,0.26953125,0.73046875,57,31
101,0.224609375,0.775390625,53,27
110,0.0,1.0,53,31
111,0.0,1.0,49,27
