state,p_marked,error,gate_count,depth
000,0.525390625,0.474609375,41,21
001,0.4921875,0.5078125,37,17
010,0.51953125,0.48046875,37,21
011,0.52734375,0.47265625,33,17
100,0.4921875,0.5078125,37,21
101,0.470703125,0.529296875,33,17
110,0.498046875,0.501953125,33,21
111,0.486328125,0.513671875,29,17
