state,p_marked,error,gate_count,depth
000,0.103515625,0.896484375,52,27
001,0.158203125,0.841796875,50,25
010,0.1015625,0.8984375,50,27
011,0.123046875,0.876953125,48,25
100,0.134765625,0.865234375,50,27
101,0.109375,0.890625,48,25
110,0.115234375,0.884765625,48,27
111,0.12109375,0.87890625,46,25
