state,p_marked,error,gate_count,depth
000,0.130859375,0.869140625,61,31
001,0.16015625,0.83984375,57,27
010,0.134765625,0.865234375,57,31
011,0.1171875,0.8828125,53,27
100,0.16015625,0.83984375,57,31
101,0.1171875,0.8828125,53,27
110,0.1484375,0.8515625,53,31
111,0.134765625,0.865234375,49,27
