state,p_marked,error,gate_count,depth
000,0.130859375,0.869140625,49,25
001,0.16015625,0.83984375,47,23
010,0.134765625,0.865234375,47,25
011,0.111328125,0.888671875,45,23
100,0.109375,0.890625,47,25
101,0.2265625,0.7734375,45,23
110,0.0,1.0,45,25
111,0.134765625,0.865234375,43,23
