state,p_marked,error,gate_count,depth
000,0.1328125,0.8671875,59,31
001,0.109375,0.890625,55,27
010,0.099609375,0.900390625,55,31
011,0.1171875,0.8828125,51,27
100,0.13671875,0.86328125,55,31
101,0.099609375,0.900390625,51,27
110,0.126953125,0.873046875,51,31
111,0.12109375,0.87890625,47,27
