state,p_marked,error,gate_count,depth
000,0.11328125,0.88671875,71,39
001,0.0,1.0,69,37
010,0.10546875,0.89453125,69,39
011,0.1328125,0.8671875,67,37
100,0.0,1.0,69,39
101,0.5,0.5,67,37
110,0.12890625,0.87109375,67,39
111,0.50390625,0.49609375,65,37
