state,p_marked,error,gate_count,depth
000,0.146484375,0.853515625,24,12
001,0.109375,0.890625,20,8
010,0.154296875,0.845703125,20,12
011,0.111328125,0.888671875,16,8
100,0.109375,0.890625,20,12
101,0.103515625,0.896484375,16,8
110,0.119140625,0.880859375,16,12
111,0.126953125,0.873046875,12,8
