state,p_marked,error,gate_count,depth
000,0.154296875,0.845703125,52,27
001,0.11328125,0.88671875,50,25
010,0.150390625,0.849609375,50,27
011,0.10546875,0.89453125,48,25
100,0.099609375,0.900390625,50,27
101,0.13671875,0.86328125,48,25
110,0.095703125,0.904296875,48,27
111,0.1484375,0.8515625,46,25
