state,p_marked,error,gate_count,depth
000,0.54296875,0.45703125,41,21
001,0.5078125,0.4921875,37,17
010,0.52734375,0.47265625,37,21
011,0.51171875,0.48828125,33,17
100,0.47265625,0.52734375,37,21
101,0.484375,0.515625,33,17
110,0.48046875,0.51953125,33,21
111,0.46875,0.53125,29,17
