state,p_marked,error,gate_count,depth
000,0.05078125,0.94921875,32,16
001,0.0703125,0.9296875,30,14
010,0.087890625,0.912109375,30,16
011,0.0625,0.9375,28,14
100,0.048828125,0.951171875,30,16
101,0.044921875,0.955078125,28,14
110,0.0546875,0.9453125,28,16
111,0.068359375,0.931640625,26,14
