state,p_marked,error,gate_count,depth
000,0.103515625,0.896484375,15,7
001,0.134765625,0.865234375,13,5
010,0.115234375,0.884765625,13,7
011,0.10546875,0.89453125,11,5
100,0.146484375,0.853515625,13,7
101,0.13671875,0.86328125,11,5
110,0.115234375,0.884765625,11,7
111,0.107421875,0.892578125,9,5
