state,p_marked,error,gate_count,depth
000,0.115234375,0.884765625,49,25
001,0.142578125,0.857421875,47,23
010,0.1328125,0.8671875,47,25
011,0.103515625,0.896484375,45,23
100,0.134765625,0.865234375,47,25
101,0.123046875,0.876953125,45,23
110,0.126953125,0.873046875,45,25
111,0.1484375,0.8515625,43,23
