state,p_marked,error,gate_count,depth
000,0.5,0.5,41,21
001,0.45703125,0.54296875,37,17
010,0.466796875,0.533203125,37,21
011,0.546875,0.453125,33,17
100,0.51171875,0.48828125,37,21
101,0.505859375,0.494140625,33,17
110,0.505859375,0.494140625,33,21
111,0.46875,0.53125,29,17
