state,p_marked,error,gate_count,depth
000,0.5078125,0.4921875,51,27
001,0.52734375,0.47265625,45,21
010,0.5078125,0.4921875,45,27
011,0.48046875,0.51953125,39,21
100,0.50390625,0.49609375,45,27
101,0.478515625,0.521484375,39,21
110,0.0,1.0,39,27
111,0.0,1.0,33,21
