state,p_marked,error,gate_count,depth
000,0.0,1.0,56,30
001,0.134765625,0.865234375,50,24
010,0.12109375,0.87890625,50,30
011,0.0,1.0,44,24
100,0.0,1.0,50,30
101,0.1171875,0.8828125,44,24
110,0.130859375,0.869140625,44,30
111,0.0,1.0,38,24
