state,p_marked,error,gate_count,depth
000,0.0546875,0.9453125,50,25
001,0.068359375,0.931640625,44,19
010,0.07421875,0.92578125,44,25
011,0.087890625,0.912109375,38,19
100,0.060546875,0.939453125,44,25
101,0.0703125,0.9296875,38,19
110,0.06640625,0.93359375,38,25
111,0.0625,0.9375,32,19
