state,p_marked,error,gate_count,depth
000,0.111328125,0.888671875,67,35
001,0.09765625,0.90234375,61,29
010,0.126953125,0.873046875,61,35
011,0.10546875,0.89453125,55,29
100,0.119140625,0.880859375,61,35
101,0.1171875,0.8828125,55,29
110,0.1171875,0.8828125,55,35
111,0.123046875,0.876953125,49,29
