state,p_marked,error,gate_count,depth
000,0.146484375,0.853515625,33,17
001,0.0,1.0,31,15
010,0.1328125,0.8671875,31,17
011,0.115234375,0.884765625,29,15
100,0.126953125,0.873046875,31,17
101,0.0,1.0,29,15
110,0.166015625,0.833984375,29,17
111,0.111328125,0.888671875,27,15
