state,p_marked,error,gate_count,depth
000,0.140625,0.859375,24,12
001,0.125,0.875,20,8
010,0.150390625,0.849609375,20,12
011,0.123046875,0.876953125,16,8
100,0.138671875,0.861328125,20,12
101,0.138671875,0.861328125,16,8
110,0.158203125,0.841796875,16,12
111,0.150390625,0.849609375,12,8
