state,p_marked,error,gate_count,depth
000,0.142578125,0.857421875,41,20
001,0.12109375,0.87890625,37,16
010,0.146484375,0.853515625,37,20
011,0.1484375,0.8515625,33,16
100,0.12109375,0.87890625,37,20
101,0.126953125,0.873046875,33,16
110,0.095703125,0.904296875,33,20
111,0.125,0.875,29,16
