state,p_marked,error,gate_count,depth
000,0.484375,0.515625,42,22
001,0.505859375,0.494140625,38,18
010,0.49609375,0.50390625,38,22
011,0.12109375,0.87890625,34,18
100,0.525390625,0.474609375,38,22
101,0.515625,0.484375,34,18
110,0.1484375,0.8515625,34,22
111,0.521484375,0.478515625,30,18
