state,p_marked,error,gate_count,depth
000,0.0,1.0,38,19
001,0.146484375,0.853515625,36,17
010,0.0,1.0,36,19
011,0.1328125,0.8671875,34,17
100,0.14453125,0.85546875,36,19
101,0.0,1.0,34,17
110,0.14453125,0.85546875,34,19
111,0.0,1.0,32,17
