state,p_marked,error,gate_count,depth
000,0.138671875,0.861328125,54,28
001,0.11328125,0.88671875,52,26
010,0.09765625,0.90234375,52,28
011,0.095703125,0.904296875,50,26
100,0.140625,0.859375,52,28
101,0.134765625,0.865234375,50,26
110,0.142578125,0.857421875,50,28
111,0.13671875,0.86328125,48,26
