state,p_marked,error,gate_count,depth
000,0.130859375,0.869140625,58,30
001,0.107421875,0.892578125,54,26
010,0.1171875,0.8828125,54,30
011,0.1171875,0.8828125,50,26
100,0.12109375,0.87890625,54,30
101,0.12109375,0.87890625,50,26
110,0.15625,0.84375,50,30
111,0.119140625,0.880859375,46,26
