state,p_marked,error,gate_count,depth
000,0.123046875,0.876953125,32,16
001,0.11328125,0.88671875,30,14
010,0.09765625,0.90234375,30,16
011,0.1484375,0.8515625,28,14
100,0.11328125,0.88671875,30,16
101,0.1484375,0.8515625,28,14
110,0.10546875,0.89453125,28,16
111,0.109375,0.890625,26,14
