state,p_marked,error,gate_count,depth
000,0.0546875,0.9453125,165,95
001,0.005859375,0.994140625,163,93
010,0.0234375,0.9765625,163,95
011,0.013671875,0.986328125,161,93
100,0.1953125,0.8046875,163,95
101,0.091796875,0.908203125,161,93
110,0.046875,0.953125,161,95
111,0.001953125,0.998046875,159,93
