state,p_marked,error,gate_count,depth
000,0.2421875,0.7578125,32,16
001,0.2578125,0.7421875,30,14
010,0.20703125,0.79296875,30,16
011,0.2890625,0.7109375,28,14
100,0.2578125,0.7421875,30,16
101,0.232421875,0.767578125,28,14
110,0.216796875,0.783203125,28,16
111,0.28515625,0.71484375,26,14
