state,p_marked,error,gate_count,depth
000,0.0,1.0,63,33
001,0.140625,0.859375,59,29
010,0.125,0.875,59,33
011,0.29296875,0.70703125,55,29
100,0.0,1.0,59,33
101,0.123046875,0.876953125,55,29
110,0.1328125,0.8671875,55,33
111,0.271484375,0.728515625,51,29
