state,p_marked,error,gate_count,depth
000,0.126953125,0.873046875,35,18
001,0.111328125,0.888671875,33,16
010,0.12109375,0.87890625,33,18
011,0.134765625,0.865234375,31,16
100,0.126953125,0.873046875,33,18
101,0.154296875,0.845703125,31,16
110,0.126953125,0.873046875,31,18
111,0.107421875,0.892578125,29,16
