state,p_marked,error,gate_count,depth
000,0.1171875,0.8828125,42,22
001,0.1171875,0.8828125,38,18
010,0.12890625,0.87109375,38,22
011,0.12109375,0.87890625,34,18
100,0.119140625,0.880859375,38,22
101,0.11328125,0.88671875,34,18
110,0.11328125,0.88671875,34,22
111,0.115234375,0.884765625,30,18
