state,p_marked,error,gate_count,depth
000,0.470703125,0.529296875,32,16
001,0.482421875,0.517578125,30,14
010,0.50390625,0.49609375,30,16
011,0.51171875,0.48828125,28,14
100,0.46875,0.53125,30,16
101,0.556640625,0.443359375,28,14
110,0.48828125,0.51171875,28,16
111,0.513671875,0.486328125,26,14
