state,p_marked,error,gate_count,depth
000,0.068359375,0.931640625,32,15
001,0.06640625,0.93359375,30,13
010,0.064453125,0.935546875,30,15
011,0.068359375,0.931640625,28,13
100,0.07421875,0.92578125,30,15
101,0.0546875,0.9453125,28,13
110,0.076171875,0.923828125,28,15
111,0.06640625,0.93359375,26,13
