state,p_marked,error,gate_count,depth
000,0.1484375,0.8515625,42,22
001,0.103515625,0.896484375,34,14
010,0.11328125,0.88671875,34,22
011,0.13671875,0.86328125,26,14
100,0.142578125,0.857421875,34,22
101,0.107421875,0.892578125,26,14
110,0.111328125,0.888671875,26,22
111,0.109375,0.890625,18,14
