state,p_marked,error,gate_count,depth
000,0.0,1.0,115,60
001,0.044921875,0.955078125,111,56
010,0.208984375,0.791015625,111,60
011,0.21875,0.78125,107,56
100,0.041015625,0.958984375,111,60
101,0.056640625,0.943359375,107,56
110,0.0,1.0,107,60
111,0.13671875,0.86328125,103,56
