state,p_marked,error,gate_count,depth
000,0.072265625,0.927734375,101,59
001,0.1875,0.8125,97,55
010,0.0,1.0,97,59
011,0.1328125,0.8671875,93,55
100,0.064453125,0.935546875,97,59
101,0.1640625,0.8359375,93,55
110,0.072265625,0.927734375,93,59
111,0.291015625,0.708984375,89,55
