state,p_marked,error,gate_count,depth
000,0.150390625,0.849609375,58,29
001,0.138671875,0.861328125,54,25
010,0.1328125,0.8671875,54,29
011,0.119140625,0.880859375,50,25
100,0.15625,0.84375,54,29
101,0.123046875,0.876953125,50,25
110,0.11328125,0.88671875,50,29
111,0.1484375,0.8515625,46,25
