state,p_marked,error,gate_count,depth
000,0.119140625,0.880859375,33,17
001,0.126953125,0.873046875,27,11
010,0.119140625,0.880859375,27,17
011,0.1171875,0.8828125,21,11
100,0.099609375,0.900390625,27,17
101,0.115234375,0.884765625,21,11
110,0.09765625,0.90234375,21,17
111,0.125,0.875,15,11
