state,p_marked,error,gate_count,depth
000,0.486328125,0.513671875,41,21
001,0.533203125,0.466796875,37,17
010,0.4609375,0.5390625,37,21
011,0.521484375,0.478515625,33,17
100,0.50390625,0.49609375,37,21
101,0.47265625,0.52734375,33,17
110,0.513671875,0.486328125,33,21
111,0.5,0.5,29,17
