state,p_marked,error,gate_count,depth
000,0.134765625,0.865234375,43,22
001,0.140625,0.859375,43,22
010,0.12890625,0.87109375,43,22
011,0.1015625,0.8984375,43,22
100,0.14453125,0.85546875,43,22
101,0.1171875,0.8828125,43,22
110,0.140625,0.859375,43,22
111,0.11328125,0.88671875,43,22
