state,p_marked,error,gate_count,depth
000,0.11328125,0.88671875,68,35
001,0.11328125,0.88671875,62,30
010,0.087890625,0.912109375,62,35
011,0.11328125,0.88671875,56,29
100,0.1328125,0.8671875,62,35
101,0.11328125,0.88671875,56,30
110,0.13671875,0.86328125,56,35
111,0.154296875,0.845703125,50,29
