state,p_marked,error,gate_count,depth
000,0.109375,0.890625,15,7
001,0.1015625,0.8984375,13,5
010,0.15234375,0.84765625,13,7
011,0.125,0.875,11,5
100,0.126953125,0.873046875,13,7
101,0.09375,0.90625,11,5
110,0.146484375,0.853515625,11,7
111,0.107421875,0.892578125,9,5
