state,p_marked,error,gate_count,depth
000,0.15234375,0.84765625,32,15
001,0.126953125,0.873046875,30,13
010,0.111328125,0.888671875,30,15
011,0.10546875,0.89453125,28,13
100,0.13671875,0.86328125,30,15
101,0.130859375,0.869140625,28,13
110,0.1015625,0.8984375,28,15
111,0.1484375,0.8515625,26,13
