state,p_marked,error,gate_count,depth
000,0.0,1.0,74,42
001,0.0,1.0,68,36
010,0.0,1.0,68,42
011,0.232421875,0.767578125,62,36
100,0.0,1.0,68,42
101,0.0,1.0,62,36
110,0.2578125,0.7421875,62,42
111,0.0,1.0,56,36
