state,p_marked,error,gate_count,depth
000,0.134765625,0.865234375,32,15
001,0.099609375,0.900390625,30,13
010,0.125,0.875,30,15
011,0.12890625,0.87109375,28,13
100,0.115234375,0.884765625,30,15
101,0.111328125,0.888671875,28,13
110,0.1171875,0.8828125,28,15
111,0.12890625,0.87109375,26,13
