state,p_marked,error,gate_count,depth
000,0.224609375,0.775390625,41,20
001,0.234375,0.765625,37,16
010,0.236328125,0.763671875,37,20
011,0.228515625,0.771484375,33,16
100,0.0,1.0,37,20
101,0.0,1.0,33,16
110,0.0,1.0,33,20
111,0.0,1.0,29,16
