state,p_marked,error,gate_count,depth
000,0.470703125,0.529296875,41,21
001,0.482421875,0.517578125,37,17
010,0.470703125,0.529296875,37,21
011,0.4609375,0.5390625,33,17
100,0.515625,0.484375,37,21
101,0.513671875,0.486328125,33,17
110,0.45703125,0.54296875,33,21
111,0.513671875,0.486328125,29,17
