state,p_marked,error,gate_count,depth
000,0.015625,0.984375,87,45
001,0.021484375,0.978515625,81,40
010,0.09375,0.90625,81,45
011,0.1171875,0.8828125,75,39
100,0.029296875,0.970703125,81,45
101,0.025390625,0.974609375,75,40
110,0.099609375,0.900390625,75,45
111,0.1484375,0.8515625,69,39
