state,p_marked,error,gate_count,depth
000,0.1015625,0.8984375,50,26
001,0.107421875,0.892578125,48,24
010,0.140625,0.859375,48,26
011,0.140625,0.859375,46,24
100,0.1328125,0.8671875,48,26
101,0.1015625,0.8984375,46,24
110,0.138671875,0.861328125,46,26
111,0.140625,0.859375,44,24
