state,p_marked,error,gate_count,depth
000,0.466796875,0.533203125,41,21
001,0.501953125,0.498046875,37,17
010,0.560546875,0.439453125,37,21
011,0.4921875,0.5078125,33,17
100,0.48828125,0.51171875,37,21
101,0.5234375,0.4765625,33,17
110,0.466796875,0.533203125,33,21
111,0.544921875,0.455078125,29,17
