state,p_marked,error,gate_count,depth
000,0.015625,0.984375,71,37
001,0.0,1.0,69,35
010,0.005859375,0.994140625,69,37
011,0.265625,0.734375,67,35
100,0.0,1.0,69,37
101,0.2265625,0.7734375,67,35
110,0.0,1.0,67,37
111,0.0078125,0.9921875,65,35
