state,p_marked,error,gate_count,depth
000,0.1484375,0.8515625,60,30
001,0.107421875,0.892578125,56,26
010,0.09765625,0.90234375,56,30
011,0.115234375,0.884765625,52,26
100,0.126953125,0.873046875,56,30
101,0.123046875,0.876953125,52,26
110,0.138671875,0.861328125,52,30
111,0.146484375,0.853515625,48,26
