state,p_marked,error,gate_count,depth
000,0.142578125,0.857421875,58,30
001,0.115234375,0.884765625,54,26
010,0.134765625,0.865234375,54,30
011,0.109375,0.890625,50,26
100,0.123046875,0.876953125,54,30
101,0.099609375,0.900390625,50,26
110,0.125,0.875,50,30
111,0.1171875,0.8828125,46,26
