state,p_marked,error,gate_count,depth
000,0.501953125,0.498046875,50,26
001,0.51953125,0.48046875,44,20
010,0.517578125,0.482421875,44,26
011,0.494140625,0.505859375,38,20
100,0.533203125,0.466796875,44,26
101,0.490234375,0.509765625,38,20
110,0.53515625,0.46484375,38,26
111,0.513671875,0.486328125,32,20
