state,p_marked,error,gate_count,depth
000,0.0859375,0.9140625,58,30
001,0.115234375,0.884765625,54,26
010,0.14453125,0.85546875,54,30
011,0.12109375,0.87890625,50,26
100,0.12890625,0.87109375,54,30
101,0.123046875,0.876953125,50,26
110,0.107421875,0.892578125,50,30
111,0.1328125,0.8671875,46,26
