state,p_marked,error,gate_count,depth
000,0.46484375,0.53515625,59,31
001,0.4765625,0.5234375,51,23
010,0.5078125,0.4921875,51,31
011,0.498046875,0.501953125,43,23
100,0.5078125,0.4921875,51,31
101,0.501953125,0.498046875,43,23
110,0.5078125,0.4921875,43,31
111,0.48046875,0.51953125,35,23
