state,p_marked,error,gate_count,depth
000,0.0703125,0.9296875,42,21
001,0.080078125,0.919921875,42,21
010,0.431640625,0.568359375,42,21
011,0.056640625,0.943359375,42,21
100,0.05078125,0.94921875,42,21
101,0.052734375,0.947265625,42,21
110,0.1484375,0.8515625,42,21
111,0.080078125,0.919921875,42,21
