state,p_marked,error,gate_count,depth
000,0.130859375,0.869140625,46,24
001,0.1171875,0.8828125,42,20
010,0.123046875,0.876953125,42,24
011,0.087890625,0.912109375,38,20
100,0.123046875,0.876953125,42,24
101,0.125,0.875,38,20
110,0.130859375,0.869140625,38,24
111,0.134765625,0.865234375,34,20
