state,p_marked,error,gate_count,depth
000,0.130859375,0.869140625,49,25
001,0.11328125,0.88671875,47,23
010,0.138671875,0.861328125,47,25
011,0.12109375,0.87890625,45,23
100,0.13671875,0.86328125,47,25
101,0.119140625,0.880859375,45,23
110,0.142578125,0.857421875,45,25
111,0.111328125,0.888671875,43,23
