state,p_marked,error,gate_count,depth
000,0.484375,0.515625,41,21
001,0.482421875,0.517578125,37,17
010,0.53515625,0.46484375,37,21
011,0.494140625,0.505859375,33,17
100,0.494140625,0.505859375,37,21
101,0.517578125,0.482421875,33,17
110,0.482421875,0.517578125,33,21
111,0.48828125,0.51171875,29,17
