state,p_marked,error,gate_count,depth
000,0.2421875,0.7578125,56,29
001,0.240234375,0.759765625,54,27
010,0.0,1.0,54,29
011,0.263671875,0.736328125,52,27
100,0.271484375,0.728515625,54,29
101,0.201171875,0.798828125,52,27
110,0.0,1.0,52,29
111,0.0,1.0,50,27
