state,p_marked,error,gate_count,depth
000,0.13671875,0.86328125,49,25
001,0.130859375,0.869140625,47,23
010,0.125,0.875,47,25
011,0.1171875,0.8828125,45,23
100,0.123046875,0.876953125,47,25
101,0.11328125,0.88671875,45,23
110,0.115234375,0.884765625,45,25
111,0.12109375,0.87890625,43,23
