state,p_marked,error,gate_count,depth
000,0.115234375,0.884765625,15,7
001,0.130859375,0.869140625,13,5
010,0.109375,0.890625,13,7
011,0.1328125,0.8671875,11,5
100,0.10546875,0.89453125,13,7
101,0.134765625,0.865234375,11,5
110,0.1171875,0.8828125,11,7
111,0.134765625,0.865234375,9,5
