state,p_marked,error,gate_count,depth
000,0.111328125,0.888671875,41,21
001,0.111328125,0.888671875,37,17
010,0.1015625,0.8984375,37,21
011,0.1171875,0.8828125,33,17
100,0.126953125,0.873046875,37,21
101,0.119140625,0.880859375,33,17
110,0.140625,0.859375,33,21
111,0.119140625,0.880859375,29,17
