state,p_marked,error,gate_count,depth
000,0.119140625,0.880859375,33,17
001,0.119140625,0.880859375,27,11
010,0.130859375,0.869140625,27,17
011,0.130859375,0.869140625,21,11
100,0.123046875,0.876953125,27,17
101,0.126953125,0.873046875,21,11
110,0.119140625,0.880859375,21,17
111,0.134765625,0.865234375,15,11
