state,p_marked,error,gate_count,depth
000,0.12890625,0.87109375,33,17
001,0.130859375,0.869140625,27,11
010,0.119140625,0.880859375,27,17
011,0.15625,0.84375,21,11
100,0.138671875,0.861328125,27,17
101,0.123046875,0.876953125,21,11
110,0.103515625,0.896484375,21,17
111,0.107421875,0.892578125,15,11
