state,p_marked,error,gate_count,depth
000,0.32421875,0.67578125,87,43
001,0.32421875,0.67578125,81,38
010,0.28515625,0.71484375,81,43
011,0.3046875,0.6953125,75,38
100,0.529296875,0.470703125,81,42
101,0.5234375,0.4765625,75,37
110,0.484375,0.515625,75,42
111,0.48828125,0.51171875,69,37
