state,p_marked,error,gate_count,depth
000,0.12890625,0.87109375,32,16
001,0.11328125,0.88671875,30,14
010,0.130859375,0.869140625,30,16
011,0.13671875,0.86328125,28,14
100,0.12890625,0.87109375,30,16
101,0.12890625,0.87109375,28,14
110,0.099609375,0.900390625,28,16
111,0.1171875,0.8828125,26,14
