state,p_marked,error,gate_count,depth
000,0.1171875,0.8828125,49,25
001,0.119140625,0.880859375,47,23
010,0.1171875,0.8828125,47,25
011,0.09765625,0.90234375,45,23
100,0.09765625,0.90234375,47,25
101,0.142578125,0.857421875,45,23
110,0.134765625,0.865234375,45,25
111,0.115234375,0.884765625,43,23
