state,p_marked,error,gate_count,depth
000,0.138671875,0.861328125,60,34
001,0.123046875,0.876953125,58,32
010,0.115234375,0.884765625,58,34
011,0.1484375,0.8515625,56,32
100,0.13671875,0.86328125,58,34
101,0.119140625,0.880859375,56,32
110,0.125,0.875,56,34
111,0.123046875,0.876953125,54,32
