state,p_marked,error,gate_count,depth
000,0.001953125,0.998046875,42,22
001,0.083984375,0.916015625,42,22
010,0.6484375,0.3515625,42,22
011,0.00390625,0.99609375,42,22
100,0.017578125,0.982421875,42,22
101,0.015625,0.984375,42,22
110,0.12109375,0.87890625,42,22
111,0.111328125,0.888671875,42,22
