state,p_marked,error,gate_count,depth
000,0.0,1.0,47,26
001,0.00390625,0.99609375,45,24
010,0.001953125,0.998046875,45,26
011,0.115234375,0.884765625,43,24
100,0.001953125,0.998046875,45,26
101,0.0,1.0,43,24
110,0.126953125,0.873046875,43,26
111,0.572265625,0.427734375,41,24
