state,p_marked,error,gate_count,depth
000,0.119140625,0.880859375,61,32
001,0.115234375,0.884765625,57,28
010,0.1015625,0.8984375,57,32
011,0.14453125,0.85546875,53,28
100,0.123046875,0.876953125,57,32
101,0.16015625,0.83984375,53,28
110,0.12109375,0.87890625,53,32
111,0.10546875,0.89453125,49,28
