state,p_marked,error,gate_count,depth
000,0.173828125,0.826171875,77,40
001,0.115234375,0.884765625,69,32
010,0.140625,0.859375,69,40
011,0.111328125,0.888671875,61,32
100,0.123046875,0.876953125,69,40
101,0.140625,0.859375,61,32
110,0.12109375,0.87890625,61,40
111,0.111328125,0.888671875,53,32
