state,p_marked,error,gate_count,depth
000,0.1171875,0.8828125,42,22
001,0.12890625,0.87109375,34,14
010,0.11328125,0.88671875,34,22
011,0.12890625,0.87109375,26,14
100,0.123046875,0.876953125,34,22
101,0.15625,0.84375,26,14
110,0.083984375,0.916015625,26,22
111,0.103515625,0.896484375,18,14
