state,p_marked,error,gate_count,depth
000,0.12109375,0.87890625,32,15
001,0.1015625,0.8984375,30,13
010,0.12109375,0.87890625,30,15
011,0.134765625,0.865234375,28,13
100,0.140625,0.859375,30,15
101,0.115234375,0.884765625,28,13
110,0.095703125,0.904296875,28,15
111,0.125,0.875,26,13
