state,p_marked,error,gate_count,depth
000,0.060546875,0.939453125,32,15
001,0.076171875,0.923828125,30,13
010,0.0703125,0.9296875,30,15
011,0.087890625,0.912109375,28,13
100,0.06640625,0.93359375,30,15
101,0.0546875,0.9453125,28,13
110,0.072265625,0.927734375,28,15
111,0.08203125,0.91796875,26,13
