state,p_marked,error,gate_count,depth
000,0.10546875,0.89453125,49,24
001,0.138671875,0.861328125,47,22
010,0.1328125,0.8671875,47,24
011,0.134765625,0.865234375,45,22
100,0.119140625,0.880859375,47,24
101,0.12890625,0.87109375,45,22
110,0.126953125,0.873046875,45,24
111,0.119140625,0.880859375,43,22
