state,p_marked,error,gate_count,depth
000,0.130859375,0.869140625,15,7
001,0.111328125,0.888671875,13,5
010,0.1171875,0.8828125,13,7
011,0.146484375,0.853515625,11,5
100,0.125,0.875,13,7
101,0.138671875,0.861328125,11,5
110,0.115234375,0.884765625,11,7
111,0.130859375,0.869140625,9,5
