state,p_marked,error,gate_count,depth
000,0.021484375,0.978515625,64,33
001,0.314453125,0.685546875,60,29
010,0.017578125,0.982421875,60,33
011,0.046875,0.953125,56,29
100,0.28125,0.71875,60,33
101,0.26953125,0.73046875,56,29
110,0.025390625,0.974609375,56,33
111,0.029296875,0.970703125,52,29
