state,p_marked,error,gate_count,depth
000,0.52734375,0.47265625,41,21
001,0.517578125,0.482421875,37,17
010,0.51953125,0.48046875,37,21
011,0.47265625,0.52734375,33,17
100,0.501953125,0.498046875,37,21
101,0.52734375,0.47265625,33,17
110,0.49609375,0.50390625,33,21
111,0.51171875,0.48828125,29,17
