state,p_marked,error,gate_count,depth
000,0.125,0.875,33,17
001,0.138671875,0.861328125,27,11
010,0.1015625,0.8984375,27,17
011,0.146484375,0.853515625,21,11
100,0.115234375,0.884765625,27,17
101,0.138671875,0.861328125,21,11
110,0.119140625,0.880859375,21,17
111,0.10546875,0.89453125,15,11
