state,p_marked,error,gate_count,depth
000,0.517578125,0.482421875,32,16
001,0.5078125,0.4921875,30,14
010,0.482421875,0.517578125,30,16
011,0.484375,0.515625,28,14
100,0.51171875,0.48828125,30,16
101,0.478515625,0.521484375,28,14
110,0.46875,0.53125,28,16
111,0.521484375,0.478515625,26,14
