state,p_marked,error,gate_count,depth
000,0.068359375,0.931640625,60,32
001,0.068359375,0.931640625,52,24
010,0.064453125,0.935546875,52,32
011,0.0546875,0.9453125,44,24
100,0.0625,0.9375,52,32
101,0.05078125,0.94921875,44,24
110,0.06640625,0.93359375,44,32
111,0.0703125,0.9296875,36,24
