state,p_marked,error,gate_count,depth
000,0.224609375,0.775390625,36,23
001,0.109375,0.890625,36,23
010,0.505859375,0.494140625,36,23
011,0.0,1.0,36,23
100,0.0,1.0,36,23
101,0.001953125,0.998046875,36,23
110,0.1171875,0.8828125,36,23
111,0.0,1.0,36,23
