state,p_marked,error,gate_count,depth
000,0.130859375,0.869140625,15,7
001,0.1484375,0.8515625,13,5
010,0.099609375,0.900390625,13,7
011,0.14453125,0.85546875,11,5
100,0.142578125,0.857421875,13,7
101,0.12890625,0.87109375,11,5
110,0.119140625,0.880859375,11,7
111,0.1171875,0.8828125,9,5
