state,p_marked,error,gate_count,depth
000,0.15625,0.84375,32,15
001,0.142578125,0.857421875,30,13
010,0.111328125,0.888671875,30,15
011,0.103515625,0.896484375,28,13
100,0.130859375,0.869140625,30,15
101,0.11328125,0.88671875,28,13
110,0.126953125,0.873046875,28,15
111,0.10546875,0.89453125,26,13
