state,p_marked,error,gate_count,depth
000,0.140625,0.859375,42,22
001,0.111328125,0.888671875,34,14
010,0.1171875,0.8828125,34,22
011,0.119140625,0.880859375,26,14
100,0.12109375,0.87890625,34,22
101,0.15234375,0.84765625,26,14
110,0.138671875,0.861328125,26,22
111,0.12890625,0.87109375,18,14
