state,p_marked,error,gate_count,depth
000,0.478515625,0.521484375,42,22
001,0.486328125,0.513671875,38,18
010,0.486328125,0.513671875,38,22
011,0.13671875,0.86328125,34,18
100,0.484375,0.515625,38,22
101,0.494140625,0.505859375,34,18
110,0.103515625,0.896484375,34,22
111,0.513671875,0.486328125,30,18
