state,p_marked,error,gate_count,depth
000,0.107421875,0.892578125,44,23
001,0.123046875,0.876953125,40,19
010,0.17578125,0.82421875,40,23
011,0.12109375,0.87890625,36,19
100,0.12890625,0.87109375,40,23
101,0.115234375,0.884765625,36,19
110,0.12109375,0.87890625,36,23
111,0.123046875,0.876953125,32,19
