state,p_marked,error,gate_count,depth
000,0.12109375,0.87890625,24,12
001,0.11328125,0.88671875,20,8
010,0.12890625,0.87109375,20,12
011,0.1484375,0.8515625,16,8
100,0.1484375,0.8515625,20,12
101,0.15234375,0.84765625,16,8
110,0.09765625,0.90234375,16,12
111,0.126953125,0.873046875,12,8
