state,p_marked,error,gate_count,depth
000,0.533203125,0.466796875,41,21
001,0.486328125,0.513671875,37,17
010,0.517578125,0.482421875,37,21
011,0.51171875,0.48828125,33,17
100,0.4453125,0.5546875,37,21
101,0.482421875,0.517578125,33,17
110,0.474609375,0.525390625,33,21
111,0.4609375,0.5390625,29,17
