state,p_marked,error,gate_count,depth
000,0.048828125,0.951171875,89,46
001,0.16015625,0.83984375,83,41
010,0.5546875,0.4453125,83,46
011,0.05078125,0.94921875,77,40
100,0.15625,0.84375,83,46
101,0.029296875,0.970703125,77,41
110,0.16015625,0.83984375,77,46
111,0.146484375,0.853515625,71,40
