state,p_marked,error,gate_count,depth
000,0.259765625,0.740234375,46,26
001,0.251953125,0.748046875,46,26
010,0.0,1.0,46,26
011,0.0,1.0,46,26
100,0.0,1.0,46,26
101,0.0,1.0,46,26
110,0.2734375,0.7265625,46,26
111,0.25,0.75,46,26
