state,p_marked,error,gate_count,depth
000,0.23828125,0.76171875,32,16
001,0.267578125,0.732421875,30,14
010,0.2578125,0.7421875,30,16
011,0.267578125,0.732421875,28,14
100,0.248046875,0.751953125,30,16
101,0.236328125,0.763671875,28,14
110,0.220703125,0.779296875,28,16
111,0.263671875,0.736328125,26,14
