state,p_marked,error,gate_count,depth
000,0.51953125,0.48046875,41,21
001,0.486328125,0.513671875,37,17
010,0.49609375,0.50390625,37,21
011,0.505859375,0.494140625,33,17
100,0.46875,0.53125,37,21
101,0.501953125,0.498046875,33,17
110,0.48046875,0.51953125,33,21
111,0.498046875,0.501953125,29,17
