state,p_marked,error,gate_count,depth
000,0.125,0.875,67,33
001,0.111328125,0.888671875,65,31
010,0.037109375,0.962890625,65,33
011,0.03125,0.96875,63,31
100,0.126953125,0.873046875,65,33
101,0.140625,0.859375,63,31
110,0.416015625,0.583984375,63,33
111,0.40625,0.59375,61,31
