state,p_marked,error,gate_count,depth
000,0.216796875,0.783203125,32,16
001,0.23046875,0.76953125,30,14
010,0.3046875,0.6953125,30,16
011,0.287109375,0.712890625,28,14
100,0.236328125,0.763671875,30,16
101,0.23828125,0.76171875,28,14
110,0.2265625,0.7734375,28,16
111,0.25390625,0.74609375,26,14
