state,p_marked,error,gate_count,depth
000,0.130859375,0.869140625,51,26
001,0.14453125,0.85546875,49,24
010,0.111328125,0.888671875,49,26
011,0.1328125,0.8671875,47,24
100,0.10546875,0.89453125,49,26
101,0.134765625,0.865234375,47,24
110,0.10546875,0.89453125,47,26
111,0.158203125,0.841796875,45,24
