state,p_marked,error,gate_count,depth
000,0.099609375,0.900390625,24,12
001,0.09765625,0.90234375,20,8
010,0.12890625,0.87109375,20,12
011,0.119140625,0.880859375,16,8
100,0.14453125,0.85546875,20,12
101,0.109375,0.890625,16,8
110,0.1171875,0.8828125,16,12
111,0.09765625,0.90234375,12,8
