state,p_marked,error,gate_count,depth
000,0.27734375,0.72265625,44,26
001,0.54296875,0.45703125,42,24
010,0.5703125,0.4296875,42,26
011,0.052734375,0.947265625,40,24
100,0.06640625,0.93359375,42,26
101,0.056640625,0.943359375,40,24
110,0.0625,0.9375,40,26
111,0.0703125,0.9296875,38,24
