state,p_marked,error,gate_count,depth
000,0.259765625,0.740234375,32,16
001,0.21875,0.78125,30,14
010,0.232421875,0.767578125,30,16
011,0.248046875,0.751953125,28,14
100,0.2265625,0.7734375,30,16
101,0.27734375,0.72265625,28,14
110,0.267578125,0.732421875,28,16
111,0.224609375,0.775390625,26,14
