state,p_marked,error,gate_count,depth
000,0.080078125,0.919921875,42,22
001,0.134765625,0.865234375,38,18
010,0.140625,0.859375,38,22
011,0.111328125,0.888671875,34,18
100,0.1328125,0.8671875,38,22
101,0.11328125,0.88671875,34,18
110,0.15234375,0.84765625,34,22
111,0.125,0.875,30,18
