state,p_marked,error,gate_count,depth
000,0.123046875,0.876953125,42,22
001,0.125,0.875,34,14
010,0.095703125,0.904296875,34,22
011,0.146484375,0.853515625,26,14
100,0.1328125,0.8671875,34,22
101,0.111328125,0.888671875,26,14
110,0.1171875,0.8828125,26,22
111,0.115234375,0.884765625,18,14
