state,p_marked,error,gate_count,depth
000,0.037109375,0.962890625,24,11
001,0.03515625,0.96484375,24,11
010,0.23828125,0.76171875,24,11
011,0.19140625,0.80859375,24,11
100,0.037109375,0.962890625,24,11
101,0.203125,0.796875,24,11
110,0.189453125,0.810546875,24,11
111,0.0390625,0.9609375,24,11
