state,p_marked,error,gate_count,depth
000,0.490234375,0.509765625,41,21
001,0.51953125,0.48046875,37,17
010,0.490234375,0.509765625,37,21
011,0.44921875,0.55078125,33,17
100,0.52734375,0.47265625,37,21
101,0.462890625,0.537109375,33,17
110,0.458984375,0.541015625,33,21
111,0.48046875,0.51953125,29,17
