state,p_marked,error,gate_count,depth
000,0.474609375,0.525390625,32,16
001,0.513671875,0.486328125,30,14
010,0.525390625,0.474609375,30,16
011,0.505859375,0.494140625,28,14
100,0.53125,0.46875,30,16
101,0.5,0.5,28,14
110,0.490234375,0.509765625,28,16
111,0.5234375,0.4765625,26,14
