state,p_marked,error,gate_count,depth
000,0.138671875,0.861328125,58,30
001,0.12109375,0.87890625,54,26
010,0.107421875,0.892578125,54,30
011,0.1484375,0.8515625,50,26
100,0.1328125,0.8671875,54,30
101,0.109375,0.890625,50,26
110,0.140625,0.859375,50,30
111,0.146484375,0.853515625,46,26
