state,p_marked,error,gate_count,depth
000,0.119140625,0.880859375,32,16
001,0.1328125,0.8671875,30,14
010,0.119140625,0.880859375,30,16
011,0.107421875,0.892578125,28,14
100,0.12890625,0.87109375,30,16
101,0.13671875,0.86328125,28,14
110,0.109375,0.890625,28,16
111,0.123046875,0.876953125,26,14
