state,p_marked,error,gate_count,depth
000,0.119140625,0.880859375,41,20
001,0.126953125,0.873046875,37,16
010,0.109375,0.890625,37,20
011,0.130859375,0.869140625,33,16
100,0.158203125,0.841796875,37,20
101,0.126953125,0.873046875,33,16
110,0.1171875,0.8828125,33,20
111,0.12109375,0.87890625,29,16
