state,p_marked,error,gate_count,depth
000,0.115234375,0.884765625,41,20
001,0.134765625,0.865234375,41,20
010,0.111328125,0.888671875,41,20
011,0.14453125,0.85546875,41,20
100,0.1171875,0.8828125,41,20
101,0.103515625,0.896484375,41,20
110,0.140625,0.859375,41,20
111,0.083984375,0.916015625,41,20
