state,p_marked,error,gate_count,depth
000,0.548828125,0.451171875,32,16
001,0.498046875,0.501953125,30,14
010,0.4921875,0.5078125,30,16
011,0.505859375,0.494140625,28,14
100,0.5,0.5,30,16
101,0.53515625,0.46484375,28,14
110,0.517578125,0.482421875,28,16
111,0.484375,0.515625,26,14
