state,p_marked,error,gate_count,depth
000,0.126953125,0.873046875,49,25
001,0.107421875,0.892578125,47,23
010,0.111328125,0.888671875,47,25
011,0.1171875,0.8828125,45,23
100,0.123046875,0.876953125,47,25
101,0.109375,0.890625,45,23
110,0.140625,0.859375,45,25
111,0.125,0.875,43,23
