state,p_marked,error,gate_count,depth
000,0.103515625,0.896484375,30,13
001,0.12890625,0.87109375,30,13
010,0.107421875,0.892578125,30,13
011,0.15234375,0.84765625,30,13
100,0.134765625,0.865234375,30,13
101,0.12890625,0.87109375,30,13
110,0.10546875,0.89453125,30,13
111,0.12890625,0.87109375,30,13
