state,p_marked,error,gate_count,depth
000,0.12109375,0.87890625,41,21
001,0.142578125,0.857421875,37,17
010,0.12109375,0.87890625,37,21
011,0.138671875,0.861328125,33,17
100,0.111328125,0.888671875,37,21
101,0.13671875,0.86328125,33,17
110,0.111328125,0.888671875,33,21
111,0.103515625,0.896484375,29,17
