state,p_marked,error,gate_count,depth
000,0.12890625,0.87109375,49,25
001,0.107421875,0.892578125,47,23
010,0.138671875,0.861328125,47,25
011,0.111328125,0.888671875,45,23
100,0.1171875,0.8828125,47,25
101,0.169921875,0.830078125,45,23
110,0.126953125,0.873046875,45,25
111,0.10546875,0.89453125,43,23
