state,p_marked,error,gate_count,depth
000,0.12890625,0.87109375,46,24
001,0.123046875,0.876953125,42,20
010,0.107421875,0.892578125,42,24
011,0.1328125,0.8671875,38,20
100,0.123046875,0.876953125,42,24
101,0.1328125,0.8671875,38,20
110,0.111328125,0.888671875,38,24
111,0.123046875,0.876953125,34,20
