state,p_marked,error,gate_count,depth
000,0.140625,0.859375,52,27
001,0.125,0.875,50,25
010,0.123046875,0.876953125,50,27
011,0.166015625,0.833984375,48,25
100,0.119140625,0.880859375,50,27
101,0.09375,0.90625,48,25
110,0.111328125,0.888671875,48,27
111,0.138671875,0.861328125,46,25
