state,p_marked,error,gate_count,depth
000,0.501953125,0.498046875,32,16
001,0.474609375,0.525390625,30,14
010,0.51953125,0.48046875,30,16
011,0.51171875,0.48828125,28,14
100,0.517578125,0.482421875,30,16
101,0.4921875,0.5078125,28,14
110,0.521484375,0.478515625,28,16
111,0.521484375,0.478515625,26,14
