state,p_marked,error,gate_count,depth
000,0.501953125,0.498046875,32,16
001,0.505859375,0.494140625,30,14
010,0.4921875,0.5078125,30,16
011,0.505859375,0.494140625,28,14
100,0.5078125,0.4921875,30,16
101,0.484375,0.515625,28,14
110,0.408203125,0.591796875,28,16
111,0.515625,0.484375,26,14
