state,p_marked,error,gate_count,depth
000,0.13671875,0.86328125,24,12
001,0.125,0.875,20,8
010,0.13671875,0.86328125,20,12
011,0.119140625,0.880859375,16,8
100,0.099609375,0.900390625,20,12
101,0.12890625,0.87109375,16,8
110,0.08203125,0.91796875,16,12
111,0.134765625,0.865234375,12,8
