state,p_marked,error,gate_count,depth
000,0.107421875,0.892578125,15,7
001,0.14453125,0.85546875,13,5
010,0.138671875,0.861328125,13,7
011,0.142578125,0.857421875,11,5
100,0.140625,0.859375,13,7
101,0.140625,0.859375,11,5
110,0.11328125,0.88671875,11,7
111,0.103515625,0.896484375,9,5
