state,p_marked,error,gate_count,depth
000,0.13671875,0.86328125,24,12
001,0.13671875,0.86328125,20,8
010,0.107421875,0.892578125,20,12
011,0.111328125,0.888671875,16,8
100,0.126953125,0.873046875,20,12
101,0.10546875,0.89453125,16,8
110,0.1171875,0.8828125,16,12
111,0.08984375,0.91015625,12,8
