state,p_marked,error,gate_count,depth
000,0.455078125,0.544921875,32,16
001,0.501953125,0.498046875,30,14
010,0.5078125,0.4921875,30,16
011,0.515625,0.484375,28,14
100,0.515625,0.484375,30,16
101,0.49609375,0.50390625,28,14
110,0.525390625,0.474609375,28,16
111,0.486328125,0.513671875,26,14
