state,p_marked,error,gate_count,depth
000,0.125,0.875,24,11
001,0.140625,0.859375,24,11
010,0.138671875,0.861328125,24,11
011,0.146484375,0.853515625,24,11
100,0.138671875,0.861328125,24,11
101,0.125,0.875,24,11
110,0.123046875,0.876953125,24,11
111,0.15625,0.84375,24,11
