state,p_marked,error,gate_count,depth
000,0.078125,0.921875,32,15
001,0.052734375,0.947265625,30,13
010,0.056640625,0.943359375,30,15
011,0.078125,0.921875,28,13
100,0.05859375,0.94140625,30,15
101,0.0546875,0.9453125,28,13
110,0.0625,0.9375,28,15
111,0.060546875,0.939453125,26,13
