state,p_marked,error,gate_count,depth
000,0.138671875,0.861328125,59,31
001,0.134765625,0.865234375,55,27
010,0.111328125,0.888671875,55,31
011,0.119140625,0.880859375,51,27
100,0.10546875,0.89453125,55,31
101,0.115234375,0.884765625,51,27
110,0.095703125,0.904296875,51,31
111,0.111328125,0.888671875,47,27
