state,p_marked,error,gate_count,depth
000,0.123046875,0.876953125,50,26
001,0.111328125,0.888671875,44,20
010,0.119140625,0.880859375,44,26
011,0.1015625,0.8984375,38,20
100,0.109375,0.890625,44,26
101,0.125,0.875,38,20
110,0.134765625,0.865234375,38,26
111,0.130859375,0.869140625,32,20
