state,p_marked,error,gate_count,depth
000,0.501953125,0.498046875,41,21
001,0.45703125,0.54296875,37,17
010,0.501953125,0.498046875,37,21
011,0.5,0.5,33,17
100,0.529296875,0.470703125,37,21
101,0.517578125,0.482421875,33,17
110,0.451171875,0.548828125,33,21
111,0.44921875,0.55078125,29,17
