state,p_marked,error,gate_count,depth
000,0.103515625,0.896484375,37,18
001,0.115234375,0.884765625,35,16
010,0.12109375,0.87890625,35,18
011,0.0,1.0,33,16
100,0.09765625,0.90234375,35,18
101,0.1015625,0.8984375,33,16
110,0.0,1.0,33,18
111,0.119140625,0.880859375,31,16
