state,p_marked,error,gate_count,depth
000,0.126953125,0.873046875,32,16
001,0.12890625,0.87109375,30,14
010,0.107421875,0.892578125,30,16
011,0.1328125,0.8671875,28,14
100,0.099609375,0.900390625,30,16
101,0.115234375,0.884765625,28,14
110,0.12890625,0.87109375,28,16
111,0.123046875,0.876953125,26,14
