state,p_marked,error,gate_count,depth
000,0.107421875,0.892578125,32,15
001,0.126953125,0.873046875,30,13
010,0.08984375,0.91015625,30,15
011,0.134765625,0.865234375,28,13
100,0.125,0.875,30,15
101,0.1328125,0.8671875,28,13
110,0.125,0.875,28,15
111,0.15234375,0.84765625,26,13
