state,p_marked,error,gate_count,depth
000,0.12890625,0.87109375,42,22
001,0.130859375,0.869140625,34,14
010,0.119140625,0.880859375,34,22
011,0.115234375,0.884765625,26,14
100,0.1484375,0.8515625,34,22
101,0.140625,0.859375,26,14
110,0.150390625,0.849609375,26,22
111,0.125,0.875,18,14
