state,p_marked,error,gate_count,depth
000,0.134765625,0.865234375,32,16
001,0.107421875,0.892578125,30,14
010,0.1328125,0.8671875,30,16
011,0.119140625,0.880859375,28,14
100,0.107421875,0.892578125,30,16
101,0.111328125,0.888671875,28,14
110,0.119140625,0.880859375,28,16
111,0.14453125,0.85546875,26,14
