state,p_marked,error,gate_count,depth
000,0.498046875,0.501953125,32,16
001,0.517578125,0.482421875,30,14
010,0.541015625,0.458984375,30,16
011,0.556640625,0.443359375,28,14
100,0.474609375,0.525390625,30,16
101,0.521484375,0.478515625,28,14
110,0.548828125,0.451171875,28,16
111,0.529296875,0.470703125,26,14
