state,p_marked,error,gate_count,depth
000,0.125,0.875,41,20
001,0.125,0.875,37,16
010,0.1171875,0.8828125,37,20
011,0.12109375,0.87890625,33,16
100,0.12109375,0.87890625,37,20
101,0.12890625,0.87109375,33,16
110,0.11328125,0.88671875,33,20
111,0.134765625,0.865234375,29,16
