state,p_marked,error,gate_count,depth
000,0.544921875,0.455078125,32,16
001,0.5078125,0.4921875,30,14
010,0.484375,0.515625,30,16
011,0.484375,0.515625,28,14
100,0.490234375,0.509765625,30,16
101,0.525390625,0.474609375,28,14
110,0.5234375,0.4765625,28,16
111,0.4921875,0.5078125,26,14
