state,p_marked,error,gate_count,depth
000,0.125,0.875,52,26
001,0.099609375,0.900390625,52,26
010,0.138671875,0.861328125,52,26
011,0.11328125,0.88671875,52,26
100,0.14453125,0.85546875,52,26
101,0.12109375,0.87890625,52,26
110,0.123046875,0.876953125,52,26
111,0.138671875,0.861328125,52,26
