state,p_marked,error,gate_count,depth
000,0.056640625,0.943359375,111,61
001,0.08984375,0.91015625,97,47
010,0.068359375,0.931640625,97,61
011,0.287109375,0.712890625,83,47
100,0.330078125,0.669921875,97,61
101,0.064453125,0.935546875,83,47
110,0.3046875,0.6953125,83,61
111,0.076171875,0.923828125,69,47
