state,p_marked,error,gate_count,depth
000,0.107421875,0.892578125,41,20
001,0.103515625,0.896484375,37,16
010,0.134765625,0.865234375,37,20
011,0.130859375,0.869140625,33,16
100,0.138671875,0.861328125,37,20
101,0.1015625,0.8984375,33,16
110,0.15234375,0.84765625,33,20
111,0.146484375,0.853515625,29,16
