state,p_marked,error,gate_count,depth
000,0.5,0.5,41,21
001,0.4453125,0.5546875,37,17
010,0.4609375,0.5390625,37,21
011,0.5,0.5,33,17
100,0.466796875,0.533203125,37,21
101,0.4765625,0.5234375,33,17
110,0.525390625,0.474609375,33,21
111,0.49609375,0.50390625,29,17
