state,p_marked,error,gate_count,depth
000,0.125,0.875,76,40
001,0.09765625,0.90234375,72,36
010,0.10546875,0.89453125,72,40
011,0.109375,0.890625,68,36
100,0.10546875,0.89453125,72,40
101,0.501953125,0.498046875,68,36
110,0.1171875,0.8828125,68,40
111,0.490234375,0.509765625,64,36
