state,p_marked,error,gate_count,depth
000,0.119140625,0.880859375,32,15
001,0.1171875,0.8828125,30,13
010,0.1171875,0.8828125,30,15
011,0.109375,0.890625,28,13
100,0.140625,0.859375,30,15
101,0.125,0.875,28,13
110,0.140625,0.859375,28,15
111,0.14453125,0.85546875,26,13
