state,p_marked,error,gate_count,depth
000,0.541015625,0.458984375,32,16
001,0.4921875,0.5078125,30,14
010,0.5078125,0.4921875,30,16
011,0.49609375,0.50390625,28,14
100,0.5078125,0.4921875,30,16
101,0.529296875,0.470703125,28,14
110,0.494140625,0.505859375,28,16
111,0.517578125,0.482421875,26,14
