state,p_marked,error,gate_count,depth
000,0.537109375,0.462890625,42,22
001,0.53515625,0.46484375,38,18
010,0.513671875,0.486328125,38,22
011,0.49609375,0.50390625,34,18
100,0.49609375,0.50390625,38,22
101,0.123046875,0.876953125,34,18
110,0.12890625,0.87109375,34,22
111,0.48828125,0.51171875,30,18
