state,p_marked,error,gate_count,depth
000,0.14453125,0.85546875,59,30
001,0.119140625,0.880859375,55,26
010,0.126953125,0.873046875,55,30
011,0.138671875,0.861328125,51,26
100,0.111328125,0.888671875,55,30
101,0.115234375,0.884765625,51,26
110,0.11328125,0.88671875,51,30
111,0.126953125,0.873046875,47,26
