state,p_marked,error,gate_count,depth
000,0.12109375,0.87890625,23,11
001,0.12890625,0.87109375,23,11
010,0.14453125,0.85546875,23,11
011,0.1328125,0.8671875,23,11
100,0.13671875,0.86328125,23,11
101,0.12109375,0.87890625,23,11
110,0.115234375,0.884765625,23,11
111,0.125,0.875,23,11
