state,p_marked,error,gate_count,depth
000,0.04296875,0.95703125,61,31
001,0.025390625,0.974609375,57,27
010,0.037109375,0.962890625,57,31
011,0.021484375,0.978515625,53,27
100,0.02734375,0.97265625,57,31
101,0.298828125,0.701171875,53,27
110,0.2578125,0.7421875,53,31
111,0.287109375,0.712890625,49,27
