state,p_marked,error,gate_count,depth
000,0.13671875,0.86328125,49,23
001,0.123046875,0.876953125,47,21
010,0.130859375,0.869140625,47,23
011,0.125,0.875,45,21
100,0.13671875,0.86328125,47,23
101,0.09765625,0.90234375,45,21
110,0.115234375,0.884765625,45,23
111,0.130859375,0.869140625,43,21
