state,p_marked,error,gate_count,depth
000,0.123046875,0.876953125,24,12
001,0.12109375,0.87890625,20,8
010,0.107421875,0.892578125,20,12
011,0.130859375,0.869140625,16,8
100,0.1328125,0.8671875,20,12
101,0.12890625,0.87109375,16,8
110,0.134765625,0.865234375,16,12
111,0.107421875,0.892578125,12,8
