state,p_marked,error,gate_count,depth
000,0.107421875,0.892578125,24,12
001,0.123046875,0.876953125,20,8
010,0.130859375,0.869140625,20,12
011,0.140625,0.859375,16,8
100,0.142578125,0.857421875,20,12
101,0.16015625,0.83984375,16,8
110,0.0859375,0.9140625,16,12
111,0.099609375,0.900390625,12,8
