state,p_marked,error,gate_count,depth
000,0.1328125,0.8671875,33,17
001,0.11328125,0.88671875,27,11
010,0.119140625,0.880859375,27,17
011,0.109375,0.890625,21,11
100,0.125,0.875,27,17
101,0.099609375,0.900390625,21,11
110,0.109375,0.890625,21,17
111,0.1171875,0.8828125,15,11
