state,p_marked,error,gate_count,depth
000,0.119140625,0.880859375,33,17
001,0.14453125,0.85546875,27,11
010,0.126953125,0.873046875,27,17
011,0.109375,0.890625,21,11
100,0.134765625,0.865234375,27,17
101,0.134765625,0.865234375,21,11
110,0.10546875,0.89453125,21,17
111,0.125,0.875,15,11
