state,p_marked,error,gate_count,depth
000,0.482421875,0.517578125,41,21
001,0.47265625,0.52734375,37,17
010,0.53125,0.46875,37,21
011,0.51953125,0.48046875,33,17
100,0.5390625,0.4609375,37,21
101,0.533203125,0.466796875,33,17
110,0.5,0.5,33,21
111,0.501953125,0.498046875,29,17
