state,p_marked,error,gate_count,depth
000,0.521484375,0.478515625,41,21
001,0.517578125,0.482421875,37,17
010,0.458984375,0.541015625,37,21
011,0.51953125,0.48046875,33,17
100,0.5078125,0.4921875,37,21
101,0.498046875,0.501953125,33,17
110,0.482421875,0.517578125,33,21
111,0.515625,0.484375,29,17
