state,p_marked,error,gate_count,depth
000,0.12109375,0.87890625,59,31
001,0.109375,0.890625,55,27
010,0.142578125,0.857421875,55,31
011,0.11328125,0.88671875,51,27
100,0.111328125,0.888671875,55,31
101,0.150390625,0.849609375,51,27
110,0.12890625,0.87109375,51,31
111,0.15234375,0.84765625,47,27
