state,p_marked,error,gate_count,depth
000,0.10546875,0.89453125,26,14
001,0.12890625,0.87109375,26,14
010,0.130859375,0.869140625,26,14
011,0.09375,0.90625,26,14
100,0.09765625,0.90234375,26,14
101,0.150390625,0.849609375,26,14
110,0.111328125,0.888671875,26,14
111,0.111328125,0.888671875,26,14
