state,p_marked,error,gate_count,depth
000,0.130859375,0.869140625,41,20
001,0.12109375,0.87890625,37,16
010,0.123046875,0.876953125,37,20
011,0.13671875,0.86328125,33,16
100,0.123046875,0.876953125,37,20
101,0.109375,0.890625,33,16
110,0.125,0.875,33,20
111,0.14453125,0.85546875,29,16
