state,p_marked,error,gate_count,depth
000,0.486328125,0.513671875,58,29
001,0.48046875,0.51953125,54,25
010,0.509765625,0.490234375,54,29
011,0.505859375,0.494140625,50,25
100,0.462890625,0.537109375,54,29
101,0.09375,0.90625,50,25
110,0.52734375,0.47265625,50,29
111,0.1328125,0.8671875,46,25
