state,p_marked,error,gate_count,depth
000,0.111328125,0.888671875,50,26
001,0.1171875,0.8828125,48,24
010,0.1171875,0.8828125,48,26
011,0.125,0.875,46,24
100,0.126953125,0.873046875,48,26
101,0.134765625,0.865234375,46,24
110,0.109375,0.890625,46,26
111,0.125,0.875,44,24
