state,p_marked,error,gate_count,depth
000,0.142578125,0.857421875,65,34
001,0.140625,0.859375,61,30
010,0.134765625,0.865234375,61,34
011,0.283203125,0.716796875,57,30
100,0.13671875,0.86328125,61,34
101,0.16015625,0.83984375,57,30
110,0.125,0.875,57,34
111,0.0,1.0,53,30
