state,p_marked,error,gate_count,depth
000,0.12890625,0.87109375,33,15
001,0.142578125,0.857421875,31,13
010,0.109375,0.890625,31,15
011,0.138671875,0.861328125,29,13
100,0.125,0.875,31,15
101,0.119140625,0.880859375,29,13
110,0.130859375,0.869140625,29,15
111,0.146484375,0.853515625,27,13
