state,p_marked,error,gate_count,depth
000,0.1171875,0.8828125,33,17
001,0.1328125,0.8671875,27,11
010,0.13671875,0.86328125,27,17
011,0.146484375,0.853515625,21,11
100,0.140625,0.859375,27,17
101,0.119140625,0.880859375,21,11
110,0.11328125,0.88671875,21,17
111,0.1328125,0.8671875,15,11
