state,p_marked,error,gate_count,depth
000,0.12109375,0.87890625,24,12
001,0.109375,0.890625,20,8
010,0.1484375,0.8515625,20,12
011,0.115234375,0.884765625,16,8
100,0.125,0.875,20,12
101,0.146484375,0.853515625,16,8
110,0.134765625,0.865234375,16,12
111,0.115234375,0.884765625,12,8
