state,p_marked,error,gate_count,depth
000,0.158203125,0.841796875,41,19
001,0.12109375,0.87890625,41,19
010,0.146484375,0.853515625,41,19
011,0.115234375,0.884765625,41,19
100,0.111328125,0.888671875,41,19
101,0.115234375,0.884765625,41,19
110,0.11328125,0.88671875,41,19
111,0.15234375,0.84765625,41,19
