state,p_marked,error,gate_count,depth
000,0.138671875,0.861328125,41,19
001,0.109375,0.890625,41,19
010,0.119140625,0.880859375,41,19
011,0.119140625,0.880859375,41,19
100,0.123046875,0.876953125,41,19
101,0.142578125,0.857421875,41,19
110,0.126953125,0.873046875,41,19
111,0.166015625,0.833984375,41,19
