state,p_marked,error,gate_count,depth
000,0.51953125,0.48046875,66,33
001,0.4765625,0.5234375,64,31
010,0.11328125,0.88671875,64,33
011,0.46875,0.53125,62,31
100,0.513671875,0.486328125,64,33
101,0.51953125,0.48046875,62,31
110,0.119140625,0.880859375,62,33
111,0.498046875,0.501953125,60,31
