state,p_marked,error,gate_count,depth
000,0.134765625,0.865234375,69,36
001,0.068359375,0.931640625,67,34
010,0.005859375,0.994140625,67,36
011,0.248046875,0.751953125,65,34
100,0.00390625,0.99609375,67,36
101,0.203125,0.796875,65,34
110,0.064453125,0.935546875,65,36
111,0.19140625,0.80859375,63,34
