state,p_marked,error,gate_count,depth
000,0.130859375,0.869140625,30,17
001,0.125,0.875,30,17
010,0.123046875,0.876953125,30,17
011,0.107421875,0.892578125,30,17
100,0.1171875,0.8828125,30,17
101,0.171875,0.828125,30,17
110,0.130859375,0.869140625,30,17
111,0.158203125,0.841796875,30,17
