state,p_marked,error,gate_count,depth
000,0.517578125,0.482421875,41,21
001,0.544921875,0.455078125,37,17
010,0.5078125,0.4921875,37,21
011,0.529296875,0.470703125,33,17
100,0.478515625,0.521484375,37,21
101,0.470703125,0.529296875,33,17
110,0.45703125,0.54296875,33,21
111,0.482421875,0.517578125,29,17
