state,p_marked,error,gate_count,depth
000,0.15625,0.84375,24,12
001,0.11328125,0.88671875,20,8
010,0.091796875,0.908203125,20,12
011,0.111328125,0.888671875,16,8
100,0.142578125,0.857421875,20,12
101,0.12890625,0.87109375,16,8
110,0.10546875,0.89453125,16,12
111,0.130859375,0.869140625,12,8
