state,p_marked,error,gate_count,depth
000,0.15625,0.84375,68,35
001,0.123046875,0.876953125,62,30
010,0.126953125,0.873046875,62,35
011,0.146484375,0.853515625,56,29
100,0.13671875,0.86328125,62,35
101,0.134765625,0.865234375,56,30
110,0.10546875,0.89453125,56,35
111,0.111328125,0.888671875,50,29
