state,p_marked,error,gate_count,depth
000,0.05859375,0.94140625,34,17
001,0.07421875,0.92578125,32,15
010,0.052734375,0.947265625,32,17
011,0.05859375,0.94140625,30,15
100,0.09375,0.90625,32,17
101,0.310546875,0.689453125,30,15
110,0.078125,0.921875,30,17
111,0.30859375,0.69140625,28,15
