state,p_marked,error,gate_count,depth
000,0.025390625,0.974609375,62,39
001,0.080078125,0.919921875,60,37
010,0.177734375,0.822265625,60,39
011,0.251953125,0.748046875,58,37
100,0.15234375,0.84765625,60,39
101,0.126953125,0.873046875,58,37
110,0.15625,0.84375,58,39
111,0.0625,0.9375,56,37
