state,p_marked,error,gate_count,depth
000,0.1640625,0.8359375,104,60
001,0.146484375,0.853515625,102,58
010,0.1875,0.8125,102,60
011,0.18359375,0.81640625,100,58
100,0.171875,0.828125,102,60
101,0.365234375,0.634765625,100,58
110,0.357421875,0.642578125,100,60
111,0.130859375,0.869140625,98,58
