state,p_marked,error,gate_count,depth
000,0.0625,0.9375,109,72
001,0.181640625,0.818359375,109,72
010,0.171875,0.828125,109,72
011,0.00390625,0.99609375,109,72
100,0.103515625,0.896484375,109,72
101,0.439453125,0.560546875,109,72
110,0.01171875,0.98828125,109,72
111,0.029296875,0.970703125,109,72
