state,p_marked,error,gate_count,depth
000,0.115234375,0.884765625,34,17
001,0.126953125,0.873046875,32,15
010,0.111328125,0.888671875,32,17
011,0.119140625,0.880859375,30,15
100,0.146484375,0.853515625,32,17
101,0.1484375,0.8515625,30,15
110,0.1171875,0.8828125,30,17
111,0.107421875,0.892578125,28,15
