state,p_marked,error,gate_count,depth
000,0.14453125,0.85546875,55,28
001,0.103515625,0.896484375,53,26
010,0.115234375,0.884765625,53,28
011,0.11328125,0.88671875,51,26
100,0.107421875,0.892578125,53,28
101,0.1328125,0.8671875,51,26
110,0.12890625,0.87109375,51,28
111,0.10546875,0.89453125,49,26
