state,p_marked,error,gate_count,depth
000,0.05859375,0.94140625,33,15
001,0.064453125,0.935546875,31,13
010,0.064453125,0.935546875,31,15
011,0.068359375,0.931640625,29,13
100,0.06640625,0.93359375,31,15
101,0.056640625,0.943359375,29,13
110,0.060546875,0.939453125,29,15
111,0.056640625,0.943359375,27,13
