state,p_marked,error,gate_count,depth
000,0.123046875,0.876953125,44,23
001,0.109375,0.890625,40,19
010,0.13671875,0.86328125,40,23
011,0.138671875,0.861328125,36,19
100,0.119140625,0.880859375,40,23
101,0.130859375,0.869140625,36,19
110,0.130859375,0.869140625,36,23
111,0.09765625,0.90234375,32,19
