state,p_marked,error,gate_count,depth
000,0.494140625,0.505859375,67,34
001,0.490234375,0.509765625,61,28
010,0.5390625,0.4609375,61,34
011,0.4765625,0.5234375,55,28
100,0.52734375,0.47265625,61,34
101,0.505859375,0.494140625,55,28
110,0.490234375,0.509765625,55,34
111,0.4921875,0.5078125,49,28
