state,p_marked,error,gate_count,depth
000,0.1171875,0.8828125,50,23
001,0.130859375,0.869140625,48,21
010,0.107421875,0.892578125,48,23
011,0.126953125,0.873046875,46,21
100,0.123046875,0.876953125,48,23
101,0.1171875,0.8828125,46,21
110,0.142578125,0.857421875,46,23
111,0.123046875,0.876953125,44,21
