state,p_marked,error,gate_count,depth
000,0.119140625,0.880859375,15,7
001,0.154296875,0.845703125,13,5
010,0.10546875,0.89453125,13,7
011,0.123046875,0.876953125,11,5
100,0.130859375,0.869140625,13,7
101,0.125,0.875,11,5
110,0.115234375,0.884765625,11,7
111,0.138671875,0.861328125,9,5
