state,p_marked,error,gate_count,depth
000,0.267578125,0.732421875,53,28
001,0.029296875,0.970703125,51,26
010,0.29296875,0.70703125,51,28
011,0.044921875,0.955078125,49,26
100,0.03125,0.96875,51,28
101,0.01953125,0.98046875,49,26
110,0.01953125,0.98046875,49,28
111,0.029296875,0.970703125,47,26
