state,p_marked,error,gate_count,depth
000,0.115234375,0.884765625,43,22
001,0.12890625,0.87109375,39,18
010,0.107421875,0.892578125,39,22
011,0.109375,0.890625,35,18
100,0.1171875,0.8828125,39,22
101,0.126953125,0.873046875,35,18
110,0.123046875,0.876953125,35,22
111,0.15625,0.84375,31,18
