state,p_marked,error,gate_count,depth
000,0.517578125,0.482421875,67,34
001,0.505859375,0.494140625,61,28
010,0.451171875,0.548828125,61,34
011,0.501953125,0.498046875,55,28
100,0.50390625,0.49609375,61,34
101,0.46875,0.53125,55,28
110,0.5078125,0.4921875,55,34
111,0.482421875,0.517578125,49,28
