state,p_marked,error,gate_count,depth
000,0.14453125,0.85546875,15,7
001,0.140625,0.859375,13,5
010,0.15234375,0.84765625,13,7
011,0.130859375,0.869140625,11,5
100,0.1171875,0.8828125,13,7
101,0.162109375,0.837890625,11,5
110,0.142578125,0.857421875,11,7
111,0.13671875,0.86328125,9,5
