state,p_marked,error,gate_count,depth
000,0.109375,0.890625,32,15
001,0.12890625,0.87109375,30,13
010,0.107421875,0.892578125,30,15
011,0.15234375,0.84765625,28,13
100,0.123046875,0.876953125,30,15
101,0.111328125,0.888671875,28,13
110,0.138671875,0.861328125,28,15
111,0.130859375,0.869140625,26,13
