state,p_marked,error,gate_count,depth
000,0.11328125,0.88671875,15,7
001,0.126953125,0.873046875,13,5
010,0.1171875,0.8828125,13,7
011,0.125,0.875,11,5
100,0.125,0.875,13,7
101,0.123046875,0.876953125,11,5
110,0.1328125,0.8671875,11,7
111,0.115234375,0.884765625,9,5
