state,p_marked,error,gate_count,depth
000,0.138671875,0.861328125,24,12
001,0.12890625,0.87109375,24,12
010,0.10546875,0.89453125,24,12
011,0.115234375,0.884765625,24,12
100,0.134765625,0.865234375,24,12
101,0.125,0.875,24,12
110,0.134765625,0.865234375,24,12
111,0.126953125,0.873046875,24,12
