state,p_marked,error,gate_count,depth
000,0.134765625,0.865234375,32,16
001,0.13671875,0.86328125,30,14
010,0.12890625,0.87109375,30,16
011,0.1015625,0.8984375,28,14
100,0.115234375,0.884765625,30,16
101,0.109375,0.890625,28,14
110,0.12109375,0.87890625,28,16
111,0.111328125,0.888671875,26,14
