state,p_marked,error,gate_count,depth
000,0.06640625,0.93359375,45,26
001,0.1328125,0.8671875,43,24
010,0.06640625,0.93359375,43,26
011,0.0,1.0,41,24
100,0.09375,0.90625,43,26
101,0.04296875,0.95703125,41,24
110,0.4921875,0.5078125,41,26
111,0.0546875,0.9453125,39,24
