state,p_marked,error,gate_count,depth
000,0.13671875,0.86328125,15,7
001,0.125,0.875,13,5
010,0.146484375,0.853515625,13,7
011,0.11328125,0.88671875,11,5
100,0.099609375,0.900390625,13,7
101,0.130859375,0.869140625,11,5
110,0.109375,0.890625,11,7
111,0.130859375,0.869140625,9,5
