state,p_marked,error,gate_count,depth
000,0.466796875,0.533203125,41,21
001,0.48828125,0.51171875,37,17
010,0.47265625,0.52734375,37,21
011,0.46875,0.53125,33,17
100,0.4921875,0.5078125,37,21
101,0.515625,0.484375,33,17
110,0.5,0.5,33,21
111,0.4921875,0.5078125,29,17
