state,p_marked,error,gate_count,depth
000,0.107421875,0.892578125,51,27
001,0.12890625,0.87109375,41,17
010,0.107421875,0.892578125,41,27
011,0.111328125,0.888671875,31,17
100,0.12890625,0.87109375,41,27
101,0.126953125,0.873046875,31,17
110,0.10546875,0.89453125,31,27
111,0.140625,0.859375,21,17
