state,p_marked,error,gate_count,depth
000,0.154296875,0.845703125,58,30
001,0.10546875,0.89453125,54,26
010,0.119140625,0.880859375,54,30
011,0.130859375,0.869140625,50,26
100,0.126953125,0.873046875,54,30
101,0.125,0.875,50,26
110,0.134765625,0.865234375,50,30
111,0.14453125,0.85546875,46,26
