state,p_marked,error,gate_count,depth
000,0.486328125,0.513671875,66,32
001,0.125,0.875,62,29
010,0.111328125,0.888671875,62,31
011,0.0,1.0,58,28
100,0.10546875,0.89453125,62,32
101,0.001953125,0.998046875,58,29
110,0.0,1.0,58,31
111,0.126953125,0.873046875,54,28
