state,p_marked,error,gate_count,depth
000,0.474609375,0.525390625,41,21
001,0.421875,0.578125,37,17
010,0.49609375,0.50390625,37,21
011,0.5078125,0.4921875,33,17
100,0.4921875,0.5078125,37,21
101,0.494140625,0.505859375,33,17
110,0.458984375,0.541015625,33,21
111,0.494140625,0.505859375,29,17
