state,p_marked,error,gate_count,depth
000,0.15625,0.84375,41,20
001,0.12890625,0.87109375,37,16
010,0.130859375,0.869140625,37,20
011,0.13671875,0.86328125,33,16
100,0.10546875,0.89453125,37,20
101,0.14453125,0.85546875,33,16
110,0.087890625,0.912109375,33,20
111,0.1171875,0.8828125,29,16
