state,p_marked,error,gate_count,depth
000,0.482421875,0.517578125,32,16
001,0.5,0.5,30,14
010,0.50390625,0.49609375,30,16
011,0.45703125,0.54296875,28,14
100,0.49609375,0.50390625,30,16
101,0.494140625,0.505859375,28,14
110,0.447265625,0.552734375,28,16
111,0.427734375,0.572265625,26,14
