state,p_marked,error,gate_count,depth
000,0.0,1.0,58,30
001,0.0,1.0,54,26
010,0.0,1.0,54,30
011,0.142578125,0.857421875,50,26
100,0.0,1.0,54,30
101,0.0,1.0,50,26
110,0.0,1.0,50,30
111,0.115234375,0.884765625,46,26
