state,p_marked,error,gate_count,depth
000,0.27734375,0.72265625,93,48
001,0.255859375,0.744140625,89,44
010,0.2890625,0.7109375,89,48
011,0.2734375,0.7265625,85,44
100,0.234375,0.765625,89,48
101,0.033203125,0.966796875,85,44
110,0.24609375,0.75390625,85,48
111,0.029296875,0.970703125,81,44
