state,p_marked,error,gate_count,depth
000,0.51171875,0.48828125,41,21
001,0.455078125,0.544921875,37,17
010,0.470703125,0.529296875,37,21
011,0.486328125,0.513671875,33,17
100,0.4765625,0.5234375,37,21
101,0.513671875,0.486328125,33,17
110,0.490234375,0.509765625,33,21
111,0.474609375,0.525390625,29,17
