state,p_marked,error,gate_count,depth
000,0.1171875,0.8828125,32,15
001,0.12890625,0.87109375,30,13
010,0.138671875,0.861328125,30,15
011,0.12109375,0.87890625,28,13
100,0.154296875,0.845703125,30,15
101,0.1328125,0.8671875,28,13
110,0.12109375,0.87890625,28,15
111,0.125,0.875,26,13
