state,p_marked,error,gate_count,depth
000,0.513671875,0.486328125,50,26
001,0.4921875,0.5078125,44,20
010,0.474609375,0.525390625,44,26
011,0.5078125,0.4921875,38,20
100,0.51171875,0.48828125,44,26
101,0.5,0.5,38,20
110,0.451171875,0.548828125,38,26
111,0.515625,0.484375,32,20
