state,p_marked,error,gate_count,depth
000,0.126953125,0.873046875,60,31
001,0.119140625,0.880859375,52,24
010,0.123046875,0.876953125,52,31
011,0.1015625,0.8984375,44,23
100,0.13671875,0.86328125,52,31
101,0.1484375,0.8515625,44,24
110,0.091796875,0.908203125,44,31
111,0.150390625,0.849609375,36,23
