state,p_marked,error,gate_count,depth
000,0.52734375,0.47265625,93,48
001,0.494140625,0.505859375,85,40
010,0.123046875,0.876953125,85,48
011,0.0,1.0,77,40
100,0.0,1.0,85,48
101,0.0,1.0,77,40
110,0.501953125,0.498046875,77,48
111,0.109375,0.890625,69,40
