state,p_marked,error,gate_count,depth
000,0.470703125,0.529296875,32,16
001,0.533203125,0.466796875,30,14
010,0.521484375,0.478515625,30,16
011,0.4609375,0.5390625,28,14
100,0.490234375,0.509765625,30,16
101,0.509765625,0.490234375,28,14
110,0.509765625,0.490234375,28,16
111,0.490234375,0.509765625,26,14
