state,p_marked,error,gate_count,depth
000,0.123046875,0.876953125,41,21
001,0.125,0.875,37,17
010,0.1015625,0.8984375,37,21
011,0.12109375,0.87890625,33,17
100,0.130859375,0.869140625,37,21
101,0.107421875,0.892578125,33,17
110,0.12109375,0.87890625,33,21
111,0.123046875,0.876953125,29,17
