state,p_marked,error,gate_count,depth
000,0.23828125,0.76171875,59,29
001,0.25,0.75,55,25
010,0.265625,0.734375,55,29
011,0.2890625,0.7109375,51,25
100,0.19921875,0.80078125,55,29
101,0.255859375,0.744140625,51,25
110,0.21875,0.78125,51,29
111,0.25,0.75,47,25
