state,p_marked,error,gate_count,depth
000,0.46875,0.53125,41,21
001,0.498046875,0.501953125,37,17
010,0.5546875,0.4453125,37,21
011,0.537109375,0.462890625,33,17
100,0.501953125,0.498046875,37,21
101,0.494140625,0.505859375,33,17
110,0.490234375,0.509765625,33,21
111,0.47265625,0.52734375,29,17
