state,p_marked,error,gate_count,depth
000,0.505859375,0.494140625,33,17
001,0.474609375,0.525390625,31,15
010,0.517578125,0.482421875,31,17
011,0.482421875,0.517578125,29,15
100,0.455078125,0.544921875,31,17
101,0.470703125,0.529296875,29,15
110,0.505859375,0.494140625,29,17
111,0.5078125,0.4921875,27,15
