state,p_marked,error,gate_count,depth
000,0.138671875,0.861328125,55,29
001,0.109375,0.890625,53,27
010,0.10546875,0.89453125,53,29
011,0.109375,0.890625,51,27
100,0.158203125,0.841796875,53,29
101,0.119140625,0.880859375,51,27
110,0.119140625,0.880859375,51,29
111,0.130859375,0.869140625,49,27
