state,p_marked,error,gate_count,depth
000,0.287109375,0.712890625,50,25
001,0.029296875,0.970703125,48,23
010,0.296875,0.703125,48,25
011,0.02734375,0.97265625,46,23
100,0.033203125,0.966796875,48,25
101,0.294921875,0.705078125,46,23
110,0.02734375,0.97265625,46,25
111,0.2734375,0.7265625,44,23
