state,p_marked,error,gate_count,depth
000,0.115234375,0.884765625,47,25
001,0.15625,0.84375,43,21
010,0.134765625,0.865234375,43,25
011,0.10546875,0.89453125,39,21
100,0.146484375,0.853515625,43,25
101,0.130859375,0.869140625,39,21
110,0.1171875,0.8828125,39,25
111,0.146484375,0.853515625,35,21
