state,p_marked,error,gate_count,depth
000,0.345703125,0.654296875,87,43
001,0.3125,0.6875,81,38
010,0.3046875,0.6953125,81,43
011,0.333984375,0.666015625,75,38
100,0.509765625,0.490234375,81,42
101,0.49609375,0.50390625,75,37
110,0.484375,0.515625,75,42
111,0.54296875,0.45703125,69,37
