state,p_marked,error,gate_count,depth
000,0.50390625,0.49609375,41,21
001,0.5,0.5,37,17
010,0.5078125,0.4921875,37,21
011,0.455078125,0.544921875,33,17
100,0.4765625,0.5234375,37,21
101,0.51171875,0.48828125,33,17
110,0.529296875,0.470703125,33,21
111,0.4453125,0.5546875,29,17
