state,p_marked,error,gate_count,depth
000,0.11328125,0.88671875,40,19
001,0.119140625,0.880859375,40,19
010,0.1171875,0.8828125,40,19
011,0.1328125,0.8671875,40,19
100,0.142578125,0.857421875,40,19
101,0.12890625,0.87109375,40,19
110,0.109375,0.890625,40,19
111,0.1015625,0.8984375,40,19
