state,p_marked,error,gate_count,depth
000,0.123046875,0.876953125,50,26
001,0.1015625,0.8984375,48,24
010,0.125,0.875,48,26
011,0.1328125,0.8671875,46,24
100,0.119140625,0.880859375,48,26
101,0.12109375,0.87890625,46,24
110,0.12109375,0.87890625,46,26
111,0.150390625,0.849609375,44,24
