state,p_marked,error,gate_count,depth
000,0.146484375,0.853515625,33,16
001,0.10546875,0.89453125,31,14
010,0.125,0.875,31,16
011,0.125,0.875,29,14
100,0.1328125,0.8671875,31,16
101,0.1484375,0.8515625,29,14
110,0.115234375,0.884765625,29,16
111,0.107421875,0.892578125,27,14
