state,p_marked,error,gate_count,depth
000,0.126953125,0.873046875,24,12
001,0.119140625,0.880859375,20,8
010,0.109375,0.890625,20,12
011,0.146484375,0.853515625,16,8
100,0.150390625,0.849609375,20,12
101,0.134765625,0.865234375,16,8
110,0.158203125,0.841796875,16,12
111,0.154296875,0.845703125,12,8
