state,p_marked,error,gate_count,depth
000,0.126953125,0.873046875,43,22
001,0.125,0.875,39,18
010,0.111328125,0.888671875,39,22
011,0.11328125,0.88671875,35,18
100,0.14453125,0.85546875,39,22
101,0.111328125,0.888671875,35,18
110,0.138671875,0.861328125,35,22
111,0.115234375,0.884765625,31,18
