state,p_marked,error,gate_count,depth
000,0.12890625,0.87109375,24,12
001,0.158203125,0.841796875,20,8
010,0.142578125,0.857421875,20,12
011,0.095703125,0.904296875,16,8
100,0.119140625,0.880859375,20,12
101,0.134765625,0.865234375,16,8
110,0.1328125,0.8671875,16,12
111,0.146484375,0.853515625,12,8
