state,p_marked,error,gate_count,depth
000,0.0,1.0,64,33
001,0.25,0.75,60,29
010,0.0,1.0,60,33
011,0.1015625,0.8984375,56,29
100,0.248046875,0.751953125,60,33
101,0.0,1.0,56,29
110,0.26953125,0.73046875,56,33
111,0.126953125,0.873046875,52,29
