state,p_marked,error,gate_count,depth
000,0.125,0.875,49,25
001,0.123046875,0.876953125,47,23
010,0.115234375,0.884765625,47,25
011,0.111328125,0.888671875,45,23
100,0.111328125,0.888671875,47,25
101,0.107421875,0.892578125,45,23
110,0.119140625,0.880859375,45,25
111,0.109375,0.890625,43,23
