state,p_marked,error,gate_count,depth
000,0.12890625,0.87109375,33,15
001,0.134765625,0.865234375,31,13
010,0.140625,0.859375,31,15
011,0.134765625,0.865234375,29,13
100,0.103515625,0.896484375,31,15
101,0.126953125,0.873046875,29,13
110,0.107421875,0.892578125,29,15
111,0.138671875,0.861328125,27,13
