state,p_marked,error,gate_count,depth
000,0.11328125,0.88671875,32,15
001,0.138671875,0.861328125,30,13
010,0.134765625,0.865234375,30,15
011,0.11328125,0.88671875,28,13
100,0.109375,0.890625,30,15
101,0.142578125,0.857421875,28,13
110,0.123046875,0.876953125,28,15
111,0.140625,0.859375,26,13
