state,p_marked,error,gate_count,depth
000,0.48046875,0.51953125,41,21
001,0.474609375,0.525390625,37,17
010,0.484375,0.515625,37,21
011,0.51171875,0.48828125,33,17
100,0.505859375,0.494140625,37,21
101,0.494140625,0.505859375,33,17
110,0.529296875,0.470703125,33,21
111,0.466796875,0.533203125,29,17
