state,p_marked,error,gate_count,depth
000,0.51953125,0.48046875,41,21
001,0.541015625,0.458984375,37,17
010,0.51953125,0.48046875,37,21
011,0.51171875,0.48828125,33,17
100,0.466796875,0.533203125,37,21
101,0.50390625,0.49609375,33,17
110,0.51171875,0.48828125,33,21
111,0.4609375,0.5390625,29,17
