state,p_marked,error,gate_count,depth
000,0.125,0.875,52,27
001,0.1171875,0.8828125,50,25
010,0.13671875,0.86328125,50,27
011,0.126953125,0.873046875,48,25
100,0.107421875,0.892578125,50,27
101,0.14453125,0.85546875,48,25
110,0.130859375,0.869140625,48,27
111,0.115234375,0.884765625,46,25
