state,p_marked,error,gate_count,depth
000,0.267578125,0.732421875,33,16
001,0.25,0.75,31,14
010,0.26953125,0.73046875,31,16
011,0.234375,0.765625,29,14
100,0.240234375,0.759765625,31,16
101,0.0,1.0,29,14
110,0.2265625,0.7734375,29,16
111,0.0,1.0,27,14
