state,p_marked,error,gate_count,depth
000,0.541015625,0.458984375,32,16
001,0.5,0.5,30,14
010,0.521484375,0.478515625,30,16
011,0.5078125,0.4921875,28,14
100,0.451171875,0.548828125,30,16
101,0.48046875,0.51953125,28,14
110,0.5,0.5,28,16
111,0.482421875,0.517578125,26,14
