state,p_marked,error,gate_count,depth
000,0.0,1.0,84,44
001,0.0,1.0,78,38
010,0.0,1.0,78,44
011,0.0,1.0,72,38
100,0.10546875,0.89453125,78,44
101,0.0,1.0,72,38
110,0.0,1.0,72,44
111,0.123046875,0.876953125,66,38
