state,p_marked,error,gate_count,depth
000,0.484375,0.515625,52,27
001,0.115234375,0.884765625,46,21
010,0.0,1.0,46,27
011,0.10546875,0.89453125,40,21
100,0.50390625,0.49609375,46,27
101,0.11328125,0.88671875,40,21
110,0.0,1.0,40,27
111,0.119140625,0.880859375,34,21
