state,p_marked,error,gate_count,depth
000,0.1484375,0.8515625,55,29
001,0.125,0.875,53,27
010,0.119140625,0.880859375,53,29
011,0.12890625,0.87109375,51,27
100,0.134765625,0.865234375,53,29
101,0.115234375,0.884765625,51,27
110,0.142578125,0.857421875,51,29
111,0.126953125,0.873046875,49,27
