state,p_marked,error,gate_count,depth
000,0.107421875,0.892578125,41,20
001,0.126953125,0.873046875,37,16
010,0.119140625,0.880859375,37,20
011,0.12890625,0.87109375,33,16
100,0.11328125,0.88671875,37,20
101,0.126953125,0.873046875,33,16
110,0.123046875,0.876953125,33,20
111,0.12109375,0.87890625,29,16
