state,p_marked,error,gate_count,depth
000,0.150390625,0.849609375,24,12
001,0.099609375,0.900390625,20,8
010,0.095703125,0.904296875,20,12
011,0.1484375,0.8515625,16,8
100,0.10546875,0.89453125,20,12
101,0.12890625,0.87109375,16,8
110,0.109375,0.890625,16,12
111,0.140625,0.859375,12,8
