state,p_marked,error,gate_count,depth
000,0.14453125,0.85546875,50,26
001,0.125,0.875,44,20
010,0.11328125,0.88671875,44,26
011,0.10546875,0.89453125,38,20
100,0.1328125,0.8671875,44,26
101,0.125,0.875,38,20
110,0.14453125,0.85546875,38,26
111,0.126953125,0.873046875,32,20
