state,p_marked,error,gate_count,depth
000,0.11328125,0.88671875,75,38
001,0.0703125,0.9296875,71,34
010,0.126953125,0.873046875,71,38
011,0.109375,0.890625,67,34
100,0.125,0.875,71,38
101,0.54296875,0.45703125,67,34
110,0.505859375,0.494140625,67,38
111,0.126953125,0.873046875,63,34
