state,p_marked,error,gate_count,depth
000,0.181640625,0.818359375,120,63
001,0.0625,0.9375,114,57
010,0.2734375,0.7265625,114,63
011,0.296875,0.703125,108,57
100,0.095703125,0.904296875,114,63
101,0.009765625,0.990234375,108,57
110,0.28125,0.71875,108,63
111,0.275390625,0.724609375,102,57
