state,p_marked,error,gate_count,depth
000,0.087890625,0.912109375,56,28
001,0.119140625,0.880859375,54,27
010,0.0625,0.9375,54,28
011,0.12109375,0.87890625,52,26
100,0.12109375,0.87890625,54,28
101,0.08203125,0.91796875,52,27
110,0.125,0.875,52,28
111,0.078125,0.921875,50,26
