state,p_marked,error,gate_count,depth
000,0.11328125,0.88671875,70,36
001,0.1171875,0.8828125,64,30
010,0.115234375,0.884765625,64,36
011,0.12890625,0.87109375,58,30
100,0.130859375,0.869140625,64,36
101,0.119140625,0.880859375,58,30
110,0.154296875,0.845703125,58,36
111,0.158203125,0.841796875,52,30
