state,p_marked,error,gate_count,depth
000,0.115234375,0.884765625,67,35
001,0.115234375,0.884765625,61,29
010,0.111328125,0.888671875,61,35
011,0.095703125,0.904296875,55,29
100,0.15234375,0.84765625,61,35
101,0.130859375,0.869140625,55,29
110,0.119140625,0.880859375,55,35
111,0.115234375,0.884765625,49,29
