state,p_marked,error,gate_count,depth
000,0.109375,0.890625,42,23
001,0.115234375,0.884765625,40,21
010,0.29296875,0.70703125,40,23
011,0.19921875,0.80078125,38,21
100,0.12109375,0.87890625,40,23
101,0.1015625,0.8984375,38,21
110,0.326171875,0.673828125,38,23
111,0.177734375,0.822265625,36,21
