state,p_marked,error,gate_count,depth
000,0.130859375,0.869140625,95,49
001,0.1171875,0.8828125,87,43
010,0.134765625,0.865234375,87,49
011,0.119140625,0.880859375,79,41
100,0.154296875,0.845703125,87,49
101,0.16796875,0.83203125,79,43
110,0.125,0.875,79,49
111,0.130859375,0.869140625,71,41
