state,p_marked,error,gate_count,depth
000,0.23828125,0.76171875,32,16
001,0.244140625,0.755859375,30,14
010,0.275390625,0.724609375,30,16
011,0.26953125,0.73046875,28,14
100,0.234375,0.765625,30,16
101,0.287109375,0.712890625,28,14
110,0.259765625,0.740234375,28,16
111,0.2265625,0.7734375,26,14
