state,p_marked,error,gate_count,depth
000,0.150390625,0.849609375,33,17
001,0.12890625,0.87109375,31,15
010,0.158203125,0.841796875,31,17
011,0.12890625,0.87109375,29,15
100,0.107421875,0.892578125,31,17
101,0.111328125,0.888671875,29,15
110,0.111328125,0.888671875,29,17
111,0.111328125,0.888671875,27,15
