state,p_marked,error,gate_count,depth
000,0.5390625,0.4609375,32,16
001,0.509765625,0.490234375,30,14
010,0.50390625,0.49609375,30,16
011,0.498046875,0.501953125,28,14
100,0.50390625,0.49609375,30,16
101,0.51171875,0.48828125,28,14
110,0.5,0.5,28,16
111,0.4765625,0.5234375,26,14
