state,p_marked,error,gate_count,depth
000,0.138671875,0.861328125,50,25
001,0.130859375,0.869140625,44,19
010,0.15625,0.84375,44,25
011,0.125,0.875,38,19
100,0.138671875,0.861328125,44,25
101,0.138671875,0.861328125,38,19
110,0.14453125,0.85546875,38,25
111,0.1171875,0.8828125,32,19
