state,p_marked,error,gate_count,depth
000,0.134765625,0.865234375,42,22
001,0.130859375,0.869140625,34,14
010,0.126953125,0.873046875,34,22
011,0.119140625,0.880859375,26,14
100,0.12890625,0.87109375,34,22
101,0.12890625,0.87109375,26,14
110,0.12890625,0.87109375,26,22
111,0.1171875,0.8828125,18,14
