state,p_marked,error,gate_count,depth
000,0.111328125,0.888671875,33,17
001,0.1328125,0.8671875,27,11
010,0.10546875,0.89453125,27,17
011,0.134765625,0.865234375,21,11
100,0.150390625,0.849609375,27,17
101,0.142578125,0.857421875,21,11
110,0.123046875,0.876953125,21,17
111,0.142578125,0.857421875,15,11
