state,p_marked,error,gate_count,depth
000,0.3125,0.6875,87,43
001,0.287109375,0.712890625,81,38
010,0.3359375,0.6640625,81,43
011,0.330078125,0.669921875,75,38
100,0.51953125,0.48046875,81,42
101,0.52734375,0.47265625,75,37
110,0.482421875,0.517578125,75,42
111,0.51171875,0.48828125,69,37
