state,p_marked,error,gate_count,depth
000,0.1484375,0.8515625,55,28
001,0.125,0.875,53,26
010,0.10546875,0.89453125,53,28
011,0.12109375,0.87890625,51,26
100,0.125,0.875,53,28
101,0.109375,0.890625,51,26
110,0.125,0.875,51,28
111,0.12109375,0.87890625,49,26
