state,p_marked,error,gate_count,depth
000,0.150390625,0.849609375,52,27
001,0.109375,0.890625,50,25
010,0.12109375,0.87890625,50,27
011,0.12890625,0.87109375,48,25
100,0.158203125,0.841796875,50,27
101,0.13671875,0.86328125,48,25
110,0.142578125,0.857421875,48,27
111,0.115234375,0.884765625,46,25
