state,p_marked,error,gate_count,depth
000,0.115234375,0.884765625,32,15
001,0.150390625,0.849609375,30,13
010,0.154296875,0.845703125,30,15
011,0.146484375,0.853515625,28,13
100,0.14453125,0.85546875,30,15
101,0.130859375,0.869140625,28,13
110,0.107421875,0.892578125,28,15
111,0.109375,0.890625,26,13
