state,p_marked,error,gate_count,depth
000,0.119140625,0.880859375,41,20
001,0.140625,0.859375,37,16
010,0.12890625,0.87109375,37,20
011,0.11328125,0.88671875,33,16
100,0.126953125,0.873046875,37,20
101,0.115234375,0.884765625,33,16
110,0.1328125,0.8671875,33,20
111,0.1328125,0.8671875,29,16
