state,p_marked,error,gate_count,depth
000,0.341796875,0.658203125,67,35
001,0.279296875,0.720703125,61,29
010,0.240234375,0.759765625,61,35
011,0.28515625,0.71484375,55,29
100,0.021484375,0.978515625,61,35
101,0.25390625,0.74609375,55,29
110,0.28125,0.71875,55,35
111,0.0390625,0.9609375,49,29
