state,p_marked,error,gate_count,depth
000,0.033203125,0.966796875,52,27
001,0.12890625,0.87109375,50,25
010,0.05078125,0.94921875,50,27
011,0.12109375,0.87890625,48,25
100,0.01953125,0.98046875,50,27
101,0.2265625,0.7734375,48,25
110,0.01953125,0.98046875,48,27
111,0.23046875,0.76953125,46,25
