state,p_marked,error,gate_count,depth
000,0.12890625,0.87109375,42,21
001,0.12109375,0.87890625,38,18
010,0.134765625,0.865234375,38,21
011,0.119140625,0.880859375,34,17
100,0.1171875,0.8828125,38,21
101,0.12109375,0.87890625,34,18
110,0.134765625,0.865234375,34,21
111,0.13671875,0.86328125,30,17
