state,p_marked,error,gate_count,depth
000,0.234375,0.765625,32,16
001,0.294921875,0.705078125,30,14
010,0.240234375,0.759765625,30,16
011,0.271484375,0.728515625,28,14
100,0.25,0.75,30,16
101,0.267578125,0.732421875,28,14
110,0.21484375,0.78515625,28,16
111,0.240234375,0.759765625,26,14
