state,p_marked,error,gate_count,depth
000,0.091796875,0.908203125,51,27
001,0.13671875,0.86328125,41,17
010,0.10546875,0.89453125,41,27
011,0.140625,0.859375,31,17
100,0.125,0.875,41,27
101,0.140625,0.859375,31,17
110,0.10546875,0.89453125,31,27
111,0.1328125,0.8671875,21,17
