state,p_marked,error,gate_count,depth
000,0.15234375,0.84765625,24,12
001,0.125,0.875,20,8
010,0.107421875,0.892578125,20,12
011,0.130859375,0.869140625,16,8
100,0.099609375,0.900390625,20,12
101,0.111328125,0.888671875,16,8
110,0.13671875,0.86328125,16,12
111,0.109375,0.890625,12,8
