state,p_marked,error,gate_count,depth
000,0.1171875,0.8828125,61,32
001,0.1171875,0.8828125,57,28
010,0.15625,0.84375,57,32
011,0.103515625,0.896484375,53,28
100,0.12890625,0.87109375,57,32
101,0.1171875,0.8828125,53,28
110,0.115234375,0.884765625,53,32
111,0.140625,0.859375,49,28
