state,p_marked,error,gate_count,depth
000,0.484375,0.515625,41,21
001,0.544921875,0.455078125,37,17
010,0.482421875,0.517578125,37,21
011,0.529296875,0.470703125,33,17
100,0.556640625,0.443359375,37,21
101,0.484375,0.515625,33,17
110,0.474609375,0.525390625,33,21
111,0.478515625,0.521484375,29,17
