state,p_marked,error,gate_count,depth
000,0.142578125,0.857421875,58,28
001,0.146484375,0.853515625,54,24
010,0.123046875,0.876953125,54,28
011,0.12890625,0.87109375,50,24
100,0.115234375,0.884765625,54,28
101,0.111328125,0.888671875,50,24
110,0.12109375,0.87890625,50,28
111,0.126953125,0.873046875,46,24
