state,p_marked,error,gate_count,depth
000,0.140625,0.859375,43,21
001,0.130859375,0.869140625,39,17
010,0.11328125,0.88671875,39,21
011,0.123046875,0.876953125,35,17
100,0.107421875,0.892578125,39,21
101,0.12890625,0.87109375,35,17
110,0.138671875,0.861328125,35,21
111,0.12890625,0.87109375,31,17
