state,p_marked,error,gate_count,depth
000,0.1328125,0.8671875,41,21
001,0.126953125,0.873046875,37,17
010,0.146484375,0.853515625,37,21
011,0.11328125,0.88671875,33,17
100,0.1171875,0.8828125,37,21
101,0.1328125,0.8671875,33,17
110,0.134765625,0.865234375,33,21
111,0.1015625,0.8984375,29,17
