state,p_marked,error,gate_count,depth
000,0.515625,0.484375,41,21
001,0.44921875,0.55078125,37,17
010,0.517578125,0.482421875,37,21
011,0.515625,0.484375,33,17
100,0.486328125,0.513671875,37,21
101,0.494140625,0.505859375,33,17
110,0.466796875,0.533203125,33,21
111,0.5,0.5,29,17
