state,p_marked,error,gate_count,depth
000,0.142578125,0.857421875,32,15
001,0.1015625,0.8984375,30,13
010,0.099609375,0.900390625,30,15
011,0.125,0.875,28,13
100,0.1171875,0.8828125,30,15
101,0.126953125,0.873046875,28,13
110,0.142578125,0.857421875,28,15
111,0.123046875,0.876953125,26,13
