state,p_marked,error,gate_count,depth
000,0.12109375,0.87890625,59,31
001,0.15234375,0.84765625,55,27
010,0.140625,0.859375,55,31
011,0.16015625,0.83984375,51,27
100,0.109375,0.890625,55,31
101,0.12890625,0.87109375,51,27
110,0.1171875,0.8828125,51,31
111,0.111328125,0.888671875,47,27
