state,p_marked,error,gate_count,depth
000,0.119140625,0.880859375,32,15
001,0.1171875,0.8828125,30,13
010,0.130859375,0.869140625,30,15
011,0.154296875,0.845703125,28,13
100,0.140625,0.859375,30,15
101,0.138671875,0.861328125,28,13
110,0.09765625,0.90234375,28,15
111,0.13671875,0.86328125,26,13
