state,p_marked,error,gate_count,depth
000,0.0,1.0,43,22
001,0.146484375,0.853515625,39,19
010,0.103515625,0.896484375,39,22
011,0.125,0.875,35,18
100,0.0,1.0,39,22
101,0.0,1.0,35,19
110,0.123046875,0.876953125,35,22
111,0.0,1.0,31,18
