state,p_marked,error,gate_count,depth
000,0.53125,0.46875,41,21
001,0.49609375,0.50390625,37,17
010,0.52734375,0.47265625,37,21
011,0.490234375,0.509765625,33,17
100,0.466796875,0.533203125,37,21
101,0.4921875,0.5078125,33,17
110,0.494140625,0.505859375,33,21
111,0.484375,0.515625,29,17
