state,p_marked,error,gate_count,depth
000,0.146484375,0.853515625,15,7
001,0.138671875,0.861328125,13,5
010,0.126953125,0.873046875,13,7
011,0.115234375,0.884765625,11,5
100,0.12890625,0.87109375,13,7
101,0.1015625,0.8984375,11,5
110,0.107421875,0.892578125,11,7
111,0.12890625,0.87109375,9,5
