state,p_marked,error,gate_count,depth
000,0.12890625,0.87109375,59,31
001,0.125,0.875,55,27
010,0.12109375,0.87890625,55,31
011,0.154296875,0.845703125,51,27
100,0.134765625,0.865234375,55,31
101,0.1328125,0.8671875,51,27
110,0.119140625,0.880859375,51,31
111,0.150390625,0.849609375,47,27
