state,p_marked,error,gate_count,depth
000,0.119140625,0.880859375,64,33
001,0.1171875,0.8828125,60,30
010,0.1328125,0.8671875,60,33
011,0.109375,0.890625,56,29
100,0.126953125,0.873046875,60,33
101,0.12890625,0.87109375,56,30
110,0.123046875,0.876953125,56,33
111,0.16796875,0.83203125,52,29
