state,p_marked,error,gate_count,depth
000,0.12890625,0.87109375,33,17
001,0.130859375,0.869140625,27,11
010,0.126953125,0.873046875,27,17
011,0.1015625,0.8984375,21,11
100,0.169921875,0.830078125,27,17
101,0.125,0.875,21,11
110,0.1328125,0.8671875,21,17
111,0.1328125,0.8671875,15,11
