state,p_marked,error,gate_count,depth
000,0.2890625,0.7109375,25,12
001,0.24609375,0.75390625,25,12
010,0.0,1.0,25,12
011,0.0,1.0,25,12
100,0.228515625,0.771484375,25,12
101,0.0,1.0,25,12
110,0.248046875,0.751953125,25,12
111,0.0,1.0,25,12
