state,p_marked,error,gate_count,depth
000,0.130859375,0.869140625,51,27
001,0.146484375,0.853515625,47,23
010,0.091796875,0.908203125,47,27
011,0.126953125,0.873046875,43,23
100,0.13671875,0.86328125,47,27
101,0.123046875,0.876953125,43,23
110,0.13671875,0.86328125,43,27
111,0.11328125,0.88671875,39,23
