state,p_marked,error,gate_count,depth
000,0.0,1.0,63,33
001,0.103515625,0.896484375,59,29
010,0.1328125,0.8671875,59,33
011,0.2265625,0.7734375,55,29
100,0.0,1.0,59,33
101,0.115234375,0.884765625,55,29
110,0.10546875,0.89453125,55,33
111,0.21875,0.78125,51,29
