state,p_marked,error,gate_count,depth
000,0.111328125,0.888671875,58,30
001,0.12109375,0.87890625,54,26
010,0.126953125,0.873046875,54,30
011,0.12890625,0.87109375,50,26
100,0.111328125,0.888671875,54,30
101,0.13671875,0.86328125,50,26
110,0.125,0.875,50,30
111,0.126953125,0.873046875,46,26
