state,p_marked,error,gate_count,depth
000,0.11328125,0.88671875,68,35
001,0.125,0.875,62,30
010,0.126953125,0.873046875,62,35
011,0.138671875,0.861328125,56,29
100,0.11328125,0.88671875,62,35
101,0.134765625,0.865234375,56,30
110,0.111328125,0.888671875,56,35
111,0.11328125,0.88671875,50,29
