state,p_marked,error,gate_count,depth
000,0.42578125,0.57421875,41,21
001,0.48046875,0.51953125,37,17
010,0.48046875,0.51953125,37,21
011,0.513671875,0.486328125,33,17
100,0.498046875,0.501953125,37,21
101,0.509765625,0.490234375,33,17
110,0.5234375,0.4765625,33,21
111,0.482421875,0.517578125,29,17
