state,p_marked,error,gate_count,depth
000,0.248046875,0.751953125,44,24
001,0.060546875,0.939453125,42,22
010,0.09765625,0.90234375,42,24
011,0.0,1.0,40,22
100,0.30859375,0.69140625,42,24
101,0.099609375,0.900390625,40,22
110,0.234375,0.765625,40,24
111,0.033203125,0.966796875,38,22
