state,p_marked,error,gate_count,depth
000,0.1171875,0.8828125,68,37
001,0.140625,0.859375,64,33
010,0.1328125,0.8671875,64,37
011,0.13671875,0.86328125,60,33
100,0.142578125,0.857421875,64,37
101,0.138671875,0.861328125,60,33
110,0.109375,0.890625,60,37
111,0.107421875,0.892578125,56,33
