state,p_marked,error,gate_count,depth
000,0.005859375,0.994140625,63,45
001,0.189453125,0.810546875,63,45
010,0.330078125,0.669921875,63,45
011,0.046875,0.953125,63,45
100,0.0,1.0,63,45
101,0.03125,0.96875,63,45
110,0.1484375,0.8515625,63,45
111,0.19921875,0.80078125,63,45
