state,p_marked,error,gate_count,depth
000,0.271484375,0.728515625,57,29
001,0.232421875,0.767578125,55,27
010,0.216796875,0.783203125,55,29
011,0.2578125,0.7421875,53,27
100,0.0,1.0,55,29
101,0.0,1.0,53,27
110,0.0,1.0,53,29
111,0.0,1.0,51,27
