state,p_marked,error,gate_count,depth
000,0.5,0.5,41,21
001,0.494140625,0.505859375,37,17
010,0.470703125,0.529296875,37,21
011,0.490234375,0.509765625,33,17
100,0.498046875,0.501953125,37,21
101,0.501953125,0.498046875,33,17
110,0.49609375,0.50390625,33,21
111,0.513671875,0.486328125,29,17
