state,p_marked,error,gate_count,depth
000,0.48046875,0.51953125,41,21
001,0.498046875,0.501953125,37,17
010,0.50390625,0.49609375,37,21
011,0.51953125,0.48046875,33,17
100,0.47265625,0.52734375,37,21
101,0.541015625,0.458984375,33,17
110,0.544921875,0.455078125,33,21
111,0.521484375,0.478515625,29,17
