state,p_marked,error,gate_count,depth
000,0.123046875,0.876953125,49,24
001,0.12890625,0.87109375,47,22
010,0.103515625,0.896484375,47,24
011,0.134765625,0.865234375,45,22
100,0.119140625,0.880859375,47,24
101,0.13671875,0.86328125,45,22
110,0.12890625,0.87109375,45,24
111,0.09375,0.90625,43,22
