state,p_marked,error,gate_count,depth
000,0.111328125,0.888671875,49,23
001,0.080078125,0.919921875,47,21
010,0.14453125,0.85546875,47,23
011,0.134765625,0.865234375,45,21
100,0.111328125,0.888671875,47,23
101,0.126953125,0.873046875,45,21
110,0.130859375,0.869140625,45,23
111,0.09765625,0.90234375,43,21
