state,p_marked,error,gate_count,depth
000,0.15234375,0.84765625,58,30
001,0.111328125,0.888671875,54,26
010,0.123046875,0.876953125,54,30
011,0.1484375,0.8515625,50,26
100,0.1328125,0.8671875,54,30
101,0.115234375,0.884765625,50,26
110,0.08984375,0.91015625,50,30
111,0.11328125,0.88671875,46,26
