state,p_marked,error,gate_count,depth
000,0.439453125,0.560546875,32,16
001,0.48046875,0.51953125,30,14
010,0.521484375,0.478515625,30,16
011,0.466796875,0.533203125,28,14
100,0.5,0.5,30,16
101,0.486328125,0.513671875,28,14
110,0.505859375,0.494140625,28,16
111,0.453125,0.546875,26,14
