state,p_marked,error,gate_count,depth
000,0.138671875,0.861328125,58,29
001,0.146484375,0.853515625,54,25
010,0.123046875,0.876953125,54,29
011,0.103515625,0.896484375,50,25
100,0.1328125,0.8671875,54,29
101,0.109375,0.890625,50,25
110,0.14453125,0.85546875,50,29
111,0.134765625,0.865234375,46,25
