state,p_marked,error,gate_count,depth
000,0.1484375,0.8515625,47,24
001,0.09765625,0.90234375,43,20
010,0.1171875,0.8828125,43,24
011,0.115234375,0.884765625,39,20
100,0.115234375,0.884765625,43,24
101,0.12109375,0.87890625,39,20
110,0.095703125,0.904296875,39,24
111,0.15625,0.84375,35,20
