state,p_marked,error,gate_count,depth
000,0.123046875,0.876953125,41,20
001,0.12109375,0.87890625,37,16
010,0.142578125,0.857421875,37,20
011,0.126953125,0.873046875,33,16
100,0.125,0.875,37,20
101,0.10546875,0.89453125,33,16
110,0.134765625,0.865234375,33,20
111,0.09375,0.90625,29,16
