state,p_marked,error,gate_count,depth
000,0.140625,0.859375,33,17
001,0.14453125,0.85546875,27,11
010,0.15234375,0.84765625,27,17
011,0.123046875,0.876953125,21,11
100,0.12109375,0.87890625,27,17
101,0.123046875,0.876953125,21,11
110,0.15234375,0.84765625,21,17
111,0.109375,0.890625,15,11
