state,p_marked,error,gate_count,depth
000,0.0,1.0,46,24
001,0.111328125,0.888671875,42,20
010,0.0,1.0,42,24
011,0.140625,0.859375,38,20
100,0.107421875,0.892578125,42,24
101,0.0,1.0,38,20
110,0.103515625,0.896484375,38,24
111,0.0,1.0,34,20
