state,p_marked,error,gate_count,depth
000,0.1171875,0.8828125,40,19
001,0.123046875,0.876953125,40,19
010,0.111328125,0.888671875,40,19
011,0.134765625,0.865234375,40,19
100,0.142578125,0.857421875,40,19
101,0.13671875,0.86328125,40,19
110,0.13671875,0.86328125,40,19
111,0.125,0.875,40,19
