state,p_marked,error,gate_count,depth
000,0.06640625,0.93359375,84,42
001,0.203125,0.796875,78,36
010,0.22265625,0.77734375,78,42
011,0.078125,0.921875,72,36
100,0.08984375,0.91015625,78,42
101,0.21484375,0.78515625,72,36
110,0.2265625,0.7734375,72,42
111,0.076171875,0.923828125,66,36
