state,p_marked,error,gate_count,depth
000,0.154296875,0.845703125,15,7
001,0.130859375,0.869140625,13,5
010,0.111328125,0.888671875,13,7
011,0.123046875,0.876953125,11,5
100,0.1171875,0.8828125,13,7
101,0.1328125,0.8671875,11,5
110,0.099609375,0.900390625,11,7
111,0.134765625,0.865234375,9,5
