state,p_marked,error,gate_count,depth
000,0.482421875,0.517578125,33,17
001,0.501953125,0.498046875,31,15
010,0.482421875,0.517578125,31,17
011,0.126953125,0.873046875,29,15
100,0.486328125,0.513671875,31,17
101,0.498046875,0.501953125,29,15
110,0.146484375,0.853515625,29,17
111,0.505859375,0.494140625,27,15
