state,p_marked,error,gate_count,depth
000,0.1171875,0.8828125,27,14
001,0.126953125,0.873046875,27,14
010,0.115234375,0.884765625,27,14
011,0.12109375,0.87890625,27,14
100,0.125,0.875,27,14
101,0.12890625,0.87109375,27,14
110,0.13671875,0.86328125,27,14
111,0.095703125,0.904296875,27,14
