state,p_marked,error,gate_count,depth
000,0.103515625,0.896484375,49,24
001,0.123046875,0.876953125,47,22
010,0.13671875,0.86328125,47,24
011,0.126953125,0.873046875,45,22
100,0.1484375,0.8515625,47,24
101,0.134765625,0.865234375,45,22
110,0.11328125,0.88671875,45,24
111,0.1171875,0.8828125,43,22
