state,p_marked,error,gate_count,depth
000,0.51953125,0.48046875,32,16
001,0.490234375,0.509765625,30,14
010,0.5078125,0.4921875,30,16
011,0.515625,0.484375,28,14
100,0.48046875,0.51953125,30,16
101,0.548828125,0.451171875,28,14
110,0.46484375,0.53515625,28,16
111,0.48828125,0.51171875,26,14
