state,p_marked,error,gate_count,depth
000,0.140625,0.859375,50,25
001,0.12890625,0.87109375,44,19
010,0.126953125,0.873046875,44,25
011,0.119140625,0.880859375,38,19
100,0.123046875,0.876953125,44,25
101,0.109375,0.890625,38,19
110,0.119140625,0.880859375,38,25
111,0.138671875,0.861328125,32,19
