state,p_marked,error,gate_count,depth
000,0.5078125,0.4921875,42,22
001,0.501953125,0.498046875,38,18
010,0.462890625,0.537109375,38,22
011,0.501953125,0.498046875,34,18
100,0.498046875,0.501953125,38,22
101,0.140625,0.859375,34,18
110,0.5078125,0.4921875,34,22
111,0.150390625,0.849609375,30,18
