state,p_marked,error,gate_count,depth
000,0.380859375,0.619140625,41,23
001,0.017578125,0.982421875,39,21
010,0.029296875,0.970703125,39,23
011,0.0,1.0,37,21
100,0.37109375,0.62890625,39,23
101,0.037109375,0.962890625,37,21
110,0.02734375,0.97265625,37,23
111,0.001953125,0.998046875,35,21
