state,p_marked,error,gate_count,depth
000,0.12890625,0.87109375,42,22
001,0.140625,0.859375,34,14
010,0.103515625,0.896484375,34,22
011,0.130859375,0.869140625,26,14
100,0.09375,0.90625,34,22
101,0.140625,0.859375,26,14
110,0.130859375,0.869140625,26,22
111,0.1328125,0.8671875,18,14
