state,p_marked,error,gate_count,depth
000,0.529296875,0.470703125,66,34
001,0.517578125,0.482421875,64,32
010,0.5234375,0.4765625,64,34
011,0.53125,0.46875,62,32
100,0.140625,0.859375,64,34
101,0.4765625,0.5234375,62,32
110,0.134765625,0.865234375,62,34
111,0.4921875,0.5078125,60,32
