state,p_marked,error,gate_count,depth
000,0.1328125,0.8671875,44,22
001,0.12890625,0.87109375,40,18
010,0.146484375,0.853515625,40,22
011,0.130859375,0.869140625,36,18
100,0.12109375,0.87890625,40,22
101,0.1328125,0.8671875,36,18
110,0.154296875,0.845703125,36,22
111,0.1328125,0.8671875,32,18
