state,p_marked,error,gate_count,depth
000,0.142578125,0.857421875,33,17
001,0.130859375,0.869140625,27,11
010,0.1171875,0.8828125,27,17
011,0.126953125,0.873046875,21,11
100,0.126953125,0.873046875,27,17
101,0.125,0.875,21,11
110,0.134765625,0.865234375,21,17
111,0.140625,0.859375,15,11
