state,p_marked,error,gate_count,depth
000,0.123046875,0.876953125,41,19
001,0.154296875,0.845703125,41,19
010,0.126953125,0.873046875,41,19
011,0.11328125,0.88671875,41,19
100,0.103515625,0.896484375,41,19
101,0.12890625,0.87109375,41,19
110,0.119140625,0.880859375,41,19
111,0.1171875,0.8828125,41,19
