state,p_marked,error,gate_count,depth
000,0.109375,0.890625,40,18
001,0.115234375,0.884765625,40,18
010,0.12109375,0.87890625,40,18
011,0.126953125,0.873046875,40,18
100,0.146484375,0.853515625,40,18
101,0.12109375,0.87890625,40,18
110,0.134765625,0.865234375,40,18
111,0.12890625,0.87109375,40,18
