state,p_marked,error,gate_count,depth
000,0.544921875,0.455078125,32,16
001,0.529296875,0.470703125,30,14
010,0.478515625,0.521484375,30,16
011,0.494140625,0.505859375,28,14
100,0.5234375,0.4765625,30,16
101,0.4609375,0.5390625,28,14
110,0.521484375,0.478515625,28,16
111,0.498046875,0.501953125,26,14
