state,p_marked,error,gate_count,depth
000,0.126953125,0.873046875,24,12
001,0.126953125,0.873046875,20,8
010,0.12890625,0.87109375,20,12
011,0.125,0.875,16,8
100,0.140625,0.859375,20,12
101,0.158203125,0.841796875,16,8
110,0.13671875,0.86328125,16,12
111,0.119140625,0.880859375,12,8
