state,p_marked,error,gate_count,depth
000,0.140625,0.859375,61,31
001,0.146484375,0.853515625,57,27
010,0.1015625,0.8984375,57,31
011,0.111328125,0.888671875,53,27
100,0.12109375,0.87890625,57,31
101,0.150390625,0.849609375,53,27
110,0.115234375,0.884765625,53,31
111,0.11328125,0.88671875,49,27
