state,p_marked,error,gate_count,depth
000,0.12109375,0.87890625,32,15
001,0.09375,0.90625,30,13
010,0.130859375,0.869140625,30,15
011,0.125,0.875,28,13
100,0.1484375,0.8515625,30,15
101,0.14453125,0.85546875,28,13
110,0.09765625,0.90234375,28,15
111,0.13671875,0.86328125,26,13
