state,p_marked,error,gate_count,depth
000,0.1328125,0.8671875,41,21
001,0.1015625,0.8984375,37,17
010,0.126953125,0.873046875,37,21
011,0.12109375,0.87890625,33,17
100,0.119140625,0.880859375,37,21
101,0.146484375,0.853515625,33,17
110,0.125,0.875,33,21
111,0.142578125,0.857421875,29,17
