state,p_marked,error,gate_count,depth
000,0.4921875,0.5078125,41,21
001,0.5,0.5,37,17
010,0.509765625,0.490234375,37,21
011,0.453125,0.546875,33,17
100,0.48828125,0.51171875,37,21
101,0.5,0.5,33,17
110,0.51171875,0.48828125,33,21
111,0.494140625,0.505859375,29,17
