state,p_marked,error,gate_count,depth
000,0.474609375,0.525390625,41,21
001,0.533203125,0.466796875,37,17
010,0.490234375,0.509765625,37,21
011,0.4609375,0.5390625,33,17
100,0.537109375,0.462890625,37,21
101,0.537109375,0.462890625,33,17
110,0.515625,0.484375,33,21
111,0.498046875,0.501953125,29,17
