state,p_marked,error,gate_count,depth
000,0.52734375,0.47265625,32,16
001,0.474609375,0.525390625,30,14
010,0.501953125,0.498046875,30,16
011,0.447265625,0.552734375,28,14
100,0.544921875,0.455078125,30,16
101,0.498046875,0.501953125,28,14
110,0.45703125,0.54296875,28,16
111,0.51171875,0.48828125,26,14
