state,p_marked,error,gate_count,depth
000,0.12890625,0.87109375,46,23
001,0.13671875,0.86328125,42,19
010,0.103515625,0.896484375,42,23
011,0.142578125,0.857421875,38,19
100,0.1171875,0.8828125,42,23
101,0.12890625,0.87109375,38,19
110,0.14453125,0.85546875,38,23
111,0.138671875,0.861328125,34,19
