state,p_marked,error,gate_count,depth
000,0.115234375,0.884765625,55,28
001,0.12890625,0.87109375,53,26
010,0.12109375,0.87890625,53,28
011,0.138671875,0.861328125,51,26
100,0.134765625,0.865234375,53,28
101,0.10546875,0.89453125,51,26
110,0.109375,0.890625,51,28
111,0.107421875,0.892578125,49,26
