state,p_marked,error,gate_count,depth
000,0.125,0.875,49,24
001,0.099609375,0.900390625,47,22
010,0.1171875,0.8828125,47,24
011,0.13671875,0.86328125,45,22
100,0.115234375,0.884765625,47,24
101,0.123046875,0.876953125,45,22
110,0.123046875,0.876953125,45,24
111,0.140625,0.859375,43,22
