state,p_marked,error,gate_count,depth
000,0.125,0.875,49,25
001,0.1328125,0.8671875,47,23
010,0.115234375,0.884765625,47,25
011,0.123046875,0.876953125,45,23
100,0.177734375,0.822265625,47,25
101,0.1015625,0.8984375,45,23
110,0.12109375,0.87890625,45,25
111,0.134765625,0.865234375,43,23
