state,p_marked,error,gate_count,depth
000,0.13671875,0.86328125,15,7
001,0.1015625,0.8984375,13,5
010,0.142578125,0.857421875,13,7
011,0.125,0.875,11,5
100,0.09765625,0.90234375,13,7
101,0.138671875,0.861328125,11,5
110,0.115234375,0.884765625,11,7
111,0.140625,0.859375,9,5
