state,p_marked,error,gate_count,depth
000,0.125,0.875,42,22
001,0.142578125,0.857421875,34,14
010,0.119140625,0.880859375,34,22
011,0.154296875,0.845703125,26,14
100,0.150390625,0.849609375,34,22
101,0.123046875,0.876953125,26,14
110,0.109375,0.890625,26,22
111,0.15234375,0.84765625,18,14
