state,p_marked,error,gate_count,depth
000,0.111328125,0.888671875,42,22
001,0.111328125,0.888671875,34,14
010,0.130859375,0.869140625,34,22
011,0.14453125,0.85546875,26,14
100,0.138671875,0.861328125,34,22
101,0.150390625,0.849609375,26,14
110,0.12890625,0.87109375,26,22
111,0.126953125,0.873046875,18,14
