state,p_marked,error,gate_count,depth
000,0.138671875,0.861328125,63,33
001,0.0,1.0,59,29
010,0.0,1.0,59,33
011,0.125,0.875,55,29
100,0.13671875,0.86328125,59,33
101,0.248046875,0.751953125,55,29
110,0.275390625,0.724609375,55,33
111,0.13671875,0.86328125,51,29
