state,p_marked,error,gate_count,depth
000,0.13671875,0.86328125,49,25
001,0.123046875,0.876953125,47,23
010,0.107421875,0.892578125,47,25
011,0.125,0.875,45,23
100,0.150390625,0.849609375,47,25
101,0.125,0.875,45,23
110,0.13671875,0.86328125,45,25
111,0.1328125,0.8671875,43,23
