state,p_marked,error,gate_count,depth
000,0.140625,0.859375,41,20
001,0.09375,0.90625,37,16
010,0.11328125,0.88671875,37,20
011,0.150390625,0.849609375,33,16
100,0.13671875,0.86328125,37,20
101,0.119140625,0.880859375,33,16
110,0.1171875,0.8828125,33,20
111,0.1328125,0.8671875,29,16
