state,p_marked,error,gate_count,depth
000,0.1328125,0.8671875,41,20
001,0.1328125,0.8671875,37,16
010,0.134765625,0.865234375,37,20
011,0.103515625,0.896484375,33,16
100,0.119140625,0.880859375,37,20
101,0.125,0.875,33,16
110,0.12109375,0.87890625,33,20
111,0.130859375,0.869140625,29,16
