state,p_marked,error,gate_count,depth
000,0.1171875,0.8828125,24,12
001,0.134765625,0.865234375,20,8
010,0.10546875,0.89453125,20,12
011,0.10546875,0.89453125,16,8
100,0.1171875,0.8828125,20,12
101,0.13671875,0.86328125,16,8
110,0.1171875,0.8828125,16,12
111,0.099609375,0.900390625,12,8
