state,p_marked,error,gate_count,depth
000,0.158203125,0.841796875,75,46
001,0.08203125,0.91796875,73,44
010,0.166015625,0.833984375,73,46
011,0.009765625,0.990234375,71,44
100,0.013671875,0.986328125,73,46
101,0.07421875,0.92578125,71,44
110,0.078125,0.921875,71,46
111,0.03125,0.96875,69,44
