state,p_marked,error,gate_count,depth
000,0.505859375,0.494140625,32,16
001,0.48046875,0.51953125,30,14
010,0.4765625,0.5234375,30,16
011,0.52734375,0.47265625,28,14
100,0.5,0.5,30,16
101,0.525390625,0.474609375,28,14
110,0.4921875,0.5078125,28,16
111,0.458984375,0.541015625,26,14
