state,p_marked,error,gate_count,depth
000,0.099609375,0.900390625,32,15
001,0.05078125,0.94921875,30,13
010,0.0546875,0.9453125,30,15
011,0.06640625,0.93359375,28,13
100,0.0703125,0.9296875,30,15
101,0.056640625,0.943359375,28,13
110,0.05859375,0.94140625,28,15
111,0.0546875,0.9453125,26,13
