state,p_marked,error,gate_count,depth
000,0.099609375,0.900390625,32,15
001,0.13671875,0.86328125,30,13
010,0.130859375,0.869140625,30,15
011,0.1171875,0.8828125,28,13
100,0.111328125,0.888671875,30,15
101,0.12890625,0.87109375,28,13
110,0.12109375,0.87890625,28,15
111,0.123046875,0.876953125,26,13
