state,p_marked,error,gate_count,depth
000,0.126953125,0.873046875,41,20
001,0.111328125,0.888671875,37,16
010,0.12109375,0.87890625,37,20
011,0.126953125,0.873046875,33,16
100,0.11328125,0.88671875,37,20
101,0.1328125,0.8671875,33,16
110,0.154296875,0.845703125,33,20
111,0.12109375,0.87890625,29,16
