state,p_marked,error,gate_count,depth
000,0.50390625,0.49609375,32,16
001,0.501953125,0.498046875,30,14
010,0.482421875,0.517578125,30,16
011,0.51953125,0.48046875,28,14
100,0.50390625,0.49609375,30,16
101,0.458984375,0.541015625,28,14
110,0.494140625,0.505859375,28,16
111,0.533203125,0.466796875,26,14
