state,p_marked,error,gate_count,depth
000,0.134765625,0.865234375,33,17
001,0.130859375,0.869140625,31,15
010,0.103515625,0.896484375,31,17
011,0.150390625,0.849609375,29,15
100,0.091796875,0.908203125,31,17
101,0.130859375,0.869140625,29,15
110,0.130859375,0.869140625,29,17
111,0.111328125,0.888671875,27,15
