state,p_marked,error,gate_count,depth
000,0.494140625,0.505859375,32,16
001,0.517578125,0.482421875,30,14
010,0.48046875,0.51953125,30,16
011,0.486328125,0.513671875,28,14
100,0.51171875,0.48828125,30,16
101,0.513671875,0.486328125,28,14
110,0.484375,0.515625,28,16
111,0.498046875,0.501953125,26,14
