state,p_marked,error,gate_count,depth
000,0.060546875,0.939453125,32,15
001,0.06640625,0.93359375,30,13
010,0.072265625,0.927734375,30,15
011,0.060546875,0.939453125,28,13
100,0.078125,0.921875,30,15
101,0.060546875,0.939453125,28,13
110,0.046875,0.953125,28,15
111,0.05859375,0.94140625,26,13
