state,p_marked,error,gate_count,depth
000,0.505859375,0.494140625,32,16
001,0.54296875,0.45703125,30,14
010,0.4921875,0.5078125,30,16
011,0.462890625,0.537109375,28,14
100,0.46875,0.53125,30,16
101,0.515625,0.484375,28,14
110,0.49609375,0.50390625,28,16
111,0.5,0.5,26,14
