state,p_marked,error,gate_count,depth
000,0.109375,0.890625,32,16
001,0.119140625,0.880859375,30,14
010,0.109375,0.890625,30,16
011,0.099609375,0.900390625,28,14
100,0.146484375,0.853515625,30,16
101,0.123046875,0.876953125,28,14
110,0.12890625,0.87109375,28,16
111,0.115234375,0.884765625,26,14
