state,p_marked,error,gate_count,depth
000,0.248046875,0.751953125,34,21
001,0.134765625,0.865234375,34,21
010,0.4453125,0.5546875,34,21
011,0.125,0.875,34,21
100,0.0,1.0,34,21
101,0.0,1.0,34,21
110,0.0,1.0,34,21
111,0.0,1.0,34,21
