state,p_marked,error,gate_count,depth
000,0.0,1.0,34,18
001,0.0,1.0,32,16
010,0.0,1.0,32,18
011,0.126953125,0.873046875,30,16
100,0.0,1.0,32,18
101,0.0,1.0,30,16
110,0.509765625,0.490234375,30,18
111,0.12109375,0.87890625,28,16
