state,p_marked,error,gate_count,depth
000,0.126953125,0.873046875,32,15
001,0.130859375,0.869140625,30,13
010,0.1328125,0.8671875,30,15
011,0.1015625,0.8984375,28,13
100,0.1171875,0.8828125,30,15
101,0.103515625,0.896484375,28,13
110,0.119140625,0.880859375,28,15
111,0.119140625,0.880859375,26,13
