state,p_marked,error,gate_count,depth
000,0.1484375,0.8515625,41,20
001,0.109375,0.890625,37,16
010,0.119140625,0.880859375,37,20
011,0.12890625,0.87109375,33,16
100,0.115234375,0.884765625,37,20
101,0.119140625,0.880859375,33,16
110,0.130859375,0.869140625,33,20
111,0.12890625,0.87109375,29,16
