state,p_marked,error,gate_count,depth
000,0.4921875,0.5078125,41,21
001,0.439453125,0.560546875,37,17
010,0.537109375,0.462890625,37,21
011,0.533203125,0.466796875,33,17
100,0.48046875,0.51953125,37,21
101,0.53125,0.46875,33,17
110,0.533203125,0.466796875,33,21
111,0.48046875,0.51953125,29,17
