state,p_marked,error,gate_count,depth
000,0.123046875,0.876953125,33,17
001,0.12890625,0.87109375,27,11
010,0.154296875,0.845703125,27,17
011,0.140625,0.859375,21,11
100,0.154296875,0.845703125,27,17
101,0.134765625,0.865234375,21,11
110,0.109375,0.890625,21,17
111,0.138671875,0.861328125,15,11
