state,p_marked,error,gate_count,depth
000,0.103515625,0.896484375,46,24
001,0.10546875,0.89453125,42,20
010,0.119140625,0.880859375,42,24
011,0.125,0.875,38,20
100,0.154296875,0.845703125,42,24
101,0.126953125,0.873046875,38,20
110,0.119140625,0.880859375,38,24
111,0.158203125,0.841796875,34,20
