state,p_marked,error,gate_count,depth
000,0.060546875,0.939453125,61,31
001,0.32421875,0.67578125,57,27
010,0.068359375,0.931640625,57,31
011,0.279296875,0.720703125,53,27
100,0.05859375,0.94140625,57,31
101,0.0859375,0.9140625,53,27
110,0.068359375,0.931640625,53,31
111,0.05859375,0.94140625,49,27
