state,p_marked,error,gate_count,depth
000,0.529296875,0.470703125,32,16
001,0.51953125,0.48046875,30,14
010,0.4765625,0.5234375,30,16
011,0.583984375,0.416015625,28,14
100,0.515625,0.484375,30,16
101,0.51953125,0.48046875,28,14
110,0.47265625,0.52734375,28,16
111,0.513671875,0.486328125,26,14
