state,p_marked,error,gate_count,depth
000,0.1484375,0.8515625,49,25
001,0.1171875,0.8828125,47,23
010,0.125,0.875,47,25
011,0.125,0.875,45,23
100,0.12109375,0.87890625,47,25
101,0.123046875,0.876953125,45,23
110,0.125,0.875,45,25
111,0.12109375,0.87890625,43,23
