state,p_marked,error,gate_count,depth
000,0.1171875,0.8828125,15,7
001,0.126953125,0.873046875,13,5
010,0.142578125,0.857421875,13,7
011,0.150390625,0.849609375,11,5
100,0.111328125,0.888671875,13,7
101,0.10546875,0.89453125,11,5
110,0.123046875,0.876953125,11,7
111,0.123046875,0.876953125,9,5
