state,p_marked,error,gate_count,depth
000,0.48828125,0.51171875,32,16
001,0.556640625,0.443359375,30,14
010,0.517578125,0.482421875,30,16
011,0.470703125,0.529296875,28,14
100,0.451171875,0.548828125,30,16
101,0.490234375,0.509765625,28,14
110,0.46484375,0.53515625,28,16
111,0.51171875,0.48828125,26,14
