state,p_marked,error,gate_count,depth
000,0.134765625,0.865234375,58,29
001,0.107421875,0.892578125,54,25
010,0.126953125,0.873046875,54,29
011,0.12109375,0.87890625,50,25
100,0.107421875,0.892578125,54,29
101,0.126953125,0.873046875,50,25
110,0.1171875,0.8828125,50,29
111,0.134765625,0.865234375,46,25
