state,p_marked,error,gate_count,depth
000,0.115234375,0.884765625,68,35
001,0.134765625,0.865234375,62,30
010,0.154296875,0.845703125,62,35
011,0.125,0.875,56,29
100,0.123046875,0.876953125,62,35
101,0.12890625,0.87109375,56,30
110,0.125,0.875,56,35
111,0.10546875,0.89453125,50,29
