state,p_marked,error,gate_count,depth
000,0.126953125,0.873046875,24,12
001,0.1328125,0.8671875,20,8
010,0.134765625,0.865234375,20,12
011,0.125,0.875,16,8
100,0.08984375,0.91015625,20,12
101,0.125,0.875,16,8
110,0.1328125,0.8671875,16,12
111,0.10546875,0.89453125,12,8
