state,p_marked,error,gate_count,depth
000,0.125,0.875,35,16
001,0.1015625,0.8984375,33,14
010,0.1015625,0.8984375,33,16
011,0.123046875,0.876953125,31,14
100,0.12109375,0.87890625,33,16
101,0.13671875,0.86328125,31,14
110,0.12890625,0.87109375,31,16
111,0.115234375,0.884765625,29,14
