state,p_marked,error,gate_count,depth
000,0.48046875,0.51953125,41,21
001,0.5234375,0.4765625,37,17
010,0.51171875,0.48828125,37,21
011,0.466796875,0.533203125,33,17
100,0.48828125,0.51171875,37,21
101,0.50390625,0.49609375,33,17
110,0.498046875,0.501953125,33,21
111,0.525390625,0.474609375,29,17
