state,p_marked,error,gate_count,depth
000,0.484375,0.515625,41,21
001,0.5234375,0.4765625,37,17
010,0.46484375,0.53515625,37,21
011,0.494140625,0.505859375,33,17
100,0.53515625,0.46484375,37,21
101,0.52734375,0.47265625,33,17
110,0.521484375,0.478515625,33,21
111,0.5078125,0.4921875,29,17
