state,p_marked,error,gate_count,depth
000,0.521484375,0.478515625,41,21
001,0.490234375,0.509765625,37,17
010,0.498046875,0.501953125,37,21
011,0.4609375,0.5390625,33,17
100,0.52734375,0.47265625,37,21
101,0.541015625,0.458984375,33,17
110,0.498046875,0.501953125,33,21
111,0.48046875,0.51953125,29,17
