state,p_marked,error,gate_count,depth
000,0.14453125,0.85546875,24,12
001,0.1015625,0.8984375,20,8
010,0.109375,0.890625,20,12
011,0.130859375,0.869140625,16,8
100,0.109375,0.890625,20,12
101,0.134765625,0.865234375,16,8
110,0.109375,0.890625,16,12
111,0.1171875,0.8828125,12,8
