state,p_marked,error,gate_count,depth
000,0.09765625,0.90234375,49,24
001,0.1328125,0.8671875,47,22
010,0.150390625,0.849609375,47,24
011,0.10546875,0.89453125,45,22
100,0.10546875,0.89453125,47,24
101,0.1328125,0.8671875,45,22
110,0.134765625,0.865234375,45,24
111,0.1171875,0.8828125,43,22
