state,p_marked,error,gate_count,depth
000,0.103515625,0.896484375,50,25
001,0.134765625,0.865234375,48,23
010,0.1484375,0.8515625,48,25
011,0.125,0.875,46,23
100,0.125,0.875,48,25
101,0.16015625,0.83984375,46,23
110,0.115234375,0.884765625,46,25
111,0.12109375,0.87890625,44,23
