state,p_marked,error,gate_count,depth
000,0.119140625,0.880859375,33,17
001,0.0,1.0,31,15
010,0.130859375,0.869140625,31,17
011,0.11328125,0.88671875,29,15
100,0.0,1.0,31,17
101,0.134765625,0.865234375,29,15
110,0.11328125,0.88671875,29,17
111,0.10546875,0.89453125,27,15
