state,p_marked,error,gate_count,depth
000,0.1328125,0.8671875,32,16
001,0.095703125,0.904296875,30,14
010,0.119140625,0.880859375,30,16
011,0.125,0.875,28,14
100,0.115234375,0.884765625,30,16
101,0.107421875,0.892578125,28,14
110,0.13671875,0.86328125,28,16
111,0.111328125,0.888671875,26,14
