state,p_marked,error,gate_count,depth
000,0.12109375,0.87890625,24,12
001,0.1015625,0.8984375,20,8
010,0.130859375,0.869140625,20,12
011,0.1484375,0.8515625,16,8
100,0.126953125,0.873046875,20,12
101,0.126953125,0.873046875,16,8
110,0.140625,0.859375,16,12
111,0.142578125,0.857421875,12,8
