state,p_marked,error,gate_count,depth
000,0.115234375,0.884765625,52,28
001,0.138671875,0.861328125,50,26
010,0.146484375,0.853515625,50,28
011,0.119140625,0.880859375,48,26
100,0.09765625,0.90234375,50,28
101,0.119140625,0.880859375,48,26
110,0.13671875,0.86328125,48,28
111,0.13671875,0.86328125,46,26
