state,p_marked,error,gate_count,depth
000,0.0,1.0,54,27
001,0.0,1.0,52,25
010,0.0,1.0,52,27
011,0.0,1.0,50,25
100,0.0,1.0,52,27
101,0.5,0.5,50,25
110,0.48046875,0.51953125,50,27
111,0.0,1.0,48,25
