state,p_marked,error,gate_count,depth
000,0.451171875,0.548828125,50,26
001,0.49609375,0.50390625,44,20
010,0.470703125,0.529296875,44,26
011,0.5,0.5,38,20
100,0.484375,0.515625,44,26
101,0.505859375,0.494140625,38,20
110,0.509765625,0.490234375,38,26
111,0.50390625,0.49609375,32,20
