state,p_marked,error,gate_count,depth
000,0.509765625,0.490234375,41,21
001,0.494140625,0.505859375,37,17
010,0.50390625,0.49609375,37,21
011,0.484375,0.515625,33,17
100,0.4921875,0.5078125,37,21
101,0.505859375,0.494140625,33,17
110,0.548828125,0.451171875,33,21
111,0.51953125,0.48046875,29,17
