state,p_marked,error,gate_count,depth
000,0.107421875,0.892578125,83,43
001,0.109375,0.890625,79,39
010,0.12890625,0.87109375,79,43
011,0.138671875,0.861328125,75,39
100,0.169921875,0.830078125,79,43
101,0.091796875,0.908203125,75,39
110,0.142578125,0.857421875,75,43
111,0.103515625,0.896484375,71,39
