state,p_marked,error,gate_count,depth
000,0.12109375,0.87890625,61,32
001,0.146484375,0.853515625,57,28
010,0.134765625,0.865234375,57,32
011,0.1015625,0.8984375,53,28
100,0.130859375,0.869140625,57,32
101,0.111328125,0.888671875,53,28
110,0.15234375,0.84765625,53,32
111,0.1328125,0.8671875,49,28
