state,p_marked,error,gate_count,depth
000,0.134765625,0.865234375,63,32
001,0.111328125,0.888671875,59,28
010,0.130859375,0.869140625,59,32
011,0.12890625,0.87109375,55,28
100,0.154296875,0.845703125,59,32
101,0.111328125,0.888671875,55,28
110,0.095703125,0.904296875,55,32
111,0.12109375,0.87890625,51,28
