state,p_marked,error,gate_count,depth
000,0.138671875,0.861328125,56,27
001,0.115234375,0.884765625,54,25
010,0.1328125,0.8671875,54,27
011,0.1015625,0.8984375,52,25
100,0.125,0.875,54,27
101,0.142578125,0.857421875,52,25
110,0.09765625,0.90234375,52,27
111,0.12890625,0.87109375,50,25
