state,p_marked,error,gate_count,depth
000,0.529296875,0.470703125,41,21
001,0.498046875,0.501953125,37,17
010,0.548828125,0.451171875,37,21
011,0.5,0.5,33,17
100,0.51953125,0.48046875,37,21
101,0.47265625,0.52734375,33,17
110,0.4609375,0.5390625,33,21
111,0.46484375,0.53515625,29,17
