state,p_marked,error,gate_count,depth
000,0.150390625,0.849609375,107,58
001,0.0,1.0,97,48
010,0.0,1.0,97,58
011,0.0,1.0,87,48
100,0.142578125,0.857421875,97,58
101,0.0,1.0,87,48
110,0.123046875,0.876953125,87,58
111,0.13671875,0.86328125,77,48
