state,p_marked,error,gate_count,depth
000,0.138671875,0.861328125,25,13
001,0.130859375,0.869140625,25,13
010,0.16015625,0.83984375,25,13
011,0.142578125,0.857421875,25,13
100,0.111328125,0.888671875,25,13
101,0.142578125,0.857421875,25,13
110,0.125,0.875,25,13
111,0.138671875,0.861328125,25,13
