state,p_marked,error,gate_count,depth
000,0.0,1.0,51,27
001,0.0,1.0,45,21
010,0.0,1.0,45,27
011,0.0,1.0,39,21
100,0.0,1.0,45,27
101,0.109375,0.890625,39,21
110,0.0,1.0,39,27
111,0.138671875,0.861328125,33,21
