state,p_marked,error,gate_count,depth
000,0.1328125,0.8671875,49,24
001,0.154296875,0.845703125,47,22
010,0.12109375,0.87890625,47,24
011,0.095703125,0.904296875,45,22
100,0.134765625,0.865234375,47,24
101,0.12109375,0.87890625,45,22
110,0.142578125,0.857421875,45,24
111,0.115234375,0.884765625,43,22
