state,p_marked,error,gate_count,depth
000,0.109375,0.890625,15,7
001,0.099609375,0.900390625,13,5
010,0.1171875,0.8828125,13,7
011,0.103515625,0.896484375,11,5
100,0.13671875,0.86328125,13,7
101,0.126953125,0.873046875,11,5
110,0.126953125,0.873046875,11,7
111,0.123046875,0.876953125,9,5
