state,p_marked,error,gate_count,depth
000,0.123046875,0.876953125,26,13
001,0.146484375,0.853515625,26,13
010,0.125,0.875,26,13
011,0.1171875,0.8828125,26,13
100,0.087890625,0.912109375,26,13
101,0.115234375,0.884765625,26,13
110,0.115234375,0.884765625,26,13
111,0.107421875,0.892578125,26,13
