state,p_marked,error,gate_count,depth
000,0.13671875,0.86328125,46,24
001,0.123046875,0.876953125,42,20
010,0.103515625,0.896484375,42,24
011,0.146484375,0.853515625,38,20
100,0.12109375,0.87890625,42,24
101,0.130859375,0.869140625,38,20
110,0.13671875,0.86328125,38,24
111,0.115234375,0.884765625,34,20
