state,p_marked,error,gate_count,depth
000,0.060546875,0.939453125,78,39
001,0.0625,0.9375,74,35
010,0.294921875,0.705078125,74,39
011,0.31640625,0.68359375,70,35
100,0.0703125,0.9296875,74,39
101,0.3125,0.6875,70,35
110,0.310546875,0.689453125,70,39
111,0.064453125,0.935546875,66,35
