state,p_marked,error,gate_count,depth
000,0.0,1.0,63,33
001,0.126953125,0.873046875,59,29
010,0.119140625,0.880859375,59,33
011,0.234375,0.765625,55,29
100,0.0,1.0,59,33
101,0.111328125,0.888671875,55,29
110,0.142578125,0.857421875,55,33
111,0.28125,0.71875,51,29
