state,p_marked,error,gate_count,depth
000,0.537109375,0.462890625,41,21
001,0.51953125,0.48046875,37,17
010,0.484375,0.515625,37,21
011,0.50390625,0.49609375,33,17
100,0.47265625,0.52734375,37,21
101,0.51171875,0.48828125,33,17
110,0.515625,0.484375,33,21
111,0.513671875,0.486328125,29,17
