state,p_marked,error,gate_count,depth
000,0.484375,0.515625,50,26
001,0.482421875,0.517578125,44,20
010,0.494140625,0.505859375,44,26
011,0.529296875,0.470703125,38,20
100,0.51171875,0.48828125,44,26
101,0.54296875,0.45703125,38,20
110,0.470703125,0.529296875,38,26
111,0.5,0.5,32,20
