state,p_marked,error,gate_count,depth
000,0.17578125,0.82421875,42,22
001,0.126953125,0.873046875,34,14
010,0.11328125,0.88671875,34,22
011,0.142578125,0.857421875,26,14
100,0.109375,0.890625,34,22
101,0.12890625,0.87109375,26,14
110,0.140625,0.859375,26,22
111,0.12109375,0.87890625,18,14
