state,p_marked,error,gate_count,depth
000,0.14453125,0.85546875,69,35
001,0.140625,0.859375,63,30
010,0.099609375,0.900390625,63,35
011,0.12890625,0.87109375,57,29
100,0.12890625,0.87109375,63,35
101,0.107421875,0.892578125,57,30
110,0.119140625,0.880859375,57,35
111,0.140625,0.859375,51,29
