state,p_marked,error,gate_count,depth
000,0.123046875,0.876953125,24,12
001,0.08203125,0.91796875,20,8
010,0.142578125,0.857421875,20,12
011,0.14453125,0.85546875,16,8
100,0.123046875,0.876953125,20,12
101,0.134765625,0.865234375,16,8
110,0.1484375,0.8515625,16,12
111,0.146484375,0.853515625,12,8
