state,p_marked,error,gate_count,depth
000,0.482421875,0.517578125,41,21
001,0.513671875,0.486328125,37,17
010,0.521484375,0.478515625,37,21
011,0.5,0.5,33,17
100,0.46875,0.53125,37,21
101,0.498046875,0.501953125,33,17
110,0.52734375,0.47265625,33,21
111,0.5078125,0.4921875,29,17
