state,p_marked,error,gate_count,depth
000,0.142578125,0.857421875,41,20
001,0.13671875,0.86328125,37,16
010,0.123046875,0.876953125,37,20
011,0.134765625,0.865234375,33,16
100,0.103515625,0.896484375,37,20
101,0.1171875,0.8828125,33,16
110,0.126953125,0.873046875,33,20
111,0.12109375,0.87890625,29,16
