state,p_marked,error,gate_count,depth
000,0.13671875,0.86328125,55,29
001,0.130859375,0.869140625,53,27
010,0.1328125,0.8671875,53,29
011,0.1328125,0.8671875,51,27
100,0.123046875,0.876953125,53,29
101,0.10546875,0.89453125,51,27
110,0.12890625,0.87109375,51,29
111,0.11328125,0.88671875,49,27
