state,p_marked,error,gate_count,depth
000,0.134765625,0.865234375,42,22
001,0.123046875,0.876953125,34,14
010,0.154296875,0.845703125,34,22
011,0.115234375,0.884765625,26,14
100,0.123046875,0.876953125,34,22
101,0.1015625,0.8984375,26,14
110,0.083984375,0.916015625,26,22
111,0.126953125,0.873046875,18,14
