state,p_marked,error,gate_count,depth
000,0.5390625,0.4609375,32,16
001,0.525390625,0.474609375,30,14
010,0.49609375,0.50390625,30,16
011,0.50390625,0.49609375,28,14
100,0.462890625,0.537109375,30,16
101,0.521484375,0.478515625,28,14
110,0.490234375,0.509765625,28,16
111,0.509765625,0.490234375,26,14
