state,p_marked,error,gate_count,depth
000,0.060546875,0.939453125,32,15
001,0.0546875,0.9453125,30,13
010,0.08203125,0.91796875,30,15
011,0.060546875,0.939453125,28,13
100,0.044921875,0.955078125,30,15
101,0.078125,0.921875,28,13
110,0.072265625,0.927734375,28,15
111,0.078125,0.921875,26,13
