state,p_marked,error,gate_count,depth
000,0.48828125,0.51171875,50,26
001,0.5,0.5,44,20
010,0.482421875,0.517578125,44,26
011,0.474609375,0.525390625,38,20
100,0.48046875,0.51953125,44,26
101,0.490234375,0.509765625,38,20
110,0.4921875,0.5078125,38,26
111,0.49609375,0.50390625,32,20
