state,p_marked,error,gate_count,depth
000,0.11328125,0.88671875,62,33
001,0.107421875,0.892578125,54,25
010,0.142578125,0.857421875,54,33
011,0.1171875,0.8828125,46,25
100,0.10546875,0.89453125,54,33
101,0.16015625,0.83984375,46,25
110,0.138671875,0.861328125,46,33
111,0.1171875,0.8828125,38,25
