state,p_marked,error,gate_count,depth
000,0.501953125,0.498046875,50,26
001,0.548828125,0.451171875,44,20
010,0.47265625,0.52734375,44,26
011,0.478515625,0.521484375,38,20
100,0.4921875,0.5078125,44,26
101,0.49609375,0.50390625,38,20
110,0.517578125,0.482421875,38,26
111,0.48828125,0.51171875,32,20
