state,p_marked,error,gate_count,depth
000,0.123046875,0.876953125,42,21
001,0.130859375,0.869140625,38,17
010,0.1171875,0.8828125,38,21
011,0.10546875,0.89453125,34,17
100,0.107421875,0.892578125,38,21
101,0.095703125,0.904296875,34,17
110,0.123046875,0.876953125,34,21
111,0.12109375,0.87890625,30,17
