state,p_marked,error,gate_count,depth
000,0.1484375,0.8515625,42,22
001,0.1171875,0.8828125,38,18
010,0.12109375,0.87890625,38,22
011,0.138671875,0.861328125,34,18
100,0.1171875,0.8828125,38,22
101,0.12109375,0.87890625,34,18
110,0.130859375,0.869140625,34,22
111,0.115234375,0.884765625,30,18
