state,p_marked,error,gate_count,depth
000,0.146484375,0.853515625,64,34
001,0.150390625,0.849609375,56,26
010,0.09765625,0.90234375,56,34
011,0.146484375,0.853515625,48,26
100,0.130859375,0.869140625,56,34
101,0.1328125,0.8671875,48,26
110,0.119140625,0.880859375,48,34
111,0.134765625,0.865234375,40,26
