state,p_marked,error,gate_count,depth
000,0.111328125,0.888671875,15,7
001,0.12890625,0.87109375,13,5
010,0.169921875,0.830078125,13,7
011,0.125,0.875,11,5
100,0.09765625,0.90234375,13,7
101,0.12890625,0.87109375,11,5
110,0.099609375,0.900390625,11,7
111,0.091796875,0.908203125,9,5
