state,p_marked,error,gate_count,depth
000,0.0,1.0,39,21
001,0.0,1.0,37,19
010,0.0,1.0,37,21
011,0.1171875,0.8828125,35,19
100,0.0,1.0,37,21
101,0.0,1.0,35,19
110,0.0,1.0,35,21
111,0.111328125,0.888671875,33,19
