state,p_marked,error,gate_count,depth
000,0.515625,0.484375,41,21
001,0.48828125,0.51171875,37,17
010,0.486328125,0.513671875,37,21
011,0.5078125,0.4921875,33,17
100,0.537109375,0.462890625,37,21
101,0.47265625,0.52734375,33,17
110,0.4609375,0.5390625,33,21
111,0.505859375,0.494140625,29,17
