state,p_marked,error,gate_count,depth
000,0.53125,0.46875,41,21
001,0.556640625,0.443359375,37,17
010,0.494140625,0.505859375,37,21
011,0.490234375,0.509765625,33,17
100,0.48828125,0.51171875,37,21
101,0.517578125,0.482421875,33,17
110,0.486328125,0.513671875,33,21
111,0.517578125,0.482421875,29,17
