state,p_marked,error,gate_count,depth
000,0.0703125,0.9296875,32,15
001,0.056640625,0.943359375,30,13
010,0.05078125,0.94921875,30,15
011,0.08203125,0.91796875,28,13
100,0.064453125,0.935546875,30,15
101,0.072265625,0.927734375,28,13
110,0.046875,0.953125,28,15
111,0.0546875,0.9453125,26,13
