state,p_marked,error,gate_count,depth
000,0.154296875,0.845703125,24,12
001,0.146484375,0.853515625,20,8
010,0.095703125,0.904296875,20,12
011,0.1171875,0.8828125,16,8
100,0.109375,0.890625,20,12
101,0.109375,0.890625,16,8
110,0.154296875,0.845703125,16,12
111,0.119140625,0.880859375,12,8
