state,p_marked,error,gate_count,depth
000,0.119140625,0.880859375,51,27
001,0.115234375,0.884765625,49,25
010,0.126953125,0.873046875,49,27
011,0.1015625,0.8984375,47,25
100,0.140625,0.859375,49,27
101,0.09765625,0.90234375,47,25
110,0.12109375,0.87890625,47,27
111,0.13671875,0.86328125,45,25
