state,p_marked,error,gate_count,depth
000,0.10546875,0.89453125,15,7
001,0.111328125,0.888671875,13,5
010,0.146484375,0.853515625,13,7
011,0.111328125,0.888671875,11,5
100,0.126953125,0.873046875,13,7
101,0.177734375,0.822265625,11,5
110,0.11328125,0.88671875,11,7
111,0.11328125,0.88671875,9,5
