state,p_marked,error,gate_count,depth
000,0.35546875,0.64453125,60,31
001,0.07421875,0.92578125,56,27
010,0.0859375,0.9140625,56,31
011,0.0625,0.9375,52,27
100,0.068359375,0.931640625,56,31
101,0.306640625,0.693359375,52,27
110,0.060546875,0.939453125,52,31
111,0.0546875,0.9453125,48,27
