state,p_marked,error,gate_count,depth
000,0.041015625,0.958984375,41,21
001,0.078125,0.921875,37,17
010,0.072265625,0.927734375,37,21
011,0.060546875,0.939453125,33,17
100,0.048828125,0.951171875,37,21
101,0.06640625,0.93359375,33,17
110,0.056640625,0.943359375,33,21
111,0.05859375,0.94140625,29,17
