state,p_marked,error,gate_count,depth
000,0.130859375,0.869140625,35,18
001,0.130859375,0.869140625,33,16
010,0.099609375,0.900390625,33,18
011,0.1328125,0.8671875,31,16
100,0.138671875,0.861328125,33,18
101,0.12109375,0.87890625,31,16
110,0.14453125,0.85546875,31,18
111,0.11328125,0.88671875,29,16
