state,p_marked,error,gate_count,depth
000,0.14453125,0.85546875,58,30
001,0.12109375,0.87890625,54,26
010,0.09765625,0.90234375,54,30
011,0.103515625,0.896484375,50,26
100,0.134765625,0.865234375,54,30
101,0.12890625,0.87109375,50,26
110,0.103515625,0.896484375,50,30
111,0.140625,0.859375,46,26
