state,p_marked,error,gate_count,depth
000,0.12109375,0.87890625,43,21
001,0.1328125,0.8671875,43,21
010,0.12109375,0.87890625,43,21
011,0.12109375,0.87890625,43,21
100,0.109375,0.890625,43,21
101,0.109375,0.890625,43,21
110,0.134765625,0.865234375,43,21
111,0.13671875,0.86328125,43,21
