state,p_marked,error,gate_count,depth
000,0.107421875,0.892578125,32,15
001,0.103515625,0.896484375,30,13
010,0.1171875,0.8828125,30,15
011,0.14453125,0.85546875,28,13
100,0.115234375,0.884765625,30,15
101,0.115234375,0.884765625,28,13
110,0.14453125,0.85546875,28,15
111,0.123046875,0.876953125,26,13
