state,p_marked,error,gate_count,depth
000,0.109375,0.890625,42,22
001,0.11328125,0.88671875,38,18
010,0.123046875,0.876953125,38,22
011,0.134765625,0.865234375,34,18
100,0.1171875,0.8828125,38,22
101,0.12890625,0.87109375,34,18
110,0.1328125,0.8671875,34,22
111,0.10546875,0.89453125,30,18
