state,p_marked,error,gate_count,depth
000,0.060546875,0.939453125,87,45
001,0.076171875,0.923828125,81,39
010,0.048828125,0.951171875,81,45
011,0.076171875,0.923828125,75,39
100,0.060546875,0.939453125,81,45
101,0.076171875,0.923828125,75,39
110,0.064453125,0.935546875,75,45
111,0.05078125,0.94921875,69,39
