state,p_marked,error,gate_count,depth
000,0.111328125,0.888671875,52,28
001,0.138671875,0.861328125,50,26
010,0.109375,0.890625,50,28
011,0.1328125,0.8671875,48,26
100,0.10546875,0.89453125,50,28
101,0.109375,0.890625,48,26
110,0.126953125,0.873046875,48,28
111,0.1015625,0.8984375,46,26
