state,p_marked,error,gate_count,depth
000,0.109375,0.890625,33,17
001,0.130859375,0.869140625,27,11
010,0.134765625,0.865234375,27,17
011,0.115234375,0.884765625,21,11
100,0.107421875,0.892578125,27,17
101,0.13671875,0.86328125,21,11
110,0.13671875,0.86328125,21,17
111,0.103515625,0.896484375,15,11
