state,p_marked,error,gate_count,depth
000,0.158203125,0.841796875,28,14
001,0.109375,0.890625,28,14
010,0.126953125,0.873046875,28,14
011,0.103515625,0.896484375,28,14
100,0.123046875,0.876953125,28,14
101,0.115234375,0.884765625,28,14
110,0.099609375,0.900390625,28,14
111,0.115234375,0.884765625,28,14
