state,p_marked,error,gate_count,depth
000,0.0,1.0,92,48
001,0.244140625,0.755859375,88,44
010,0.0,1.0,88,48
011,0.23828125,0.76171875,84,44
100,0.0,1.0,88,48
101,0.25390625,0.74609375,84,44
110,0.0,1.0,84,48
111,0.251953125,0.748046875,80,44
