state,p_marked,error,gate_count,depth
000,0.140625,0.859375,41,19
001,0.10546875,0.89453125,41,19
010,0.107421875,0.892578125,41,19
011,0.115234375,0.884765625,41,19
100,0.146484375,0.853515625,41,19
101,0.14453125,0.85546875,41,19
110,0.138671875,0.861328125,41,19
111,0.12109375,0.87890625,41,19
