state,p_marked,error,gate_count,depth
000,0.533203125,0.466796875,32,16
001,0.513671875,0.486328125,30,14
010,0.533203125,0.466796875,30,16
011,0.478515625,0.521484375,28,14
100,0.4921875,0.5078125,30,16
101,0.544921875,0.455078125,28,14
110,0.544921875,0.455078125,28,16
111,0.50390625,0.49609375,26,14
