state,p_marked,error,gate_count,depth
000,0.0,1.0,63,33
001,0.1171875,0.8828125,59,29
010,0.10546875,0.89453125,59,33
011,0.26953125,0.73046875,55,29
100,0.0,1.0,59,33
101,0.103515625,0.896484375,55,29
110,0.1328125,0.8671875,55,33
111,0.275390625,0.724609375,51,29
