state,p_marked,error,gate_count,depth
000,0.48828125,0.51171875,41,21
001,0.49609375,0.50390625,37,17
010,0.48046875,0.51953125,37,21
011,0.458984375,0.541015625,33,17
100,0.49609375,0.50390625,37,21
101,0.50390625,0.49609375,33,17
110,0.48828125,0.51171875,33,21
111,0.453125,0.546875,29,17
