state,p_marked,error,gate_count,depth
000,0.494140625,0.505859375,41,21
001,0.509765625,0.490234375,37,17
010,0.48828125,0.51171875,37,21
011,0.5078125,0.4921875,33,17
100,0.509765625,0.490234375,37,21
101,0.51171875,0.48828125,33,17
110,0.54296875,0.45703125,33,21
111,0.484375,0.515625,29,17
