state,p_marked,error,gate_count,depth
000,0.240234375,0.759765625,49,24
001,0.0,1.0,47,22
010,0.26171875,0.73828125,47,24
011,0.0,1.0,45,22
100,0.2265625,0.7734375,47,24
101,0.0,1.0,45,22
110,0.2578125,0.7421875,45,24
111,0.0,1.0,43,22
