state,p_marked,error,gate_count,depth
000,0.06640625,0.93359375,32,16
001,0.07421875,0.92578125,30,14
010,0.072265625,0.927734375,30,16
011,0.078125,0.921875,28,14
100,0.06640625,0.93359375,30,16
101,0.06640625,0.93359375,28,14
110,0.07421875,0.92578125,28,16
111,0.064453125,0.935546875,26,14
