state,p_marked,error,gate_count,depth
000,0.3125,0.6875,58,30
001,0.306640625,0.693359375,54,26
010,0.029296875,0.970703125,54,30
011,0.03125,0.96875,50,26
100,0.267578125,0.732421875,54,30
101,0.296875,0.703125,50,26
110,0.041015625,0.958984375,50,30
111,0.046875,0.953125,46,26
