state,p_marked,error,gate_count,depth
000,0.509765625,0.490234375,41,21
001,0.466796875,0.533203125,37,17
010,0.486328125,0.513671875,37,21
011,0.498046875,0.501953125,33,17
100,0.49609375,0.50390625,37,21
101,0.4921875,0.5078125,33,17
110,0.46875,0.53125,33,21
111,0.501953125,0.498046875,29,17
