state,p_marked,error,gate_count,depth
000,0.12890625,0.87109375,50,25
001,0.134765625,0.865234375,48,23
010,0.115234375,0.884765625,48,25
011,0.142578125,0.857421875,46,23
100,0.13671875,0.86328125,48,25
101,0.134765625,0.865234375,46,23
110,0.1015625,0.8984375,46,25
111,0.10546875,0.89453125,44,23
