state,p_marked,error,gate_count,depth
000,0.12109375,0.87890625,51,26
001,0.1171875,0.8828125,49,24
010,0.15625,0.84375,49,26
011,0.130859375,0.869140625,47,24
100,0.12890625,0.87109375,49,26
101,0.11328125,0.88671875,47,24
110,0.1015625,0.8984375,47,26
111,0.11328125,0.88671875,45,24
