state,p_marked,error,gate_count,depth
000,0.515625,0.484375,41,21
001,0.5,0.5,37,17
010,0.486328125,0.513671875,37,21
011,0.466796875,0.533203125,33,17
100,0.509765625,0.490234375,37,21
101,0.4765625,0.5234375,33,17
110,0.537109375,0.462890625,33,21
111,0.53515625,0.46484375,29,17
