state,p_marked,error,gate_count,depth
000,0.072265625,0.927734375,41,20
001,0.064453125,0.935546875,37,16
010,0.05078125,0.94921875,37,20
011,0.04296875,0.95703125,33,16
100,0.068359375,0.931640625,37,20
101,0.0625,0.9375,33,16
110,0.068359375,0.931640625,33,20
111,0.060546875,0.939453125,29,16
