state,p_marked,error,gate_count,depth
000,0.509765625,0.490234375,32,16
001,0.478515625,0.521484375,30,14
010,0.45703125,0.54296875,30,16
011,0.48828125,0.51171875,28,14
100,0.4453125,0.5546875,30,16
101,0.4921875,0.5078125,28,14
110,0.5,0.5,28,16
111,0.4609375,0.5390625,26,14
