state,p_marked,error,gate_count,depth
000,0.134765625,0.865234375,25,13
001,0.099609375,0.900390625,25,13
010,0.138671875,0.861328125,25,13
011,0.119140625,0.880859375,25,13
100,0.11328125,0.88671875,25,13
101,0.087890625,0.912109375,25,13
110,0.119140625,0.880859375,25,13
111,0.125,0.875,25,13
