state,p_marked,error,gate_count,depth
000,0.107421875,0.892578125,23,10
001,0.12890625,0.87109375,23,10
010,0.125,0.875,23,10
011,0.12890625,0.87109375,23,10
100,0.125,0.875,23,10
101,0.123046875,0.876953125,23,10
110,0.12109375,0.87890625,23,10
111,0.125,0.875,23,10
