state,p_marked,error,gate_count,depth
000,0.134765625,0.865234375,32,15
001,0.142578125,0.857421875,30,13
010,0.12890625,0.87109375,30,15
011,0.16796875,0.83203125,28,13
100,0.140625,0.859375,30,15
101,0.119140625,0.880859375,28,13
110,0.134765625,0.865234375,28,15
111,0.125,0.875,26,13
