state,p_marked,error,gate_count,depth
000,0.296875,0.703125,125,82
001,0.056640625,0.943359375,121,78
010,0.130859375,0.869140625,121,82
011,0.177734375,0.822265625,117,78
100,0.310546875,0.689453125,121,82
101,0.125,0.875,117,78
110,0.1328125,0.8671875,117,82
111,0.14453125,0.85546875,113,78
