state,p_marked,error,gate_count,depth
000,0.13671875,0.86328125,53,26
001,0.115234375,0.884765625,51,24
010,0.119140625,0.880859375,51,26
011,0.08984375,0.91015625,49,24
100,0.138671875,0.861328125,51,26
101,0.125,0.875,49,24
110,0.1171875,0.8828125,49,26
111,0.123046875,0.876953125,47,24
