state,p_marked,error,gate_count,depth
000,0.310546875,0.689453125,63,44
001,0.11328125,0.88671875,63,44
010,0.09375,0.90625,63,44
011,0.04296875,0.95703125,63,44
100,0.158203125,0.841796875,63,44
101,0.080078125,0.919921875,63,44
110,0.0703125,0.9296875,63,44
111,0.09375,0.90625,63,44
