state,p_marked,error,gate_count,depth
000,0.12109375,0.87890625,42,21
001,0.123046875,0.876953125,38,17
010,0.09765625,0.90234375,38,21
011,0.115234375,0.884765625,34,17
100,0.107421875,0.892578125,38,21
101,0.130859375,0.869140625,34,17
110,0.10546875,0.89453125,34,21
111,0.134765625,0.865234375,30,17
