state,p_marked,error,gate_count,depth
000,0.51953125,0.48046875,41,21
001,0.54296875,0.45703125,37,17
010,0.49609375,0.50390625,37,21
011,0.533203125,0.466796875,33,17
100,0.552734375,0.447265625,37,21
101,0.482421875,0.517578125,33,17
110,0.501953125,0.498046875,33,21
111,0.51953125,0.48046875,29,17
