state,p_marked,error,gate_count,depth
000,0.072265625,0.927734375,48,27
001,0.044921875,0.955078125,48,27
010,0.0546875,0.9453125,48,27
011,0.494140625,0.505859375,48,27
100,0.078125,0.921875,48,27
101,0.048828125,0.951171875,48,27
110,0.1796875,0.8203125,48,27
111,0.021484375,0.978515625,48,27
