state,p_marked,error,gate_count,depth
000,0.109375,0.890625,41,20
001,0.119140625,0.880859375,37,16
010,0.125,0.875,37,20
011,0.134765625,0.865234375,33,16
100,0.14453125,0.85546875,37,20
101,0.119140625,0.880859375,33,16
110,0.138671875,0.861328125,33,20
111,0.1171875,0.8828125,29,16
