state,p_marked,error,gate_count,depth
000,0.125,0.875,42,22
001,0.111328125,0.888671875,34,14
010,0.15234375,0.84765625,34,22
011,0.119140625,0.880859375,26,14
100,0.119140625,0.880859375,34,22
101,0.13671875,0.86328125,26,14
110,0.126953125,0.873046875,26,22
111,0.125,0.875,18,14
