state,p_marked,error,gate_count,depth
000,0.328125,0.671875,87,44
001,0.2890625,0.7109375,81,39
010,0.318359375,0.681640625,81,44
011,0.2890625,0.7109375,75,39
100,0.4765625,0.5234375,81,43
101,0.529296875,0.470703125,75,38
110,0.521484375,0.478515625,75,43
111,0.5546875,0.4453125,69,38
