state,p_marked,error,gate_count,depth
000,0.134765625,0.865234375,42,20
001,0.1484375,0.8515625,38,16
010,0.150390625,0.849609375,38,20
011,0.12890625,0.87109375,34,16
100,0.115234375,0.884765625,38,20
101,0.126953125,0.873046875,34,16
110,0.119140625,0.880859375,34,20
111,0.12109375,0.87890625,30,16
