state,p_marked,error,gate_count,depth
000,0.134765625,0.865234375,41,20
001,0.123046875,0.876953125,37,16
010,0.150390625,0.849609375,37,20
011,0.134765625,0.865234375,33,16
100,0.125,0.875,37,20
101,0.130859375,0.869140625,33,16
110,0.099609375,0.900390625,33,20
111,0.126953125,0.873046875,29,16
