state,p_marked,error,gate_count,depth
000,0.166015625,0.833984375,15,7
001,0.109375,0.890625,13,5
010,0.115234375,0.884765625,13,7
011,0.126953125,0.873046875,11,5
100,0.11328125,0.88671875,13,7
101,0.14453125,0.85546875,11,5
110,0.1171875,0.8828125,11,7
111,0.1328125,0.8671875,9,5
