state,p_marked,error,gate_count,depth
000,0.533203125,0.466796875,49,26
001,0.04296875,0.95703125,49,26
010,0.0703125,0.9296875,49,26
011,0.06640625,0.93359375,49,26
100,0.068359375,0.931640625,49,26
101,0.0625,0.9375,49,26
110,0.056640625,0.943359375,49,26
111,0.068359375,0.931640625,49,26
