state,p_marked,error,gate_count,depth
000,0.109375,0.890625,49,25
001,0.123046875,0.876953125,47,23
010,0.123046875,0.876953125,47,25
011,0.1171875,0.8828125,45,23
100,0.12109375,0.87890625,47,25
101,0.1171875,0.8828125,45,23
110,0.142578125,0.857421875,45,25
111,0.10546875,0.89453125,43,23
