state,p_marked,error,gate_count,depth
000,0.140625,0.859375,72,38
001,0.1171875,0.8828125,66,32
010,0.12109375,0.87890625,66,38
011,0.1484375,0.8515625,60,32
100,0.10546875,0.89453125,66,38
101,0.134765625,0.865234375,60,32
110,0.140625,0.859375,60,38
111,0.125,0.875,54,32
