state,p_marked,error,gate_count,depth
000,0.134765625,0.865234375,55,28
001,0.134765625,0.865234375,53,26
010,0.15234375,0.84765625,53,28
011,0.11328125,0.88671875,51,26
100,0.126953125,0.873046875,53,28
101,0.146484375,0.853515625,51,26
110,0.126953125,0.873046875,51,28
111,0.111328125,0.888671875,49,26
