state,p_marked,error,gate_count,depth
000,0.134765625,0.865234375,77,39
001,0.126953125,0.873046875,69,31
010,0.1171875,0.8828125,69,39
011,0.087890625,0.912109375,61,31
100,0.115234375,0.884765625,69,39
101,0.134765625,0.865234375,61,31
110,0.138671875,0.861328125,61,39
111,0.119140625,0.880859375,53,31
