state,p_marked,error,gate_count,depth
000,0.025390625,0.974609375,58,40
001,0.154296875,0.845703125,58,40
010,0.029296875,0.970703125,58,40
011,0.115234375,0.884765625,58,40
100,0.36328125,0.63671875,58,40
101,0.052734375,0.947265625,58,40
110,0.05078125,0.94921875,58,40
111,0.19140625,0.80859375,58,40
