state,p_marked,error,gate_count,depth
000,0.12109375,0.87890625,52,27
001,0.130859375,0.869140625,50,25
010,0.126953125,0.873046875,50,27
011,0.119140625,0.880859375,48,25
100,0.11328125,0.88671875,50,27
101,0.138671875,0.861328125,48,25
110,0.134765625,0.865234375,48,27
111,0.1015625,0.8984375,46,25
