state,p_marked,error,gate_count,depth
000,0.150390625,0.849609375,33,17
001,0.140625,0.859375,27,11
010,0.125,0.875,27,17
011,0.14453125,0.85546875,21,11
100,0.107421875,0.892578125,27,17
101,0.130859375,0.869140625,21,11
110,0.107421875,0.892578125,21,17
111,0.095703125,0.904296875,15,11
