state,p_marked,error,gate_count,depth
000,0.12890625,0.87109375,32,15
001,0.1328125,0.8671875,30,13
010,0.16796875,0.83203125,30,15
011,0.150390625,0.849609375,28,13
100,0.134765625,0.865234375,30,15
101,0.12109375,0.87890625,28,13
110,0.119140625,0.880859375,28,15
111,0.12109375,0.87890625,26,13
