state,p_marked,error,gate_count,depth
000,0.09765625,0.90234375,44,23
001,0.140625,0.859375,44,23
010,0.109375,0.890625,44,23
011,0.119140625,0.880859375,44,23
100,0.130859375,0.869140625,44,23
101,0.130859375,0.869140625,44,23
110,0.13671875,0.86328125,44,23
111,0.1171875,0.8828125,44,23
