state,p_marked,error,gate_count,depth
000,0.125,0.875,51,27
001,0.125,0.875,49,25
010,0.1171875,0.8828125,49,27
011,0.13671875,0.86328125,47,25
100,0.111328125,0.888671875,49,27
101,0.123046875,0.876953125,47,25
110,0.134765625,0.865234375,47,27
111,0.11328125,0.88671875,45,25
