state,p_marked,error,gate_count,depth
000,0.125,0.875,50,26
001,0.12109375,0.87890625,44,20
010,0.126953125,0.873046875,44,26
011,0.126953125,0.873046875,38,20
100,0.126953125,0.873046875,44,26
101,0.146484375,0.853515625,38,20
110,0.125,0.875,38,26
111,0.125,0.875,32,20
