state,p_marked,error,gate_count,depth
000,0.12890625,0.87109375,34,18
001,0.0,1.0,32,16
010,0.119140625,0.880859375,32,18
011,0.130859375,0.869140625,30,16
100,0.1171875,0.8828125,32,18
101,0.0,1.0,30,16
110,0.109375,0.890625,30,18
111,0.13671875,0.86328125,28,16
