state,p_marked,error,gate_count,depth
000,0.095703125,0.904296875,15,7
001,0.130859375,0.869140625,13,5
010,0.091796875,0.908203125,13,7
011,0.130859375,0.869140625,11,5
100,0.15234375,0.84765625,13,7
101,0.138671875,0.861328125,11,5
110,0.130859375,0.869140625,11,7
111,0.10546875,0.89453125,9,5
