state,p_marked,error,gate_count,depth
000,0.140625,0.859375,54,28
001,0.15234375,0.84765625,52,26
010,0.154296875,0.845703125,52,28
011,0.138671875,0.861328125,50,26
100,0.115234375,0.884765625,52,28
101,0.119140625,0.880859375,50,26
110,0.140625,0.859375,50,28
111,0.13671875,0.86328125,48,26
