state,p_marked,error,gate_count,depth
000,0.111328125,0.888671875,24,12
001,0.109375,0.890625,20,8
010,0.11328125,0.88671875,20,12
011,0.142578125,0.857421875,16,8
100,0.119140625,0.880859375,20,12
101,0.109375,0.890625,16,8
110,0.115234375,0.884765625,16,12
111,0.09375,0.90625,12,8
