state,p_marked,error,gate_count,depth
000,0.28515625,0.71484375,41,21
001,0.27734375,0.72265625,37,17
010,0.27734375,0.72265625,37,21
011,0.244140625,0.755859375,33,17
100,0.248046875,0.751953125,37,21
101,0.240234375,0.759765625,33,17
110,0.265625,0.734375,33,21
111,0.25,0.75,29,17
