state,p_marked,error,gate_count,depth
000,0.13671875,0.86328125,41,20
001,0.150390625,0.849609375,37,16
010,0.142578125,0.857421875,37,20
011,0.134765625,0.865234375,33,16
100,0.103515625,0.896484375,37,20
101,0.12890625,0.87109375,33,16
110,0.13671875,0.86328125,33,20
111,0.1171875,0.8828125,29,16
