state,p_marked,error,gate_count,depth
000,0.1171875,0.8828125,50,26
001,0.13671875,0.86328125,48,24
010,0.107421875,0.892578125,48,26
011,0.134765625,0.865234375,46,24
100,0.1328125,0.8671875,48,26
101,0.109375,0.890625,46,24
110,0.12109375,0.87890625,46,26
111,0.138671875,0.861328125,44,24
