state,p_marked,error,gate_count,depth
000,0.13671875,0.86328125,61,31
001,0.51171875,0.48828125,57,27
010,0.12890625,0.87109375,57,31
011,0.00390625,0.99609375,53,27
100,0.1328125,0.8671875,57,31
101,0.50390625,0.49609375,53,27
110,0.12109375,0.87890625,53,31
111,0.00390625,0.99609375,49,27
