state,p_marked,error,gate_count,depth
000,0.025390625,0.974609375,53,35
001,0.21484375,0.78515625,53,35
010,0.125,0.875,53,35
011,0.009765625,0.990234375,53,35
100,0.037109375,0.962890625,53,35
101,0.1015625,0.8984375,53,35
110,0.259765625,0.740234375,53,35
111,0.203125,0.796875,53,35
