state,p_marked,error,gate_count,depth
000,0.13671875,0.86328125,47,24
001,0.125,0.875,47,24
010,0.123046875,0.876953125,47,24
011,0.123046875,0.876953125,47,24
100,0.1015625,0.8984375,47,24
101,0.09375,0.90625,47,24
110,0.11328125,0.88671875,47,24
111,0.111328125,0.888671875,47,24
