state,p_marked,error,gate_count,depth
000,0.138671875,0.861328125,58,30
001,0.146484375,0.853515625,54,26
010,0.095703125,0.904296875,54,30
011,0.126953125,0.873046875,50,26
100,0.130859375,0.869140625,54,30
101,0.1015625,0.8984375,50,26
110,0.130859375,0.869140625,50,30
111,0.12890625,0.87109375,46,26
