state,p_marked,error,gate_count,depth
000,0.0078125,0.9921875,87,43
001,0.001953125,0.998046875,81,38
010,0.017578125,0.982421875,81,43
011,0.015625,0.984375,75,38
100,0.013671875,0.986328125,81,42
101,0.00390625,0.99609375,75,37
110,0.0078125,0.9921875,75,42
111,0.01171875,0.98828125,69,37
