state,p_marked,error,gate_count,depth
000,0.13671875,0.86328125,33,17
001,0.15234375,0.84765625,27,11
010,0.14453125,0.85546875,27,17
011,0.095703125,0.904296875,21,11
100,0.115234375,0.884765625,27,17
101,0.138671875,0.861328125,21,11
110,0.115234375,0.884765625,21,17
111,0.130859375,0.869140625,15,11
