state,p_marked,error,gate_count,depth
000,0.501953125,0.498046875,41,21
001,0.486328125,0.513671875,37,17
010,0.501953125,0.498046875,37,21
011,0.53125,0.46875,33,17
100,0.484375,0.515625,37,21
101,0.52734375,0.47265625,33,17
110,0.544921875,0.455078125,33,21
111,0.51953125,0.48046875,29,17
