state,p_marked,error,gate_count,depth
000,0.48828125,0.51171875,42,22
001,0.505859375,0.494140625,38,18
010,0.490234375,0.509765625,38,22
011,0.466796875,0.533203125,34,18
100,0.494140625,0.505859375,38,22
101,0.54296875,0.45703125,34,18
110,0.0,1.0,34,22
111,0.0,1.0,30,18
