state,p_marked,error,gate_count,depth
000,0.12109375,0.87890625,32,16
001,0.140625,0.859375,30,14
010,0.138671875,0.861328125,30,16
011,0.142578125,0.857421875,28,14
100,0.123046875,0.876953125,30,16
101,0.123046875,0.876953125,28,14
110,0.1015625,0.8984375,28,16
111,0.119140625,0.880859375,26,14
