state,p_marked,error,gate_count,depth
000,0.54296875,0.45703125,95,48
001,0.0625,0.9375,87,40
010,0.0703125,0.9296875,87,48
011,0.0625,0.9375,79,40
100,0.5625,0.4375,87,48
101,0.068359375,0.931640625,79,40
110,0.56640625,0.43359375,79,48
111,0.056640625,0.943359375,71,40
