state,p_marked,error,gate_count,depth
000,0.1328125,0.8671875,41,20
001,0.10546875,0.89453125,37,16
010,0.1015625,0.8984375,37,20
011,0.140625,0.859375,33,16
100,0.140625,0.859375,37,20
101,0.15625,0.84375,33,16
110,0.12109375,0.87890625,33,20
111,0.1328125,0.8671875,29,16
