state,p_marked,error,gate_count,depth
000,0.125,0.875,41,21
001,0.109375,0.890625,37,17
010,0.115234375,0.884765625,37,21
011,0.1171875,0.8828125,33,17
100,0.125,0.875,37,21
101,0.1015625,0.8984375,33,17
110,0.107421875,0.892578125,33,21
111,0.115234375,0.884765625,29,17
