state,p_marked,error,gate_count,depth
000,0.1328125,0.8671875,33,17
001,0.14453125,0.85546875,27,11
010,0.11328125,0.88671875,27,17
011,0.111328125,0.888671875,21,11
100,0.1328125,0.8671875,27,17
101,0.095703125,0.904296875,21,11
110,0.1171875,0.8828125,21,17
111,0.103515625,0.896484375,15,11
