state,p_marked,error,gate_count,depth
000,0.0,1.0,73,38
001,0.224609375,0.775390625,67,32
010,0.0,1.0,67,38
011,0.26953125,0.73046875,61,32
100,0.27734375,0.72265625,67,38
101,0.0,1.0,61,32
110,0.10546875,0.89453125,61,38
111,0.109375,0.890625,55,32
