state,p_marked,error,gate_count,depth
000,0.11328125,0.88671875,67,34
001,0.140625,0.859375,61,28
010,0.119140625,0.880859375,61,34
011,0.115234375,0.884765625,55,28
100,0.1328125,0.8671875,61,34
101,0.12109375,0.87890625,55,28
110,0.119140625,0.880859375,55,34
111,0.111328125,0.888671875,49,28
