state,p_marked,error,gate_count,depth
000,0.248046875,0.751953125,124,64
001,0.0703125,0.9296875,118,58
010,0.078125,0.921875,118,64
011,0.197265625,0.802734375,112,58
100,0.236328125,0.763671875,118,64
101,0.0703125,0.9296875,112,58
110,0.03515625,0.96484375,112,64
111,0.119140625,0.880859375,106,58
