state,p_marked,error,gate_count,depth
000,0.166015625,0.833984375,36,22
001,0.15625,0.84375,36,22
010,0.16015625,0.83984375,36,22
011,0.1484375,0.8515625,36,22
100,0.0,1.0,36,22
101,0.28515625,0.71484375,36,22
110,0.056640625,0.943359375,36,22
111,0.0,1.0,36,22
