state,p_marked,error,gate_count,depth
000,0.126953125,0.873046875,23,11
001,0.123046875,0.876953125,23,11
010,0.109375,0.890625,23,11
011,0.119140625,0.880859375,23,11
100,0.126953125,0.873046875,23,11
101,0.103515625,0.896484375,23,11
110,0.123046875,0.876953125,23,11
111,0.134765625,0.865234375,23,11
