state,p_marked,error,gate_count,depth
000,0.494140625,0.505859375,41,21
001,0.5,0.5,37,17
010,0.439453125,0.560546875,37,21
011,0.517578125,0.482421875,33,17
100,0.50390625,0.49609375,37,21
101,0.4765625,0.5234375,33,17
110,0.5078125,0.4921875,33,21
111,0.515625,0.484375,29,17
