state,p_marked,error,gate_count,depth
000,0.3125,0.6875,42,22
001,0.318359375,0.681640625,38,18
010,0.3515625,0.6484375,38,22
011,0.353515625,0.646484375,34,18
100,0.333984375,0.666015625,38,22
101,0.310546875,0.689453125,34,18
110,0.30078125,0.69921875,34,22
111,0.326171875,0.673828125,30,18
