state,p_marked,error,gate_count,depth
000,0.552734375,0.447265625,41,21
001,0.51171875,0.48828125,37,17
010,0.45703125,0.54296875,37,21
011,0.513671875,0.486328125,33,17
100,0.4765625,0.5234375,37,21
101,0.50390625,0.49609375,33,17
110,0.494140625,0.505859375,33,21
111,0.484375,0.515625,29,17
