state,p_marked,error,gate_count,depth
000,0.107421875,0.892578125,49,24
001,0.123046875,0.876953125,47,22
010,0.109375,0.890625,47,24
011,0.115234375,0.884765625,45,22
100,0.111328125,0.888671875,47,24
101,0.119140625,0.880859375,45,22
110,0.119140625,0.880859375,45,24
111,0.142578125,0.857421875,43,22
