state,p_marked,error,gate_count,depth
000,0.12109375,0.87890625,58,29
001,0.09765625,0.90234375,54,25
010,0.111328125,0.888671875,54,29
011,0.12109375,0.87890625,50,25
100,0.115234375,0.884765625,54,29
101,0.119140625,0.880859375,50,25
110,0.123046875,0.876953125,50,29
111,0.111328125,0.888671875,46,25
