state,p_marked,error,gate_count,depth
000,0.13671875,0.86328125,32,16
001,0.140625,0.859375,30,14
010,0.119140625,0.880859375,30,16
011,0.11328125,0.88671875,28,14
100,0.126953125,0.873046875,30,16
101,0.115234375,0.884765625,28,14
110,0.134765625,0.865234375,28,16
111,0.08984375,0.91015625,26,14
