state,p_marked,error,gate_count,depth
000,0.15625,0.84375,50,25
001,0.12890625,0.87109375,44,19
010,0.130859375,0.869140625,44,25
011,0.125,0.875,38,19
100,0.1328125,0.8671875,44,25
101,0.13671875,0.86328125,38,19
110,0.1171875,0.8828125,38,25
111,0.107421875,0.892578125,32,19
