state,p_marked,error,gate_count,depth
000,0.10546875,0.89453125,33,17
001,0.1328125,0.8671875,31,15
010,0.1015625,0.8984375,31,17
011,0.087890625,0.912109375,29,15
100,0.13671875,0.86328125,31,17
101,0.12890625,0.87109375,29,15
110,0.109375,0.890625,29,17
111,0.126953125,0.873046875,27,15
