state,p_marked,error,gate_count,depth
000,0.126953125,0.873046875,49,24
001,0.1171875,0.8828125,47,22
010,0.13671875,0.86328125,47,24
011,0.138671875,0.861328125,45,22
100,0.12890625,0.87109375,47,24
101,0.103515625,0.896484375,45,22
110,0.115234375,0.884765625,45,24
111,0.142578125,0.857421875,43,22
