state,p_marked,error,gate_count,depth
000,0.1328125,0.8671875,23,11
001,0.138671875,0.861328125,23,11
010,0.140625,0.859375,23,11
011,0.119140625,0.880859375,23,11
100,0.115234375,0.884765625,23,11
101,0.107421875,0.892578125,23,11
110,0.109375,0.890625,23,11
111,0.140625,0.859375,23,11
