state,p_marked,error,gate_count,depth
000,0.119140625,0.880859375,78,40
001,0.111328125,0.888671875,70,32
010,0.111328125,0.888671875,70,40
011,0.1328125,0.8671875,62,32
100,0.1171875,0.8828125,70,40
101,0.12890625,0.87109375,62,32
110,0.134765625,0.865234375,62,40
111,0.123046875,0.876953125,54,32
