state,p_marked,error,gate_count,depth
000,0.125,0.875,49,24
001,0.130859375,0.869140625,47,22
010,0.123046875,0.876953125,47,24
011,0.125,0.875,45,22
100,0.1484375,0.8515625,47,24
101,0.1484375,0.8515625,45,22
110,0.134765625,0.865234375,45,24
111,0.13671875,0.86328125,43,22
