state,p_marked,error,gate_count,depth
000,0.138671875,0.861328125,59,30
001,0.1171875,0.8828125,55,27
010,0.123046875,0.876953125,55,30
011,0.1015625,0.8984375,51,26
100,0.103515625,0.896484375,55,30
101,0.107421875,0.892578125,51,27
110,0.115234375,0.884765625,51,30
111,0.123046875,0.876953125,47,26
