state,p_marked,error,gate_count,depth
000,0.1328125,0.8671875,58,30
001,0.125,0.875,54,26
010,0.109375,0.890625,54,30
011,0.119140625,0.880859375,50,26
100,0.12890625,0.87109375,54,30
101,0.109375,0.890625,50,26
110,0.130859375,0.869140625,50,30
111,0.12890625,0.87109375,46,26
