state,p_marked,error,gate_count,depth
000,0.4921875,0.5078125,32,16
001,0.4453125,0.5546875,30,14
010,0.48828125,0.51171875,30,16
011,0.521484375,0.478515625,28,14
100,0.521484375,0.478515625,30,16
101,0.521484375,0.478515625,28,14
110,0.51953125,0.48046875,28,16
111,0.52734375,0.47265625,26,14
