state,p_marked,error,gate_count,depth
000,0.5390625,0.4609375,32,16
001,0.560546875,0.439453125,30,14
010,0.51953125,0.48046875,30,16
011,0.5,0.5,28,14
100,0.46484375,0.53515625,30,16
101,0.478515625,0.521484375,28,14
110,0.5078125,0.4921875,28,16
111,0.5078125,0.4921875,26,14
