state,p_marked,error,gate_count,depth
000,0.009765625,0.990234375,32,15
001,0.005859375,0.994140625,30,13
010,0.00390625,0.99609375,30,15
011,0.015625,0.984375,28,13
100,0.001953125,0.998046875,30,15
101,0.001953125,0.998046875,28,13
110,0.001953125,0.998046875,28,15
111,0.005859375,0.994140625,26,13
