state,p_marked,error,gate_count,depth
000,0.0,1.0,38,19
001,0.0,1.0,38,19
010,0.0,1.0,38,19
011,0.0,1.0,38,19
100,0.39453125,0.60546875,38,19
101,0.10546875,0.89453125,38,19
110,0.115234375,0.884765625,38,19
111,0.40625,0.59375,38,19
