state,p_marked,error,gate_count,depth
000,0.208984375,0.791015625,36,21
001,0.0,1.0,36,21
010,0.138671875,0.861328125,36,21
011,0.138671875,0.861328125,36,21
100,0.009765625,0.990234375,36,21
101,0.21875,0.78125,36,21
110,0.09765625,0.90234375,36,21
111,0.123046875,0.876953125,36,21
