state,p_marked,error,gate_count,depth
000,0.1015625,0.8984375,15,7
001,0.162109375,0.837890625,13,5
010,0.1171875,0.8828125,13,7
011,0.1171875,0.8828125,11,5
100,0.134765625,0.865234375,13,7
101,0.154296875,0.845703125,11,5
110,0.119140625,0.880859375,11,7
111,0.12890625,0.87109375,9,5
