state,p_marked,error,gate_count,depth
000,0.10546875,0.89453125,32,15
001,0.142578125,0.857421875,30,13
010,0.150390625,0.849609375,30,15
011,0.11328125,0.88671875,28,13
100,0.1328125,0.8671875,30,15
101,0.1171875,0.8828125,28,13
110,0.091796875,0.908203125,28,15
111,0.140625,0.859375,26,13
