state,p_marked,error,gate_count,depth
000,0.0,1.0,41,21
001,0.130859375,0.869140625,39,19
010,0.14453125,0.85546875,39,21
011,0.11328125,0.88671875,37,19
100,0.0,1.0,39,21
101,0.111328125,0.888671875,37,19
110,0.123046875,0.876953125,37,21
111,0.12109375,0.87890625,35,19
