state,p_marked,error,gate_count,depth
000,0.490234375,0.509765625,32,16
001,0.48046875,0.51953125,30,14
010,0.513671875,0.486328125,30,16
011,0.525390625,0.474609375,28,14
100,0.498046875,0.501953125,30,16
101,0.490234375,0.509765625,28,14
110,0.533203125,0.466796875,28,16
111,0.544921875,0.455078125,26,14
