state,p_marked,error,gate_count,depth
000,0.138671875,0.861328125,47,24
001,0.146484375,0.853515625,43,20
010,0.1328125,0.8671875,43,24
011,0.12109375,0.87890625,39,20
100,0.126953125,0.873046875,43,24
101,0.150390625,0.849609375,39,20
110,0.138671875,0.861328125,39,24
111,0.11328125,0.88671875,35,20
