state,p_marked,error,gate_count,depth
000,0.11328125,0.88671875,15,7
001,0.11328125,0.88671875,13,5
010,0.1328125,0.8671875,13,7
011,0.09765625,0.90234375,11,5
100,0.125,0.875,13,7
101,0.12890625,0.87109375,11,5
110,0.130859375,0.869140625,11,7
111,0.12890625,0.87109375,9,5
