state,p_marked,error,gate_count,depth
000,0.126953125,0.873046875,33,17
001,0.125,0.875,27,11
010,0.15625,0.84375,27,17
011,0.12109375,0.87890625,21,11
100,0.107421875,0.892578125,27,17
101,0.1171875,0.8828125,21,11
110,0.140625,0.859375,21,17
111,0.11328125,0.88671875,15,11
