state,p_marked,error,gate_count,depth
000,0.01953125,0.98046875,31,18
001,0.236328125,0.763671875,31,18
010,0.041015625,0.958984375,31,18
011,0.189453125,0.810546875,31,18
100,0.02734375,0.97265625,31,18
101,0.201171875,0.798828125,31,18
110,0.029296875,0.970703125,31,18
111,0.201171875,0.798828125,31,18
