state,p_marked,error,gate_count,depth
000,0.12890625,0.87109375,42,21
001,0.109375,0.890625,38,18
010,0.119140625,0.880859375,38,21
011,0.115234375,0.884765625,34,17
100,0.12109375,0.87890625,38,21
101,0.123046875,0.876953125,34,18
110,0.12890625,0.87109375,34,21
111,0.11328125,0.88671875,30,17
