state,p_marked,error,gate_count,depth
000,0.1171875,0.8828125,55,28
001,0.111328125,0.888671875,53,26
010,0.12890625,0.87109375,53,28
011,0.142578125,0.857421875,51,26
100,0.103515625,0.896484375,53,28
101,0.1328125,0.8671875,51,26
110,0.125,0.875,51,28
111,0.142578125,0.857421875,49,26
