state,p_marked,error,gate_count,depth
000,0.078125,0.921875,61,31
001,0.06640625,0.93359375,57,27
010,0.0703125,0.9296875,57,31
011,0.068359375,0.931640625,53,27
100,0.068359375,0.931640625,57,31
101,0.0,1.0,53,27
110,0.0703125,0.9296875,53,31
111,0.234375,0.765625,49,27
