state,p_marked,error,gate_count,depth
000,0.28125,0.71875,58,30
001,0.30859375,0.69140625,54,26
010,0.025390625,0.974609375,54,30
011,0.03125,0.96875,50,26
100,0.28515625,0.71484375,54,30
101,0.259765625,0.740234375,50,26
110,0.029296875,0.970703125,50,30
111,0.025390625,0.974609375,46,26
