state,p_marked,error,gate_count,depth
000,0.158203125,0.841796875,69,35
001,0.1015625,0.8984375,67,33
010,0.150390625,0.849609375,67,35
011,0.080078125,0.919921875,65,33
100,0.091796875,0.908203125,67,35
101,0.14453125,0.85546875,65,33
110,0.078125,0.921875,65,35
111,0.15625,0.84375,63,33
