state,p_marked,error,gate_count,depth
000,0.115234375,0.884765625,56,30
001,0.125,0.875,50,25
010,0.123046875,0.876953125,50,30
011,0.134765625,0.865234375,44,25
100,0.154296875,0.845703125,50,30
101,0.12890625,0.87109375,44,25
110,0.150390625,0.849609375,44,29
111,0.140625,0.859375,38,24
