state,p_marked,error,gate_count,depth
000,0.125,0.875,41,21
001,0.16015625,0.83984375,37,17
010,0.15234375,0.84765625,37,21
011,0.123046875,0.876953125,33,17
100,0.107421875,0.892578125,37,21
101,0.12890625,0.87109375,33,17
110,0.115234375,0.884765625,33,21
111,0.103515625,0.896484375,29,17
