state,p_marked,error,gate_count,depth
000,0.513671875,0.486328125,41,21
001,0.5,0.5,37,17
010,0.51953125,0.48046875,37,21
011,0.490234375,0.509765625,33,17
100,0.521484375,0.478515625,37,21
101,0.478515625,0.521484375,33,17
110,0.494140625,0.505859375,33,21
111,0.498046875,0.501953125,29,17
