state,p_marked,error,gate_count,depth
000,0.13671875,0.86328125,78,40
001,0.1328125,0.8671875,70,33
010,0.119140625,0.880859375,70,40
011,0.13671875,0.86328125,62,32
100,0.126953125,0.873046875,70,40
101,0.119140625,0.880859375,62,33
110,0.1171875,0.8828125,62,40
111,0.140625,0.859375,54,32
