state,p_marked,error,gate_count,depth
000,0.046875,0.953125,72,50
001,0.365234375,0.634765625,70,48
010,0.259765625,0.740234375,70,50
011,0.044921875,0.955078125,68,48
100,0.021484375,0.978515625,70,50
101,0.021484375,0.978515625,68,48
110,0.14453125,0.85546875,68,50
111,0.01953125,0.98046875,66,48
