state,p_marked,error,gate_count,depth
000,0.5234375,0.4765625,41,21
001,0.53515625,0.46484375,37,17
010,0.5,0.5,37,21
011,0.48828125,0.51171875,33,17
100,0.54296875,0.45703125,37,21
101,0.505859375,0.494140625,33,17
110,0.505859375,0.494140625,33,21
111,0.51953125,0.48046875,29,17
