state,p_marked,error,gate_count,depth
000,0.115234375,0.884765625,49,25
001,0.130859375,0.869140625,47,23
010,0.099609375,0.900390625,47,25
011,0.150390625,0.849609375,45,23
100,0.12109375,0.87890625,47,25
101,0.115234375,0.884765625,45,23
110,0.119140625,0.880859375,45,25
111,0.142578125,0.857421875,43,23
