state,p_marked,error,gate_count,depth
000,0.0,1.0,54,27
001,0.0,1.0,52,25
010,0.0,1.0,52,27
011,0.0,1.0,50,25
100,0.0,1.0,52,27
101,0.494140625,0.505859375,50,25
110,0.474609375,0.525390625,50,27
111,0.0,1.0,48,25
