state,p_marked,error,gate_count,depth
000,0.5078125,0.4921875,32,16
001,0.509765625,0.490234375,30,14
010,0.52734375,0.47265625,30,16
011,0.494140625,0.505859375,28,14
100,0.482421875,0.517578125,30,16
101,0.494140625,0.505859375,28,14
110,0.48046875,0.51953125,28,16
111,0.44921875,0.55078125,26,14
