state,p_marked,error,gate_count,depth
000,0.1171875,0.8828125,42,22
001,0.11328125,0.88671875,38,18
010,0.111328125,0.888671875,38,22
011,0.11328125,0.88671875,34,18
100,0.125,0.875,38,22
101,0.1328125,0.8671875,34,18
110,0.142578125,0.857421875,34,22
111,0.111328125,0.888671875,30,18
