state,p_marked,error,gate_count,depth
000,0.494140625,0.505859375,35,18
001,0.45703125,0.54296875,33,16
010,0.49609375,0.50390625,33,18
011,0.47265625,0.52734375,31,16
100,0.1171875,0.8828125,33,18
101,0.5,0.5,31,16
110,0.142578125,0.857421875,31,18
111,0.486328125,0.513671875,29,16
