state,p_marked,error,gate_count,depth
000,0.126953125,0.873046875,24,12
001,0.126953125,0.873046875,20,8
010,0.103515625,0.896484375,20,12
011,0.10546875,0.89453125,16,8
100,0.126953125,0.873046875,20,12
101,0.095703125,0.904296875,16,8
110,0.111328125,0.888671875,16,12
111,0.087890625,0.912109375,12,8
