state,p_marked,error,gate_count,depth
000,0.10546875,0.89453125,56,30
001,0.13671875,0.86328125,54,28
010,0.140625,0.859375,54,30
011,0.126953125,0.873046875,52,28
100,0.12109375,0.87890625,54,30
101,0.16796875,0.83203125,52,28
110,0.119140625,0.880859375,52,30
111,0.140625,0.859375,50,28
