state,p_marked,error,gate_count,depth
000,0.052734375,0.947265625,96,50
001,0.115234375,0.884765625,88,43
010,0.119140625,0.880859375,88,50
011,0.185546875,0.814453125,80,42
100,0.091796875,0.908203125,88,50
101,0.068359375,0.931640625,80,43
110,0.16015625,0.83984375,80,50
111,0.15234375,0.84765625,72,42
