state,p_marked,error,gate_count,depth
000,0.134765625,0.865234375,15,7
001,0.130859375,0.869140625,13,5
010,0.13671875,0.86328125,13,7
011,0.08984375,0.91015625,11,5
100,0.14453125,0.85546875,13,7
101,0.107421875,0.892578125,11,5
110,0.15234375,0.84765625,11,7
111,0.12109375,0.87890625,9,5
