state,p_marked,error,gate_count,depth
000,0.0,1.0,46,24
001,0.103515625,0.896484375,42,21
010,0.0,1.0,42,24
011,0.138671875,0.861328125,38,21
100,0.1328125,0.8671875,42,24
101,0.0,1.0,38,20
110,0.109375,0.890625,38,24
111,0.0,1.0,34,20
