state,p_marked,error,gate_count,depth
000,0.119140625,0.880859375,78,40
001,0.119140625,0.880859375,70,33
010,0.12890625,0.87109375,70,40
011,0.125,0.875,62,32
100,0.12890625,0.87109375,70,40
101,0.119140625,0.880859375,62,33
110,0.109375,0.890625,62,40
111,0.12890625,0.87109375,54,32
