state,p_marked,error,gate_count,depth
000,0.0,1.0,39,24
001,0.0,1.0,39,24
010,0.244140625,0.755859375,39,24
011,0.259765625,0.740234375,39,24
100,0.0,1.0,39,24
101,0.0,1.0,39,24
110,0.251953125,0.748046875,39,24
111,0.232421875,0.767578125,39,24
