state,p_marked,error,gate_count,depth
000,0.1328125,0.8671875,67,34
001,0.125,0.875,61,28
010,0.13671875,0.86328125,61,34
011,0.12109375,0.87890625,55,28
100,0.12890625,0.87109375,61,34
101,0.14453125,0.85546875,55,28
110,0.12109375,0.87890625,55,34
111,0.123046875,0.876953125,49,28
