state,p_marked,error,gate_count,depth
000,0.091796875,0.908203125,117,64
001,0.10546875,0.89453125,111,58
010,0.12890625,0.87109375,111,64
011,0.001953125,0.998046875,105,58
100,0.171875,0.828125,111,64
101,0.146484375,0.853515625,105,58
110,0.111328125,0.888671875,105,64
111,0.005859375,0.994140625,99,58
