state,p_marked,error,gate_count,depth
000,0.14453125,0.85546875,41,21
001,0.12109375,0.87890625,37,17
010,0.123046875,0.876953125,37,21
011,0.12890625,0.87109375,33,17
100,0.11328125,0.88671875,37,21
101,0.1328125,0.8671875,33,17
110,0.10546875,0.89453125,33,21
111,0.154296875,0.845703125,29,17
