state,p_marked,error,gate_count,depth
000,0.01953125,0.98046875,78,40
001,0.072265625,0.927734375,70,33
010,0.04296875,0.95703125,70,40
011,0.267578125,0.732421875,62,32
100,0.03515625,0.96484375,70,40
101,0.0625,0.9375,62,33
110,0.0546875,0.9453125,62,40
111,0.267578125,0.732421875,54,32
