state,p_marked,error,gate_count,depth
000,0.119140625,0.880859375,24,12
001,0.115234375,0.884765625,20,8
010,0.1015625,0.8984375,20,12
011,0.15234375,0.84765625,16,8
100,0.150390625,0.849609375,20,12
101,0.1328125,0.8671875,16,8
110,0.111328125,0.888671875,16,12
111,0.107421875,0.892578125,12,8
