state,p_marked,error,gate_count,depth
000,0.123046875,0.876953125,41,21
001,0.123046875,0.876953125,37,17
010,0.109375,0.890625,37,21
011,0.08984375,0.91015625,33,17
100,0.1171875,0.8828125,37,21
101,0.1328125,0.8671875,33,17
110,0.134765625,0.865234375,33,21
111,0.14453125,0.85546875,29,17
