state,p_marked,error,gate_count,depth
000,0.11328125,0.88671875,31,17
001,0.14453125,0.85546875,31,17
010,0.12109375,0.87890625,31,17
011,0.146484375,0.853515625,31,17
100,0.130859375,0.869140625,31,17
101,0.125,0.875,31,17
110,0.1015625,0.8984375,31,17
111,0.119140625,0.880859375,31,17
