state,p_marked,error,gate_count,depth
000,0.087890625,0.912109375,41,22
001,0.234375,0.765625,39,20
010,0.62890625,0.37109375,39,22
011,0.126953125,0.873046875,37,20
100,0.095703125,0.904296875,39,22
101,0.259765625,0.740234375,37,20
110,0.6015625,0.3984375,37,22
111,0.119140625,0.880859375,35,20
