state,p_marked,error,gate_count,depth
000,0.1015625,0.8984375,49,24
001,0.130859375,0.869140625,47,22
010,0.12890625,0.87109375,47,24
011,0.115234375,0.884765625,45,22
100,0.107421875,0.892578125,47,24
101,0.111328125,0.888671875,45,22
110,0.1015625,0.8984375,45,24
111,0.115234375,0.884765625,43,22
