state,p_marked,error,gate_count,depth
000,0.1171875,0.8828125,50,26
001,0.11328125,0.88671875,44,20
010,0.125,0.875,44,26
011,0.154296875,0.845703125,38,20
100,0.107421875,0.892578125,44,26
101,0.130859375,0.869140625,38,20
110,0.123046875,0.876953125,38,26
111,0.1328125,0.8671875,32,20
