state,p_marked,error,gate_count,depth
000,0.099609375,0.900390625,24,12
001,0.1171875,0.8828125,24,12
010,0.130859375,0.869140625,24,12
011,0.10546875,0.89453125,24,12
100,0.119140625,0.880859375,24,12
101,0.11328125,0.88671875,24,12
110,0.138671875,0.861328125,24,12
111,0.107421875,0.892578125,24,12
