state,p_marked,error,gate_count,depth
000,0.1171875,0.8828125,61,33
001,0.125,0.875,57,29
010,0.13671875,0.86328125,57,33
011,0.13671875,0.86328125,53,29
100,0.14453125,0.85546875,57,33
101,0.115234375,0.884765625,53,29
110,0.1328125,0.8671875,53,33
111,0.123046875,0.876953125,49,29
