state,p_marked,error,gate_count,depth
000,0.142578125,0.857421875,67,36
001,0.12109375,0.87890625,63,32
010,0.115234375,0.884765625,63,36
011,0.1640625,0.8359375,59,32
100,0.125,0.875,63,36
101,0.134765625,0.865234375,59,32
110,0.12109375,0.87890625,59,36
111,0.130859375,0.869140625,55,32
