state,p_marked,error,gate_count,depth
000,0.12109375,0.87890625,60,31
001,0.115234375,0.884765625,56,27
010,0.125,0.875,56,31
011,0.1328125,0.8671875,52,27
100,0.111328125,0.888671875,56,31
101,0.12109375,0.87890625,52,27
110,0.12890625,0.87109375,52,31
111,0.12890625,0.87109375,48,27
