state,p_marked,error,gate_count,depth
000,0.138671875,0.861328125,52,28
001,0.125,0.875,50,26
010,0.138671875,0.861328125,50,28
011,0.150390625,0.849609375,48,26
100,0.1484375,0.8515625,50,28
101,0.11328125,0.88671875,48,26
110,0.1484375,0.8515625,48,28
111,0.1171875,0.8828125,46,26
