state,p_marked,error,gate_count,depth
000,0.515625,0.484375,42,22
001,0.51953125,0.48046875,38,18
010,0.482421875,0.517578125,38,22
011,0.54296875,0.45703125,34,18
100,0.51171875,0.48828125,38,22
101,0.49609375,0.50390625,34,18
110,0.48828125,0.51171875,34,22
111,0.5234375,0.4765625,30,18
