state,p_marked,error,gate_count,depth
000,0.498046875,0.501953125,32,16
001,0.5078125,0.4921875,30,14
010,0.505859375,0.494140625,30,16
011,0.45703125,0.54296875,28,14
100,0.517578125,0.482421875,30,16
101,0.4609375,0.5390625,28,14
110,0.509765625,0.490234375,28,16
111,0.5234375,0.4765625,26,14
