state,p_marked,error,gate_count,depth
000,0.103515625,0.896484375,15,7
001,0.119140625,0.880859375,13,5
010,0.12890625,0.87109375,13,7
011,0.099609375,0.900390625,11,5
100,0.11328125,0.88671875,13,7
101,0.103515625,0.896484375,11,5
110,0.12890625,0.87109375,11,7
111,0.14453125,0.85546875,9,5
