state,p_marked,error,gate_count,depth
000,0.5078125,0.4921875,33,16
001,0.515625,0.484375,31,14
010,0.5078125,0.4921875,31,16
011,0.515625,0.484375,29,14
100,0.484375,0.515625,31,16
101,0.5234375,0.4765625,29,14
110,0.482421875,0.517578125,29,16
111,0.4765625,0.5234375,27,14
