state,p_marked,error,gate_count,depth
000,0.505859375,0.494140625,33,17
001,0.533203125,0.466796875,31,15
010,0.50390625,0.49609375,31,17
011,0.515625,0.484375,29,15
100,0.4765625,0.5234375,31,17
101,0.4921875,0.5078125,29,15
110,0.498046875,0.501953125,29,17
111,0.5234375,0.4765625,27,15
