state,p_marked,error,gate_count,depth
000,0.001953125,0.998046875,45,24
001,0.06640625,0.93359375,41,20
010,0.005859375,0.994140625,41,24
011,0.064453125,0.935546875,37,20
100,0.208984375,0.791015625,41,24
101,0.001953125,0.998046875,37,20
110,0.189453125,0.810546875,37,24
111,0.001953125,0.998046875,33,20
