state,p_marked,error,gate_count,depth
000,0.111328125,0.888671875,49,24
001,0.13671875,0.86328125,47,22
010,0.099609375,0.900390625,47,24
011,0.1015625,0.8984375,45,22
100,0.11328125,0.88671875,47,24
101,0.130859375,0.869140625,45,22
110,0.13671875,0.86328125,45,24
111,0.142578125,0.857421875,43,22
