state,p_marked,error,gate_count,depth
000,0.14453125,0.85546875,58,30
001,0.142578125,0.857421875,54,26
010,0.10546875,0.89453125,54,30
011,0.1015625,0.8984375,50,26
100,0.134765625,0.865234375,54,30
101,0.142578125,0.857421875,50,26
110,0.11328125,0.88671875,50,30
111,0.123046875,0.876953125,46,26
