state,p_marked,error,gate_count,depth
000,0.130859375,0.869140625,46,24
001,0.146484375,0.853515625,42,20
010,0.10546875,0.89453125,42,24
011,0.09765625,0.90234375,38,20
100,0.1171875,0.8828125,42,24
101,0.095703125,0.904296875,38,20
110,0.142578125,0.857421875,38,24
111,0.12109375,0.87890625,34,20
