state,p_marked,error,gate_count,depth
000,0.0,1.0,64,33
001,0.24609375,0.75390625,60,29
010,0.0,1.0,60,33
011,0.169921875,0.830078125,56,29
100,0.248046875,0.751953125,60,33
101,0.0,1.0,56,29
110,0.236328125,0.763671875,56,33
111,0.10546875,0.89453125,52,29
