state,p_marked,error,gate_count,depth
000,0.126953125,0.873046875,32,15
001,0.12890625,0.87109375,30,13
010,0.125,0.875,30,15
011,0.119140625,0.880859375,28,13
100,0.1328125,0.8671875,30,15
101,0.14453125,0.85546875,28,13
110,0.119140625,0.880859375,28,15
111,0.150390625,0.849609375,26,13
