state,p_marked,error,gate_count,depth
000,0.0,1.0,64,33
001,0.30078125,0.69921875,60,29
010,0.0,1.0,60,33
011,0.140625,0.859375,56,29
100,0.2578125,0.7421875,60,33
101,0.0,1.0,56,29
110,0.220703125,0.779296875,56,33
111,0.107421875,0.892578125,52,29
