state,p_marked,error,gate_count,depth
000,0.533203125,0.466796875,41,21
001,0.478515625,0.521484375,37,17
010,0.537109375,0.462890625,37,21
011,0.4765625,0.5234375,33,17
100,0.455078125,0.544921875,37,21
101,0.46484375,0.53515625,33,17
110,0.4765625,0.5234375,33,21
111,0.501953125,0.498046875,29,17
