state,p_marked,error,gate_count,depth
000,0.140625,0.859375,46,22
001,0.12890625,0.87109375,46,22
010,0.130859375,0.869140625,46,22
011,0.12890625,0.87109375,46,22
100,0.126953125,0.873046875,46,22
101,0.13671875,0.86328125,46,22
110,0.12890625,0.87109375,46,22
111,0.115234375,0.884765625,46,22
