state,p_marked,error,gate_count,depth
000,0.13671875,0.86328125,41,21
001,0.1484375,0.8515625,37,17
010,0.125,0.875,37,21
011,0.12890625,0.87109375,33,17
100,0.115234375,0.884765625,37,21
101,0.10546875,0.89453125,33,17
110,0.142578125,0.857421875,33,21
111,0.134765625,0.865234375,29,17
