state,p_marked,error,gate_count,depth
000,0.052734375,0.947265625,34,18
001,0.0,1.0,32,16
010,0.0,1.0,32,18
011,0.046875,0.953125,30,16
100,0.0546875,0.9453125,32,18
101,0.041015625,0.958984375,30,16
110,0.029296875,0.970703125,30,18
111,0.0625,0.9375,28,16
