state,p_marked,error,gate_count,depth
001,0.2607421875,0.7392578125,29,14
