state,p_marked,error,gate_count,depth
001,0.6630859375,0.3369140625,25,11
