state,p_marked,error,gate_count,depth
001,0.0009765625,0.9990234375,24,12
