state,p_marked,error,gate_count,depth
001,0.6845703125,0.3154296875,25,11
