state,p_marked,error,gate_count,depth
001,0.3408203125,0.6591796875,25,12
