state,p_marked,error,gate_count,depth
001,0.4189453125,0.5810546875,27,14
