state,p_marked,error,gate_count,depth
001,0.5009765625,0.4990234375,25,12
