state,p_marked,error,gate_count,depth
001,0.2509765625,0.7490234375,26,14
