state,p_marked,error,gate_count,depth
001,0.0361328125,0.9638671875,24,12
