state,p_marked,error,gate_count,depth
001,0.0712890625,0.9287109375,25,13
