state,p_marked,error,gate_count,depth
001,0.9306640625,0.0693359375,26,12
