state,p_marked,error,gate_count,depth
001,0.5791015625,0.4208984375,26,13
