state,p_marked,error,gate_count,depth
001,0.0087890625,0.9912109375,30,16
