state,p_marked,error,gate_count,depth
001,0.6728515625,0.3271484375,25,11
