state,p_marked,error,gate_count,depth
001,0.8681640625,0.1318359375,28,14
