state,p_marked,error,gate_count,depth
001,0.0400390625,0.9599609375,114,78
