state,p_marked,error,gate_count,depth
001,0.2470703125,0.7529296875,29,15
