state,p_marked,error,gate_count,depth
001,0.6591796875,0.3408203125,26,12
