state,p_marked,error,gate_count,depth
001,0.2802734375,0.7197265625,23,10
