state,p_marked,error,gate_count,depth
001,0.1591796875,0.8408203125,24,12
