state,p_marked,error,gate_count,depth
001,0.1201171875,0.8798828125,30,16
