state,p_marked,error,gate_count,depth
001,0.3330078125,0.6669921875,26,12
