state,p_marked,error,gate_count,depth
001,0.1064453125,0.8935546875,26,14
