state,p_marked,error,gate_count,depth
001,0.5654296875,0.4345703125,26,13
