state,p_marked,error,gate_count,depth
001,0.0185546875,0.9814453125,25,13
