state,p_marked,error,gate_count,depth
001,0.4755859375,0.5244140625,28,14
