state,p_marked,error,gate_count,depth
001,0.1435546875,0.8564453125,27,13
