state,p_marked,error,gate_count,depth
001,0.7509765625,0.2490234375,25,11
