state,p_marked,error,gate_count,depth
001,0.6220703125,0.3779296875,25,11
