state,p_marked,error,gate_count,depth
001,0.0576171875,0.9423828125,27,13
