state,p_marked,error,gate_count,depth
001,0.5166015625,0.4833984375,24,10
