state,p_marked,error,gate_count,depth
001,0.5498046875,0.4501953125,27,13
