state,p_marked,error,gate_count,depth
001,0.3134765625,0.6865234375,25,12
