state,p_marked,error,gate_count,depth
001,0.4365234375,0.5634765625,25,11
