state,p_marked,error,gate_count,depth
001,0.6376953125,0.3623046875,26,12
