state,p_marked,error,gate_count,depth
001,0.6923828125,0.3076171875,25,11
