state,p_marked,error,gate_count,depth
001,0.4501953125,0.5498046875,25,11
