state,p_marked,error,gate_count,depth
100,0.4541015625,0.5458984375,27,13
