state,p_marked,error,gate_count,depth
100,0.9462890625,0.0537109375,36,19
