state,p_marked,error,gate_count,depth
100,0.0224609375,0.9775390625,61,35
