state,p_marked,error,gate_count,depth
100,0.4736328125,0.5263671875,27,12
