state,p_marked,error,gate_count,depth
100,0.9150390625,0.0849609375,26,11
