state,p_marked,error,gate_count,depth
100,0.8486328125,0.1513671875,26,13
