state,p_marked,error,gate_count,depth
100,0.6396484375,0.3603515625,37,22
