state,p_marked,error,gate_count,depth
100,0.0146484375,0.9853515625,36,21
