state,p_marked,error,gate_count,depth
100,0.3955078125,0.6044921875,27,11
