state,p_marked,error,gate_count,depth
100,0.2080078125,0.7919921875,41,19
