state,p_marked,error,gate_count,depth
100,0.3759765625,0.6240234375,43,27
