state,p_marked,error,gate_count,depth
100,0.0400390625,0.9599609375,25,11
