state,p_marked,error,gate_count,depth
100,0.0927734375,0.9072265625,54,26
