state,p_marked,error,gate_count,depth
100,0.1533203125,0.8466796875,29,16
