state,p_marked,error,gate_count,depth
100,0.9697265625,0.0302734375,32,16
