state,p_marked,error,gate_count,depth
100,0.7841796875,0.2158203125,37,22
