state,p_marked,error,gate_count,depth
100,0.4072265625,0.5927734375,26,11
