state,p_marked,error,gate_count,depth
100,0.1591796875,0.8408203125,25,11
