state,p_marked,error,gate_count,depth
100,0.2939453125,0.7060546875,36,20
