state,p_marked,error,gate_count,depth
100,0.3896484375,0.6103515625,26,11
