state,p_marked,error,gate_count,depth
100,0.1201171875,0.8798828125,27,15
