state,p_marked,error,gate_count,depth
100,0.0908203125,0.9091796875,24,11
