state,p_marked,error,gate_count,depth
100,0.6455078125,0.3544921875,37,22
