state,p_marked,error,gate_count,depth
100,0.5068359375,0.4931640625,33,16
