state,p_marked,error,gate_count,depth
100,0.7177734375,0.2822265625,37,20
