state,p_marked,error,gate_count,depth
100,0.7548828125,0.2451171875,37,22
