state,p_marked,error,gate_count,depth
100,0.4462890625,0.5537109375,30,16
