state,p_marked,error,gate_count,depth
100,0.7138671875,0.2861328125,37,22
