state,p_marked,error,gate_count,depth
100,0.4814453125,0.5185546875,39,20
