state,p_marked,error,gate_count,depth
100,0.5888671875,0.4111328125,37,20
