state,p_marked,error,gate_count,depth
100,0.1123046875,0.8876953125,91,47
