state,p_marked,error,gate_count,depth
100,0.5595703125,0.4404296875,49,28
