state,p_marked,error,gate_count,depth
100,0.8798828125,0.1201171875,36,19
