state,p_marked,error,gate_count,depth
100,0.0458984375,0.9541015625,85,47
