state,p_marked,error,gate_count,depth
100,0.4248046875,0.5751953125,28,15
