state,p_marked,error,gate_count,depth
100,0.7490234375,0.2509765625,37,22
