state,p_marked,error,gate_count,depth
100,0.6259765625,0.3740234375,34,16
