state,p_marked,error,gate_count,depth
100,0.0263671875,0.9736328125,82,45
