state,p_marked,error,gate_count,depth
100,0.0126953125,0.9873046875,33,18
