state,p_marked,error,gate_count,depth
100,0.8505859375,0.1494140625,26,12
