state,p_marked,error,gate_count,depth
100,0.7021484375,0.2978515625,26,12
