state,p_marked,error,gate_count,depth
100,0.7333984375,0.2666015625,38,23
