state,p_marked,error,gate_count,depth
100,0.4892578125,0.5107421875,24,10
