state,p_marked,error,gate_count,depth
011,0.0283203125,0.9716796875,38,20
