state,p_marked,error,gate_count,depth
011,0.1787109375,0.8212890625,43,19
