state,p_marked,error,gate_count,depth
011,0.1982421875,0.8017578125,30,16
