state,p_marked,error,gate_count,depth
011,0.1357421875,0.8642578125,40,19
