state,p_marked,error,gate_count,depth
011,0.0576171875,0.9423828125,79,40
