state,p_marked,error,gate_count,depth
011,0.8408203125,0.1591796875,43,21
