state,p_marked,error,gate_count,depth
011,0.1806640625,0.8193359375,106,61
