state,p_marked,error,gate_count,depth
011,0.5615234375,0.4384765625,52,27
