state,p_marked,error,gate_count,depth
011,0.1884765625,0.8115234375,43,22
