state,p_marked,error,gate_count,depth
011,0.0126953125,0.9873046875,43,22
