state,p_marked,error,gate_count,depth
011,0.3525390625,0.6474609375,29,14
