state,p_marked,error,gate_count,depth
011,0.9443359375,0.0556640625,42,20
