state,p_marked,error,gate_count,depth
011,0.5693359375,0.4306640625,29,14
