state,p_marked,error,gate_count,depth
011,0.2939453125,0.7060546875,81,49
