state,p_marked,error,gate_count,depth
011,0.8583984375,0.1416015625,44,22
