state,p_marked,error,gate_count,depth
011,0.6337890625,0.3662109375,30,15
