state,p_marked,error,gate_count,depth
011,0.9541015625,0.0458984375,43,21
