state,p_marked,error,gate_count,depth
011,0.2041015625,0.7958984375,42,20
