state,p_marked,error,gate_count,depth
011,0.2880859375,0.7119140625,58,39
