state,p_marked,error,gate_count,depth
011,0.6025390625,0.3974609375,57,34
