state,p_marked,error,gate_count,depth
011,0.5537109375,0.4462890625,30,14
