state,p_marked,error,gate_count,depth
011,0.1123046875,0.8876953125,69,41
