state,p_marked,error,gate_count,depth
011,0.4580078125,0.5419921875,32,17
