state,p_marked,error,gate_count,depth
011,0.3212890625,0.6787109375,43,22
