state,p_marked,error,gate_count,depth
011,0.9619140625,0.0380859375,48,24
