state,p_marked,error,gate_count,depth
011,0.3349609375,0.6650390625,24,10
