state,p_marked,error,gate_count,depth
011,0.3642578125,0.6357421875,63,38
