state,p_marked,error,gate_count,depth
011,0.2373046875,0.7626953125,50,26
