state,p_marked,error,gate_count,depth
011,0.4775390625,0.5224609375,31,16
