state,p_marked,error,gate_count,depth
011,0.0712890625,0.9287109375,60,34
