state,p_marked,error,gate_count,depth
011,0.7001953125,0.2998046875,42,21
