state,p_marked,error,gate_count,depth
011,0.1513671875,0.8486328125,43,22
