state,p_marked,error,gate_count,depth
011,0.8447265625,0.1552734375,43,21
